<annotation>
	<folder></folder>
	<filename>frame_4104_jpg.rf.a818eaa213f1bd7ea5b98ca0718b98e4.jpg</filename>
	<path>frame_4104_jpg.rf.a818eaa213f1bd7ea5b98ca0718b98e4.jpg</path>
	<source>
		<database>roboflow.ai</database>
	</source>
	<size>
		<width>416</width>
		<height>416</height>
		<depth>3</depth>
	</size>
	<segmented>0</segmented>
	<object>
		<name>car</name>
		<pose>Unspecified</pose>
		<truncated>0</truncated>
		<difficult>0</difficult>
		<occluded>0</occluded>
		<bndbox>
			<xmin>141</xmin>
			<xmax>208</xmax>
			<ymin>229</ymin>
			<ymax>327</ymax>
		</bndbox>
	</object>
	<object>
		<name>motorbike</name>
		<pose>Unspecified</pose>
		<truncated>0</truncated>
		<difficult>0</difficult>
		<occluded>0</occluded>
		<bndbox>
			<xmin>106</xmin>
			<xmax>150</xmax>
			<ymin>272</ymin>
			<ymax>348</ymax>
		</bndbox>
	</object>
</annotation>
