<annotation>
	<folder></folder>
	<filename>frame_4113_jpg.rf.d531f6df3ab036ad3fd09a2858679c4a.jpg</filename>
	<path>frame_4113_jpg.rf.d531f6df3ab036ad3fd09a2858679c4a.jpg</path>
	<source>
		<database>roboflow.ai</database>
	</source>
	<size>
		<width>416</width>
		<height>416</height>
		<depth>3</depth>
	</size>
	<segmented>0</segmented>
	<object>
		<name>car</name>
		<pose>Unspecified</pose>
		<truncated>0</truncated>
		<difficult>0</difficult>
		<occluded>0</occluded>
		<bndbox>
			<xmin>228</xmin>
			<xmax>285</xmax>
			<ymin>187</ymin>
			<ymax>278</ymax>
		</bndbox>
	</object>
	<object>
		<name>motorbike</name>
		<pose>Unspecified</pose>
		<truncated>0</truncated>
		<difficult>0</difficult>
		<occluded>0</occluded>
		<bndbox>
			<xmin>209</xmin>
			<xmax>254</xmax>
			<ymin>285</ymin>
			<ymax>382</ymax>
		</bndbox>
	</object>
	<object>
		<name>motorbike</name>
		<pose>Unspecified</pose>
		<truncated>0</truncated>
		<difficult>0</difficult>
		<occluded>0</occluded>
		<bndbox>
			<xmin>175</xmin>
			<xmax>217</xmax>
			<ymin>298</ymin>
			<ymax>402</ymax>
		</bndbox>
	</object>
	<object>
		<name>motorbike</name>
		<pose>Unspecified</pose>
		<truncated>0</truncated>
		<difficult>0</difficult>
		<occluded>0</occluded>
		<bndbox>
			<xmin>156</xmin>
			<xmax>197</xmax>
			<ymin>278</ymin>
			<ymax>371</ymax>
		</bndbox>
	</object>
</annotation>
