<annotation>
	<folder></folder>
	<filename>frame_4104_jpg.rf.7f4e5f28e6d9524ceed9a79c5c540b12.jpg</filename>
	<path>frame_4104_jpg.rf.7f4e5f28e6d9524ceed9a79c5c540b12.jpg</path>
	<source>
		<database>roboflow.ai</database>
	</source>
	<size>
		<width>416</width>
		<height>416</height>
		<depth>3</depth>
	</size>
	<segmented>0</segmented>
	<object>
		<name>car</name>
		<pose>Unspecified</pose>
		<truncated>0</truncated>
		<difficult>0</difficult>
		<occluded>0</occluded>
		<bndbox>
			<xmin>147</xmin>
			<xmax>198</xmax>
			<ymin>227</ymin>
			<ymax>323</ymax>
		</bndbox>
	</object>
	<object>
		<name>motorbike</name>
		<pose>Unspecified</pose>
		<truncated>0</truncated>
		<difficult>0</difficult>
		<occluded>0</occluded>
		<bndbox>
			<xmin>110</xmin>
			<xmax>142</xmax>
			<ymin>264</ymin>
			<ymax>338</ymax>
		</bndbox>
	</object>
</annotation>
