<annotation>
	<folder></folder>
	<filename>frame_4094_jpg.rf.278f885eb5470b9b87dd8a60ba997270.jpg</filename>
	<path>frame_4094_jpg.rf.278f885eb5470b9b87dd8a60ba997270.jpg</path>
	<source>
		<database>roboflow.ai</database>
	</source>
	<size>
		<width>416</width>
		<height>416</height>
		<depth>3</depth>
	</size>
	<segmented>0</segmented>
	<object>
		<name>minitruck</name>
		<pose>Unspecified</pose>
		<truncated>0</truncated>
		<difficult>0</difficult>
		<occluded>0</occluded>
		<bndbox>
			<xmin>149</xmin>
			<xmax>196</xmax>
			<ymin>146</ymin>
			<ymax>199</ymax>
		</bndbox>
	</object>
	<object>
		<name>motorbike</name>
		<pose>Unspecified</pose>
		<truncated>0</truncated>
		<difficult>0</difficult>
		<occluded>0</occluded>
		<bndbox>
			<xmin>214</xmin>
			<xmax>237</xmax>
			<ymin>182</ymin>
			<ymax>214</ymax>
		</bndbox>
	</object>
</annotation>
