<annotation>
	<folder></folder>
	<filename>frame_4140_jpg.rf.f9a45caa7dd2e5df974c4a4088646210.jpg</filename>
	<path>frame_4140_jpg.rf.f9a45caa7dd2e5df974c4a4088646210.jpg</path>
	<source>
		<database>roboflow.ai</database>
	</source>
	<size>
		<width>416</width>
		<height>416</height>
		<depth>3</depth>
	</size>
	<segmented>0</segmented>
	<object>
		<name>minitruck</name>
		<pose>Unspecified</pose>
		<truncated>0</truncated>
		<difficult>0</difficult>
		<occluded>0</occluded>
		<bndbox>
			<xmin>206</xmin>
			<xmax>274</xmax>
			<ymin>216</ymin>
			<ymax>337</ymax>
		</bndbox>
	</object>
	<object>
		<name>motorbike</name>
		<pose>Unspecified</pose>
		<truncated>0</truncated>
		<difficult>0</difficult>
		<occluded>0</occluded>
		<bndbox>
			<xmin>180</xmin>
			<xmax>205</xmax>
			<ymin>250</ymin>
			<ymax>332</ymax>
		</bndbox>
	</object>
</annotation>
