<annotation>
	<folder></folder>
	<filename>frame_4109_jpg.rf.ffab7acad50d24d8fb73a45c204fbe6b.jpg</filename>
	<path>frame_4109_jpg.rf.ffab7acad50d24d8fb73a45c204fbe6b.jpg</path>
	<source>
		<database>roboflow.ai</database>
	</source>
	<size>
		<width>416</width>
		<height>416</height>
		<depth>3</depth>
	</size>
	<segmented>0</segmented>
	<object>
		<name>car</name>
		<pose>Unspecified</pose>
		<truncated>0</truncated>
		<difficult>0</difficult>
		<occluded>0</occluded>
		<bndbox>
			<xmin>167</xmin>
			<xmax>226</xmax>
			<ymin>229</ymin>
			<ymax>324</ymax>
		</bndbox>
	</object>
	<object>
		<name>motorbike</name>
		<pose>Unspecified</pose>
		<truncated>0</truncated>
		<difficult>0</difficult>
		<occluded>0</occluded>
		<bndbox>
			<xmin>255</xmin>
			<xmax>289</xmax>
			<ymin>259</ymin>
			<ymax>333</ymax>
		</bndbox>
	</object>
</annotation>
