<annotation>
	<folder></folder>
	<filename>frame_4134_jpg.rf.523e3ccd3c8ad6d6a52c5066cc04ebe2.jpg</filename>
	<path>frame_4134_jpg.rf.523e3ccd3c8ad6d6a52c5066cc04ebe2.jpg</path>
	<source>
		<database>roboflow.ai</database>
	</source>
	<size>
		<width>416</width>
		<height>416</height>
		<depth>3</depth>
	</size>
	<segmented>0</segmented>
	<object>
		<name>car</name>
		<pose>Unspecified</pose>
		<truncated>0</truncated>
		<difficult>0</difficult>
		<occluded>0</occluded>
		<bndbox>
			<xmin>133</xmin>
			<xmax>185</xmax>
			<ymin>193</ymin>
			<ymax>267</ymax>
		</bndbox>
	</object>
	<object>
		<name>motorbike</name>
		<pose>Unspecified</pose>
		<truncated>0</truncated>
		<difficult>0</difficult>
		<occluded>0</occluded>
		<bndbox>
			<xmin>232</xmin>
			<xmax>255</xmax>
			<ymin>171</ymin>
			<ymax>214</ymax>
		</bndbox>
	</object>
</annotation>
