<annotation>
	<folder></folder>
	<filename>frame_4094_jpg.rf.ca66ac83c82178e6e7e2b4f79cbee1bd.jpg</filename>
	<path>frame_4094_jpg.rf.ca66ac83c82178e6e7e2b4f79cbee1bd.jpg</path>
	<source>
		<database>roboflow.ai</database>
	</source>
	<size>
		<width>416</width>
		<height>416</height>
		<depth>3</depth>
	</size>
	<segmented>0</segmented>
	<object>
		<name>minitruck</name>
		<pose>Unspecified</pose>
		<truncated>0</truncated>
		<difficult>0</difficult>
		<occluded>0</occluded>
		<bndbox>
			<xmin>240</xmin>
			<xmax>283</xmax>
			<ymin>154</ymin>
			<ymax>210</ymax>
		</bndbox>
	</object>
	<object>
		<name>motorbike</name>
		<pose>Unspecified</pose>
		<truncated>0</truncated>
		<difficult>0</difficult>
		<occluded>0</occluded>
		<bndbox>
			<xmin>189</xmin>
			<xmax>209</xmax>
			<ymin>178</ymin>
			<ymax>212</ymax>
		</bndbox>
	</object>
</annotation>
