<annotation>
	<folder></folder>
	<filename>frame_4144_jpg.rf.214b0dfdb5afc266a5d187796a7b840c.jpg</filename>
	<path>frame_4144_jpg.rf.214b0dfdb5afc266a5d187796a7b840c.jpg</path>
	<source>
		<database>roboflow.ai</database>
	</source>
	<size>
		<width>416</width>
		<height>416</height>
		<depth>3</depth>
	</size>
	<segmented>0</segmented>
	<object>
		<name>car</name>
		<pose>Unspecified</pose>
		<truncated>0</truncated>
		<difficult>0</difficult>
		<occluded>0</occluded>
		<bndbox>
			<xmin>125</xmin>
			<xmax>180</xmax>
			<ymin>195</ymin>
			<ymax>289</ymax>
		</bndbox>
	</object>
</annotation>
