<annotation>
	<folder></folder>
	<filename>frame_4095_jpg.rf.78c94ca443f7d2716ec108fa96946ba8.jpg</filename>
	<path>frame_4095_jpg.rf.78c94ca443f7d2716ec108fa96946ba8.jpg</path>
	<source>
		<database>roboflow.ai</database>
	</source>
	<size>
		<width>416</width>
		<height>416</height>
		<depth>3</depth>
	</size>
	<segmented>0</segmented>
	<object>
		<name>auto</name>
		<pose>Unspecified</pose>
		<truncated>0</truncated>
		<difficult>0</difficult>
		<occluded>0</occluded>
		<bndbox>
			<xmin>170</xmin>
			<xmax>230</xmax>
			<ymin>235</ymin>
			<ymax>336</ymax>
		</bndbox>
	</object>
	<object>
		<name>motorbike</name>
		<pose>Unspecified</pose>
		<truncated>0</truncated>
		<difficult>0</difficult>
		<occluded>0</occluded>
		<bndbox>
			<xmin>216</xmin>
			<xmax>261</xmax>
			<ymin>288</ymin>
			<ymax>384</ymax>
		</bndbox>
	</object>
</annotation>
