<annotation>
	<folder></folder>
	<filename>frame_4095_jpg.rf.d8a6921ada6e12a420cf07f4edaec57b.jpg</filename>
	<path>frame_4095_jpg.rf.d8a6921ada6e12a420cf07f4edaec57b.jpg</path>
	<source>
		<database>roboflow.ai</database>
	</source>
	<size>
		<width>416</width>
		<height>416</height>
		<depth>3</depth>
	</size>
	<segmented>0</segmented>
	<object>
		<name>auto</name>
		<pose>Unspecified</pose>
		<truncated>0</truncated>
		<difficult>0</difficult>
		<occluded>0</occluded>
		<bndbox>
			<xmin>205</xmin>
			<xmax>262</xmax>
			<ymin>241</ymin>
			<ymax>344</ymax>
		</bndbox>
	</object>
	<object>
		<name>motorbike</name>
		<pose>Unspecified</pose>
		<truncated>0</truncated>
		<difficult>0</difficult>
		<occluded>0</occluded>
		<bndbox>
			<xmin>184</xmin>
			<xmax>225</xmax>
			<ymin>280</ymin>
			<ymax>380</ymax>
		</bndbox>
	</object>
</annotation>
