<annotation>
	<folder></folder>
	<filename>frame_4116_jpg.rf.a672d7035573ff7d529981662fe97049.jpg</filename>
	<path>frame_4116_jpg.rf.a672d7035573ff7d529981662fe97049.jpg</path>
	<source>
		<database>roboflow.ai</database>
	</source>
	<size>
		<width>416</width>
		<height>416</height>
		<depth>3</depth>
	</size>
	<segmented>0</segmented>
	<object>
		<name>motorbike</name>
		<pose>Unspecified</pose>
		<truncated>0</truncated>
		<difficult>0</difficult>
		<occluded>0</occluded>
		<bndbox>
			<xmin>257</xmin>
			<xmax>287</xmax>
			<ymin>236</ymin>
			<ymax>313</ymax>
		</bndbox>
	</object>
	<object>
		<name>motorbike</name>
		<pose>Unspecified</pose>
		<truncated>0</truncated>
		<difficult>0</difficult>
		<occluded>0</occluded>
		<bndbox>
			<xmin>282</xmin>
			<xmax>316</xmax>
			<ymin>232</ymin>
			<ymax>316</ymax>
		</bndbox>
	</object>
</annotation>
