<annotation>
	<folder></folder>
	<filename>frame_4127_jpg.rf.8340948f85e0bd96cd06c5edc6f71967.jpg</filename>
	<path>frame_4127_jpg.rf.8340948f85e0bd96cd06c5edc6f71967.jpg</path>
	<source>
		<database>roboflow.ai</database>
	</source>
	<size>
		<width>416</width>
		<height>416</height>
		<depth>3</depth>
	</size>
	<segmented>0</segmented>
	<object>
		<name>car</name>
		<pose>Unspecified</pose>
		<truncated>0</truncated>
		<difficult>0</difficult>
		<occluded>0</occluded>
		<bndbox>
			<xmin>42</xmin>
			<xmax>127</xmax>
			<ymin>231</ymin>
			<ymax>361</ymax>
		</bndbox>
	</object>
	<object>
		<name>motorbike</name>
		<pose>Unspecified</pose>
		<truncated>0</truncated>
		<difficult>0</difficult>
		<occluded>0</occluded>
		<bndbox>
			<xmin>128</xmin>
			<xmax>165</xmax>
			<ymin>218</ymin>
			<ymax>291</ymax>
		</bndbox>
	</object>
	<object>
		<name>auto</name>
		<pose>Unspecified</pose>
		<truncated>0</truncated>
		<difficult>0</difficult>
		<occluded>0</occluded>
		<bndbox>
			<xmin>186</xmin>
			<xmax>241</xmax>
			<ymin>236</ymin>
			<ymax>345</ymax>
		</bndbox>
	</object>
	<object>
		<name>minitruck</name>
		<pose>Unspecified</pose>
		<truncated>0</truncated>
		<difficult>0</difficult>
		<occluded>0</occluded>
		<bndbox>
			<xmin>159</xmin>
			<xmax>200</xmax>
			<ymin>201</ymin>
			<ymax>272</ymax>
		</bndbox>
	</object>
</annotation>
