<annotation>
	<folder></folder>
	<filename>frame_4096_jpg.rf.115da4f5751df6ff3bf4bab8ef8cf227.jpg</filename>
	<path>frame_4096_jpg.rf.115da4f5751df6ff3bf4bab8ef8cf227.jpg</path>
	<source>
		<database>roboflow.ai</database>
	</source>
	<size>
		<width>416</width>
		<height>416</height>
		<depth>3</depth>
	</size>
	<segmented>0</segmented>
	<object>
		<name>motorbike</name>
		<pose>Unspecified</pose>
		<truncated>0</truncated>
		<difficult>0</difficult>
		<occluded>0</occluded>
		<bndbox>
			<xmin>208</xmin>
			<xmax>240</xmax>
			<ymin>185</ymin>
			<ymax>244</ymax>
		</bndbox>
	</object>
</annotation>
