<annotation>
	<folder></folder>
	<filename>frame_4104_jpg.rf.5e32657fca07cf5e791dc00c7c112507.jpg</filename>
	<path>frame_4104_jpg.rf.5e32657fca07cf5e791dc00c7c112507.jpg</path>
	<source>
		<database>roboflow.ai</database>
	</source>
	<size>
		<width>416</width>
		<height>416</height>
		<depth>3</depth>
	</size>
	<segmented>0</segmented>
	<object>
		<name>car</name>
		<pose>Unspecified</pose>
		<truncated>0</truncated>
		<difficult>0</difficult>
		<occluded>0</occluded>
		<bndbox>
			<xmin>211</xmin>
			<xmax>260</xmax>
			<ymin>217</ymin>
			<ymax>316</ymax>
		</bndbox>
	</object>
	<object>
		<name>motorbike</name>
		<pose>Unspecified</pose>
		<truncated>0</truncated>
		<difficult>0</difficult>
		<occluded>0</occluded>
		<bndbox>
			<xmin>263</xmin>
			<xmax>293</xmax>
			<ymin>242</ymin>
			<ymax>320</ymax>
		</bndbox>
	</object>
</annotation>
