<annotation>
	<folder></folder>
	<filename>frame_4095_jpg.rf.57a6f7f635f3adb8761387d4d760d27d.jpg</filename>
	<path>frame_4095_jpg.rf.57a6f7f635f3adb8761387d4d760d27d.jpg</path>
	<source>
		<database>roboflow.ai</database>
	</source>
	<size>
		<width>416</width>
		<height>416</height>
		<depth>3</depth>
	</size>
	<segmented>0</segmented>
	<object>
		<name>auto</name>
		<pose>Unspecified</pose>
		<truncated>0</truncated>
		<difficult>0</difficult>
		<occluded>0</occluded>
		<bndbox>
			<xmin>185</xmin>
			<xmax>242</xmax>
			<ymin>241</ymin>
			<ymax>338</ymax>
		</bndbox>
	</object>
	<object>
		<name>motorbike</name>
		<pose>Unspecified</pose>
		<truncated>0</truncated>
		<difficult>0</difficult>
		<occluded>0</occluded>
		<bndbox>
			<xmin>153</xmin>
			<xmax>194</xmax>
			<ymin>273</ymin>
			<ymax>367</ymax>
		</bndbox>
	</object>
</annotation>
