<annotation>
	<folder></folder>
	<filename>frame_4047_jpg.rf.0ab70259bdbe45c6118c85ad82437614.jpg</filename>
	<path>frame_4047_jpg.rf.0ab70259bdbe45c6118c85ad82437614.jpg</path>
	<source>
		<database>roboflow.ai</database>
	</source>
	<size>
		<width>416</width>
		<height>416</height>
		<depth>3</depth>
	</size>
	<segmented>0</segmented>
	<object>
		<name>bus</name>
		<pose>Unspecified</pose>
		<truncated>0</truncated>
		<difficult>0</difficult>
		<occluded>0</occluded>
		<bndbox>
			<xmin>156</xmin>
			<xmax>228</xmax>
			<ymin>140</ymin>
			<ymax>266</ymax>
		</bndbox>
	</object>
	<object>
		<name>motorbike</name>
		<pose>Unspecified</pose>
		<truncated>0</truncated>
		<difficult>0</difficult>
		<occluded>0</occluded>
		<bndbox>
			<xmin>221</xmin>
			<xmax>244</xmax>
			<ymin>203</ymin>
			<ymax>261</ymax>
		</bndbox>
	</object>
</annotation>
