<annotation>
	<folder></folder>
	<filename>frame_4139_jpg.rf.5c9a8e1cbbd3bf4ef1451209b364deec.jpg</filename>
	<path>frame_4139_jpg.rf.5c9a8e1cbbd3bf4ef1451209b364deec.jpg</path>
	<source>
		<database>roboflow.ai</database>
	</source>
	<size>
		<width>416</width>
		<height>416</height>
		<depth>3</depth>
	</size>
	<segmented>0</segmented>
	<object>
		<name>auto</name>
		<pose>Unspecified</pose>
		<truncated>0</truncated>
		<difficult>0</difficult>
		<occluded>0</occluded>
		<bndbox>
			<xmin>190</xmin>
			<xmax>240</xmax>
			<ymin>217</ymin>
			<ymax>303</ymax>
		</bndbox>
	</object>
	<object>
		<name>motorbike</name>
		<pose>Unspecified</pose>
		<truncated>0</truncated>
		<difficult>0</difficult>
		<occluded>0</occluded>
		<bndbox>
			<xmin>265</xmin>
			<xmax>294</xmax>
			<ymin>193</ymin>
			<ymax>246</ymax>
		</bndbox>
	</object>
	<object>
		<name>car</name>
		<pose>Unspecified</pose>
		<truncated>0</truncated>
		<difficult>0</difficult>
		<occluded>0</occluded>
		<bndbox>
			<xmin>212</xmin>
			<xmax>261</xmax>
			<ymin>164</ymin>
			<ymax>217</ymax>
		</bndbox>
	</object>
</annotation>
