<annotation>
	<folder></folder>
	<filename>frame_4109_jpg.rf.8f6a620a5c173ffa5b1a00563cd8de42.jpg</filename>
	<path>frame_4109_jpg.rf.8f6a620a5c173ffa5b1a00563cd8de42.jpg</path>
	<source>
		<database>roboflow.ai</database>
	</source>
	<size>
		<width>416</width>
		<height>416</height>
		<depth>3</depth>
	</size>
	<segmented>0</segmented>
	<object>
		<name>car</name>
		<pose>Unspecified</pose>
		<truncated>0</truncated>
		<difficult>0</difficult>
		<occluded>0</occluded>
		<bndbox>
			<xmin>199</xmin>
			<xmax>264</xmax>
			<ymin>225</ymin>
			<ymax>330</ymax>
		</bndbox>
	</object>
	<object>
		<name>motorbike</name>
		<pose>Unspecified</pose>
		<truncated>0</truncated>
		<difficult>0</difficult>
		<occluded>0</occluded>
		<bndbox>
			<xmin>297</xmin>
			<xmax>338</xmax>
			<ymin>258</ymin>
			<ymax>337</ymax>
		</bndbox>
	</object>
</annotation>
