<annotation>
	<folder></folder>
	<filename>frame_4096_jpg.rf.8a07388a6ff063618941b5ce55dfb7f8.jpg</filename>
	<path>frame_4096_jpg.rf.8a07388a6ff063618941b5ce55dfb7f8.jpg</path>
	<source>
		<database>roboflow.ai</database>
	</source>
	<size>
		<width>416</width>
		<height>416</height>
		<depth>3</depth>
	</size>
	<segmented>0</segmented>
	<object>
		<name>motorbike</name>
		<pose>Unspecified</pose>
		<truncated>0</truncated>
		<difficult>0</difficult>
		<occluded>0</occluded>
		<bndbox>
			<xmin>180</xmin>
			<xmax>208</xmax>
			<ymin>197</ymin>
			<ymax>251</ymax>
		</bndbox>
	</object>
</annotation>
