<annotation>
	<folder></folder>
	<filename>frame_4098_jpg.rf.44a8ffaf5adf94e0282e8364745d094f.jpg</filename>
	<path>frame_4098_jpg.rf.44a8ffaf5adf94e0282e8364745d094f.jpg</path>
	<source>
		<database>roboflow.ai</database>
	</source>
	<size>
		<width>416</width>
		<height>416</height>
		<depth>3</depth>
	</size>
	<segmented>0</segmented>
	<object>
		<name>car</name>
		<pose>Unspecified</pose>
		<truncated>0</truncated>
		<difficult>0</difficult>
		<occluded>0</occluded>
		<bndbox>
			<xmin>134</xmin>
			<xmax>166</xmax>
			<ymin>172</ymin>
			<ymax>223</ymax>
		</bndbox>
	</object>
	<object>
		<name>motorbike</name>
		<pose>Unspecified</pose>
		<truncated>0</truncated>
		<difficult>0</difficult>
		<occluded>0</occluded>
		<bndbox>
			<xmin>200</xmin>
			<xmax>218</xmax>
			<ymin>208</ymin>
			<ymax>250</ymax>
		</bndbox>
	</object>
</annotation>
