<annotation>
	<folder></folder>
	<filename>frame_4073_jpg.rf.75edee2082e3f268b15c67a549a33748.jpg</filename>
	<path>frame_4073_jpg.rf.75edee2082e3f268b15c67a549a33748.jpg</path>
	<source>
		<database>roboflow.ai</database>
	</source>
	<size>
		<width>416</width>
		<height>416</height>
		<depth>3</depth>
	</size>
	<segmented>0</segmented>
	<object>
		<name>car</name>
		<pose>Unspecified</pose>
		<truncated>0</truncated>
		<difficult>0</difficult>
		<occluded>0</occluded>
		<bndbox>
			<xmin>124</xmin>
			<xmax>222</xmax>
			<ymin>234</ymin>
			<ymax>365</ymax>
		</bndbox>
	</object>
	<object>
		<name>car</name>
		<pose>Unspecified</pose>
		<truncated>0</truncated>
		<difficult>0</difficult>
		<occluded>0</occluded>
		<bndbox>
			<xmin>227</xmin>
			<xmax>270</xmax>
			<ymin>206</ymin>
			<ymax>272</ymax>
		</bndbox>
	</object>
</annotation>
