<annotation>
	<folder></folder>
	<filename>frame_4144_jpg.rf.f3e7c7b80fe87ea5464e40290f8cf707.jpg</filename>
	<path>frame_4144_jpg.rf.f3e7c7b80fe87ea5464e40290f8cf707.jpg</path>
	<source>
		<database>roboflow.ai</database>
	</source>
	<size>
		<width>416</width>
		<height>416</height>
		<depth>3</depth>
	</size>
	<segmented>0</segmented>
	<object>
		<name>car</name>
		<pose>Unspecified</pose>
		<truncated>0</truncated>
		<difficult>0</difficult>
		<occluded>0</occluded>
		<bndbox>
			<xmin>244</xmin>
			<xmax>305</xmax>
			<ymin>210</ymin>
			<ymax>301</ymax>
		</bndbox>
	</object>
</annotation>
