<annotation>
	<folder></folder>
	<filename>frame_4073_jpg.rf.03d92c5c3d8fd907428dc8c9db922333.jpg</filename>
	<path>frame_4073_jpg.rf.03d92c5c3d8fd907428dc8c9db922333.jpg</path>
	<source>
		<database>roboflow.ai</database>
	</source>
	<size>
		<width>416</width>
		<height>416</height>
		<depth>3</depth>
	</size>
	<segmented>0</segmented>
	<object>
		<name>car</name>
		<pose>Unspecified</pose>
		<truncated>0</truncated>
		<difficult>0</difficult>
		<occluded>0</occluded>
		<bndbox>
			<xmin>162</xmin>
			<xmax>241</xmax>
			<ymin>237</ymin>
			<ymax>364</ymax>
		</bndbox>
	</object>
	<object>
		<name>car</name>
		<pose>Unspecified</pose>
		<truncated>0</truncated>
		<difficult>0</difficult>
		<occluded>0</occluded>
		<bndbox>
			<xmin>138</xmin>
			<xmax>172</xmax>
			<ymin>204</ymin>
			<ymax>269</ymax>
		</bndbox>
	</object>
</annotation>
