<annotation>
	<folder></folder>
	<filename>frame_4109_jpg.rf.4392f398f2fcdbfb492bf6927e33b3a5.jpg</filename>
	<path>frame_4109_jpg.rf.4392f398f2fcdbfb492bf6927e33b3a5.jpg</path>
	<source>
		<database>roboflow.ai</database>
	</source>
	<size>
		<width>416</width>
		<height>416</height>
		<depth>3</depth>
	</size>
	<segmented>0</segmented>
	<object>
		<name>car</name>
		<pose>Unspecified</pose>
		<truncated>0</truncated>
		<difficult>0</difficult>
		<occluded>0</occluded>
		<bndbox>
			<xmin>183</xmin>
			<xmax>233</xmax>
			<ymin>234</ymin>
			<ymax>319</ymax>
		</bndbox>
	</object>
	<object>
		<name>motorbike</name>
		<pose>Unspecified</pose>
		<truncated>0</truncated>
		<difficult>0</difficult>
		<occluded>0</occluded>
		<bndbox>
			<xmin>275</xmin>
			<xmax>304</xmax>
			<ymin>270</ymin>
			<ymax>336</ymax>
		</bndbox>
	</object>
</annotation>
