<annotation>
	<folder></folder>
	<filename>frame_4091_jpg.rf.c1281b4dcab8edfd2ba2259fa7842625.jpg</filename>
	<path>frame_4091_jpg.rf.c1281b4dcab8edfd2ba2259fa7842625.jpg</path>
	<source>
		<database>roboflow.ai</database>
	</source>
	<size>
		<width>416</width>
		<height>416</height>
		<depth>3</depth>
	</size>
	<segmented>0</segmented>
	<object>
		<name>auto</name>
		<pose>Unspecified</pose>
		<truncated>0</truncated>
		<difficult>0</difficult>
		<occluded>0</occluded>
		<bndbox>
			<xmin>194</xmin>
			<xmax>273</xmax>
			<ymin>288</ymin>
			<ymax>415</ymax>
		</bndbox>
	</object>
	<object>
		<name>motorbike</name>
		<pose>Unspecified</pose>
		<truncated>0</truncated>
		<difficult>0</difficult>
		<occluded>0</occluded>
		<bndbox>
			<xmin>103</xmin>
			<xmax>163</xmax>
			<ymin>316</ymin>
			<ymax>410</ymax>
		</bndbox>
	</object>
	<object>
		<name>car</name>
		<pose>Unspecified</pose>
		<truncated>0</truncated>
		<difficult>0</difficult>
		<occluded>0</occluded>
		<bndbox>
			<xmin>250</xmin>
			<xmax>298</xmax>
			<ymin>183</ymin>
			<ymax>241</ymax>
		</bndbox>
	</object>
</annotation>
