<annotation>
	<folder></folder>
	<filename>frame_4073_jpg.rf.0e8ea917cf11bfe9e1bfaada96c865ed.jpg</filename>
	<path>frame_4073_jpg.rf.0e8ea917cf11bfe9e1bfaada96c865ed.jpg</path>
	<source>
		<database>roboflow.ai</database>
	</source>
	<size>
		<width>416</width>
		<height>416</height>
		<depth>3</depth>
	</size>
	<segmented>0</segmented>
	<object>
		<name>car</name>
		<pose>Unspecified</pose>
		<truncated>0</truncated>
		<difficult>0</difficult>
		<occluded>0</occluded>
		<bndbox>
			<xmin>143</xmin>
			<xmax>227</xmax>
			<ymin>234</ymin>
			<ymax>370</ymax>
		</bndbox>
	</object>
	<object>
		<name>car</name>
		<pose>Unspecified</pose>
		<truncated>0</truncated>
		<difficult>0</difficult>
		<occluded>0</occluded>
		<bndbox>
			<xmin>235</xmin>
			<xmax>271</xmax>
			<ymin>198</ymin>
			<ymax>267</ymax>
		</bndbox>
	</object>
</annotation>
