<annotation>
	<folder></folder>
	<filename>frame_4111_jpg.rf.bc8e45b9e7e0d51d408214d60b1900c2.jpg</filename>
	<path>frame_4111_jpg.rf.bc8e45b9e7e0d51d408214d60b1900c2.jpg</path>
	<source>
		<database>roboflow.ai</database>
	</source>
	<size>
		<width>416</width>
		<height>416</height>
		<depth>3</depth>
	</size>
	<segmented>0</segmented>
	<object>
		<name>minitruck</name>
		<pose>Unspecified</pose>
		<truncated>0</truncated>
		<difficult>0</difficult>
		<occluded>0</occluded>
		<bndbox>
			<xmin>202</xmin>
			<xmax>253</xmax>
			<ymin>205</ymin>
			<ymax>283</ymax>
		</bndbox>
	</object>
	<object>
		<name>car</name>
		<pose>Unspecified</pose>
		<truncated>0</truncated>
		<difficult>0</difficult>
		<occluded>0</occluded>
		<bndbox>
			<xmin>145</xmin>
			<xmax>184</xmax>
			<ymin>215</ymin>
			<ymax>265</ymax>
		</bndbox>
	</object>
	<object>
		<name>car</name>
		<pose>Unspecified</pose>
		<truncated>0</truncated>
		<difficult>0</difficult>
		<occluded>0</occluded>
		<bndbox>
			<xmin>219</xmin>
			<xmax>245</xmax>
			<ymin>170</ymin>
			<ymax>204</ymax>
		</bndbox>
	</object>
	<object>
		<name>motorbike</name>
		<pose>Unspecified</pose>
		<truncated>0</truncated>
		<difficult>0</difficult>
		<occluded>0</occluded>
		<bndbox>
			<xmin>154</xmin>
			<xmax>167</xmax>
			<ymin>158</ymin>
			<ymax>188</ymax>
		</bndbox>
	</object>
</annotation>
