<annotation>
	<folder></folder>
	<filename>frame_4118_jpg.rf.d45ab5e2b57406671d9ea387b43fdfb1.jpg</filename>
	<path>frame_4118_jpg.rf.d45ab5e2b57406671d9ea387b43fdfb1.jpg</path>
	<source>
		<database>roboflow.ai</database>
	</source>
	<size>
		<width>416</width>
		<height>416</height>
		<depth>3</depth>
	</size>
	<segmented>0</segmented>
	<object>
		<name>motorbike</name>
		<pose>Unspecified</pose>
		<truncated>0</truncated>
		<difficult>0</difficult>
		<occluded>0</occluded>
		<bndbox>
			<xmin>145</xmin>
			<xmax>185</xmax>
			<ymin>317</ymin>
			<ymax>415</ymax>
		</bndbox>
	</object>
	<object>
		<name>motorbike</name>
		<pose>Unspecified</pose>
		<truncated>0</truncated>
		<difficult>0</difficult>
		<occluded>0</occluded>
		<bndbox>
			<xmin>187</xmin>
			<xmax>231</xmax>
			<ymin>251</ymin>
			<ymax>342</ymax>
		</bndbox>
	</object>
</annotation>
