<annotation>
	<folder></folder>
	<filename>frame_4140_jpg.rf.eb4f5cb9040fcc7f71baee2774cd5701.jpg</filename>
	<path>frame_4140_jpg.rf.eb4f5cb9040fcc7f71baee2774cd5701.jpg</path>
	<source>
		<database>roboflow.ai</database>
	</source>
	<size>
		<width>416</width>
		<height>416</height>
		<depth>3</depth>
	</size>
	<segmented>0</segmented>
	<object>
		<name>minitruck</name>
		<pose>Unspecified</pose>
		<truncated>0</truncated>
		<difficult>0</difficult>
		<occluded>0</occluded>
		<bndbox>
			<xmin>226</xmin>
			<xmax>293</xmax>
			<ymin>226</ymin>
			<ymax>339</ymax>
		</bndbox>
	</object>
	<object>
		<name>motorbike</name>
		<pose>Unspecified</pose>
		<truncated>0</truncated>
		<difficult>0</difficult>
		<occluded>0</occluded>
		<bndbox>
			<xmin>204</xmin>
			<xmax>227</xmax>
			<ymin>250</ymin>
			<ymax>327</ymax>
		</bndbox>
	</object>
</annotation>
