<annotation>
	<folder></folder>
	<filename>frame_4046_jpg.rf.0a3fda07d8f00eeba324219a005b29f7.jpg</filename>
	<path>frame_4046_jpg.rf.0a3fda07d8f00eeba324219a005b29f7.jpg</path>
	<source>
		<database>roboflow.ai</database>
	</source>
	<size>
		<width>416</width>
		<height>416</height>
		<depth>3</depth>
	</size>
	<segmented>0</segmented>
	<object>
		<name>auto</name>
		<pose>Unspecified</pose>
		<truncated>0</truncated>
		<difficult>0</difficult>
		<occluded>0</occluded>
		<bndbox>
			<xmin>189</xmin>
			<xmax>225</xmax>
			<ymin>184</ymin>
			<ymax>253</ymax>
		</bndbox>
	</object>
	<object>
		<name>motorbike</name>
		<pose>Unspecified</pose>
		<truncated>0</truncated>
		<difficult>0</difficult>
		<occluded>0</occluded>
		<bndbox>
			<xmin>162</xmin>
			<xmax>189</xmax>
			<ymin>196</ymin>
			<ymax>254</ymax>
		</bndbox>
	</object>
	<object>
		<name>motorbike</name>
		<pose>Unspecified</pose>
		<truncated>0</truncated>
		<difficult>0</difficult>
		<occluded>0</occluded>
		<bndbox>
			<xmin>217</xmin>
			<xmax>235</xmax>
			<ymin>178</ymin>
			<ymax>212</ymax>
		</bndbox>
	</object>
</annotation>
