<annotation>
	<folder></folder>
	<filename>frame_4137_jpg.rf.4ed4662b748c49cea65d0d765394fc7a.jpg</filename>
	<path>frame_4137_jpg.rf.4ed4662b748c49cea65d0d765394fc7a.jpg</path>
	<source>
		<database>roboflow.ai</database>
	</source>
	<size>
		<width>416</width>
		<height>416</height>
		<depth>3</depth>
	</size>
	<segmented>0</segmented>
	<object>
		<name>bus</name>
		<pose>Unspecified</pose>
		<truncated>0</truncated>
		<difficult>0</difficult>
		<occluded>0</occluded>
		<bndbox>
			<xmin>138</xmin>
			<xmax>249</xmax>
			<ymin>186</ymin>
			<ymax>380</ymax>
		</bndbox>
	</object>
	<object>
		<name>motorbike</name>
		<pose>Unspecified</pose>
		<truncated>0</truncated>
		<difficult>0</difficult>
		<occluded>0</occluded>
		<bndbox>
			<xmin>266</xmin>
			<xmax>294</xmax>
			<ymin>239</ymin>
			<ymax>296</ymax>
		</bndbox>
	</object>
	<object>
		<name>motorbike</name>
		<pose>Unspecified</pose>
		<truncated>0</truncated>
		<difficult>0</difficult>
		<occluded>0</occluded>
		<bndbox>
			<xmin>200</xmin>
			<xmax>223</xmax>
			<ymin>170</ymin>
			<ymax>209</ymax>
		</bndbox>
	</object>
</annotation>
