<annotation>
	<folder></folder>
	<filename>frame_4047_jpg.rf.54b7bbbdb2374a58d161d3612dd7405c.jpg</filename>
	<path>frame_4047_jpg.rf.54b7bbbdb2374a58d161d3612dd7405c.jpg</path>
	<source>
		<database>roboflow.ai</database>
	</source>
	<size>
		<width>416</width>
		<height>416</height>
		<depth>3</depth>
	</size>
	<segmented>0</segmented>
	<object>
		<name>bus</name>
		<pose>Unspecified</pose>
		<truncated>0</truncated>
		<difficult>0</difficult>
		<occluded>0</occluded>
		<bndbox>
			<xmin>187</xmin>
			<xmax>262</xmax>
			<ymin>137</ymin>
			<ymax>263</ymax>
		</bndbox>
	</object>
	<object>
		<name>motorbike</name>
		<pose>Unspecified</pose>
		<truncated>0</truncated>
		<difficult>0</difficult>
		<occluded>0</occluded>
		<bndbox>
			<xmin>172</xmin>
			<xmax>197</xmax>
			<ymin>207</ymin>
			<ymax>264</ymax>
		</bndbox>
	</object>
</annotation>
