<annotation>
	<folder></folder>
	<filename>frame_4054_jpg.rf.a158b18ba2d8b544363af998cd33f614.jpg</filename>
	<path>frame_4054_jpg.rf.a158b18ba2d8b544363af998cd33f614.jpg</path>
	<source>
		<database>roboflow.ai</database>
	</source>
	<size>
		<width>416</width>
		<height>416</height>
		<depth>3</depth>
	</size>
	<segmented>0</segmented>
	<object>
		<name>auto</name>
		<pose>Unspecified</pose>
		<truncated>0</truncated>
		<difficult>0</difficult>
		<occluded>0</occluded>
		<bndbox>
			<xmin>208</xmin>
			<xmax>268</xmax>
			<ymin>198</ymin>
			<ymax>325</ymax>
		</bndbox>
	</object>
	<object>
		<name>motorbike</name>
		<pose>Unspecified</pose>
		<truncated>0</truncated>
		<difficult>0</difficult>
		<occluded>0</occluded>
		<bndbox>
			<xmin>139</xmin>
			<xmax>167</xmax>
			<ymin>193</ymin>
			<ymax>250</ymax>
		</bndbox>
	</object>
</annotation>
