<annotation>
	<folder></folder>
	<filename>frame_4125_jpg.rf.968fa7bbb9ee71ccf11889ab4b8e0bb4.jpg</filename>
	<path>frame_4125_jpg.rf.968fa7bbb9ee71ccf11889ab4b8e0bb4.jpg</path>
	<source>
		<database>roboflow.ai</database>
	</source>
	<size>
		<width>416</width>
		<height>416</height>
		<depth>3</depth>
	</size>
	<segmented>0</segmented>
	<object>
		<name>motorbike</name>
		<pose>Unspecified</pose>
		<truncated>0</truncated>
		<difficult>0</difficult>
		<occluded>0</occluded>
		<bndbox>
			<xmin>151</xmin>
			<xmax>172</xmax>
			<ymin>202</ymin>
			<ymax>242</ymax>
		</bndbox>
	</object>
	<object>
		<name>motorbike</name>
		<pose>Unspecified</pose>
		<truncated>0</truncated>
		<difficult>0</difficult>
		<occluded>0</occluded>
		<bndbox>
			<xmin>175</xmin>
			<xmax>194</xmax>
			<ymin>183</ymin>
			<ymax>221</ymax>
		</bndbox>
	</object>
</annotation>
