<annotation>
	<folder></folder>
	<filename>frame_4125_jpg.rf.7b3e2215fb7c62d2a0f7bd8d457be564.jpg</filename>
	<path>frame_4125_jpg.rf.7b3e2215fb7c62d2a0f7bd8d457be564.jpg</path>
	<source>
		<database>roboflow.ai</database>
	</source>
	<size>
		<width>416</width>
		<height>416</height>
		<depth>3</depth>
	</size>
	<segmented>0</segmented>
	<object>
		<name>motorbike</name>
		<pose>Unspecified</pose>
		<truncated>0</truncated>
		<difficult>0</difficult>
		<occluded>0</occluded>
		<bndbox>
			<xmin>241</xmin>
			<xmax>267</xmax>
			<ymin>189</ymin>
			<ymax>225</ymax>
		</bndbox>
	</object>
	<object>
		<name>motorbike</name>
		<pose>Unspecified</pose>
		<truncated>0</truncated>
		<difficult>0</difficult>
		<occluded>0</occluded>
		<bndbox>
			<xmin>216</xmin>
			<xmax>240</xmax>
			<ymin>177</ymin>
			<ymax>210</ymax>
		</bndbox>
	</object>
</annotation>
