<annotation>
	<folder></folder>
	<filename>frame_4136_jpg.rf.3ed4d25513d34ad109b5d0b71ce7b150.jpg</filename>
	<path>frame_4136_jpg.rf.3ed4d25513d34ad109b5d0b71ce7b150.jpg</path>
	<source>
		<database>roboflow.ai</database>
	</source>
	<size>
		<width>416</width>
		<height>416</height>
		<depth>3</depth>
	</size>
	<segmented>0</segmented>
	<object>
		<name>car</name>
		<pose>Unspecified</pose>
		<truncated>0</truncated>
		<difficult>0</difficult>
		<occluded>0</occluded>
		<bndbox>
			<xmin>186</xmin>
			<xmax>270</xmax>
			<ymin>228</ymin>
			<ymax>353</ymax>
		</bndbox>
	</object>
	<object>
		<name>car</name>
		<pose>Unspecified</pose>
		<truncated>0</truncated>
		<difficult>0</difficult>
		<occluded>0</occluded>
		<bndbox>
			<xmin>249</xmin>
			<xmax>286</xmax>
			<ymin>184</ymin>
			<ymax>233</ymax>
		</bndbox>
	</object>
	<object>
		<name>auto</name>
		<pose>Unspecified</pose>
		<truncated>0</truncated>
		<difficult>0</difficult>
		<occluded>0</occluded>
		<bndbox>
			<xmin>152</xmin>
			<xmax>198</xmax>
			<ymin>213</ymin>
			<ymax>280</ymax>
		</bndbox>
	</object>
	<object>
		<name>motorbike</name>
		<pose>Unspecified</pose>
		<truncated>0</truncated>
		<difficult>0</difficult>
		<occluded>0</occluded>
		<bndbox>
			<xmin>156</xmin>
			<xmax>182</xmax>
			<ymin>199</ymin>
			<ymax>243</ymax>
		</bndbox>
	</object>
</annotation>
