<annotation>
	<folder></folder>
	<filename>frame_4116_jpg.rf.3b6ac89d783a2f4fb162f09173c343f4.jpg</filename>
	<path>frame_4116_jpg.rf.3b6ac89d783a2f4fb162f09173c343f4.jpg</path>
	<source>
		<database>roboflow.ai</database>
	</source>
	<size>
		<width>416</width>
		<height>416</height>
		<depth>3</depth>
	</size>
	<segmented>0</segmented>
	<object>
		<name>motorbike</name>
		<pose>Unspecified</pose>
		<truncated>0</truncated>
		<difficult>0</difficult>
		<occluded>0</occluded>
		<bndbox>
			<xmin>132</xmin>
			<xmax>163</xmax>
			<ymin>230</ymin>
			<ymax>299</ymax>
		</bndbox>
	</object>
	<object>
		<name>motorbike</name>
		<pose>Unspecified</pose>
		<truncated>0</truncated>
		<difficult>0</difficult>
		<occluded>0</occluded>
		<bndbox>
			<xmin>104</xmin>
			<xmax>139</xmax>
			<ymin>221</ymin>
			<ymax>296</ymax>
		</bndbox>
	</object>
</annotation>
