<annotation>
	<folder></folder>
	<filename>frame_4059_jpg.rf.74097fc754010c5365a8098ee8420c4d.jpg</filename>
	<path>frame_4059_jpg.rf.74097fc754010c5365a8098ee8420c4d.jpg</path>
	<source>
		<database>roboflow.ai</database>
	</source>
	<size>
		<width>416</width>
		<height>416</height>
		<depth>3</depth>
	</size>
	<segmented>0</segmented>
	<object>
		<name>minitruck</name>
		<pose>Unspecified</pose>
		<truncated>0</truncated>
		<difficult>0</difficult>
		<occluded>0</occluded>
		<bndbox>
			<xmin>234</xmin>
			<xmax>296</xmax>
			<ymin>199</ymin>
			<ymax>309</ymax>
		</bndbox>
	</object>
	<object>
		<name>auto</name>
		<pose>Unspecified</pose>
		<truncated>0</truncated>
		<difficult>0</difficult>
		<occluded>0</occluded>
		<bndbox>
			<xmin>185</xmin>
			<xmax>240</xmax>
			<ymin>284</ymin>
			<ymax>401</ymax>
		</bndbox>
	</object>
</annotation>
