<annotation>
	<folder></folder>
	<filename>frame_4118_jpg.rf.744a66937fc1e43b8859fa757dd62df8.jpg</filename>
	<path>frame_4118_jpg.rf.744a66937fc1e43b8859fa757dd62df8.jpg</path>
	<source>
		<database>roboflow.ai</database>
	</source>
	<size>
		<width>416</width>
		<height>416</height>
		<depth>3</depth>
	</size>
	<segmented>0</segmented>
	<object>
		<name>motorbike</name>
		<pose>Unspecified</pose>
		<truncated>0</truncated>
		<difficult>0</difficult>
		<occluded>0</occluded>
		<bndbox>
			<xmin>166</xmin>
			<xmax>201</xmax>
			<ymin>318</ymin>
			<ymax>414</ymax>
		</bndbox>
	</object>
	<object>
		<name>motorbike</name>
		<pose>Unspecified</pose>
		<truncated>0</truncated>
		<difficult>0</difficult>
		<occluded>0</occluded>
		<bndbox>
			<xmin>149</xmin>
			<xmax>187</xmax>
			<ymin>255</ymin>
			<ymax>345</ymax>
		</bndbox>
	</object>
</annotation>
