<annotation>
	<folder></folder>
	<filename>frame_4136_jpg.rf.99e8e80fcc1c22eab88d9acc012383f5.jpg</filename>
	<path>frame_4136_jpg.rf.99e8e80fcc1c22eab88d9acc012383f5.jpg</path>
	<source>
		<database>roboflow.ai</database>
	</source>
	<size>
		<width>416</width>
		<height>416</height>
		<depth>3</depth>
	</size>
	<segmented>0</segmented>
	<object>
		<name>car</name>
		<pose>Unspecified</pose>
		<truncated>0</truncated>
		<difficult>0</difficult>
		<occluded>0</occluded>
		<bndbox>
			<xmin>221</xmin>
			<xmax>308</xmax>
			<ymin>200</ymin>
			<ymax>333</ymax>
		</bndbox>
	</object>
	<object>
		<name>car</name>
		<pose>Unspecified</pose>
		<truncated>0</truncated>
		<difficult>0</difficult>
		<occluded>0</occluded>
		<bndbox>
			<xmin>249</xmin>
			<xmax>288</xmax>
			<ymin>158</ymin>
			<ymax>210</ymax>
		</bndbox>
	</object>
	<object>
		<name>auto</name>
		<pose>Unspecified</pose>
		<truncated>0</truncated>
		<difficult>0</difficult>
		<occluded>0</occluded>
		<bndbox>
			<xmin>169</xmin>
			<xmax>215</xmax>
			<ymin>218</ymin>
			<ymax>289</ymax>
		</bndbox>
	</object>
	<object>
		<name>motorbike</name>
		<pose>Unspecified</pose>
		<truncated>0</truncated>
		<difficult>0</difficult>
		<occluded>0</occluded>
		<bndbox>
			<xmin>161</xmin>
			<xmax>188</xmax>
			<ymin>212</ymin>
			<ymax>258</ymax>
		</bndbox>
	</object>
</annotation>
