<annotation>
	<folder></folder>
	<filename>frame_4144_jpg.rf.7703f21a7665bc53213e013fb50f20a2.jpg</filename>
	<path>frame_4144_jpg.rf.7703f21a7665bc53213e013fb50f20a2.jpg</path>
	<source>
		<database>roboflow.ai</database>
	</source>
	<size>
		<width>416</width>
		<height>416</height>
		<depth>3</depth>
	</size>
	<segmented>0</segmented>
	<object>
		<name>car</name>
		<pose>Unspecified</pose>
		<truncated>0</truncated>
		<difficult>0</difficult>
		<occluded>0</occluded>
		<bndbox>
			<xmin>121</xmin>
			<xmax>186</xmax>
			<ymin>216</ymin>
			<ymax>319</ymax>
		</bndbox>
	</object>
</annotation>
