<annotation>
	<folder></folder>
	<filename>frame_4047_jpg.rf.4b1210ebd21d8af299c3c7c59e2cbb34.jpg</filename>
	<path>frame_4047_jpg.rf.4b1210ebd21d8af299c3c7c59e2cbb34.jpg</path>
	<source>
		<database>roboflow.ai</database>
	</source>
	<size>
		<width>416</width>
		<height>416</height>
		<depth>3</depth>
	</size>
	<segmented>0</segmented>
	<object>
		<name>bus</name>
		<pose>Unspecified</pose>
		<truncated>0</truncated>
		<difficult>0</difficult>
		<occluded>0</occluded>
		<bndbox>
			<xmin>185</xmin>
			<xmax>273</xmax>
			<ymin>130</ymin>
			<ymax>269</ymax>
		</bndbox>
	</object>
	<object>
		<name>motorbike</name>
		<pose>Unspecified</pose>
		<truncated>0</truncated>
		<difficult>0</difficult>
		<occluded>0</occluded>
		<bndbox>
			<xmin>153</xmin>
			<xmax>184</xmax>
			<ymin>207</ymin>
			<ymax>269</ymax>
		</bndbox>
	</object>
</annotation>
