<annotation>
	<folder></folder>
	<filename>frame_4072_jpg.rf.0373c37eff5dbb3e8becd0842c6911aa.jpg</filename>
	<path>frame_4072_jpg.rf.0373c37eff5dbb3e8becd0842c6911aa.jpg</path>
	<source>
		<database>roboflow.ai</database>
	</source>
	<size>
		<width>416</width>
		<height>416</height>
		<depth>3</depth>
	</size>
	<segmented>0</segmented>
	<object>
		<name>auto</name>
		<pose>Unspecified</pose>
		<truncated>0</truncated>
		<difficult>0</difficult>
		<occluded>0</occluded>
		<bndbox>
			<xmin>228</xmin>
			<xmax>289</xmax>
			<ymin>243</ymin>
			<ymax>344</ymax>
		</bndbox>
	</object>
	<object>
		<name>motorbike</name>
		<pose>Unspecified</pose>
		<truncated>0</truncated>
		<difficult>0</difficult>
		<occluded>0</occluded>
		<bndbox>
			<xmin>97</xmin>
			<xmax>154</xmax>
			<ymin>258</ymin>
			<ymax>370</ymax>
		</bndbox>
	</object>
	<object>
		<name>motorbike</name>
		<pose>Unspecified</pose>
		<truncated>0</truncated>
		<difficult>0</difficult>
		<occluded>0</occluded>
		<bndbox>
			<xmin>182</xmin>
			<xmax>208</xmax>
			<ymin>167</ymin>
			<ymax>224</ymax>
		</bndbox>
	</object>
</annotation>
