<annotation>
	<folder></folder>
	<filename>frame_4054_jpg.rf.00c017c7940e8f35adf0b5f68659f66d.jpg</filename>
	<path>frame_4054_jpg.rf.00c017c7940e8f35adf0b5f68659f66d.jpg</path>
	<source>
		<database>roboflow.ai</database>
	</source>
	<size>
		<width>416</width>
		<height>416</height>
		<depth>3</depth>
	</size>
	<segmented>0</segmented>
	<object>
		<name>auto</name>
		<pose>Unspecified</pose>
		<truncated>0</truncated>
		<difficult>0</difficult>
		<occluded>0</occluded>
		<bndbox>
			<xmin>141</xmin>
			<xmax>201</xmax>
			<ymin>210</ymin>
			<ymax>328</ymax>
		</bndbox>
	</object>
	<object>
		<name>motorbike</name>
		<pose>Unspecified</pose>
		<truncated>0</truncated>
		<difficult>0</difficult>
		<occluded>0</occluded>
		<bndbox>
			<xmin>249</xmin>
			<xmax>276</xmax>
			<ymin>185</ymin>
			<ymax>238</ymax>
		</bndbox>
	</object>
</annotation>
