<annotation>
	<folder></folder>
	<filename>frame_4137_jpg.rf.a849d2a3f8fa1010dcf89f6d706bfc17.jpg</filename>
	<path>frame_4137_jpg.rf.a849d2a3f8fa1010dcf89f6d706bfc17.jpg</path>
	<source>
		<database>roboflow.ai</database>
	</source>
	<size>
		<width>416</width>
		<height>416</height>
		<depth>3</depth>
	</size>
	<segmented>0</segmented>
	<object>
		<name>bus</name>
		<pose>Unspecified</pose>
		<truncated>0</truncated>
		<difficult>0</difficult>
		<occluded>0</occluded>
		<bndbox>
			<xmin>212</xmin>
			<xmax>303</xmax>
			<ymin>157</ymin>
			<ymax>370</ymax>
		</bndbox>
	</object>
	<object>
		<name>motorbike</name>
		<pose>Unspecified</pose>
		<truncated>0</truncated>
		<difficult>0</difficult>
		<occluded>0</occluded>
		<bndbox>
			<xmin>156</xmin>
			<xmax>179</xmax>
			<ymin>260</ymin>
			<ymax>323</ymax>
		</bndbox>
	</object>
	<object>
		<name>motorbike</name>
		<pose>Unspecified</pose>
		<truncated>0</truncated>
		<difficult>0</difficult>
		<occluded>0</occluded>
		<bndbox>
			<xmin>187</xmin>
			<xmax>206</xmax>
			<ymin>173</ymin>
			<ymax>215</ymax>
		</bndbox>
	</object>
</annotation>
