<annotation>
	<folder></folder>
	<filename>frame_4104_jpg.rf.912c046ca286ddf7292db2c03ddf4b55.jpg</filename>
	<path>frame_4104_jpg.rf.912c046ca286ddf7292db2c03ddf4b55.jpg</path>
	<source>
		<database>roboflow.ai</database>
	</source>
	<size>
		<width>416</width>
		<height>416</height>
		<depth>3</depth>
	</size>
	<segmented>0</segmented>
	<object>
		<name>car</name>
		<pose>Unspecified</pose>
		<truncated>0</truncated>
		<difficult>0</difficult>
		<occluded>0</occluded>
		<bndbox>
			<xmin>133</xmin>
			<xmax>194</xmax>
			<ymin>223</ymin>
			<ymax>322</ymax>
		</bndbox>
	</object>
	<object>
		<name>motorbike</name>
		<pose>Unspecified</pose>
		<truncated>0</truncated>
		<difficult>0</difficult>
		<occluded>0</occluded>
		<bndbox>
			<xmin>96</xmin>
			<xmax>135</xmax>
			<ymin>256</ymin>
			<ymax>333</ymax>
		</bndbox>
	</object>
</annotation>
