<annotation>
	<folder></folder>
	<filename>frame_4116_jpg.rf.d949d6f5fd65c9d17587d4ae31bdb5f9.jpg</filename>
	<path>frame_4116_jpg.rf.d949d6f5fd65c9d17587d4ae31bdb5f9.jpg</path>
	<source>
		<database>roboflow.ai</database>
	</source>
	<size>
		<width>416</width>
		<height>416</height>
		<depth>3</depth>
	</size>
	<segmented>0</segmented>
	<object>
		<name>motorbike</name>
		<pose>Unspecified</pose>
		<truncated>0</truncated>
		<difficult>0</difficult>
		<occluded>0</occluded>
		<bndbox>
			<xmin>253</xmin>
			<xmax>281</xmax>
			<ymin>232</ymin>
			<ymax>299</ymax>
		</bndbox>
	</object>
	<object>
		<name>motorbike</name>
		<pose>Unspecified</pose>
		<truncated>0</truncated>
		<difficult>0</difficult>
		<occluded>0</occluded>
		<bndbox>
			<xmin>279</xmin>
			<xmax>311</xmax>
			<ymin>225</ymin>
			<ymax>298</ymax>
		</bndbox>
	</object>
</annotation>
