<annotation>
	<folder></folder>
	<filename>frame_4054_jpg.rf.987eb0d1e21539eaabf4ee57fe063f4c.jpg</filename>
	<path>frame_4054_jpg.rf.987eb0d1e21539eaabf4ee57fe063f4c.jpg</path>
	<source>
		<database>roboflow.ai</database>
	</source>
	<size>
		<width>416</width>
		<height>416</height>
		<depth>3</depth>
	</size>
	<segmented>0</segmented>
	<object>
		<name>auto</name>
		<pose>Unspecified</pose>
		<truncated>0</truncated>
		<difficult>0</difficult>
		<occluded>0</occluded>
		<bndbox>
			<xmin>148</xmin>
			<xmax>209</xmax>
			<ymin>206</ymin>
			<ymax>324</ymax>
		</bndbox>
	</object>
	<object>
		<name>motorbike</name>
		<pose>Unspecified</pose>
		<truncated>0</truncated>
		<difficult>0</difficult>
		<occluded>0</occluded>
		<bndbox>
			<xmin>249</xmin>
			<xmax>277</xmax>
			<ymin>189</ymin>
			<ymax>242</ymax>
		</bndbox>
	</object>
</annotation>
