<annotation>
	<folder></folder>
	<filename>frame_4121_jpg.rf.dc1c03dfde60537be18917477fafa3df.jpg</filename>
	<path>frame_4121_jpg.rf.dc1c03dfde60537be18917477fafa3df.jpg</path>
	<source>
		<database>roboflow.ai</database>
	</source>
	<size>
		<width>416</width>
		<height>416</height>
		<depth>3</depth>
	</size>
	<segmented>0</segmented>
	<object>
		<name>motorbike</name>
		<pose>Unspecified</pose>
		<truncated>0</truncated>
		<difficult>0</difficult>
		<occluded>0</occluded>
		<bndbox>
			<xmin>109</xmin>
			<xmax>150</xmax>
			<ymin>250</ymin>
			<ymax>314</ymax>
		</bndbox>
	</object>
	<object>
		<name>minitruck</name>
		<pose>Unspecified</pose>
		<truncated>0</truncated>
		<difficult>0</difficult>
		<occluded>0</occluded>
		<bndbox>
			<xmin>153</xmin>
			<xmax>237</xmax>
			<ymin>241</ymin>
			<ymax>368</ymax>
		</bndbox>
	</object>
	<object>
		<name>auto</name>
		<pose>Unspecified</pose>
		<truncated>0</truncated>
		<difficult>0</difficult>
		<occluded>0</occluded>
		<bndbox>
			<xmin>160</xmin>
			<xmax>206</xmax>
			<ymin>192</ymin>
			<ymax>246</ymax>
		</bndbox>
	</object>
	<object>
		<name>motorbike</name>
		<pose>Unspecified</pose>
		<truncated>0</truncated>
		<difficult>0</difficult>
		<occluded>0</occluded>
		<bndbox>
			<xmin>214</xmin>
			<xmax>237</xmax>
			<ymin>178</ymin>
			<ymax>216</ymax>
		</bndbox>
	</object>
</annotation>
