<annotation>
	<folder></folder>
	<filename>frame_4134_jpg.rf.64fc52b3435062db0e0bd8a9acbdf8cc.jpg</filename>
	<path>frame_4134_jpg.rf.64fc52b3435062db0e0bd8a9acbdf8cc.jpg</path>
	<source>
		<database>roboflow.ai</database>
	</source>
	<size>
		<width>416</width>
		<height>416</height>
		<depth>3</depth>
	</size>
	<segmented>0</segmented>
	<object>
		<name>car</name>
		<pose>Unspecified</pose>
		<truncated>0</truncated>
		<difficult>0</difficult>
		<occluded>0</occluded>
		<bndbox>
			<xmin>127</xmin>
			<xmax>179</xmax>
			<ymin>209</ymin>
			<ymax>281</ymax>
		</bndbox>
	</object>
	<object>
		<name>motorbike</name>
		<pose>Unspecified</pose>
		<truncated>0</truncated>
		<difficult>0</difficult>
		<occluded>0</occluded>
		<bndbox>
			<xmin>236</xmin>
			<xmax>259</xmax>
			<ymin>162</ymin>
			<ymax>203</ymax>
		</bndbox>
	</object>
</annotation>
