<annotation>
	<folder></folder>
	<filename>frame_4080_jpg.rf.474ae37591cff7fa7f4e9203ead65a83.jpg</filename>
	<path>frame_4080_jpg.rf.474ae37591cff7fa7f4e9203ead65a83.jpg</path>
	<source>
		<database>roboflow.ai</database>
	</source>
	<size>
		<width>416</width>
		<height>416</height>
		<depth>3</depth>
	</size>
	<segmented>0</segmented>
	<object>
		<name>motorbike</name>
		<pose>Unspecified</pose>
		<truncated>0</truncated>
		<difficult>0</difficult>
		<occluded>0</occluded>
		<bndbox>
			<xmin>248</xmin>
			<xmax>291</xmax>
			<ymin>282</ymin>
			<ymax>371</ymax>
		</bndbox>
	</object>
	<object>
		<name>motorbike</name>
		<pose>Unspecified</pose>
		<truncated>0</truncated>
		<difficult>0</difficult>
		<occluded>0</occluded>
		<bndbox>
			<xmin>220</xmin>
			<xmax>244</xmax>
			<ymin>201</ymin>
			<ymax>257</ymax>
		</bndbox>
	</object>
	<object>
		<name>auto</name>
		<pose>Unspecified</pose>
		<truncated>0</truncated>
		<difficult>0</difficult>
		<occluded>0</occluded>
		<bndbox>
			<xmin>180</xmin>
			<xmax>219</xmax>
			<ymin>160</ymin>
			<ymax>218</ymax>
		</bndbox>
	</object>
	<object>
		<name>motorbike</name>
		<pose>Unspecified</pose>
		<truncated>0</truncated>
		<difficult>0</difficult>
		<occluded>0</occluded>
		<bndbox>
			<xmin>154</xmin>
			<xmax>175</xmax>
			<ymin>155</ymin>
			<ymax>197</ymax>
		</bndbox>
	</object>
</annotation>
