<annotation>
	<folder></folder>
	<filename>frame_4096_jpg.rf.4b79168f8878bd0ef74687897ff1b8dd.jpg</filename>
	<path>frame_4096_jpg.rf.4b79168f8878bd0ef74687897ff1b8dd.jpg</path>
	<source>
		<database>roboflow.ai</database>
	</source>
	<size>
		<width>416</width>
		<height>416</height>
		<depth>3</depth>
	</size>
	<segmented>0</segmented>
	<object>
		<name>motorbike</name>
		<pose>Unspecified</pose>
		<truncated>0</truncated>
		<difficult>0</difficult>
		<occluded>0</occluded>
		<bndbox>
			<xmin>172</xmin>
			<xmax>208</xmax>
			<ymin>194</ymin>
			<ymax>244</ymax>
		</bndbox>
	</object>
</annotation>
