<annotation>
	<folder></folder>
	<filename>frame_4116_jpg.rf.65351b1023ac0c0efe40b160538b5a29.jpg</filename>
	<path>frame_4116_jpg.rf.65351b1023ac0c0efe40b160538b5a29.jpg</path>
	<source>
		<database>roboflow.ai</database>
	</source>
	<size>
		<width>416</width>
		<height>416</height>
		<depth>3</depth>
	</size>
	<segmented>0</segmented>
	<object>
		<name>motorbike</name>
		<pose>Unspecified</pose>
		<truncated>0</truncated>
		<difficult>0</difficult>
		<occluded>0</occluded>
		<bndbox>
			<xmin>122</xmin>
			<xmax>161</xmax>
			<ymin>222</ymin>
			<ymax>295</ymax>
		</bndbox>
	</object>
	<object>
		<name>motorbike</name>
		<pose>Unspecified</pose>
		<truncated>0</truncated>
		<difficult>0</difficult>
		<occluded>0</occluded>
		<bndbox>
			<xmin>94</xmin>
			<xmax>139</xmax>
			<ymin>211</ymin>
			<ymax>290</ymax>
		</bndbox>
	</object>
</annotation>
