<annotation>
	<folder></folder>
	<filename>frame_4118_jpg.rf.60da9a03151adb3b8e5e8aecca57d060.jpg</filename>
	<path>frame_4118_jpg.rf.60da9a03151adb3b8e5e8aecca57d060.jpg</path>
	<source>
		<database>roboflow.ai</database>
	</source>
	<size>
		<width>416</width>
		<height>416</height>
		<depth>3</depth>
	</size>
	<segmented>0</segmented>
	<object>
		<name>motorbike</name>
		<pose>Unspecified</pose>
		<truncated>0</truncated>
		<difficult>0</difficult>
		<occluded>0</occluded>
		<bndbox>
			<xmin>229</xmin>
			<xmax>263</xmax>
			<ymin>319</ymin>
			<ymax>412</ymax>
		</bndbox>
	</object>
	<object>
		<name>motorbike</name>
		<pose>Unspecified</pose>
		<truncated>0</truncated>
		<difficult>0</difficult>
		<occluded>0</occluded>
		<bndbox>
			<xmin>237</xmin>
			<xmax>275</xmax>
			<ymin>256</ymin>
			<ymax>342</ymax>
		</bndbox>
	</object>
</annotation>
