<annotation>
	<folder></folder>
	<filename>frame_4073_jpg.rf.a5cae133602eac7a25d33bce49c686ea.jpg</filename>
	<path>frame_4073_jpg.rf.a5cae133602eac7a25d33bce49c686ea.jpg</path>
	<source>
		<database>roboflow.ai</database>
	</source>
	<size>
		<width>416</width>
		<height>416</height>
		<depth>3</depth>
	</size>
	<segmented>0</segmented>
	<object>
		<name>car</name>
		<pose>Unspecified</pose>
		<truncated>0</truncated>
		<difficult>0</difficult>
		<occluded>0</occluded>
		<bndbox>
			<xmin>140</xmin>
			<xmax>230</xmax>
			<ymin>233</ymin>
			<ymax>372</ymax>
		</bndbox>
	</object>
	<object>
		<name>car</name>
		<pose>Unspecified</pose>
		<truncated>0</truncated>
		<difficult>0</difficult>
		<occluded>0</occluded>
		<bndbox>
			<xmin>134</xmin>
			<xmax>173</xmax>
			<ymin>192</ymin>
			<ymax>262</ymax>
		</bndbox>
	</object>
</annotation>
