<annotation>
	<folder></folder>
	<filename>frame_4046_jpg.rf.b9cd67c7facdf462908a6a8283e233d2.jpg</filename>
	<path>frame_4046_jpg.rf.b9cd67c7facdf462908a6a8283e233d2.jpg</path>
	<source>
		<database>roboflow.ai</database>
	</source>
	<size>
		<width>416</width>
		<height>416</height>
		<depth>3</depth>
	</size>
	<segmented>0</segmented>
	<object>
		<name>auto</name>
		<pose>Unspecified</pose>
		<truncated>0</truncated>
		<difficult>0</difficult>
		<occluded>0</occluded>
		<bndbox>
			<xmin>191</xmin>
			<xmax>219</xmax>
			<ymin>184</ymin>
			<ymax>251</ymax>
		</bndbox>
	</object>
	<object>
		<name>motorbike</name>
		<pose>Unspecified</pose>
		<truncated>0</truncated>
		<difficult>0</difficult>
		<occluded>0</occluded>
		<bndbox>
			<xmin>161</xmin>
			<xmax>181</xmax>
			<ymin>186</ymin>
			<ymax>244</ymax>
		</bndbox>
	</object>
	<object>
		<name>motorbike</name>
		<pose>Unspecified</pose>
		<truncated>0</truncated>
		<difficult>0</difficult>
		<occluded>0</occluded>
		<bndbox>
			<xmin>223</xmin>
			<xmax>236</xmax>
			<ymin>184</ymin>
			<ymax>218</ymax>
		</bndbox>
	</object>
</annotation>
