<annotation>
	<folder></folder>
	<filename>frame_4140_jpg.rf.9222563601268044116f4d87702e8b20.jpg</filename>
	<path>frame_4140_jpg.rf.9222563601268044116f4d87702e8b20.jpg</path>
	<source>
		<database>roboflow.ai</database>
	</source>
	<size>
		<width>416</width>
		<height>416</height>
		<depth>3</depth>
	</size>
	<segmented>0</segmented>
	<object>
		<name>minitruck</name>
		<pose>Unspecified</pose>
		<truncated>0</truncated>
		<difficult>0</difficult>
		<occluded>0</occluded>
		<bndbox>
			<xmin>221</xmin>
			<xmax>286</xmax>
			<ymin>227</ymin>
			<ymax>333</ymax>
		</bndbox>
	</object>
	<object>
		<name>motorbike</name>
		<pose>Unspecified</pose>
		<truncated>0</truncated>
		<difficult>0</difficult>
		<occluded>0</occluded>
		<bndbox>
			<xmin>196</xmin>
			<xmax>219</xmax>
			<ymin>253</ymin>
			<ymax>326</ymax>
		</bndbox>
	</object>
</annotation>
