<annotation>
	<folder></folder>
	<filename>frame_4078_jpg.rf.3cf1628ca7ca20b94c442cdfe3fa2b4c.jpg</filename>
	<path>frame_4078_jpg.rf.3cf1628ca7ca20b94c442cdfe3fa2b4c.jpg</path>
	<source>
		<database>roboflow.ai</database>
	</source>
	<size>
		<width>416</width>
		<height>416</height>
		<depth>3</depth>
	</size>
	<segmented>0</segmented>
	<object>
		<name>minitruck</name>
		<pose>Unspecified</pose>
		<truncated>0</truncated>
		<difficult>0</difficult>
		<occluded>0</occluded>
		<bndbox>
			<xmin>93</xmin>
			<xmax>181</xmax>
			<ymin>205</ymin>
			<ymax>346</ymax>
		</bndbox>
	</object>
	<object>
		<name>motorbike</name>
		<pose>Unspecified</pose>
		<truncated>0</truncated>
		<difficult>0</difficult>
		<occluded>0</occluded>
		<bndbox>
			<xmin>198</xmin>
			<xmax>220</xmax>
			<ymin>194</ymin>
			<ymax>245</ymax>
		</bndbox>
	</object>
	<object>
		<name>car</name>
		<pose>Unspecified</pose>
		<truncated>0</truncated>
		<difficult>0</difficult>
		<occluded>0</occluded>
		<bndbox>
			<xmin>157</xmin>
			<xmax>185</xmax>
			<ymin>167</ymin>
			<ymax>211</ymax>
		</bndbox>
	</object>
</annotation>
