<annotation>
	<folder></folder>
	<filename>frame_4134_jpg.rf.b157495034da769e11812be9a2ae9a54.jpg</filename>
	<path>frame_4134_jpg.rf.b157495034da769e11812be9a2ae9a54.jpg</path>
	<source>
		<database>roboflow.ai</database>
	</source>
	<size>
		<width>416</width>
		<height>416</height>
		<depth>3</depth>
	</size>
	<segmented>0</segmented>
	<object>
		<name>car</name>
		<pose>Unspecified</pose>
		<truncated>0</truncated>
		<difficult>0</difficult>
		<occluded>0</occluded>
		<bndbox>
			<xmin>241</xmin>
			<xmax>284</xmax>
			<ymin>184</ymin>
			<ymax>255</ymax>
		</bndbox>
	</object>
	<object>
		<name>motorbike</name>
		<pose>Unspecified</pose>
		<truncated>0</truncated>
		<difficult>0</difficult>
		<occluded>0</occluded>
		<bndbox>
			<xmin>161</xmin>
			<xmax>178</xmax>
			<ymin>180</ymin>
			<ymax>221</ymax>
		</bndbox>
	</object>
</annotation>
