<annotation>
	<folder></folder>
	<filename>frame_4065_jpg.rf.7ffe23ec8fa08cdc37b80cbe8304b78c.jpg</filename>
	<path>frame_4065_jpg.rf.7ffe23ec8fa08cdc37b80cbe8304b78c.jpg</path>
	<source>
		<database>roboflow.ai</database>
	</source>
	<size>
		<width>416</width>
		<height>416</height>
		<depth>3</depth>
	</size>
	<segmented>0</segmented>
	<object>
		<name>car</name>
		<pose>Unspecified</pose>
		<truncated>0</truncated>
		<difficult>0</difficult>
		<occluded>0</occluded>
		<bndbox>
			<xmin>148</xmin>
			<xmax>194</xmax>
			<ymin>210</ymin>
			<ymax>274</ymax>
		</bndbox>
	</object>
	<object>
		<name>minitruck</name>
		<pose>Unspecified</pose>
		<truncated>0</truncated>
		<difficult>0</difficult>
		<occluded>0</occluded>
		<bndbox>
			<xmin>189</xmin>
			<xmax>223</xmax>
			<ymin>159</ymin>
			<ymax>226</ymax>
		</bndbox>
	</object>
	<object>
		<name>motorbike</name>
		<pose>Unspecified</pose>
		<truncated>0</truncated>
		<difficult>0</difficult>
		<occluded>0</occluded>
		<bndbox>
			<xmin>248</xmin>
			<xmax>266</xmax>
			<ymin>200</ymin>
			<ymax>241</ymax>
		</bndbox>
	</object>
</annotation>
