<annotation>
	<folder></folder>
	<filename>frame_4118_jpg.rf.f9412ed1a51b408b30672cf4fea9adcd.jpg</filename>
	<path>frame_4118_jpg.rf.f9412ed1a51b408b30672cf4fea9adcd.jpg</path>
	<source>
		<database>roboflow.ai</database>
	</source>
	<size>
		<width>416</width>
		<height>416</height>
		<depth>3</depth>
	</size>
	<segmented>0</segmented>
	<object>
		<name>motorbike</name>
		<pose>Unspecified</pose>
		<truncated>0</truncated>
		<difficult>0</difficult>
		<occluded>0</occluded>
		<bndbox>
			<xmin>143</xmin>
			<xmax>189</xmax>
			<ymin>316</ymin>
			<ymax>409</ymax>
		</bndbox>
	</object>
	<object>
		<name>motorbike</name>
		<pose>Unspecified</pose>
		<truncated>0</truncated>
		<difficult>0</difficult>
		<occluded>0</occluded>
		<bndbox>
			<xmin>135</xmin>
			<xmax>183</xmax>
			<ymin>248</ymin>
			<ymax>334</ymax>
		</bndbox>
	</object>
</annotation>
