<annotation>
	<folder></folder>
	<filename>frame_4109_jpg.rf.4d557a27790293c9eb55963d62350481.jpg</filename>
	<path>frame_4109_jpg.rf.4d557a27790293c9eb55963d62350481.jpg</path>
	<source>
		<database>roboflow.ai</database>
	</source>
	<size>
		<width>416</width>
		<height>416</height>
		<depth>3</depth>
	</size>
	<segmented>0</segmented>
	<object>
		<name>car</name>
		<pose>Unspecified</pose>
		<truncated>0</truncated>
		<difficult>0</difficult>
		<occluded>0</occluded>
		<bndbox>
			<xmin>184</xmin>
			<xmax>237</xmax>
			<ymin>231</ymin>
			<ymax>322</ymax>
		</bndbox>
	</object>
	<object>
		<name>motorbike</name>
		<pose>Unspecified</pose>
		<truncated>0</truncated>
		<difficult>0</difficult>
		<occluded>0</occluded>
		<bndbox>
			<xmin>276</xmin>
			<xmax>307</xmax>
			<ymin>279</ymin>
			<ymax>348</ymax>
		</bndbox>
	</object>
</annotation>
