<annotation>
	<folder></folder>
	<filename>frame_4046_jpg.rf.5c0c1d4fb9d0f6a2cd2d567da27abac0.jpg</filename>
	<path>frame_4046_jpg.rf.5c0c1d4fb9d0f6a2cd2d567da27abac0.jpg</path>
	<source>
		<database>roboflow.ai</database>
	</source>
	<size>
		<width>416</width>
		<height>416</height>
		<depth>3</depth>
	</size>
	<segmented>0</segmented>
	<object>
		<name>auto</name>
		<pose>Unspecified</pose>
		<truncated>0</truncated>
		<difficult>0</difficult>
		<occluded>0</occluded>
		<bndbox>
			<xmin>189</xmin>
			<xmax>217</xmax>
			<ymin>187</ymin>
			<ymax>252</ymax>
		</bndbox>
	</object>
	<object>
		<name>motorbike</name>
		<pose>Unspecified</pose>
		<truncated>0</truncated>
		<difficult>0</difficult>
		<occluded>0</occluded>
		<bndbox>
			<xmin>159</xmin>
			<xmax>178</xmax>
			<ymin>205</ymin>
			<ymax>259</ymax>
		</bndbox>
	</object>
	<object>
		<name>motorbike</name>
		<pose>Unspecified</pose>
		<truncated>0</truncated>
		<difficult>0</difficult>
		<occluded>0</occluded>
		<bndbox>
			<xmin>225</xmin>
			<xmax>238</xmax>
			<ymin>174</ymin>
			<ymax>206</ymax>
		</bndbox>
	</object>
</annotation>
