<annotation>
	<folder></folder>
	<filename>frame_4139_jpg.rf.9bab506aae8336923ab45d25231a04bd.jpg</filename>
	<path>frame_4139_jpg.rf.9bab506aae8336923ab45d25231a04bd.jpg</path>
	<source>
		<database>roboflow.ai</database>
	</source>
	<size>
		<width>416</width>
		<height>416</height>
		<depth>3</depth>
	</size>
	<segmented>0</segmented>
	<object>
		<name>auto</name>
		<pose>Unspecified</pose>
		<truncated>0</truncated>
		<difficult>0</difficult>
		<occluded>0</occluded>
		<bndbox>
			<xmin>197</xmin>
			<xmax>248</xmax>
			<ymin>220</ymin>
			<ymax>305</ymax>
		</bndbox>
	</object>
	<object>
		<name>motorbike</name>
		<pose>Unspecified</pose>
		<truncated>0</truncated>
		<difficult>0</difficult>
		<occluded>0</occluded>
		<bndbox>
			<xmin>134</xmin>
			<xmax>165</xmax>
			<ymin>214</ymin>
			<ymax>267</ymax>
		</bndbox>
	</object>
	<object>
		<name>car</name>
		<pose>Unspecified</pose>
		<truncated>0</truncated>
		<difficult>0</difficult>
		<occluded>0</occluded>
		<bndbox>
			<xmin>150</xmin>
			<xmax>201</xmax>
			<ymin>173</ymin>
			<ymax>225</ymax>
		</bndbox>
	</object>
</annotation>
