<annotation>
	<folder></folder>
	<filename>frame_4098_jpg.rf.ad63513ecb5716b8fa9db35a46a0c841.jpg</filename>
	<path>frame_4098_jpg.rf.ad63513ecb5716b8fa9db35a46a0c841.jpg</path>
	<source>
		<database>roboflow.ai</database>
	</source>
	<size>
		<width>416</width>
		<height>416</height>
		<depth>3</depth>
	</size>
	<segmented>0</segmented>
	<object>
		<name>car</name>
		<pose>Unspecified</pose>
		<truncated>0</truncated>
		<difficult>0</difficult>
		<occluded>0</occluded>
		<bndbox>
			<xmin>245</xmin>
			<xmax>286</xmax>
			<ymin>190</ymin>
			<ymax>250</ymax>
		</bndbox>
	</object>
	<object>
		<name>motorbike</name>
		<pose>Unspecified</pose>
		<truncated>0</truncated>
		<difficult>0</difficult>
		<occluded>0</occluded>
		<bndbox>
			<xmin>196</xmin>
			<xmax>222</xmax>
			<ymin>206</ymin>
			<ymax>253</ymax>
		</bndbox>
	</object>
</annotation>
