<annotation>
	<folder></folder>
	<filename>frame_4059_jpg.rf.7eb701dad92720d18771b9af22f69cca.jpg</filename>
	<path>frame_4059_jpg.rf.7eb701dad92720d18771b9af22f69cca.jpg</path>
	<source>
		<database>roboflow.ai</database>
	</source>
	<size>
		<width>416</width>
		<height>416</height>
		<depth>3</depth>
	</size>
	<segmented>0</segmented>
	<object>
		<name>minitruck</name>
		<pose>Unspecified</pose>
		<truncated>0</truncated>
		<difficult>0</difficult>
		<occluded>0</occluded>
		<bndbox>
			<xmin>232</xmin>
			<xmax>305</xmax>
			<ymin>162</ymin>
			<ymax>280</ymax>
		</bndbox>
	</object>
	<object>
		<name>auto</name>
		<pose>Unspecified</pose>
		<truncated>0</truncated>
		<difficult>0</difficult>
		<occluded>0</occluded>
		<bndbox>
			<xmin>193</xmin>
			<xmax>258</xmax>
			<ymin>271</ymin>
			<ymax>395</ymax>
		</bndbox>
	</object>
</annotation>
