<annotation>
	<folder></folder>
	<filename>frame_4053_jpg.rf.28c48d9eef6bf10a517e58dbd6618438.jpg</filename>
	<path>frame_4053_jpg.rf.28c48d9eef6bf10a517e58dbd6618438.jpg</path>
	<source>
		<database>roboflow.ai</database>
	</source>
	<size>
		<width>416</width>
		<height>416</height>
		<depth>3</depth>
	</size>
	<segmented>0</segmented>
	<object>
		<name>truck</name>
		<pose>Unspecified</pose>
		<truncated>0</truncated>
		<difficult>0</difficult>
		<occluded>0</occluded>
		<bndbox>
			<xmin>231</xmin>
			<xmax>304</xmax>
			<ymin>161</ymin>
			<ymax>299</ymax>
		</bndbox>
	</object>
	<object>
		<name>motorbike</name>
		<pose>Unspecified</pose>
		<truncated>0</truncated>
		<difficult>0</difficult>
		<occluded>0</occluded>
		<bndbox>
			<xmin>265</xmin>
			<xmax>302</xmax>
			<ymin>285</ymin>
			<ymax>394</ymax>
		</bndbox>
	</object>
	<object>
		<name>motorbike</name>
		<pose>Unspecified</pose>
		<truncated>0</truncated>
		<difficult>0</difficult>
		<occluded>0</occluded>
		<bndbox>
			<xmin>166</xmin>
			<xmax>190</xmax>
			<ymin>270</ymin>
			<ymax>361</ymax>
		</bndbox>
	</object>
	<object>
		<name>auto</name>
		<pose>Unspecified</pose>
		<truncated>0</truncated>
		<difficult>0</difficult>
		<occluded>0</occluded>
		<bndbox>
			<xmin>182</xmin>
			<xmax>200</xmax>
			<ymin>189</ymin>
			<ymax>226</ymax>
		</bndbox>
	</object>
</annotation>
