<annotation>
	<folder></folder>
	<filename>frame_4140_jpg.rf.cc3958071a9dbe071eaac1cfd650d123.jpg</filename>
	<path>frame_4140_jpg.rf.cc3958071a9dbe071eaac1cfd650d123.jpg</path>
	<source>
		<database>roboflow.ai</database>
	</source>
	<size>
		<width>416</width>
		<height>416</height>
		<depth>3</depth>
	</size>
	<segmented>0</segmented>
	<object>
		<name>minitruck</name>
		<pose>Unspecified</pose>
		<truncated>0</truncated>
		<difficult>0</difficult>
		<occluded>0</occluded>
		<bndbox>
			<xmin>225</xmin>
			<xmax>301</xmax>
			<ymin>217</ymin>
			<ymax>347</ymax>
		</bndbox>
	</object>
	<object>
		<name>motorbike</name>
		<pose>Unspecified</pose>
		<truncated>0</truncated>
		<difficult>0</difficult>
		<occluded>0</occluded>
		<bndbox>
			<xmin>204</xmin>
			<xmax>234</xmax>
			<ymin>248</ymin>
			<ymax>334</ymax>
		</bndbox>
	</object>
</annotation>
