<annotation>
	<folder></folder>
	<filename>frame_4094_jpg.rf.66129b4d57c27457b92aaadd51f26f08.jpg</filename>
	<path>frame_4094_jpg.rf.66129b4d57c27457b92aaadd51f26f08.jpg</path>
	<source>
		<database>roboflow.ai</database>
	</source>
	<size>
		<width>416</width>
		<height>416</height>
		<depth>3</depth>
	</size>
	<segmented>0</segmented>
	<object>
		<name>minitruck</name>
		<pose>Unspecified</pose>
		<truncated>0</truncated>
		<difficult>0</difficult>
		<occluded>0</occluded>
		<bndbox>
			<xmin>138</xmin>
			<xmax>181</xmax>
			<ymin>138</ymin>
			<ymax>197</ymax>
		</bndbox>
	</object>
	<object>
		<name>motorbike</name>
		<pose>Unspecified</pose>
		<truncated>0</truncated>
		<difficult>0</difficult>
		<occluded>0</occluded>
		<bndbox>
			<xmin>212</xmin>
			<xmax>231</xmax>
			<ymin>182</ymin>
			<ymax>217</ymax>
		</bndbox>
	</object>
</annotation>
