<annotation>
	<folder></folder>
	<filename>frame_4096_jpg.rf.d3475d58532973036fd49209e29f28ea.jpg</filename>
	<path>frame_4096_jpg.rf.d3475d58532973036fd49209e29f28ea.jpg</path>
	<source>
		<database>roboflow.ai</database>
	</source>
	<size>
		<width>416</width>
		<height>416</height>
		<depth>3</depth>
	</size>
	<segmented>0</segmented>
	<object>
		<name>motorbike</name>
		<pose>Unspecified</pose>
		<truncated>0</truncated>
		<difficult>0</difficult>
		<occluded>0</occluded>
		<bndbox>
			<xmin>183</xmin>
			<xmax>214</xmax>
			<ymin>197</ymin>
			<ymax>253</ymax>
		</bndbox>
	</object>
</annotation>
