<annotation>
	<folder></folder>
	<filename>frame_4144_jpg.rf.a1969f811d63d73677bdb99e85b30908.jpg</filename>
	<path>frame_4144_jpg.rf.a1969f811d63d73677bdb99e85b30908.jpg</path>
	<source>
		<database>roboflow.ai</database>
	</source>
	<size>
		<width>416</width>
		<height>416</height>
		<depth>3</depth>
	</size>
	<segmented>0</segmented>
	<object>
		<name>car</name>
		<pose>Unspecified</pose>
		<truncated>0</truncated>
		<difficult>0</difficult>
		<occluded>0</occluded>
		<bndbox>
			<xmin>242</xmin>
			<xmax>300</xmax>
			<ymin>211</ymin>
			<ymax>303</ymax>
		</bndbox>
	</object>
</annotation>
