<annotation>
	<folder></folder>
	<filename>frame_4059_jpg.rf.6c20962d8523b246a8dd404ad76f0bce.jpg</filename>
	<path>frame_4059_jpg.rf.6c20962d8523b246a8dd404ad76f0bce.jpg</path>
	<source>
		<database>roboflow.ai</database>
	</source>
	<size>
		<width>416</width>
		<height>416</height>
		<depth>3</depth>
	</size>
	<segmented>0</segmented>
	<object>
		<name>minitruck</name>
		<pose>Unspecified</pose>
		<truncated>0</truncated>
		<difficult>0</difficult>
		<occluded>0</occluded>
		<bndbox>
			<xmin>122</xmin>
			<xmax>182</xmax>
			<ymin>180</ymin>
			<ymax>284</ymax>
		</bndbox>
	</object>
	<object>
		<name>auto</name>
		<pose>Unspecified</pose>
		<truncated>0</truncated>
		<difficult>0</difficult>
		<occluded>0</occluded>
		<bndbox>
			<xmin>178</xmin>
			<xmax>230</xmax>
			<ymin>285</ymin>
			<ymax>396</ymax>
		</bndbox>
	</object>
</annotation>
