<annotation>
	<folder></folder>
	<filename>frame_3834_jpg.rf.88012fa9617f18a30f7149dc497d3780.jpg</filename>
	<path>frame_3834_jpg.rf.88012fa9617f18a30f7149dc497d3780.jpg</path>
	<source>
		<database>roboflow.ai</database>
	</source>
	<size>
		<width>416</width>
		<height>416</height>
		<depth>3</depth>
	</size>
	<segmented>0</segmented>
	<object>
		<name>car</name>
		<pose>Unspecified</pose>
		<truncated>0</truncated>
		<difficult>0</difficult>
		<occluded>0</occluded>
		<bndbox>
			<xmin>213</xmin>
			<xmax>332</xmax>
			<ymin>293</ymin>
			<ymax>415</ymax>
		</bndbox>
	</object>
</annotation>
