<annotation>
	<folder></folder>
	<filename>frame_3788_jpg.rf.d1ca5ae02702f0b83aa1c841481b65d3.jpg</filename>
	<path>frame_3788_jpg.rf.d1ca5ae02702f0b83aa1c841481b65d3.jpg</path>
	<source>
		<database>roboflow.ai</database>
	</source>
	<size>
		<width>416</width>
		<height>416</height>
		<depth>3</depth>
	</size>
	<segmented>0</segmented>
	<object>
		<name>car</name>
		<pose>Unspecified</pose>
		<truncated>0</truncated>
		<difficult>0</difficult>
		<occluded>0</occluded>
		<bndbox>
			<xmin>251</xmin>
			<xmax>292</xmax>
			<ymin>176</ymin>
			<ymax>225</ymax>
		</bndbox>
	</object>
</annotation>
