<annotation>
	<folder></folder>
	<filename>frame_3835_jpg.rf.578c63f4c450e3a2a7c26b04a9b01cf8.jpg</filename>
	<path>frame_3835_jpg.rf.578c63f4c450e3a2a7c26b04a9b01cf8.jpg</path>
	<source>
		<database>roboflow.ai</database>
	</source>
	<size>
		<width>416</width>
		<height>416</height>
		<depth>3</depth>
	</size>
	<segmented>0</segmented>
	<object>
		<name>motorbike</name>
		<pose>Unspecified</pose>
		<truncated>0</truncated>
		<difficult>0</difficult>
		<occluded>0</occluded>
		<bndbox>
			<xmin>170</xmin>
			<xmax>198</xmax>
			<ymin>223</ymin>
			<ymax>279</ymax>
		</bndbox>
	</object>
	<object>
		<name>motorbike</name>
		<pose>Unspecified</pose>
		<truncated>0</truncated>
		<difficult>0</difficult>
		<occluded>0</occluded>
		<bndbox>
			<xmin>57</xmin>
			<xmax>93</xmax>
			<ymin>274</ymin>
			<ymax>348</ymax>
		</bndbox>
	</object>
</annotation>
