<annotation>
	<folder></folder>
	<filename>frame_3798_jpg.rf.bc973c0b679b73e9ec57a89ffcd9fba6.jpg</filename>
	<path>frame_3798_jpg.rf.bc973c0b679b73e9ec57a89ffcd9fba6.jpg</path>
	<source>
		<database>roboflow.ai</database>
	</source>
	<size>
		<width>416</width>
		<height>416</height>
		<depth>3</depth>
	</size>
	<segmented>0</segmented>
	<object>
		<name>motorbike</name>
		<pose>Unspecified</pose>
		<truncated>0</truncated>
		<difficult>0</difficult>
		<occluded>0</occluded>
		<bndbox>
			<xmin>143</xmin>
			<xmax>191</xmax>
			<ymin>252</ymin>
			<ymax>350</ymax>
		</bndbox>
	</object>
	<object>
		<name>motorbike</name>
		<pose>Unspecified</pose>
		<truncated>0</truncated>
		<difficult>0</difficult>
		<occluded>0</occluded>
		<bndbox>
			<xmin>183</xmin>
			<xmax>215</xmax>
			<ymin>229</ymin>
			<ymax>292</ymax>
		</bndbox>
	</object>
	<object>
		<name>motorbike</name>
		<pose>Unspecified</pose>
		<truncated>0</truncated>
		<difficult>0</difficult>
		<occluded>0</occluded>
		<bndbox>
			<xmin>219</xmin>
			<xmax>247</xmax>
			<ymin>220</ymin>
			<ymax>275</ymax>
		</bndbox>
	</object>
	<object>
		<name>minitruck</name>
		<pose>Unspecified</pose>
		<truncated>0</truncated>
		<difficult>0</difficult>
		<occluded>0</occluded>
		<bndbox>
			<xmin>134</xmin>
			<xmax>191</xmax>
			<ymin>153</ymin>
			<ymax>237</ymax>
		</bndbox>
	</object>
</annotation>
