<annotation>
	<folder></folder>
	<filename>frame_3785_jpg.rf.83048d77888ab55023c167e4e9a3d2f9.jpg</filename>
	<path>frame_3785_jpg.rf.83048d77888ab55023c167e4e9a3d2f9.jpg</path>
	<source>
		<database>roboflow.ai</database>
	</source>
	<size>
		<width>416</width>
		<height>416</height>
		<depth>3</depth>
	</size>
	<segmented>0</segmented>
	<object>
		<name>auto</name>
		<pose>Unspecified</pose>
		<truncated>0</truncated>
		<difficult>0</difficult>
		<occluded>0</occluded>
		<bndbox>
			<xmin>214</xmin>
			<xmax>255</xmax>
			<ymin>180</ymin>
			<ymax>218</ymax>
		</bndbox>
	</object>
</annotation>
