<annotation>
	<folder></folder>
	<filename>frame_3790_jpg.rf.305ad9fed45900cf49464216b472b4c5.jpg</filename>
	<path>frame_3790_jpg.rf.305ad9fed45900cf49464216b472b4c5.jpg</path>
	<source>
		<database>roboflow.ai</database>
	</source>
	<size>
		<width>416</width>
		<height>416</height>
		<depth>3</depth>
	</size>
	<segmented>0</segmented>
	<object>
		<name>motorbike</name>
		<pose>Unspecified</pose>
		<truncated>0</truncated>
		<difficult>0</difficult>
		<occluded>0</occluded>
		<bndbox>
			<xmin>193</xmin>
			<xmax>218</xmax>
			<ymin>207</ymin>
			<ymax>267</ymax>
		</bndbox>
	</object>
	<object>
		<name>car</name>
		<pose>Unspecified</pose>
		<truncated>0</truncated>
		<difficult>0</difficult>
		<occluded>0</occluded>
		<bndbox>
			<xmin>159</xmin>
			<xmax>183</xmax>
			<ymin>146</ymin>
			<ymax>193</ymax>
		</bndbox>
	</object>
	<object>
		<name>auto</name>
		<pose>Unspecified</pose>
		<truncated>0</truncated>
		<difficult>0</difficult>
		<occluded>0</occluded>
		<bndbox>
			<xmin>221</xmin>
			<xmax>246</xmax>
			<ymin>156</ymin>
			<ymax>200</ymax>
		</bndbox>
	</object>
</annotation>
