<annotation>
	<folder></folder>
	<filename>frame_3817_jpg.rf.ff9338d25e94f394309ee25d4dfd176f.jpg</filename>
	<path>frame_3817_jpg.rf.ff9338d25e94f394309ee25d4dfd176f.jpg</path>
	<source>
		<database>roboflow.ai</database>
	</source>
	<size>
		<width>416</width>
		<height>416</height>
		<depth>3</depth>
	</size>
	<segmented>0</segmented>
	<object>
		<name>car</name>
		<pose>Unspecified</pose>
		<truncated>0</truncated>
		<difficult>0</difficult>
		<occluded>0</occluded>
		<bndbox>
			<xmin>293</xmin>
			<xmax>370</xmax>
			<ymin>266</ymin>
			<ymax>401</ymax>
		</bndbox>
	</object>
	<object>
		<name>motorbike</name>
		<pose>Unspecified</pose>
		<truncated>0</truncated>
		<difficult>0</difficult>
		<occluded>0</occluded>
		<bndbox>
			<xmin>155</xmin>
			<xmax>187</xmax>
			<ymin>213</ymin>
			<ymax>264</ymax>
		</bndbox>
	</object>
</annotation>
