<annotation>
	<folder></folder>
	<filename>frame_3841_jpg.rf.05a902f4d494b1f7f7aa880abc651dd9.jpg</filename>
	<path>frame_3841_jpg.rf.05a902f4d494b1f7f7aa880abc651dd9.jpg</path>
	<source>
		<database>roboflow.ai</database>
	</source>
	<size>
		<width>416</width>
		<height>416</height>
		<depth>3</depth>
	</size>
	<segmented>0</segmented>
	<object>
		<name>minitruck</name>
		<pose>Unspecified</pose>
		<truncated>0</truncated>
		<difficult>0</difficult>
		<occluded>0</occluded>
		<bndbox>
			<xmin>161</xmin>
			<xmax>210</xmax>
			<ymin>226</ymin>
			<ymax>356</ymax>
		</bndbox>
	</object>
	<object>
		<name>minitruck</name>
		<pose>Unspecified</pose>
		<truncated>0</truncated>
		<difficult>0</difficult>
		<occluded>0</occluded>
		<bndbox>
			<xmin>133</xmin>
			<xmax>192</xmax>
			<ymin>132</ymin>
			<ymax>236</ymax>
		</bndbox>
	</object>
</annotation>
