<annotation>
	<folder></folder>
	<filename>frame_3838_jpg.rf.748273530bbcb4f62c0c7b0a6face46d.jpg</filename>
	<path>frame_3838_jpg.rf.748273530bbcb4f62c0c7b0a6face46d.jpg</path>
	<source>
		<database>roboflow.ai</database>
	</source>
	<size>
		<width>416</width>
		<height>416</height>
		<depth>3</depth>
	</size>
	<segmented>0</segmented>
	<object>
		<name>car</name>
		<pose>Unspecified</pose>
		<truncated>0</truncated>
		<difficult>0</difficult>
		<occluded>0</occluded>
		<bndbox>
			<xmin>263</xmin>
			<xmax>321</xmax>
			<ymin>162</ymin>
			<ymax>241</ymax>
		</bndbox>
	</object>
	<object>
		<name>motorbike</name>
		<pose>Unspecified</pose>
		<truncated>0</truncated>
		<difficult>0</difficult>
		<occluded>0</occluded>
		<bndbox>
			<xmin>234</xmin>
			<xmax>260</xmax>
			<ymin>178</ymin>
			<ymax>224</ymax>
		</bndbox>
	</object>
	<object>
		<name>motorbike</name>
		<pose>Unspecified</pose>
		<truncated>0</truncated>
		<difficult>0</difficult>
		<occluded>0</occluded>
		<bndbox>
			<xmin>191</xmin>
			<xmax>213</xmax>
			<ymin>216</ymin>
			<ymax>276</ymax>
		</bndbox>
	</object>
	<object>
		<name>motorbike</name>
		<pose>Unspecified</pose>
		<truncated>0</truncated>
		<difficult>0</difficult>
		<occluded>0</occluded>
		<bndbox>
			<xmin>194</xmin>
			<xmax>219</xmax>
			<ymin>172</ymin>
			<ymax>214</ymax>
		</bndbox>
	</object>
</annotation>
