<annotation>
	<folder></folder>
	<filename>frame_3840_jpg.rf.4b6ceda7e280420817f76dcadf16325f.jpg</filename>
	<path>frame_3840_jpg.rf.4b6ceda7e280420817f76dcadf16325f.jpg</path>
	<source>
		<database>roboflow.ai</database>
	</source>
	<size>
		<width>416</width>
		<height>416</height>
		<depth>3</depth>
	</size>
	<segmented>0</segmented>
	<object>
		<name>motorbike</name>
		<pose>Unspecified</pose>
		<truncated>0</truncated>
		<difficult>0</difficult>
		<occluded>0</occluded>
		<bndbox>
			<xmin>222</xmin>
			<xmax>267</xmax>
			<ymin>259</ymin>
			<ymax>341</ymax>
		</bndbox>
	</object>
	<object>
		<name>motorbike</name>
		<pose>Unspecified</pose>
		<truncated>0</truncated>
		<difficult>0</difficult>
		<occluded>0</occluded>
		<bndbox>
			<xmin>218</xmin>
			<xmax>249</xmax>
			<ymin>214</ymin>
			<ymax>267</ymax>
		</bndbox>
	</object>
</annotation>
