<annotation>
	<folder></folder>
	<filename>frame_3842_jpg.rf.6becd7a0386d52dfb41ad38ca1cbe7a2.jpg</filename>
	<path>frame_3842_jpg.rf.6becd7a0386d52dfb41ad38ca1cbe7a2.jpg</path>
	<source>
		<database>roboflow.ai</database>
	</source>
	<size>
		<width>416</width>
		<height>416</height>
		<depth>3</depth>
	</size>
	<segmented>0</segmented>
	<object>
		<name>motorbike</name>
		<pose>Unspecified</pose>
		<truncated>0</truncated>
		<difficult>0</difficult>
		<occluded>0</occluded>
		<bndbox>
			<xmin>146</xmin>
			<xmax>195</xmax>
			<ymin>260</ymin>
			<ymax>368</ymax>
		</bndbox>
	</object>
	<object>
		<name>motorbike</name>
		<pose>Unspecified</pose>
		<truncated>0</truncated>
		<difficult>0</difficult>
		<occluded>0</occluded>
		<bndbox>
			<xmin>182</xmin>
			<xmax>212</xmax>
			<ymin>212</ymin>
			<ymax>279</ymax>
		</bndbox>
	</object>
	<object>
		<name>auto</name>
		<pose>Unspecified</pose>
		<truncated>0</truncated>
		<difficult>0</difficult>
		<occluded>0</occluded>
		<bndbox>
			<xmin>220</xmin>
			<xmax>258</xmax>
			<ymin>193</ymin>
			<ymax>271</ymax>
		</bndbox>
	</object>
</annotation>
