<annotation>
	<folder></folder>
	<filename>frame_3841_jpg.rf.c21a995a78ad76cb02c7d85107e0fc0d.jpg</filename>
	<path>frame_3841_jpg.rf.c21a995a78ad76cb02c7d85107e0fc0d.jpg</path>
	<source>
		<database>roboflow.ai</database>
	</source>
	<size>
		<width>416</width>
		<height>416</height>
		<depth>3</depth>
	</size>
	<segmented>0</segmented>
	<object>
		<name>minitruck</name>
		<pose>Unspecified</pose>
		<truncated>0</truncated>
		<difficult>0</difficult>
		<occluded>0</occluded>
		<bndbox>
			<xmin>183</xmin>
			<xmax>243</xmax>
			<ymin>238</ymin>
			<ymax>357</ymax>
		</bndbox>
	</object>
	<object>
		<name>minitruck</name>
		<pose>Unspecified</pose>
		<truncated>0</truncated>
		<difficult>0</difficult>
		<occluded>0</occluded>
		<bndbox>
			<xmin>221</xmin>
			<xmax>290</xmax>
			<ymin>149</ymin>
			<ymax>246</ymax>
		</bndbox>
	</object>
</annotation>
