<annotation>
	<folder></folder>
	<filename>frame_3769_jpg.rf.fee90315cb1e040883d546c540617e28.jpg</filename>
	<path>frame_3769_jpg.rf.fee90315cb1e040883d546c540617e28.jpg</path>
	<source>
		<database>roboflow.ai</database>
	</source>
	<size>
		<width>416</width>
		<height>416</height>
		<depth>3</depth>
	</size>
	<segmented>0</segmented>
	<object>
		<name>motorbike</name>
		<pose>Unspecified</pose>
		<truncated>0</truncated>
		<difficult>0</difficult>
		<occluded>0</occluded>
		<bndbox>
			<xmin>237</xmin>
			<xmax>266</xmax>
			<ymin>274</ymin>
			<ymax>344</ymax>
		</bndbox>
	</object>
	<object>
		<name>motorbike</name>
		<pose>Unspecified</pose>
		<truncated>0</truncated>
		<difficult>0</difficult>
		<occluded>0</occluded>
		<bndbox>
			<xmin>256</xmin>
			<xmax>284</xmax>
			<ymin>189</ymin>
			<ymax>232</ymax>
		</bndbox>
	</object>
</annotation>
