<annotation>
	<folder></folder>
	<filename>frame_3831_jpg.rf.feca4bc9bc49e1914525da8757abff67.jpg</filename>
	<path>frame_3831_jpg.rf.feca4bc9bc49e1914525da8757abff67.jpg</path>
	<source>
		<database>roboflow.ai</database>
	</source>
	<size>
		<width>416</width>
		<height>416</height>
		<depth>3</depth>
	</size>
	<segmented>0</segmented>
	<object>
		<name>car</name>
		<pose>Unspecified</pose>
		<truncated>0</truncated>
		<difficult>0</difficult>
		<occluded>0</occluded>
		<bndbox>
			<xmin>159</xmin>
			<xmax>217</xmax>
			<ymin>197</ymin>
			<ymax>286</ymax>
		</bndbox>
	</object>
	<object>
		<name>motorbike</name>
		<pose>Unspecified</pose>
		<truncated>0</truncated>
		<difficult>0</difficult>
		<occluded>0</occluded>
		<bndbox>
			<xmin>251</xmin>
			<xmax>311</xmax>
			<ymin>269</ymin>
			<ymax>377</ymax>
		</bndbox>
	</object>
</annotation>
