<annotation>
	<folder></folder>
	<filename>frame_3818_jpg.rf.022bd0bf2a5d3a89cf2f7ca535900267.jpg</filename>
	<path>frame_3818_jpg.rf.022bd0bf2a5d3a89cf2f7ca535900267.jpg</path>
	<source>
		<database>roboflow.ai</database>
	</source>
	<size>
		<width>416</width>
		<height>416</height>
		<depth>3</depth>
	</size>
	<segmented>0</segmented>
	<object>
		<name>car</name>
		<pose>Unspecified</pose>
		<truncated>0</truncated>
		<difficult>0</difficult>
		<occluded>0</occluded>
		<bndbox>
			<xmin>222</xmin>
			<xmax>260</xmax>
			<ymin>199</ymin>
			<ymax>256</ymax>
		</bndbox>
	</object>
	<object>
		<name>motorbike</name>
		<pose>Unspecified</pose>
		<truncated>0</truncated>
		<difficult>0</difficult>
		<occluded>0</occluded>
		<bndbox>
			<xmin>183</xmin>
			<xmax>204</xmax>
			<ymin>212</ymin>
			<ymax>265</ymax>
		</bndbox>
	</object>
</annotation>
