<annotation>
	<folder></folder>
	<filename>frame_3844_jpg.rf.f9aba8824f58e9f62a45b3b783869316.jpg</filename>
	<path>frame_3844_jpg.rf.f9aba8824f58e9f62a45b3b783869316.jpg</path>
	<source>
		<database>roboflow.ai</database>
	</source>
	<size>
		<width>416</width>
		<height>416</height>
		<depth>3</depth>
	</size>
	<segmented>0</segmented>
	<object>
		<name>minitruck</name>
		<pose>Unspecified</pose>
		<truncated>0</truncated>
		<difficult>0</difficult>
		<occluded>0</occluded>
		<bndbox>
			<xmin>131</xmin>
			<xmax>204</xmax>
			<ymin>243</ymin>
			<ymax>344</ymax>
		</bndbox>
	</object>
	<object>
		<name>motorbike</name>
		<pose>Unspecified</pose>
		<truncated>0</truncated>
		<difficult>0</difficult>
		<occluded>0</occluded>
		<bndbox>
			<xmin>216</xmin>
			<xmax>238</xmax>
			<ymin>230</ymin>
			<ymax>286</ymax>
		</bndbox>
	</object>
	<object>
		<name>motorbike</name>
		<pose>Unspecified</pose>
		<truncated>0</truncated>
		<difficult>0</difficult>
		<occluded>0</occluded>
		<bndbox>
			<xmin>199</xmin>
			<xmax>222</xmax>
			<ymin>207</ymin>
			<ymax>253</ymax>
		</bndbox>
	</object>
	<object>
		<name>motorbike</name>
		<pose>Unspecified</pose>
		<truncated>0</truncated>
		<difficult>0</difficult>
		<occluded>0</occluded>
		<bndbox>
			<xmin>186</xmin>
			<xmax>202</xmax>
			<ymin>188</ymin>
			<ymax>227</ymax>
		</bndbox>
	</object>
</annotation>
