<annotation>
	<folder></folder>
	<filename>frame_3808_jpg.rf.ddd8a96a85d978e2ed61e258abf0c312.jpg</filename>
	<path>frame_3808_jpg.rf.ddd8a96a85d978e2ed61e258abf0c312.jpg</path>
	<source>
		<database>roboflow.ai</database>
	</source>
	<size>
		<width>416</width>
		<height>416</height>
		<depth>3</depth>
	</size>
	<segmented>0</segmented>
	<object>
		<name>car</name>
		<pose>Unspecified</pose>
		<truncated>0</truncated>
		<difficult>0</difficult>
		<occluded>0</occluded>
		<bndbox>
			<xmin>232</xmin>
			<xmax>274</xmax>
			<ymin>177</ymin>
			<ymax>228</ymax>
		</bndbox>
	</object>
	<object>
		<name>car</name>
		<pose>Unspecified</pose>
		<truncated>0</truncated>
		<difficult>0</difficult>
		<occluded>0</occluded>
		<bndbox>
			<xmin>246</xmin>
			<xmax>278</xmax>
			<ymin>152</ymin>
			<ymax>191</ymax>
		</bndbox>
	</object>
</annotation>
