<annotation>
	<folder></folder>
	<filename>frame_3784_jpg.rf.1c7e0fcd6409d40510c313c92f1ab10b.jpg</filename>
	<path>frame_3784_jpg.rf.1c7e0fcd6409d40510c313c92f1ab10b.jpg</path>
	<source>
		<database>roboflow.ai</database>
	</source>
	<size>
		<width>416</width>
		<height>416</height>
		<depth>3</depth>
	</size>
	<segmented>0</segmented>
	<object>
		<name>motorbike</name>
		<pose>Unspecified</pose>
		<truncated>0</truncated>
		<difficult>0</difficult>
		<occluded>0</occluded>
		<bndbox>
			<xmin>169</xmin>
			<xmax>200</xmax>
			<ymin>231</ymin>
			<ymax>299</ymax>
		</bndbox>
	</object>
	<object>
		<name>car</name>
		<pose>Unspecified</pose>
		<truncated>0</truncated>
		<difficult>0</difficult>
		<occluded>0</occluded>
		<bndbox>
			<xmin>317</xmin>
			<xmax>415</xmax>
			<ymin>287</ymin>
			<ymax>415</ymax>
		</bndbox>
	</object>
</annotation>
