<annotation>
	<folder></folder>
	<filename>frame_3757_jpg.rf.09528d01d94da48b869ec66a53d7043e.jpg</filename>
	<path>frame_3757_jpg.rf.09528d01d94da48b869ec66a53d7043e.jpg</path>
	<source>
		<database>roboflow.ai</database>
	</source>
	<size>
		<width>416</width>
		<height>416</height>
		<depth>3</depth>
	</size>
	<segmented>0</segmented>
	<object>
		<name>car</name>
		<pose>Unspecified</pose>
		<truncated>0</truncated>
		<difficult>0</difficult>
		<occluded>0</occluded>
		<bndbox>
			<xmin>229</xmin>
			<xmax>288</xmax>
			<ymin>230</ymin>
			<ymax>319</ymax>
		</bndbox>
	</object>
</annotation>
