<annotation>
	<folder></folder>
	<filename>frame_3785_jpg.rf.ae57d92c5d2176efcb41cbbf4d8baab7.jpg</filename>
	<path>frame_3785_jpg.rf.ae57d92c5d2176efcb41cbbf4d8baab7.jpg</path>
	<source>
		<database>roboflow.ai</database>
	</source>
	<size>
		<width>416</width>
		<height>416</height>
		<depth>3</depth>
	</size>
	<segmented>0</segmented>
	<object>
		<name>auto</name>
		<pose>Unspecified</pose>
		<truncated>0</truncated>
		<difficult>0</difficult>
		<occluded>0</occluded>
		<bndbox>
			<xmin>210</xmin>
			<xmax>251</xmax>
			<ymin>177</ymin>
			<ymax>219</ymax>
		</bndbox>
	</object>
</annotation>
