<annotation>
	<folder></folder>
	<filename>frame_3846_jpg.rf.eb2f1f63b65a84cd96f1be6ee7507393.jpg</filename>
	<path>frame_3846_jpg.rf.eb2f1f63b65a84cd96f1be6ee7507393.jpg</path>
	<source>
		<database>roboflow.ai</database>
	</source>
	<size>
		<width>416</width>
		<height>416</height>
		<depth>3</depth>
	</size>
	<segmented>0</segmented>
	<object>
		<name>motorbike</name>
		<pose>Unspecified</pose>
		<truncated>0</truncated>
		<difficult>0</difficult>
		<occluded>0</occluded>
		<bndbox>
			<xmin>160</xmin>
			<xmax>180</xmax>
			<ymin>229</ymin>
			<ymax>287</ymax>
		</bndbox>
	</object>
	<object>
		<name>motorbike</name>
		<pose>Unspecified</pose>
		<truncated>0</truncated>
		<difficult>0</difficult>
		<occluded>0</occluded>
		<bndbox>
			<xmin>251</xmin>
			<xmax>272</xmax>
			<ymin>203</ymin>
			<ymax>255</ymax>
		</bndbox>
	</object>
</annotation>
