<annotation>
	<folder></folder>
	<filename>frame_3774_jpg.rf.381e21eccb15bc214b16579d1b0f4126.jpg</filename>
	<path>frame_3774_jpg.rf.381e21eccb15bc214b16579d1b0f4126.jpg</path>
	<source>
		<database>roboflow.ai</database>
	</source>
	<size>
		<width>416</width>
		<height>416</height>
		<depth>3</depth>
	</size>
	<segmented>0</segmented>
	<object>
		<name>motorbike</name>
		<pose>Unspecified</pose>
		<truncated>0</truncated>
		<difficult>0</difficult>
		<occluded>0</occluded>
		<bndbox>
			<xmin>233</xmin>
			<xmax>277</xmax>
			<ymin>246</ymin>
			<ymax>326</ymax>
		</bndbox>
	</object>
	<object>
		<name>car</name>
		<pose>Unspecified</pose>
		<truncated>0</truncated>
		<difficult>0</difficult>
		<occluded>0</occluded>
		<bndbox>
			<xmin>119</xmin>
			<xmax>158</xmax>
			<ymin>169</ymin>
			<ymax>227</ymax>
		</bndbox>
	</object>
	<object>
		<name>car</name>
		<pose>Unspecified</pose>
		<truncated>0</truncated>
		<difficult>0</difficult>
		<occluded>0</occluded>
		<bndbox>
			<xmin>153</xmin>
			<xmax>190</xmax>
			<ymin>160</ymin>
			<ymax>220</ymax>
		</bndbox>
	</object>
</annotation>
