<annotation>
	<folder></folder>
	<filename>frame_3863_jpg.rf.26b715fa8363ec8871f36350de117ecf.jpg</filename>
	<path>frame_3863_jpg.rf.26b715fa8363ec8871f36350de117ecf.jpg</path>
	<source>
		<database>roboflow.ai</database>
	</source>
	<size>
		<width>416</width>
		<height>416</height>
		<depth>3</depth>
	</size>
	<segmented>0</segmented>
	<object>
		<name>motorbike</name>
		<pose>Unspecified</pose>
		<truncated>0</truncated>
		<difficult>0</difficult>
		<occluded>0</occluded>
		<bndbox>
			<xmin>102</xmin>
			<xmax>126</xmax>
			<ymin>196</ymin>
			<ymax>240</ymax>
		</bndbox>
	</object>
</annotation>
