<annotation>
	<folder></folder>
	<filename>frame_3817_jpg.rf.3d29b2719b31afd3a5cbf902b2645a3e.jpg</filename>
	<path>frame_3817_jpg.rf.3d29b2719b31afd3a5cbf902b2645a3e.jpg</path>
	<source>
		<database>roboflow.ai</database>
	</source>
	<size>
		<width>416</width>
		<height>416</height>
		<depth>3</depth>
	</size>
	<segmented>0</segmented>
	<object>
		<name>car</name>
		<pose>Unspecified</pose>
		<truncated>0</truncated>
		<difficult>0</difficult>
		<occluded>0</occluded>
		<bndbox>
			<xmin>267</xmin>
			<xmax>340</xmax>
			<ymin>233</ymin>
			<ymax>379</ymax>
		</bndbox>
	</object>
	<object>
		<name>motorbike</name>
		<pose>Unspecified</pose>
		<truncated>0</truncated>
		<difficult>0</difficult>
		<occluded>0</occluded>
		<bndbox>
			<xmin>148</xmin>
			<xmax>178</xmax>
			<ymin>223</ymin>
			<ymax>278</ymax>
		</bndbox>
	</object>
</annotation>
