<annotation>
	<folder></folder>
	<filename>frame_3823_jpg.rf.f62c3577175058f529dddbcc6dd4e52f.jpg</filename>
	<path>frame_3823_jpg.rf.f62c3577175058f529dddbcc6dd4e52f.jpg</path>
	<source>
		<database>roboflow.ai</database>
	</source>
	<size>
		<width>416</width>
		<height>416</height>
		<depth>3</depth>
	</size>
	<segmented>0</segmented>
	<object>
		<name>motorbike</name>
		<pose>Unspecified</pose>
		<truncated>0</truncated>
		<difficult>0</difficult>
		<occluded>0</occluded>
		<bndbox>
			<xmin>161</xmin>
			<xmax>208</xmax>
			<ymin>320</ymin>
			<ymax>409</ymax>
		</bndbox>
	</object>
	<object>
		<name>motorbike</name>
		<pose>Unspecified</pose>
		<truncated>0</truncated>
		<difficult>0</difficult>
		<occluded>0</occluded>
		<bndbox>
			<xmin>130</xmin>
			<xmax>159</xmax>
			<ymin>275</ymin>
			<ymax>347</ymax>
		</bndbox>
	</object>
	<object>
		<name>motorbike</name>
		<pose>Unspecified</pose>
		<truncated>0</truncated>
		<difficult>0</difficult>
		<occluded>0</occluded>
		<bndbox>
			<xmin>130</xmin>
			<xmax>156</xmax>
			<ymin>239</ymin>
			<ymax>291</ymax>
		</bndbox>
	</object>
</annotation>
