<annotation>
	<folder></folder>
	<filename>frame_3788_jpg.rf.c6ba0e231e3680300be5a50f42bf9574.jpg</filename>
	<path>frame_3788_jpg.rf.c6ba0e231e3680300be5a50f42bf9574.jpg</path>
	<source>
		<database>roboflow.ai</database>
	</source>
	<size>
		<width>416</width>
		<height>416</height>
		<depth>3</depth>
	</size>
	<segmented>0</segmented>
	<object>
		<name>car</name>
		<pose>Unspecified</pose>
		<truncated>0</truncated>
		<difficult>0</difficult>
		<occluded>0</occluded>
		<bndbox>
			<xmin>123</xmin>
			<xmax>168</xmax>
			<ymin>159</ymin>
			<ymax>217</ymax>
		</bndbox>
	</object>
</annotation>
