<annotation>
	<folder></folder>
	<filename>frame_3767_jpg.rf.1ae756903768cbb2834bab642292c707.jpg</filename>
	<path>frame_3767_jpg.rf.1ae756903768cbb2834bab642292c707.jpg</path>
	<source>
		<database>roboflow.ai</database>
	</source>
	<size>
		<width>416</width>
		<height>416</height>
		<depth>3</depth>
	</size>
	<segmented>0</segmented>
	<object>
		<name>car</name>
		<pose>Unspecified</pose>
		<truncated>0</truncated>
		<difficult>0</difficult>
		<occluded>0</occluded>
		<bndbox>
			<xmin>115</xmin>
			<xmax>165</xmax>
			<ymin>206</ymin>
			<ymax>280</ymax>
		</bndbox>
	</object>
	<object>
		<name>car</name>
		<pose>Unspecified</pose>
		<truncated>0</truncated>
		<difficult>0</difficult>
		<occluded>0</occluded>
		<bndbox>
			<xmin>14</xmin>
			<xmax>123</xmax>
			<ymin>258</ymin>
			<ymax>397</ymax>
		</bndbox>
	</object>
	<object>
		<name>motorbike</name>
		<pose>Unspecified</pose>
		<truncated>0</truncated>
		<difficult>0</difficult>
		<occluded>0</occluded>
		<bndbox>
			<xmin>214</xmin>
			<xmax>239</xmax>
			<ymin>174</ymin>
			<ymax>213</ymax>
		</bndbox>
	</object>
</annotation>
