<annotation>
	<folder></folder>
	<filename>frame_3816_jpg.rf.d3189d2d20ec59912f3df195755f6cd3.jpg</filename>
	<path>frame_3816_jpg.rf.d3189d2d20ec59912f3df195755f6cd3.jpg</path>
	<source>
		<database>roboflow.ai</database>
	</source>
	<size>
		<width>416</width>
		<height>416</height>
		<depth>3</depth>
	</size>
	<segmented>0</segmented>
	<object>
		<name>car</name>
		<pose>Unspecified</pose>
		<truncated>0</truncated>
		<difficult>0</difficult>
		<occluded>0</occluded>
		<bndbox>
			<xmin>259</xmin>
			<xmax>358</xmax>
			<ymin>275</ymin>
			<ymax>404</ymax>
		</bndbox>
	</object>
	<object>
		<name>car</name>
		<pose>Unspecified</pose>
		<truncated>0</truncated>
		<difficult>0</difficult>
		<occluded>0</occluded>
		<bndbox>
			<xmin>249</xmin>
			<xmax>295</xmax>
			<ymin>182</ymin>
			<ymax>226</ymax>
		</bndbox>
	</object>
	<object>
		<name>bus</name>
		<pose>Unspecified</pose>
		<truncated>0</truncated>
		<difficult>0</difficult>
		<occluded>0</occluded>
		<bndbox>
			<xmin>142</xmin>
			<xmax>240</xmax>
			<ymin>173</ymin>
			<ymax>326</ymax>
		</bndbox>
	</object>
</annotation>
