<annotation>
	<folder></folder>
	<filename>frame_3818_jpg.rf.6b17ec1b8d81151ff7681baa1f188e9e.jpg</filename>
	<path>frame_3818_jpg.rf.6b17ec1b8d81151ff7681baa1f188e9e.jpg</path>
	<source>
		<database>roboflow.ai</database>
	</source>
	<size>
		<width>416</width>
		<height>416</height>
		<depth>3</depth>
	</size>
	<segmented>0</segmented>
	<object>
		<name>car</name>
		<pose>Unspecified</pose>
		<truncated>0</truncated>
		<difficult>0</difficult>
		<occluded>0</occluded>
		<bndbox>
			<xmin>219</xmin>
			<xmax>269</xmax>
			<ymin>193</ymin>
			<ymax>258</ymax>
		</bndbox>
	</object>
	<object>
		<name>motorbike</name>
		<pose>Unspecified</pose>
		<truncated>0</truncated>
		<difficult>0</difficult>
		<occluded>0</occluded>
		<bndbox>
			<xmin>188</xmin>
			<xmax>219</xmax>
			<ymin>209</ymin>
			<ymax>269</ymax>
		</bndbox>
	</object>
</annotation>
