<annotation>
	<folder></folder>
	<filename>frame_3841_jpg.rf.6e8481c91c04318cb9c10fb5bbb5f0ab.jpg</filename>
	<path>frame_3841_jpg.rf.6e8481c91c04318cb9c10fb5bbb5f0ab.jpg</path>
	<source>
		<database>roboflow.ai</database>
	</source>
	<size>
		<width>416</width>
		<height>416</height>
		<depth>3</depth>
	</size>
	<segmented>0</segmented>
	<object>
		<name>minitruck</name>
		<pose>Unspecified</pose>
		<truncated>0</truncated>
		<difficult>0</difficult>
		<occluded>0</occluded>
		<bndbox>
			<xmin>163</xmin>
			<xmax>236</xmax>
			<ymin>243</ymin>
			<ymax>355</ymax>
		</bndbox>
	</object>
	<object>
		<name>minitruck</name>
		<pose>Unspecified</pose>
		<truncated>0</truncated>
		<difficult>0</difficult>
		<occluded>0</occluded>
		<bndbox>
			<xmin>216</xmin>
			<xmax>296</xmax>
			<ymin>159</ymin>
			<ymax>252</ymax>
		</bndbox>
	</object>
</annotation>
