<annotation>
	<folder></folder>
	<filename>frame_3812_jpg.rf.ad6fcf80e5a32342add4920350611067.jpg</filename>
	<path>frame_3812_jpg.rf.ad6fcf80e5a32342add4920350611067.jpg</path>
	<source>
		<database>roboflow.ai</database>
	</source>
	<size>
		<width>416</width>
		<height>416</height>
		<depth>3</depth>
	</size>
	<segmented>0</segmented>
	<object>
		<name>motorbike</name>
		<pose>Unspecified</pose>
		<truncated>0</truncated>
		<difficult>0</difficult>
		<occluded>0</occluded>
		<bndbox>
			<xmin>231</xmin>
			<xmax>255</xmax>
			<ymin>202</ymin>
			<ymax>252</ymax>
		</bndbox>
	</object>
</annotation>
