<annotation>
	<folder></folder>
	<filename>frame_3832_jpg.rf.b90efae06ae7f558e9ab5c4ad7df4526.jpg</filename>
	<path>frame_3832_jpg.rf.b90efae06ae7f558e9ab5c4ad7df4526.jpg</path>
	<source>
		<database>roboflow.ai</database>
	</source>
	<size>
		<width>416</width>
		<height>416</height>
		<depth>3</depth>
	</size>
	<segmented>0</segmented>
	<object>
		<name>motorbike</name>
		<pose>Unspecified</pose>
		<truncated>0</truncated>
		<difficult>0</difficult>
		<occluded>0</occluded>
		<bndbox>
			<xmin>103</xmin>
			<xmax>130</xmax>
			<ymin>265</ymin>
			<ymax>330</ymax>
		</bndbox>
	</object>
	<object>
		<name>motorbike</name>
		<pose>Unspecified</pose>
		<truncated>0</truncated>
		<difficult>0</difficult>
		<occluded>0</occluded>
		<bndbox>
			<xmin>175</xmin>
			<xmax>191</xmax>
			<ymin>185</ymin>
			<ymax>214</ymax>
		</bndbox>
	</object>
	<object>
		<name>motorbike</name>
		<pose>Unspecified</pose>
		<truncated>0</truncated>
		<difficult>0</difficult>
		<occluded>0</occluded>
		<bndbox>
			<xmin>103</xmin>
			<xmax>118</xmax>
			<ymin>219</ymin>
			<ymax>262</ymax>
		</bndbox>
	</object>
</annotation>
