<annotation>
	<folder></folder>
	<filename>frame_3835_jpg.rf.ab9f5b327f7eddd3c45e9068e259c49e.jpg</filename>
	<path>frame_3835_jpg.rf.ab9f5b327f7eddd3c45e9068e259c49e.jpg</path>
	<source>
		<database>roboflow.ai</database>
	</source>
	<size>
		<width>416</width>
		<height>416</height>
		<depth>3</depth>
	</size>
	<segmented>0</segmented>
	<object>
		<name>motorbike</name>
		<pose>Unspecified</pose>
		<truncated>0</truncated>
		<difficult>0</difficult>
		<occluded>0</occluded>
		<bndbox>
			<xmin>159</xmin>
			<xmax>188</xmax>
			<ymin>218</ymin>
			<ymax>279</ymax>
		</bndbox>
	</object>
	<object>
		<name>motorbike</name>
		<pose>Unspecified</pose>
		<truncated>0</truncated>
		<difficult>0</difficult>
		<occluded>0</occluded>
		<bndbox>
			<xmin>33</xmin>
			<xmax>70</xmax>
			<ymin>260</ymin>
			<ymax>340</ymax>
		</bndbox>
	</object>
</annotation>
