<annotation>
	<folder></folder>
	<filename>frame_3797_jpg.rf.da31793e0a3ed7c3aeecfc5ed7961783.jpg</filename>
	<path>frame_3797_jpg.rf.da31793e0a3ed7c3aeecfc5ed7961783.jpg</path>
	<source>
		<database>roboflow.ai</database>
	</source>
	<size>
		<width>416</width>
		<height>416</height>
		<depth>3</depth>
	</size>
	<segmented>0</segmented>
	<object>
		<name>motorbike</name>
		<pose>Unspecified</pose>
		<truncated>0</truncated>
		<difficult>0</difficult>
		<occluded>0</occluded>
		<bndbox>
			<xmin>144</xmin>
			<xmax>191</xmax>
			<ymin>253</ymin>
			<ymax>330</ymax>
		</bndbox>
	</object>
	<object>
		<name>motorbike</name>
		<pose>Unspecified</pose>
		<truncated>0</truncated>
		<difficult>0</difficult>
		<occluded>0</occluded>
		<bndbox>
			<xmin>223</xmin>
			<xmax>244</xmax>
			<ymin>166</ymin>
			<ymax>205</ymax>
		</bndbox>
	</object>
	<object>
		<name>car</name>
		<pose>Unspecified</pose>
		<truncated>0</truncated>
		<difficult>0</difficult>
		<occluded>0</occluded>
		<bndbox>
			<xmin>166</xmin>
			<xmax>197</xmax>
			<ymin>167</ymin>
			<ymax>205</ymax>
		</bndbox>
	</object>
</annotation>
