<annotation>
	<folder></folder>
	<filename>frame_3765_jpg.rf.b9c6391cd145f2d404035bfffb805f4b.jpg</filename>
	<path>frame_3765_jpg.rf.b9c6391cd145f2d404035bfffb805f4b.jpg</path>
	<source>
		<database>roboflow.ai</database>
	</source>
	<size>
		<width>416</width>
		<height>416</height>
		<depth>3</depth>
	</size>
	<segmented>0</segmented>
	<object>
		<name>motorbike</name>
		<pose>Unspecified</pose>
		<truncated>0</truncated>
		<difficult>0</difficult>
		<occluded>0</occluded>
		<bndbox>
			<xmin>206</xmin>
			<xmax>224</xmax>
			<ymin>170</ymin>
			<ymax>206</ymax>
		</bndbox>
	</object>
	<object>
		<name>motorbike</name>
		<pose>Unspecified</pose>
		<truncated>0</truncated>
		<difficult>0</difficult>
		<occluded>0</occluded>
		<bndbox>
			<xmin>129</xmin>
			<xmax>156</xmax>
			<ymin>195</ymin>
			<ymax>248</ymax>
		</bndbox>
	</object>
</annotation>
