<annotation>
	<folder></folder>
	<filename>frame_3782_jpg.rf.5c8bab5502d16cef74c806fd69812293.jpg</filename>
	<path>frame_3782_jpg.rf.5c8bab5502d16cef74c806fd69812293.jpg</path>
	<source>
		<database>roboflow.ai</database>
	</source>
	<size>
		<width>416</width>
		<height>416</height>
		<depth>3</depth>
	</size>
	<segmented>0</segmented>
	<object>
		<name>car</name>
		<pose>Unspecified</pose>
		<truncated>0</truncated>
		<difficult>0</difficult>
		<occluded>0</occluded>
		<bndbox>
			<xmin>190</xmin>
			<xmax>222</xmax>
			<ymin>204</ymin>
			<ymax>286</ymax>
		</bndbox>
	</object>
</annotation>
