<annotation>
	<folder></folder>
	<filename>frame_3793_jpg.rf.8a6a158266fa03c8c7ae6e1ffb1fd39e.jpg</filename>
	<path>frame_3793_jpg.rf.8a6a158266fa03c8c7ae6e1ffb1fd39e.jpg</path>
	<source>
		<database>roboflow.ai</database>
	</source>
	<size>
		<width>416</width>
		<height>416</height>
		<depth>3</depth>
	</size>
	<segmented>0</segmented>
	<object>
		<name>car</name>
		<pose>Unspecified</pose>
		<truncated>0</truncated>
		<difficult>0</difficult>
		<occluded>0</occluded>
		<bndbox>
			<xmin>246</xmin>
			<xmax>286</xmax>
			<ymin>192</ymin>
			<ymax>259</ymax>
		</bndbox>
	</object>
</annotation>
