<annotation>
	<folder></folder>
	<filename>frame_3788_jpg.rf.bfe58ac8f835984d4f9d8ac3ce4a26ce.jpg</filename>
	<path>frame_3788_jpg.rf.bfe58ac8f835984d4f9d8ac3ce4a26ce.jpg</path>
	<source>
		<database>roboflow.ai</database>
	</source>
	<size>
		<width>416</width>
		<height>416</height>
		<depth>3</depth>
	</size>
	<segmented>0</segmented>
	<object>
		<name>car</name>
		<pose>Unspecified</pose>
		<truncated>0</truncated>
		<difficult>0</difficult>
		<occluded>0</occluded>
		<bndbox>
			<xmin>243</xmin>
			<xmax>293</xmax>
			<ymin>194</ymin>
			<ymax>245</ymax>
		</bndbox>
	</object>
</annotation>
