<annotation>
	<folder></folder>
	<filename>frame_3835_jpg.rf.247db16395c0ef68f1ce9cdf9338fd53.jpg</filename>
	<path>frame_3835_jpg.rf.247db16395c0ef68f1ce9cdf9338fd53.jpg</path>
	<source>
		<database>roboflow.ai</database>
	</source>
	<size>
		<width>416</width>
		<height>416</height>
		<depth>3</depth>
	</size>
	<segmented>0</segmented>
	<object>
		<name>motorbike</name>
		<pose>Unspecified</pose>
		<truncated>0</truncated>
		<difficult>0</difficult>
		<occluded>0</occluded>
		<bndbox>
			<xmin>226</xmin>
			<xmax>258</xmax>
			<ymin>213</ymin>
			<ymax>273</ymax>
		</bndbox>
	</object>
	<object>
		<name>motorbike</name>
		<pose>Unspecified</pose>
		<truncated>0</truncated>
		<difficult>0</difficult>
		<occluded>0</occluded>
		<bndbox>
			<xmin>340</xmin>
			<xmax>381</xmax>
			<ymin>238</ymin>
			<ymax>317</ymax>
		</bndbox>
	</object>
</annotation>
