<annotation>
	<folder></folder>
	<filename>frame_3846_jpg.rf.65de60b7b280470d6c20ad5d73dc130a.jpg</filename>
	<path>frame_3846_jpg.rf.65de60b7b280470d6c20ad5d73dc130a.jpg</path>
	<source>
		<database>roboflow.ai</database>
	</source>
	<size>
		<width>416</width>
		<height>416</height>
		<depth>3</depth>
	</size>
	<segmented>0</segmented>
	<object>
		<name>motorbike</name>
		<pose>Unspecified</pose>
		<truncated>0</truncated>
		<difficult>0</difficult>
		<occluded>0</occluded>
		<bndbox>
			<xmin>154</xmin>
			<xmax>171</xmax>
			<ymin>229</ymin>
			<ymax>282</ymax>
		</bndbox>
	</object>
	<object>
		<name>motorbike</name>
		<pose>Unspecified</pose>
		<truncated>0</truncated>
		<difficult>0</difficult>
		<occluded>0</occluded>
		<bndbox>
			<xmin>251</xmin>
			<xmax>270</xmax>
			<ymin>208</ymin>
			<ymax>256</ymax>
		</bndbox>
	</object>
</annotation>
