<annotation>
	<folder></folder>
	<filename>frame_3771_jpg.rf.fb493be44396a738457ba45536d0b7e4.jpg</filename>
	<path>frame_3771_jpg.rf.fb493be44396a738457ba45536d0b7e4.jpg</path>
	<source>
		<database>roboflow.ai</database>
	</source>
	<size>
		<width>416</width>
		<height>416</height>
		<depth>3</depth>
	</size>
	<segmented>0</segmented>
	<object>
		<name>car</name>
		<pose>Unspecified</pose>
		<truncated>0</truncated>
		<difficult>0</difficult>
		<occluded>0</occluded>
		<bndbox>
			<xmin>169</xmin>
			<xmax>211</xmax>
			<ymin>192</ymin>
			<ymax>272</ymax>
		</bndbox>
	</object>
	<object>
		<name>car</name>
		<pose>Unspecified</pose>
		<truncated>0</truncated>
		<difficult>0</difficult>
		<occluded>0</occluded>
		<bndbox>
			<xmin>158</xmin>
			<xmax>192</xmax>
			<ymin>152</ymin>
			<ymax>209</ymax>
		</bndbox>
	</object>
	<object>
		<name>motorbike</name>
		<pose>Unspecified</pose>
		<truncated>0</truncated>
		<difficult>0</difficult>
		<occluded>0</occluded>
		<bndbox>
			<xmin>167</xmin>
			<xmax>221</xmax>
			<ymin>302</ymin>
			<ymax>415</ymax>
		</bndbox>
	</object>
</annotation>
