<annotation>
	<folder></folder>
	<filename>frame_3776_jpg.rf.6ab56e8a16620c0d6331b252be4216fd.jpg</filename>
	<path>frame_3776_jpg.rf.6ab56e8a16620c0d6331b252be4216fd.jpg</path>
	<source>
		<database>roboflow.ai</database>
	</source>
	<size>
		<width>416</width>
		<height>416</height>
		<depth>3</depth>
	</size>
	<segmented>0</segmented>
	<object>
		<name>car</name>
		<pose>Unspecified</pose>
		<truncated>0</truncated>
		<difficult>0</difficult>
		<occluded>0</occluded>
		<bndbox>
			<xmin>250</xmin>
			<xmax>301</xmax>
			<ymin>214</ymin>
			<ymax>296</ymax>
		</bndbox>
	</object>
	<object>
		<name>car</name>
		<pose>Unspecified</pose>
		<truncated>0</truncated>
		<difficult>0</difficult>
		<occluded>0</occluded>
		<bndbox>
			<xmin>196</xmin>
			<xmax>228</xmax>
			<ymin>158</ymin>
			<ymax>210</ymax>
		</bndbox>
	</object>
	<object>
		<name>motorbike</name>
		<pose>Unspecified</pose>
		<truncated>0</truncated>
		<difficult>0</difficult>
		<occluded>0</occluded>
		<bndbox>
			<xmin>157</xmin>
			<xmax>177</xmax>
			<ymin>151</ymin>
			<ymax>186</ymax>
		</bndbox>
	</object>
</annotation>
