<annotation>
	<folder></folder>
	<filename>frame_3808_jpg.rf.b419b4d58aaacf7a3bec42f15b66b8d6.jpg</filename>
	<path>frame_3808_jpg.rf.b419b4d58aaacf7a3bec42f15b66b8d6.jpg</path>
	<source>
		<database>roboflow.ai</database>
	</source>
	<size>
		<width>416</width>
		<height>416</height>
		<depth>3</depth>
	</size>
	<segmented>0</segmented>
	<object>
		<name>car</name>
		<pose>Unspecified</pose>
		<truncated>0</truncated>
		<difficult>0</difficult>
		<occluded>0</occluded>
		<bndbox>
			<xmin>235</xmin>
			<xmax>273</xmax>
			<ymin>181</ymin>
			<ymax>231</ymax>
		</bndbox>
	</object>
	<object>
		<name>car</name>
		<pose>Unspecified</pose>
		<truncated>0</truncated>
		<difficult>0</difficult>
		<occluded>0</occluded>
		<bndbox>
			<xmin>261</xmin>
			<xmax>290</xmax>
			<ymin>157</ymin>
			<ymax>195</ymax>
		</bndbox>
	</object>
</annotation>
