<annotation>
	<folder></folder>
	<filename>frame_3782_jpg.rf.d9de42e9b44ace2a3e64488ad8b11ce1.jpg</filename>
	<path>frame_3782_jpg.rf.d9de42e9b44ace2a3e64488ad8b11ce1.jpg</path>
	<source>
		<database>roboflow.ai</database>
	</source>
	<size>
		<width>416</width>
		<height>416</height>
		<depth>3</depth>
	</size>
	<segmented>0</segmented>
	<object>
		<name>car</name>
		<pose>Unspecified</pose>
		<truncated>0</truncated>
		<difficult>0</difficult>
		<occluded>0</occluded>
		<bndbox>
			<xmin>189</xmin>
			<xmax>239</xmax>
			<ymin>200</ymin>
			<ymax>285</ymax>
		</bndbox>
	</object>
</annotation>
