<annotation>
	<folder></folder>
	<filename>frame_3764_jpg.rf.4f0fccbb1ba77b4498ce96a27a4ee079.jpg</filename>
	<path>frame_3764_jpg.rf.4f0fccbb1ba77b4498ce96a27a4ee079.jpg</path>
	<source>
		<database>roboflow.ai</database>
	</source>
	<size>
		<width>416</width>
		<height>416</height>
		<depth>3</depth>
	</size>
	<segmented>0</segmented>
	<object>
		<name>motorbike</name>
		<pose>Unspecified</pose>
		<truncated>0</truncated>
		<difficult>0</difficult>
		<occluded>0</occluded>
		<bndbox>
			<xmin>155</xmin>
			<xmax>187</xmax>
			<ymin>216</ymin>
			<ymax>268</ymax>
		</bndbox>
	</object>
</annotation>
