<annotation>
	<folder></folder>
	<filename>frame_3764_jpg.rf.9810113a1bbc145b42f01e684db506d7.jpg</filename>
	<path>frame_3764_jpg.rf.9810113a1bbc145b42f01e684db506d7.jpg</path>
	<source>
		<database>roboflow.ai</database>
	</source>
	<size>
		<width>416</width>
		<height>416</height>
		<depth>3</depth>
	</size>
	<segmented>0</segmented>
	<object>
		<name>motorbike</name>
		<pose>Unspecified</pose>
		<truncated>0</truncated>
		<difficult>0</difficult>
		<occluded>0</occluded>
		<bndbox>
			<xmin>183</xmin>
			<xmax>217</xmax>
			<ymin>224</ymin>
			<ymax>278</ymax>
		</bndbox>
	</object>
</annotation>
