<annotation>
	<folder></folder>
	<filename>frame_3808_jpg.rf.1b1031e8ba3ad11caec0624da2175460.jpg</filename>
	<path>frame_3808_jpg.rf.1b1031e8ba3ad11caec0624da2175460.jpg</path>
	<source>
		<database>roboflow.ai</database>
	</source>
	<size>
		<width>416</width>
		<height>416</height>
		<depth>3</depth>
	</size>
	<segmented>0</segmented>
	<object>
		<name>car</name>
		<pose>Unspecified</pose>
		<truncated>0</truncated>
		<difficult>0</difficult>
		<occluded>0</occluded>
		<bndbox>
			<xmin>228</xmin>
			<xmax>275</xmax>
			<ymin>174</ymin>
			<ymax>228</ymax>
		</bndbox>
	</object>
	<object>
		<name>car</name>
		<pose>Unspecified</pose>
		<truncated>0</truncated>
		<difficult>0</difficult>
		<occluded>0</occluded>
		<bndbox>
			<xmin>238</xmin>
			<xmax>274</xmax>
			<ymin>149</ymin>
			<ymax>190</ymax>
		</bndbox>
	</object>
</annotation>
