<annotation>
	<folder></folder>
	<filename>frame_3767_jpg.rf.7b16d049b50175564b2b2ccba49a8ba4.jpg</filename>
	<path>frame_3767_jpg.rf.7b16d049b50175564b2b2ccba49a8ba4.jpg</path>
	<source>
		<database>roboflow.ai</database>
	</source>
	<size>
		<width>416</width>
		<height>416</height>
		<depth>3</depth>
	</size>
	<segmented>0</segmented>
	<object>
		<name>car</name>
		<pose>Unspecified</pose>
		<truncated>0</truncated>
		<difficult>0</difficult>
		<occluded>0</occluded>
		<bndbox>
			<xmin>240</xmin>
			<xmax>285</xmax>
			<ymin>204</ymin>
			<ymax>288</ymax>
		</bndbox>
	</object>
	<object>
		<name>car</name>
		<pose>Unspecified</pose>
		<truncated>0</truncated>
		<difficult>0</difficult>
		<occluded>0</occluded>
		<bndbox>
			<xmin>253</xmin>
			<xmax>354</xmax>
			<ymin>257</ymin>
			<ymax>407</ymax>
		</bndbox>
	</object>
	<object>
		<name>motorbike</name>
		<pose>Unspecified</pose>
		<truncated>0</truncated>
		<difficult>0</difficult>
		<occluded>0</occluded>
		<bndbox>
			<xmin>184</xmin>
			<xmax>205</xmax>
			<ymin>170</ymin>
			<ymax>214</ymax>
		</bndbox>
	</object>
</annotation>
