<annotation>
	<folder></folder>
	<filename>frame_3782_jpg.rf.0f3830ffddb39ea3ac76ce7b0d9525b0.jpg</filename>
	<path>frame_3782_jpg.rf.0f3830ffddb39ea3ac76ce7b0d9525b0.jpg</path>
	<source>
		<database>roboflow.ai</database>
	</source>
	<size>
		<width>416</width>
		<height>416</height>
		<depth>3</depth>
	</size>
	<segmented>0</segmented>
	<object>
		<name>car</name>
		<pose>Unspecified</pose>
		<truncated>0</truncated>
		<difficult>0</difficult>
		<occluded>0</occluded>
		<bndbox>
			<xmin>181</xmin>
			<xmax>225</xmax>
			<ymin>207</ymin>
			<ymax>287</ymax>
		</bndbox>
	</object>
</annotation>
