<annotation>
	<folder></folder>
	<filename>frame_3863_jpg.rf.78d219c0ef19e65301ee1b82c5b3ab14.jpg</filename>
	<path>frame_3863_jpg.rf.78d219c0ef19e65301ee1b82c5b3ab14.jpg</path>
	<source>
		<database>roboflow.ai</database>
	</source>
	<size>
		<width>416</width>
		<height>416</height>
		<depth>3</depth>
	</size>
	<segmented>0</segmented>
	<object>
		<name>motorbike</name>
		<pose>Unspecified</pose>
		<truncated>0</truncated>
		<difficult>0</difficult>
		<occluded>0</occluded>
		<bndbox>
			<xmin>280</xmin>
			<xmax>309</xmax>
			<ymin>208</ymin>
			<ymax>258</ymax>
		</bndbox>
	</object>
</annotation>
