<annotation>
	<folder></folder>
	<filename>frame_3765_jpg.rf.85a809855d6293fd9514dd5555f179ad.jpg</filename>
	<path>frame_3765_jpg.rf.85a809855d6293fd9514dd5555f179ad.jpg</path>
	<source>
		<database>roboflow.ai</database>
	</source>
	<size>
		<width>416</width>
		<height>416</height>
		<depth>3</depth>
	</size>
	<segmented>0</segmented>
	<object>
		<name>motorbike</name>
		<pose>Unspecified</pose>
		<truncated>0</truncated>
		<difficult>0</difficult>
		<occluded>0</occluded>
		<bndbox>
			<xmin>197</xmin>
			<xmax>213</xmax>
			<ymin>174</ymin>
			<ymax>205</ymax>
		</bndbox>
	</object>
	<object>
		<name>motorbike</name>
		<pose>Unspecified</pose>
		<truncated>0</truncated>
		<difficult>0</difficult>
		<occluded>0</occluded>
		<bndbox>
			<xmin>261</xmin>
			<xmax>286</xmax>
			<ymin>179</ymin>
			<ymax>225</ymax>
		</bndbox>
	</object>
</annotation>
