<annotation>
	<folder></folder>
	<filename>frame_3812_jpg.rf.9884a0bb26040288fdb509c225a8ea4a.jpg</filename>
	<path>frame_3812_jpg.rf.9884a0bb26040288fdb509c225a8ea4a.jpg</path>
	<source>
		<database>roboflow.ai</database>
	</source>
	<size>
		<width>416</width>
		<height>416</height>
		<depth>3</depth>
	</size>
	<segmented>0</segmented>
	<object>
		<name>motorbike</name>
		<pose>Unspecified</pose>
		<truncated>0</truncated>
		<difficult>0</difficult>
		<occluded>0</occluded>
		<bndbox>
			<xmin>231</xmin>
			<xmax>253</xmax>
			<ymin>197</ymin>
			<ymax>253</ymax>
		</bndbox>
	</object>
</annotation>
