<annotation>
	<folder></folder>
	<filename>frame_3757_jpg.rf.634bd3621379e98416c8b0a990ab7611.jpg</filename>
	<path>frame_3757_jpg.rf.634bd3621379e98416c8b0a990ab7611.jpg</path>
	<source>
		<database>roboflow.ai</database>
	</source>
	<size>
		<width>416</width>
		<height>416</height>
		<depth>3</depth>
	</size>
	<segmented>0</segmented>
	<object>
		<name>car</name>
		<pose>Unspecified</pose>
		<truncated>0</truncated>
		<difficult>0</difficult>
		<occluded>0</occluded>
		<bndbox>
			<xmin>203</xmin>
			<xmax>272</xmax>
			<ymin>231</ymin>
			<ymax>341</ymax>
		</bndbox>
	</object>
</annotation>
