<annotation>
	<folder></folder>
	<filename>frame_3842_jpg.rf.fdc59adc62f1df98b1ef0cc5cac30bb1.jpg</filename>
	<path>frame_3842_jpg.rf.fdc59adc62f1df98b1ef0cc5cac30bb1.jpg</path>
	<source>
		<database>roboflow.ai</database>
	</source>
	<size>
		<width>416</width>
		<height>416</height>
		<depth>3</depth>
	</size>
	<segmented>0</segmented>
	<object>
		<name>motorbike</name>
		<pose>Unspecified</pose>
		<truncated>0</truncated>
		<difficult>0</difficult>
		<occluded>0</occluded>
		<bndbox>
			<xmin>187</xmin>
			<xmax>231</xmax>
			<ymin>266</ymin>
			<ymax>355</ymax>
		</bndbox>
	</object>
	<object>
		<name>motorbike</name>
		<pose>Unspecified</pose>
		<truncated>0</truncated>
		<difficult>0</difficult>
		<occluded>0</occluded>
		<bndbox>
			<xmin>194</xmin>
			<xmax>220</xmax>
			<ymin>217</ymin>
			<ymax>273</ymax>
		</bndbox>
	</object>
	<object>
		<name>auto</name>
		<pose>Unspecified</pose>
		<truncated>0</truncated>
		<difficult>0</difficult>
		<occluded>0</occluded>
		<bndbox>
			<xmin>150</xmin>
			<xmax>185</xmax>
			<ymin>202</ymin>
			<ymax>266</ymax>
		</bndbox>
	</object>
</annotation>
