<annotation>
	<folder></folder>
	<filename>frame_3834_jpg.rf.05f059cea114a2b639240f2a6d30d92c.jpg</filename>
	<path>frame_3834_jpg.rf.05f059cea114a2b639240f2a6d30d92c.jpg</path>
	<source>
		<database>roboflow.ai</database>
	</source>
	<size>
		<width>416</width>
		<height>416</height>
		<depth>3</depth>
	</size>
	<segmented>0</segmented>
	<object>
		<name>car</name>
		<pose>Unspecified</pose>
		<truncated>0</truncated>
		<difficult>0</difficult>
		<occluded>0</occluded>
		<bndbox>
			<xmin>244</xmin>
			<xmax>333</xmax>
			<ymin>290</ymin>
			<ymax>415</ymax>
		</bndbox>
	</object>
</annotation>
