<annotation>
	<folder></folder>
	<filename>frame_3772_jpg.rf.959ef3cf68b402aea2782be4136d8c2c.jpg</filename>
	<path>frame_3772_jpg.rf.959ef3cf68b402aea2782be4136d8c2c.jpg</path>
	<source>
		<database>roboflow.ai</database>
	</source>
	<size>
		<width>416</width>
		<height>416</height>
		<depth>3</depth>
	</size>
	<segmented>0</segmented>
	<object>
		<name>motorbike</name>
		<pose>Unspecified</pose>
		<truncated>0</truncated>
		<difficult>0</difficult>
		<occluded>0</occluded>
		<bndbox>
			<xmin>139</xmin>
			<xmax>173</xmax>
			<ymin>256</ymin>
			<ymax>330</ymax>
		</bndbox>
	</object>
	<object>
		<name>auto</name>
		<pose>Unspecified</pose>
		<truncated>0</truncated>
		<difficult>0</difficult>
		<occluded>0</occluded>
		<bndbox>
			<xmin>226</xmin>
			<xmax>259</xmax>
			<ymin>188</ymin>
			<ymax>235</ymax>
		</bndbox>
	</object>
	<object>
		<name>auto</name>
		<pose>Unspecified</pose>
		<truncated>0</truncated>
		<difficult>0</difficult>
		<occluded>0</occluded>
		<bndbox>
			<xmin>205</xmin>
			<xmax>241</xmax>
			<ymin>172</ymin>
			<ymax>224</ymax>
		</bndbox>
	</object>
</annotation>
