<annotation>
	<folder></folder>
	<filename>frame_3793_jpg.rf.e8d4127d65061d9298dbedf9cf9a2b45.jpg</filename>
	<path>frame_3793_jpg.rf.e8d4127d65061d9298dbedf9cf9a2b45.jpg</path>
	<source>
		<database>roboflow.ai</database>
	</source>
	<size>
		<width>416</width>
		<height>416</height>
		<depth>3</depth>
	</size>
	<segmented>0</segmented>
	<object>
		<name>car</name>
		<pose>Unspecified</pose>
		<truncated>0</truncated>
		<difficult>0</difficult>
		<occluded>0</occluded>
		<bndbox>
			<xmin>235</xmin>
			<xmax>293</xmax>
			<ymin>176</ymin>
			<ymax>249</ymax>
		</bndbox>
	</object>
</annotation>
