<annotation>
	<folder></folder>
	<filename>frame_3858_jpg.rf.54b860b01db3ad44abbc7b8fdffac9bf.jpg</filename>
	<path>frame_3858_jpg.rf.54b860b01db3ad44abbc7b8fdffac9bf.jpg</path>
	<source>
		<database>roboflow.ai</database>
	</source>
	<size>
		<width>416</width>
		<height>416</height>
		<depth>3</depth>
	</size>
	<segmented>0</segmented>
	<object>
		<name>motorbike</name>
		<pose>Unspecified</pose>
		<truncated>0</truncated>
		<difficult>0</difficult>
		<occluded>0</occluded>
		<bndbox>
			<xmin>270</xmin>
			<xmax>316</xmax>
			<ymin>335</ymin>
			<ymax>415</ymax>
		</bndbox>
	</object>
	<object>
		<name>motorbike</name>
		<pose>Unspecified</pose>
		<truncated>0</truncated>
		<difficult>0</difficult>
		<occluded>0</occluded>
		<bndbox>
			<xmin>196</xmin>
			<xmax>244</xmax>
			<ymin>323</ymin>
			<ymax>415</ymax>
		</bndbox>
	</object>
	<object>
		<name>auto</name>
		<pose>Unspecified</pose>
		<truncated>0</truncated>
		<difficult>0</difficult>
		<occluded>0</occluded>
		<bndbox>
			<xmin>203</xmin>
			<xmax>253</xmax>
			<ymin>198</ymin>
			<ymax>291</ymax>
		</bndbox>
	</object>
</annotation>
