<annotation>
	<folder></folder>
	<filename>frame_3793_jpg.rf.42fbcc5ca69a0097a4748a02479bb51c.jpg</filename>
	<path>frame_3793_jpg.rf.42fbcc5ca69a0097a4748a02479bb51c.jpg</path>
	<source>
		<database>roboflow.ai</database>
	</source>
	<size>
		<width>416</width>
		<height>416</height>
		<depth>3</depth>
	</size>
	<segmented>0</segmented>
	<object>
		<name>car</name>
		<pose>Unspecified</pose>
		<truncated>0</truncated>
		<difficult>0</difficult>
		<occluded>0</occluded>
		<bndbox>
			<xmin>135</xmin>
			<xmax>177</xmax>
			<ymin>179</ymin>
			<ymax>256</ymax>
		</bndbox>
	</object>
</annotation>
