<annotation>
	<folder></folder>
	<filename>frame_3769_jpg.rf.18166fa26cba6663a071b0dd09f73968.jpg</filename>
	<path>frame_3769_jpg.rf.18166fa26cba6663a071b0dd09f73968.jpg</path>
	<source>
		<database>roboflow.ai</database>
	</source>
	<size>
		<width>416</width>
		<height>416</height>
		<depth>3</depth>
	</size>
	<segmented>0</segmented>
	<object>
		<name>motorbike</name>
		<pose>Unspecified</pose>
		<truncated>0</truncated>
		<difficult>0</difficult>
		<occluded>0</occluded>
		<bndbox>
			<xmin>220</xmin>
			<xmax>250</xmax>
			<ymin>263</ymin>
			<ymax>344</ymax>
		</bndbox>
	</object>
	<object>
		<name>motorbike</name>
		<pose>Unspecified</pose>
		<truncated>0</truncated>
		<difficult>0</difficult>
		<occluded>0</occluded>
		<bndbox>
			<xmin>255</xmin>
			<xmax>284</xmax>
			<ymin>177</ymin>
			<ymax>227</ymax>
		</bndbox>
	</object>
</annotation>
