<annotation>
	<folder></folder>
	<filename>frame_3864_jpg.rf.e479578e3f8a8f42333033f10809a5cc.jpg</filename>
	<path>frame_3864_jpg.rf.e479578e3f8a8f42333033f10809a5cc.jpg</path>
	<source>
		<database>roboflow.ai</database>
	</source>
	<size>
		<width>416</width>
		<height>416</height>
		<depth>3</depth>
	</size>
	<segmented>0</segmented>
	<object>
		<name>motorbike</name>
		<pose>Unspecified</pose>
		<truncated>0</truncated>
		<difficult>0</difficult>
		<occluded>0</occluded>
		<bndbox>
			<xmin>232</xmin>
			<xmax>278</xmax>
			<ymin>257</ymin>
			<ymax>369</ymax>
		</bndbox>
	</object>
	<object>
		<name>motorbike</name>
		<pose>Unspecified</pose>
		<truncated>0</truncated>
		<difficult>0</difficult>
		<occluded>0</occluded>
		<bndbox>
			<xmin>213</xmin>
			<xmax>244</xmax>
			<ymin>233</ymin>
			<ymax>297</ymax>
		</bndbox>
	</object>
	<object>
		<name>motorbike</name>
		<pose>Unspecified</pose>
		<truncated>0</truncated>
		<difficult>0</difficult>
		<occluded>0</occluded>
		<bndbox>
			<xmin>165</xmin>
			<xmax>194</xmax>
			<ymin>183</ymin>
			<ymax>247</ymax>
		</bndbox>
	</object>
	<object>
		<name>motorbike</name>
		<pose>Unspecified</pose>
		<truncated>0</truncated>
		<difficult>0</difficult>
		<occluded>0</occluded>
		<bndbox>
			<xmin>216</xmin>
			<xmax>244</xmax>
			<ymin>181</ymin>
			<ymax>238</ymax>
		</bndbox>
	</object>
</annotation>
