<annotation>
	<folder></folder>
	<filename>frame_3799_jpg.rf.afa7cf3a68cb9fca43b7dbc114c52167.jpg</filename>
	<path>frame_3799_jpg.rf.afa7cf3a68cb9fca43b7dbc114c52167.jpg</path>
	<source>
		<database>roboflow.ai</database>
	</source>
	<size>
		<width>416</width>
		<height>416</height>
		<depth>3</depth>
	</size>
	<segmented>0</segmented>
	<object>
		<name>minitruck</name>
		<pose>Unspecified</pose>
		<truncated>0</truncated>
		<difficult>0</difficult>
		<occluded>0</occluded>
		<bndbox>
			<xmin>169</xmin>
			<xmax>230</xmax>
			<ymin>191</ymin>
			<ymax>293</ymax>
		</bndbox>
	</object>
	<object>
		<name>motorbike</name>
		<pose>Unspecified</pose>
		<truncated>0</truncated>
		<difficult>0</difficult>
		<occluded>0</occluded>
		<bndbox>
			<xmin>192</xmin>
			<xmax>235</xmax>
			<ymin>282</ymin>
			<ymax>378</ymax>
		</bndbox>
	</object>
	<object>
		<name>car</name>
		<pose>Unspecified</pose>
		<truncated>0</truncated>
		<difficult>0</difficult>
		<occluded>0</occluded>
		<bndbox>
			<xmin>179</xmin>
			<xmax>210</xmax>
			<ymin>171</ymin>
			<ymax>218</ymax>
		</bndbox>
	</object>
</annotation>
