<annotation>
	<folder></folder>
	<filename>frame_3832_jpg.rf.2cc1e6d6be57364fff8f2b68ab240c91.jpg</filename>
	<path>frame_3832_jpg.rf.2cc1e6d6be57364fff8f2b68ab240c91.jpg</path>
	<source>
		<database>roboflow.ai</database>
	</source>
	<size>
		<width>416</width>
		<height>416</height>
		<depth>3</depth>
	</size>
	<segmented>0</segmented>
	<object>
		<name>motorbike</name>
		<pose>Unspecified</pose>
		<truncated>0</truncated>
		<difficult>0</difficult>
		<occluded>0</occluded>
		<bndbox>
			<xmin>103</xmin>
			<xmax>133</xmax>
			<ymin>261</ymin>
			<ymax>318</ymax>
		</bndbox>
	</object>
	<object>
		<name>motorbike</name>
		<pose>Unspecified</pose>
		<truncated>0</truncated>
		<difficult>0</difficult>
		<occluded>0</occluded>
		<bndbox>
			<xmin>175</xmin>
			<xmax>192</xmax>
			<ymin>184</ymin>
			<ymax>210</ymax>
		</bndbox>
	</object>
	<object>
		<name>motorbike</name>
		<pose>Unspecified</pose>
		<truncated>0</truncated>
		<difficult>0</difficult>
		<occluded>0</occluded>
		<bndbox>
			<xmin>102</xmin>
			<xmax>118</xmax>
			<ymin>211</ymin>
			<ymax>249</ymax>
		</bndbox>
	</object>
</annotation>
