<annotation>
	<folder></folder>
	<filename>frame_3834_jpg.rf.6bfce36ec9312c4c88e861cf74aa8203.jpg</filename>
	<path>frame_3834_jpg.rf.6bfce36ec9312c4c88e861cf74aa8203.jpg</path>
	<source>
		<database>roboflow.ai</database>
	</source>
	<size>
		<width>416</width>
		<height>416</height>
		<depth>3</depth>
	</size>
	<segmented>0</segmented>
	<object>
		<name>car</name>
		<pose>Unspecified</pose>
		<truncated>0</truncated>
		<difficult>0</difficult>
		<occluded>0</occluded>
		<bndbox>
			<xmin>50</xmin>
			<xmax>156</xmax>
			<ymin>281</ymin>
			<ymax>411</ymax>
		</bndbox>
	</object>
</annotation>
