<annotation>
	<folder></folder>
	<filename>frame_3817_jpg.rf.14514e2bf1705a8d5a6930fa6eac2248.jpg</filename>
	<path>frame_3817_jpg.rf.14514e2bf1705a8d5a6930fa6eac2248.jpg</path>
	<source>
		<database>roboflow.ai</database>
	</source>
	<size>
		<width>416</width>
		<height>416</height>
		<depth>3</depth>
	</size>
	<segmented>0</segmented>
	<object>
		<name>car</name>
		<pose>Unspecified</pose>
		<truncated>0</truncated>
		<difficult>0</difficult>
		<occluded>0</occluded>
		<bndbox>
			<xmin>266</xmin>
			<xmax>323</xmax>
			<ymin>255</ymin>
			<ymax>391</ymax>
		</bndbox>
	</object>
	<object>
		<name>motorbike</name>
		<pose>Unspecified</pose>
		<truncated>0</truncated>
		<difficult>0</difficult>
		<occluded>0</occluded>
		<bndbox>
			<xmin>149</xmin>
			<xmax>174</xmax>
			<ymin>218</ymin>
			<ymax>269</ymax>
		</bndbox>
	</object>
</annotation>
