<annotation>
	<folder></folder>
	<filename>frame_3764_jpg.rf.b8ef8bd05e14a5756f29654a67d950d1.jpg</filename>
	<path>frame_3764_jpg.rf.b8ef8bd05e14a5756f29654a67d950d1.jpg</path>
	<source>
		<database>roboflow.ai</database>
	</source>
	<size>
		<width>416</width>
		<height>416</height>
		<depth>3</depth>
	</size>
	<segmented>0</segmented>
	<object>
		<name>motorbike</name>
		<pose>Unspecified</pose>
		<truncated>0</truncated>
		<difficult>0</difficult>
		<occluded>0</occluded>
		<bndbox>
			<xmin>175</xmin>
			<xmax>196</xmax>
			<ymin>223</ymin>
			<ymax>272</ymax>
		</bndbox>
	</object>
</annotation>
