<annotation>
	<folder></folder>
	<filename>frame_3784_jpg.rf.2f6e9236f0191838edad14c7a281cb92.jpg</filename>
	<path>frame_3784_jpg.rf.2f6e9236f0191838edad14c7a281cb92.jpg</path>
	<source>
		<database>roboflow.ai</database>
	</source>
	<size>
		<width>416</width>
		<height>416</height>
		<depth>3</depth>
	</size>
	<segmented>0</segmented>
	<object>
		<name>motorbike</name>
		<pose>Unspecified</pose>
		<truncated>0</truncated>
		<difficult>0</difficult>
		<occluded>0</occluded>
		<bndbox>
			<xmin>217</xmin>
			<xmax>256</xmax>
			<ymin>241</ymin>
			<ymax>315</ymax>
		</bndbox>
	</object>
	<object>
		<name>car</name>
		<pose>Unspecified</pose>
		<truncated>0</truncated>
		<difficult>0</difficult>
		<occluded>0</occluded>
		<bndbox>
			<xmin>6</xmin>
			<xmax>118</xmax>
			<ymin>209</ymin>
			<ymax>375</ymax>
		</bndbox>
	</object>
</annotation>
