<annotation>
	<folder></folder>
	<filename>frame_3785_jpg.rf.e064c389f03db4ac80bf7b3d67537ca6.jpg</filename>
	<path>frame_3785_jpg.rf.e064c389f03db4ac80bf7b3d67537ca6.jpg</path>
	<source>
		<database>roboflow.ai</database>
	</source>
	<size>
		<width>416</width>
		<height>416</height>
		<depth>3</depth>
	</size>
	<segmented>0</segmented>
	<object>
		<name>auto</name>
		<pose>Unspecified</pose>
		<truncated>0</truncated>
		<difficult>0</difficult>
		<occluded>0</occluded>
		<bndbox>
			<xmin>166</xmin>
			<xmax>202</xmax>
			<ymin>180</ymin>
			<ymax>223</ymax>
		</bndbox>
	</object>
</annotation>
