<annotation>
	<folder></folder>
	<filename>frame_3858_jpg.rf.5316877aaaa0e6d3329b5b1b3be67b0c.jpg</filename>
	<path>frame_3858_jpg.rf.5316877aaaa0e6d3329b5b1b3be67b0c.jpg</path>
	<source>
		<database>roboflow.ai</database>
	</source>
	<size>
		<width>416</width>
		<height>416</height>
		<depth>3</depth>
	</size>
	<segmented>0</segmented>
	<object>
		<name>motorbike</name>
		<pose>Unspecified</pose>
		<truncated>0</truncated>
		<difficult>0</difficult>
		<occluded>0</occluded>
		<bndbox>
			<xmin>205</xmin>
			<xmax>256</xmax>
			<ymin>343</ymin>
			<ymax>415</ymax>
		</bndbox>
	</object>
	<object>
		<name>motorbike</name>
		<pose>Unspecified</pose>
		<truncated>0</truncated>
		<difficult>0</difficult>
		<occluded>0</occluded>
		<bndbox>
			<xmin>134</xmin>
			<xmax>184</xmax>
			<ymin>306</ymin>
			<ymax>409</ymax>
		</bndbox>
	</object>
	<object>
		<name>auto</name>
		<pose>Unspecified</pose>
		<truncated>0</truncated>
		<difficult>0</difficult>
		<occluded>0</occluded>
		<bndbox>
			<xmin>188</xmin>
			<xmax>242</xmax>
			<ymin>200</ymin>
			<ymax>295</ymax>
		</bndbox>
	</object>
</annotation>
