<annotation>
	<folder></folder>
	<filename>frame_3804_jpg.rf.c6e6316c4eafe25e82aae7606e3d4298.jpg</filename>
	<path>frame_3804_jpg.rf.c6e6316c4eafe25e82aae7606e3d4298.jpg</path>
	<source>
		<database>roboflow.ai</database>
	</source>
	<size>
		<width>416</width>
		<height>416</height>
		<depth>3</depth>
	</size>
	<segmented>0</segmented>
	<object>
		<name>motorbike</name>
		<pose>Unspecified</pose>
		<truncated>0</truncated>
		<difficult>0</difficult>
		<occluded>0</occluded>
		<bndbox>
			<xmin>224</xmin>
			<xmax>248</xmax>
			<ymin>282</ymin>
			<ymax>358</ymax>
		</bndbox>
	</object>
	<object>
		<name>auto</name>
		<pose>Unspecified</pose>
		<truncated>0</truncated>
		<difficult>0</difficult>
		<occluded>0</occluded>
		<bndbox>
			<xmin>190</xmin>
			<xmax>229</xmax>
			<ymin>215</ymin>
			<ymax>285</ymax>
		</bndbox>
	</object>
	<object>
		<name>auto</name>
		<pose>Unspecified</pose>
		<truncated>0</truncated>
		<difficult>0</difficult>
		<occluded>0</occluded>
		<bndbox>
			<xmin>149</xmin>
			<xmax>177</xmax>
			<ymin>196</ymin>
			<ymax>242</ymax>
		</bndbox>
	</object>
</annotation>
