<annotation>
	<folder></folder>
	<filename>frame_3837_jpg.rf.e83b25c6e9b693a504fdc4691c337c46.jpg</filename>
	<path>frame_3837_jpg.rf.e83b25c6e9b693a504fdc4691c337c46.jpg</path>
	<source>
		<database>roboflow.ai</database>
	</source>
	<size>
		<width>416</width>
		<height>416</height>
		<depth>3</depth>
	</size>
	<segmented>0</segmented>
	<object>
		<name>motorbike</name>
		<pose>Unspecified</pose>
		<truncated>0</truncated>
		<difficult>0</difficult>
		<occluded>0</occluded>
		<bndbox>
			<xmin>148</xmin>
			<xmax>199</xmax>
			<ymin>311</ymin>
			<ymax>414</ymax>
		</bndbox>
	</object>
	<object>
		<name>car</name>
		<pose>Unspecified</pose>
		<truncated>0</truncated>
		<difficult>0</difficult>
		<occluded>0</occluded>
		<bndbox>
			<xmin>141</xmin>
			<xmax>193</xmax>
			<ymin>198</ymin>
			<ymax>278</ymax>
		</bndbox>
	</object>
	<object>
		<name>car</name>
		<pose>Unspecified</pose>
		<truncated>0</truncated>
		<difficult>0</difficult>
		<occluded>0</occluded>
		<bndbox>
			<xmin>179</xmin>
			<xmax>213</xmax>
			<ymin>179</ymin>
			<ymax>224</ymax>
		</bndbox>
	</object>
</annotation>
