<annotation>
	<folder></folder>
	<filename>frame_3784_jpg.rf.3893f00643e1d958965aec9f23ce4ff7.jpg</filename>
	<path>frame_3784_jpg.rf.3893f00643e1d958965aec9f23ce4ff7.jpg</path>
	<source>
		<database>roboflow.ai</database>
	</source>
	<size>
		<width>416</width>
		<height>416</height>
		<depth>3</depth>
	</size>
	<segmented>0</segmented>
	<object>
		<name>motorbike</name>
		<pose>Unspecified</pose>
		<truncated>0</truncated>
		<difficult>0</difficult>
		<occluded>0</occluded>
		<bndbox>
			<xmin>220</xmin>
			<xmax>257</xmax>
			<ymin>240</ymin>
			<ymax>317</ymax>
		</bndbox>
	</object>
	<object>
		<name>car</name>
		<pose>Unspecified</pose>
		<truncated>0</truncated>
		<difficult>0</difficult>
		<occluded>0</occluded>
		<bndbox>
			<xmin>6</xmin>
			<xmax>120</xmax>
			<ymin>200</ymin>
			<ymax>374</ymax>
		</bndbox>
	</object>
</annotation>
