<annotation>
	<folder></folder>
	<filename>frame_3840_jpg.rf.a461bef6dd1d26b5e2d4ae1b32f620d0.jpg</filename>
	<path>frame_3840_jpg.rf.a461bef6dd1d26b5e2d4ae1b32f620d0.jpg</path>
	<source>
		<database>roboflow.ai</database>
	</source>
	<size>
		<width>416</width>
		<height>416</height>
		<depth>3</depth>
	</size>
	<segmented>0</segmented>
	<object>
		<name>motorbike</name>
		<pose>Unspecified</pose>
		<truncated>0</truncated>
		<difficult>0</difficult>
		<occluded>0</occluded>
		<bndbox>
			<xmin>151</xmin>
			<xmax>186</xmax>
			<ymin>237</ymin>
			<ymax>323</ymax>
		</bndbox>
	</object>
	<object>
		<name>motorbike</name>
		<pose>Unspecified</pose>
		<truncated>0</truncated>
		<difficult>0</difficult>
		<occluded>0</occluded>
		<bndbox>
			<xmin>170</xmin>
			<xmax>195</xmax>
			<ymin>199</ymin>
			<ymax>254</ymax>
		</bndbox>
	</object>
</annotation>
