<annotation>
	<folder></folder>
	<filename>frame_3835_jpg.rf.9a22222c53be01dbe5a3c669bd005f35.jpg</filename>
	<path>frame_3835_jpg.rf.9a22222c53be01dbe5a3c669bd005f35.jpg</path>
	<source>
		<database>roboflow.ai</database>
	</source>
	<size>
		<width>416</width>
		<height>416</height>
		<depth>3</depth>
	</size>
	<segmented>0</segmented>
	<object>
		<name>motorbike</name>
		<pose>Unspecified</pose>
		<truncated>0</truncated>
		<difficult>0</difficult>
		<occluded>0</occluded>
		<bndbox>
			<xmin>167</xmin>
			<xmax>203</xmax>
			<ymin>224</ymin>
			<ymax>291</ymax>
		</bndbox>
	</object>
	<object>
		<name>motorbike</name>
		<pose>Unspecified</pose>
		<truncated>0</truncated>
		<difficult>0</difficult>
		<occluded>0</occluded>
		<bndbox>
			<xmin>56</xmin>
			<xmax>102</xmax>
			<ymin>305</ymin>
			<ymax>393</ymax>
		</bndbox>
	</object>
</annotation>
