<annotation>
	<folder></folder>
	<filename>frame_3812_jpg.rf.c76d5424051f86a745c1ba2644be77e1.jpg</filename>
	<path>frame_3812_jpg.rf.c76d5424051f86a745c1ba2644be77e1.jpg</path>
	<source>
		<database>roboflow.ai</database>
	</source>
	<size>
		<width>416</width>
		<height>416</height>
		<depth>3</depth>
	</size>
	<segmented>0</segmented>
	<object>
		<name>motorbike</name>
		<pose>Unspecified</pose>
		<truncated>0</truncated>
		<difficult>0</difficult>
		<occluded>0</occluded>
		<bndbox>
			<xmin>161</xmin>
			<xmax>192</xmax>
			<ymin>215</ymin>
			<ymax>276</ymax>
		</bndbox>
	</object>
</annotation>
