<annotation>
	<folder></folder>
	<filename>frame_3782_jpg.rf.f87bee45f5d571fda09a7b47816115c8.jpg</filename>
	<path>frame_3782_jpg.rf.f87bee45f5d571fda09a7b47816115c8.jpg</path>
	<source>
		<database>roboflow.ai</database>
	</source>
	<size>
		<width>416</width>
		<height>416</height>
		<depth>3</depth>
	</size>
	<segmented>0</segmented>
	<object>
		<name>car</name>
		<pose>Unspecified</pose>
		<truncated>0</truncated>
		<difficult>0</difficult>
		<occluded>0</occluded>
		<bndbox>
			<xmin>193</xmin>
			<xmax>228</xmax>
			<ymin>204</ymin>
			<ymax>287</ymax>
		</bndbox>
	</object>
</annotation>
