<annotation>
	<folder></folder>
	<filename>frame_3774_jpg.rf.a34f04ebff7c75d34e61700ba0375835.jpg</filename>
	<path>frame_3774_jpg.rf.a34f04ebff7c75d34e61700ba0375835.jpg</path>
	<source>
		<database>roboflow.ai</database>
	</source>
	<size>
		<width>416</width>
		<height>416</height>
		<depth>3</depth>
	</size>
	<segmented>0</segmented>
	<object>
		<name>motorbike</name>
		<pose>Unspecified</pose>
		<truncated>0</truncated>
		<difficult>0</difficult>
		<occluded>0</occluded>
		<bndbox>
			<xmin>221</xmin>
			<xmax>250</xmax>
			<ymin>251</ymin>
			<ymax>325</ymax>
		</bndbox>
	</object>
	<object>
		<name>car</name>
		<pose>Unspecified</pose>
		<truncated>0</truncated>
		<difficult>0</difficult>
		<occluded>0</occluded>
		<bndbox>
			<xmin>125</xmin>
			<xmax>153</xmax>
			<ymin>160</ymin>
			<ymax>212</ymax>
		</bndbox>
	</object>
	<object>
		<name>car</name>
		<pose>Unspecified</pose>
		<truncated>0</truncated>
		<difficult>0</difficult>
		<occluded>0</occluded>
		<bndbox>
			<xmin>162</xmin>
			<xmax>188</xmax>
			<ymin>158</ymin>
			<ymax>212</ymax>
		</bndbox>
	</object>
</annotation>
