<annotation>
	<folder></folder>
	<filename>frame_3831_jpg.rf.29220ba9a8f559c8ed014bb9f5d82032.jpg</filename>
	<path>frame_3831_jpg.rf.29220ba9a8f559c8ed014bb9f5d82032.jpg</path>
	<source>
		<database>roboflow.ai</database>
	</source>
	<size>
		<width>416</width>
		<height>416</height>
		<depth>3</depth>
	</size>
	<segmented>0</segmented>
	<object>
		<name>car</name>
		<pose>Unspecified</pose>
		<truncated>0</truncated>
		<difficult>0</difficult>
		<occluded>0</occluded>
		<bndbox>
			<xmin>159</xmin>
			<xmax>209</xmax>
			<ymin>196</ymin>
			<ymax>288</ymax>
		</bndbox>
	</object>
	<object>
		<name>motorbike</name>
		<pose>Unspecified</pose>
		<truncated>0</truncated>
		<difficult>0</difficult>
		<occluded>0</occluded>
		<bndbox>
			<xmin>236</xmin>
			<xmax>286</xmax>
			<ymin>271</ymin>
			<ymax>385</ymax>
		</bndbox>
	</object>
</annotation>
