<annotation>
	<folder></folder>
	<filename>frame_3846_jpg.rf.b379aeff59b6b74db250d3c2e1e5e800.jpg</filename>
	<path>frame_3846_jpg.rf.b379aeff59b6b74db250d3c2e1e5e800.jpg</path>
	<source>
		<database>roboflow.ai</database>
	</source>
	<size>
		<width>416</width>
		<height>416</height>
		<depth>3</depth>
	</size>
	<segmented>0</segmented>
	<object>
		<name>motorbike</name>
		<pose>Unspecified</pose>
		<truncated>0</truncated>
		<difficult>0</difficult>
		<occluded>0</occluded>
		<bndbox>
			<xmin>136</xmin>
			<xmax>158</xmax>
			<ymin>231</ymin>
			<ymax>288</ymax>
		</bndbox>
	</object>
	<object>
		<name>motorbike</name>
		<pose>Unspecified</pose>
		<truncated>0</truncated>
		<difficult>0</difficult>
		<occluded>0</occluded>
		<bndbox>
			<xmin>240</xmin>
			<xmax>263</xmax>
			<ymin>203</ymin>
			<ymax>254</ymax>
		</bndbox>
	</object>
</annotation>
