<annotation>
	<folder></folder>
	<filename>frame_3863_jpg.rf.8904a4698a0a35fc5f87bf59d72a2f91.jpg</filename>
	<path>frame_3863_jpg.rf.8904a4698a0a35fc5f87bf59d72a2f91.jpg</path>
	<source>
		<database>roboflow.ai</database>
	</source>
	<size>
		<width>416</width>
		<height>416</height>
		<depth>3</depth>
	</size>
	<segmented>0</segmented>
	<object>
		<name>motorbike</name>
		<pose>Unspecified</pose>
		<truncated>0</truncated>
		<difficult>0</difficult>
		<occluded>0</occluded>
		<bndbox>
			<xmin>290</xmin>
			<xmax>322</xmax>
			<ymin>227</ymin>
			<ymax>271</ymax>
		</bndbox>
	</object>
</annotation>
