<annotation>
	<folder></folder>
	<filename>frame_3818_jpg.rf.3b594ac396a3e31da10aa6b6ba44f590.jpg</filename>
	<path>frame_3818_jpg.rf.3b594ac396a3e31da10aa6b6ba44f590.jpg</path>
	<source>
		<database>roboflow.ai</database>
	</source>
	<size>
		<width>416</width>
		<height>416</height>
		<depth>3</depth>
	</size>
	<segmented>0</segmented>
	<object>
		<name>car</name>
		<pose>Unspecified</pose>
		<truncated>0</truncated>
		<difficult>0</difficult>
		<occluded>0</occluded>
		<bndbox>
			<xmin>159</xmin>
			<xmax>194</xmax>
			<ymin>200</ymin>
			<ymax>257</ymax>
		</bndbox>
	</object>
	<object>
		<name>motorbike</name>
		<pose>Unspecified</pose>
		<truncated>0</truncated>
		<difficult>0</difficult>
		<occluded>0</occluded>
		<bndbox>
			<xmin>215</xmin>
			<xmax>233</xmax>
			<ymin>210</ymin>
			<ymax>264</ymax>
		</bndbox>
	</object>
</annotation>
