<annotation>
	<folder></folder>
	<filename>frame_3812_jpg.rf.45ed66eb7dea5ef166d9e03c27292fbe.jpg</filename>
	<path>frame_3812_jpg.rf.45ed66eb7dea5ef166d9e03c27292fbe.jpg</path>
	<source>
		<database>roboflow.ai</database>
	</source>
	<size>
		<width>416</width>
		<height>416</height>
		<depth>3</depth>
	</size>
	<segmented>0</segmented>
	<object>
		<name>motorbike</name>
		<pose>Unspecified</pose>
		<truncated>0</truncated>
		<difficult>0</difficult>
		<occluded>0</occluded>
		<bndbox>
			<xmin>232</xmin>
			<xmax>255</xmax>
			<ymin>193</ymin>
			<ymax>251</ymax>
		</bndbox>
	</object>
</annotation>
