<annotation>
	<folder></folder>
	<filename>frame_3777_jpg.rf.3ab90a0b790e194368b2d0ce8eb69c4b.jpg</filename>
	<path>frame_3777_jpg.rf.3ab90a0b790e194368b2d0ce8eb69c4b.jpg</path>
	<source>
		<database>roboflow.ai</database>
	</source>
	<size>
		<width>416</width>
		<height>416</height>
		<depth>3</depth>
	</size>
	<segmented>0</segmented>
	<object>
		<name>motorbike</name>
		<pose>Unspecified</pose>
		<truncated>0</truncated>
		<difficult>0</difficult>
		<occluded>0</occluded>
		<bndbox>
			<xmin>155</xmin>
			<xmax>222</xmax>
			<ymin>329</ymin>
			<ymax>415</ymax>
		</bndbox>
	</object>
	<object>
		<name>car</name>
		<pose>Unspecified</pose>
		<truncated>0</truncated>
		<difficult>0</difficult>
		<occluded>0</occluded>
		<bndbox>
			<xmin>194</xmin>
			<xmax>241</xmax>
			<ymin>170</ymin>
			<ymax>219</ymax>
		</bndbox>
	</object>
</annotation>
