<annotation>
	<folder></folder>
	<filename>frame_3765_jpg.rf.3efd83d80f0b59ed7c5e1759bf3fa427.jpg</filename>
	<path>frame_3765_jpg.rf.3efd83d80f0b59ed7c5e1759bf3fa427.jpg</path>
	<source>
		<database>roboflow.ai</database>
	</source>
	<size>
		<width>416</width>
		<height>416</height>
		<depth>3</depth>
	</size>
	<segmented>0</segmented>
	<object>
		<name>motorbike</name>
		<pose>Unspecified</pose>
		<truncated>0</truncated>
		<difficult>0</difficult>
		<occluded>0</occluded>
		<bndbox>
			<xmin>213</xmin>
			<xmax>228</xmax>
			<ymin>175</ymin>
			<ymax>208</ymax>
		</bndbox>
	</object>
	<object>
		<name>motorbike</name>
		<pose>Unspecified</pose>
		<truncated>0</truncated>
		<difficult>0</difficult>
		<occluded>0</occluded>
		<bndbox>
			<xmin>137</xmin>
			<xmax>161</xmax>
			<ymin>166</ymin>
			<ymax>215</ymax>
		</bndbox>
	</object>
</annotation>
