<annotation>
	<folder></folder>
	<filename>frame_3757_jpg.rf.eb44861282986f8f6b80c5b03c123ec9.jpg</filename>
	<path>frame_3757_jpg.rf.eb44861282986f8f6b80c5b03c123ec9.jpg</path>
	<source>
		<database>roboflow.ai</database>
	</source>
	<size>
		<width>416</width>
		<height>416</height>
		<depth>3</depth>
	</size>
	<segmented>0</segmented>
	<object>
		<name>car</name>
		<pose>Unspecified</pose>
		<truncated>0</truncated>
		<difficult>0</difficult>
		<occluded>0</occluded>
		<bndbox>
			<xmin>157</xmin>
			<xmax>218</xmax>
			<ymin>230</ymin>
			<ymax>328</ymax>
		</bndbox>
	</object>
</annotation>
