<annotation>
	<folder></folder>
	<filename>frame_3840_jpg.rf.c11eff4b7ca6b6b9777d5fb0b83073ab.jpg</filename>
	<path>frame_3840_jpg.rf.c11eff4b7ca6b6b9777d5fb0b83073ab.jpg</path>
	<source>
		<database>roboflow.ai</database>
	</source>
	<size>
		<width>416</width>
		<height>416</height>
		<depth>3</depth>
	</size>
	<segmented>0</segmented>
	<object>
		<name>motorbike</name>
		<pose>Unspecified</pose>
		<truncated>0</truncated>
		<difficult>0</difficult>
		<occluded>0</occluded>
		<bndbox>
			<xmin>233</xmin>
			<xmax>263</xmax>
			<ymin>254</ymin>
			<ymax>326</ymax>
		</bndbox>
	</object>
	<object>
		<name>motorbike</name>
		<pose>Unspecified</pose>
		<truncated>0</truncated>
		<difficult>0</difficult>
		<occluded>0</occluded>
		<bndbox>
			<xmin>223</xmin>
			<xmax>245</xmax>
			<ymin>209</ymin>
			<ymax>256</ymax>
		</bndbox>
	</object>
</annotation>
