<annotation>
	<folder></folder>
	<filename>frame_3846_jpg.rf.ea9f9a7a4e825e2db3fb8c2689adfacb.jpg</filename>
	<path>frame_3846_jpg.rf.ea9f9a7a4e825e2db3fb8c2689adfacb.jpg</path>
	<source>
		<database>roboflow.ai</database>
	</source>
	<size>
		<width>416</width>
		<height>416</height>
		<depth>3</depth>
	</size>
	<segmented>0</segmented>
	<object>
		<name>motorbike</name>
		<pose>Unspecified</pose>
		<truncated>0</truncated>
		<difficult>0</difficult>
		<occluded>0</occluded>
		<bndbox>
			<xmin>256</xmin>
			<xmax>283</xmax>
			<ymin>224</ymin>
			<ymax>281</ymax>
		</bndbox>
	</object>
	<object>
		<name>motorbike</name>
		<pose>Unspecified</pose>
		<truncated>0</truncated>
		<difficult>0</difficult>
		<occluded>0</occluded>
		<bndbox>
			<xmin>152</xmin>
			<xmax>179</xmax>
			<ymin>208</ymin>
			<ymax>260</ymax>
		</bndbox>
	</object>
</annotation>
