<annotation>
	<folder></folder>
	<filename>frame_3769_jpg.rf.f7920bfa8dc87f052fad3bb8282c9541.jpg</filename>
	<path>frame_3769_jpg.rf.f7920bfa8dc87f052fad3bb8282c9541.jpg</path>
	<source>
		<database>roboflow.ai</database>
	</source>
	<size>
		<width>416</width>
		<height>416</height>
		<depth>3</depth>
	</size>
	<segmented>0</segmented>
	<object>
		<name>motorbike</name>
		<pose>Unspecified</pose>
		<truncated>0</truncated>
		<difficult>0</difficult>
		<occluded>0</occluded>
		<bndbox>
			<xmin>165</xmin>
			<xmax>191</xmax>
			<ymin>279</ymin>
			<ymax>354</ymax>
		</bndbox>
	</object>
	<object>
		<name>motorbike</name>
		<pose>Unspecified</pose>
		<truncated>0</truncated>
		<difficult>0</difficult>
		<occluded>0</occluded>
		<bndbox>
			<xmin>134</xmin>
			<xmax>160</xmax>
			<ymin>203</ymin>
			<ymax>249</ymax>
		</bndbox>
	</object>
</annotation>
