<annotation>
	<folder></folder>
	<filename>frame_3764_jpg.rf.63696774f658c522b851790cab7da87a.jpg</filename>
	<path>frame_3764_jpg.rf.63696774f658c522b851790cab7da87a.jpg</path>
	<source>
		<database>roboflow.ai</database>
	</source>
	<size>
		<width>416</width>
		<height>416</height>
		<depth>3</depth>
	</size>
	<segmented>0</segmented>
	<object>
		<name>motorbike</name>
		<pose>Unspecified</pose>
		<truncated>0</truncated>
		<difficult>0</difficult>
		<occluded>0</occluded>
		<bndbox>
			<xmin>165</xmin>
			<xmax>198</xmax>
			<ymin>225</ymin>
			<ymax>285</ymax>
		</bndbox>
	</object>
</annotation>
