<annotation>
	<folder></folder>
	<filename>frame_3841_jpg.rf.b0801424a55de471a0f2894503e2a219.jpg</filename>
	<path>frame_3841_jpg.rf.b0801424a55de471a0f2894503e2a219.jpg</path>
	<source>
		<database>roboflow.ai</database>
	</source>
	<size>
		<width>416</width>
		<height>416</height>
		<depth>3</depth>
	</size>
	<segmented>0</segmented>
	<object>
		<name>minitruck</name>
		<pose>Unspecified</pose>
		<truncated>0</truncated>
		<difficult>0</difficult>
		<occluded>0</occluded>
		<bndbox>
			<xmin>170</xmin>
			<xmax>235</xmax>
			<ymin>233</ymin>
			<ymax>360</ymax>
		</bndbox>
	</object>
	<object>
		<name>minitruck</name>
		<pose>Unspecified</pose>
		<truncated>0</truncated>
		<difficult>0</difficult>
		<occluded>0</occluded>
		<bndbox>
			<xmin>219</xmin>
			<xmax>295</xmax>
			<ymin>140</ymin>
			<ymax>244</ymax>
		</bndbox>
	</object>
</annotation>
