<annotation>
	<folder></folder>
	<filename>frame_3816_jpg.rf.118b5566a9aaa04241b37f14ff9e402e.jpg</filename>
	<path>frame_3816_jpg.rf.118b5566a9aaa04241b37f14ff9e402e.jpg</path>
	<source>
		<database>roboflow.ai</database>
	</source>
	<size>
		<width>416</width>
		<height>416</height>
		<depth>3</depth>
	</size>
	<segmented>0</segmented>
	<object>
		<name>car</name>
		<pose>Unspecified</pose>
		<truncated>0</truncated>
		<difficult>0</difficult>
		<occluded>0</occluded>
		<bndbox>
			<xmin>293</xmin>
			<xmax>379</xmax>
			<ymin>293</ymin>
			<ymax>415</ymax>
		</bndbox>
	</object>
	<object>
		<name>car</name>
		<pose>Unspecified</pose>
		<truncated>0</truncated>
		<difficult>0</difficult>
		<occluded>0</occluded>
		<bndbox>
			<xmin>251</xmin>
			<xmax>291</xmax>
			<ymin>194</ymin>
			<ymax>244</ymax>
		</bndbox>
	</object>
	<object>
		<name>bus</name>
		<pose>Unspecified</pose>
		<truncated>0</truncated>
		<difficult>0</difficult>
		<occluded>0</occluded>
		<bndbox>
			<xmin>159</xmin>
			<xmax>241</xmax>
			<ymin>155</ymin>
			<ymax>336</ymax>
		</bndbox>
	</object>
</annotation>
