<annotation>
	<folder></folder>
	<filename>frame_3777_jpg.rf.7fe2601954e12783d3af707710e6f831.jpg</filename>
	<path>frame_3777_jpg.rf.7fe2601954e12783d3af707710e6f831.jpg</path>
	<source>
		<database>roboflow.ai</database>
	</source>
	<size>
		<width>416</width>
		<height>416</height>
		<depth>3</depth>
	</size>
	<segmented>0</segmented>
	<object>
		<name>motorbike</name>
		<pose>Unspecified</pose>
		<truncated>0</truncated>
		<difficult>0</difficult>
		<occluded>0</occluded>
		<bndbox>
			<xmin>280</xmin>
			<xmax>331</xmax>
			<ymin>277</ymin>
			<ymax>386</ymax>
		</bndbox>
	</object>
	<object>
		<name>car</name>
		<pose>Unspecified</pose>
		<truncated>0</truncated>
		<difficult>0</difficult>
		<occluded>0</occluded>
		<bndbox>
			<xmin>172</xmin>
			<xmax>212</xmax>
			<ymin>178</ymin>
			<ymax>228</ymax>
		</bndbox>
	</object>
</annotation>
