<annotation>
	<folder></folder>
	<filename>frame_3831_jpg.rf.c9577f3906e380dbd64a0dd54329814f.jpg</filename>
	<path>frame_3831_jpg.rf.c9577f3906e380dbd64a0dd54329814f.jpg</path>
	<source>
		<database>roboflow.ai</database>
	</source>
	<size>
		<width>416</width>
		<height>416</height>
		<depth>3</depth>
	</size>
	<segmented>0</segmented>
	<object>
		<name>car</name>
		<pose>Unspecified</pose>
		<truncated>0</truncated>
		<difficult>0</difficult>
		<occluded>0</occluded>
		<bndbox>
			<xmin>206</xmin>
			<xmax>259</xmax>
			<ymin>187</ymin>
			<ymax>272</ymax>
		</bndbox>
	</object>
	<object>
		<name>motorbike</name>
		<pose>Unspecified</pose>
		<truncated>0</truncated>
		<difficult>0</difficult>
		<occluded>0</occluded>
		<bndbox>
			<xmin>127</xmin>
			<xmax>181</xmax>
			<ymin>305</ymin>
			<ymax>408</ymax>
		</bndbox>
	</object>
</annotation>
