<annotation>
	<folder></folder>
	<filename>frame_3793_jpg.rf.9d01e75109be9b43e2963be5dc7153d4.jpg</filename>
	<path>frame_3793_jpg.rf.9d01e75109be9b43e2963be5dc7153d4.jpg</path>
	<source>
		<database>roboflow.ai</database>
	</source>
	<size>
		<width>416</width>
		<height>416</height>
		<depth>3</depth>
	</size>
	<segmented>0</segmented>
	<object>
		<name>car</name>
		<pose>Unspecified</pose>
		<truncated>0</truncated>
		<difficult>0</difficult>
		<occluded>0</occluded>
		<bndbox>
			<xmin>129</xmin>
			<xmax>178</xmax>
			<ymin>197</ymin>
			<ymax>268</ymax>
		</bndbox>
	</object>
</annotation>
