<annotation>
	<folder></folder>
	<filename>frame_3765_jpg.rf.bae93898afc8e86036b07f8643e6bd59.jpg</filename>
	<path>frame_3765_jpg.rf.bae93898afc8e86036b07f8643e6bd59.jpg</path>
	<source>
		<database>roboflow.ai</database>
	</source>
	<size>
		<width>416</width>
		<height>416</height>
		<depth>3</depth>
	</size>
	<segmented>0</segmented>
	<object>
		<name>motorbike</name>
		<pose>Unspecified</pose>
		<truncated>0</truncated>
		<difficult>0</difficult>
		<occluded>0</occluded>
		<bndbox>
			<xmin>193</xmin>
			<xmax>206</xmax>
			<ymin>175</ymin>
			<ymax>208</ymax>
		</bndbox>
	</object>
	<object>
		<name>motorbike</name>
		<pose>Unspecified</pose>
		<truncated>0</truncated>
		<difficult>0</difficult>
		<occluded>0</occluded>
		<bndbox>
			<xmin>262</xmin>
			<xmax>282</xmax>
			<ymin>159</ymin>
			<ymax>207</ymax>
		</bndbox>
	</object>
</annotation>
