<annotation>
	<folder></folder>
	<filename>frame_3788_jpg.rf.7070bdb53a2a62a3d7dc1a5a7ca54df4.jpg</filename>
	<path>frame_3788_jpg.rf.7070bdb53a2a62a3d7dc1a5a7ca54df4.jpg</path>
	<source>
		<database>roboflow.ai</database>
	</source>
	<size>
		<width>416</width>
		<height>416</height>
		<depth>3</depth>
	</size>
	<segmented>0</segmented>
	<object>
		<name>car</name>
		<pose>Unspecified</pose>
		<truncated>0</truncated>
		<difficult>0</difficult>
		<occluded>0</occluded>
		<bndbox>
			<xmin>123</xmin>
			<xmax>169</xmax>
			<ymin>188</ymin>
			<ymax>244</ymax>
		</bndbox>
	</object>
</annotation>
