<annotation>
	<folder></folder>
	<filename>frame_3863_jpg.rf.463e32ad7c2fe2dad2da6a2f73e902b8.jpg</filename>
	<path>frame_3863_jpg.rf.463e32ad7c2fe2dad2da6a2f73e902b8.jpg</path>
	<source>
		<database>roboflow.ai</database>
	</source>
	<size>
		<width>416</width>
		<height>416</height>
		<depth>3</depth>
	</size>
	<segmented>0</segmented>
	<object>
		<name>motorbike</name>
		<pose>Unspecified</pose>
		<truncated>0</truncated>
		<difficult>0</difficult>
		<occluded>0</occluded>
		<bndbox>
			<xmin>278</xmin>
			<xmax>309</xmax>
			<ymin>220</ymin>
			<ymax>264</ymax>
		</bndbox>
	</object>
</annotation>
