<annotation>
	<folder></folder>
	<filename>frame_3840_jpg.rf.ad75d7ae6a4040d7cf493257aaf27823.jpg</filename>
	<path>frame_3840_jpg.rf.ad75d7ae6a4040d7cf493257aaf27823.jpg</path>
	<source>
		<database>roboflow.ai</database>
	</source>
	<size>
		<width>416</width>
		<height>416</height>
		<depth>3</depth>
	</size>
	<segmented>0</segmented>
	<object>
		<name>motorbike</name>
		<pose>Unspecified</pose>
		<truncated>0</truncated>
		<difficult>0</difficult>
		<occluded>0</occluded>
		<bndbox>
			<xmin>169</xmin>
			<xmax>203</xmax>
			<ymin>248</ymin>
			<ymax>330</ymax>
		</bndbox>
	</object>
	<object>
		<name>motorbike</name>
		<pose>Unspecified</pose>
		<truncated>0</truncated>
		<difficult>0</difficult>
		<occluded>0</occluded>
		<bndbox>
			<xmin>176</xmin>
			<xmax>200</xmax>
			<ymin>206</ymin>
			<ymax>259</ymax>
		</bndbox>
	</object>
</annotation>
