<annotation>
	<folder></folder>
	<filename>frame_3831_jpg.rf.d50d19e406d824aeaf9fa41ace2e690e.jpg</filename>
	<path>frame_3831_jpg.rf.d50d19e406d824aeaf9fa41ace2e690e.jpg</path>
	<source>
		<database>roboflow.ai</database>
	</source>
	<size>
		<width>416</width>
		<height>416</height>
		<depth>3</depth>
	</size>
	<segmented>0</segmented>
	<object>
		<name>car</name>
		<pose>Unspecified</pose>
		<truncated>0</truncated>
		<difficult>0</difficult>
		<occluded>0</occluded>
		<bndbox>
			<xmin>212</xmin>
			<xmax>269</xmax>
			<ymin>190</ymin>
			<ymax>277</ymax>
		</bndbox>
	</object>
	<object>
		<name>motorbike</name>
		<pose>Unspecified</pose>
		<truncated>0</truncated>
		<difficult>0</difficult>
		<occluded>0</occluded>
		<bndbox>
			<xmin>177</xmin>
			<xmax>234</xmax>
			<ymin>299</ymin>
			<ymax>405</ymax>
		</bndbox>
	</object>
</annotation>
