<annotation>
	<folder></folder>
	<filename>frame_3784_jpg.rf.290a0eaeca4008c0dc3322991eae83b0.jpg</filename>
	<path>frame_3784_jpg.rf.290a0eaeca4008c0dc3322991eae83b0.jpg</path>
	<source>
		<database>roboflow.ai</database>
	</source>
	<size>
		<width>416</width>
		<height>416</height>
		<depth>3</depth>
	</size>
	<segmented>0</segmented>
	<object>
		<name>motorbike</name>
		<pose>Unspecified</pose>
		<truncated>0</truncated>
		<difficult>0</difficult>
		<occluded>0</occluded>
		<bndbox>
			<xmin>231</xmin>
			<xmax>259</xmax>
			<ymin>239</ymin>
			<ymax>314</ymax>
		</bndbox>
	</object>
	<object>
		<name>car</name>
		<pose>Unspecified</pose>
		<truncated>0</truncated>
		<difficult>0</difficult>
		<occluded>0</occluded>
		<bndbox>
			<xmin>26</xmin>
			<xmax>122</xmax>
			<ymin>231</ymin>
			<ymax>392</ymax>
		</bndbox>
	</object>
</annotation>
