<annotation>
	<folder></folder>
	<filename>frame_3767_jpg.rf.f44dab847e2ab7b2aeea8f43fb0ba3fb.jpg</filename>
	<path>frame_3767_jpg.rf.f44dab847e2ab7b2aeea8f43fb0ba3fb.jpg</path>
	<source>
		<database>roboflow.ai</database>
	</source>
	<size>
		<width>416</width>
		<height>416</height>
		<depth>3</depth>
	</size>
	<segmented>0</segmented>
	<object>
		<name>car</name>
		<pose>Unspecified</pose>
		<truncated>0</truncated>
		<difficult>0</difficult>
		<occluded>0</occluded>
		<bndbox>
			<xmin>138</xmin>
			<xmax>196</xmax>
			<ymin>217</ymin>
			<ymax>299</ymax>
		</bndbox>
	</object>
	<object>
		<name>car</name>
		<pose>Unspecified</pose>
		<truncated>0</truncated>
		<difficult>0</difficult>
		<occluded>0</occluded>
		<bndbox>
			<xmin>86</xmin>
			<xmax>213</xmax>
			<ymin>281</ymin>
			<ymax>412</ymax>
		</bndbox>
	</object>
	<object>
		<name>motorbike</name>
		<pose>Unspecified</pose>
		<truncated>0</truncated>
		<difficult>0</difficult>
		<occluded>0</occluded>
		<bndbox>
			<xmin>202</xmin>
			<xmax>230</xmax>
			<ymin>167</ymin>
			<ymax>210</ymax>
		</bndbox>
	</object>
</annotation>
