<annotation>
	<folder></folder>
	<filename>frame_3834_jpg.rf.e5be6b55808e4ce79755f42a2403a178.jpg</filename>
	<path>frame_3834_jpg.rf.e5be6b55808e4ce79755f42a2403a178.jpg</path>
	<source>
		<database>roboflow.ai</database>
	</source>
	<size>
		<width>416</width>
		<height>416</height>
		<depth>3</depth>
	</size>
	<segmented>0</segmented>
	<object>
		<name>car</name>
		<pose>Unspecified</pose>
		<truncated>0</truncated>
		<difficult>0</difficult>
		<occluded>0</occluded>
		<bndbox>
			<xmin>250</xmin>
			<xmax>347</xmax>
			<ymin>283</ymin>
			<ymax>415</ymax>
		</bndbox>
	</object>
</annotation>
