<annotation>
	<folder></folder>
	<filename>frame_3808_jpg.rf.821d97f1649b47b496cf0b77de969d07.jpg</filename>
	<path>frame_3808_jpg.rf.821d97f1649b47b496cf0b77de969d07.jpg</path>
	<source>
		<database>roboflow.ai</database>
	</source>
	<size>
		<width>416</width>
		<height>416</height>
		<depth>3</depth>
	</size>
	<segmented>0</segmented>
	<object>
		<name>car</name>
		<pose>Unspecified</pose>
		<truncated>0</truncated>
		<difficult>0</difficult>
		<occluded>0</occluded>
		<bndbox>
			<xmin>233</xmin>
			<xmax>275</xmax>
			<ymin>181</ymin>
			<ymax>233</ymax>
		</bndbox>
	</object>
	<object>
		<name>car</name>
		<pose>Unspecified</pose>
		<truncated>0</truncated>
		<difficult>0</difficult>
		<occluded>0</occluded>
		<bndbox>
			<xmin>246</xmin>
			<xmax>278</xmax>
			<ymin>158</ymin>
			<ymax>198</ymax>
		</bndbox>
	</object>
</annotation>
