<annotation>
	<folder></folder>
	<filename>frame_3858_jpg.rf.bbaf257aa98fc1424c294e5c091134b3.jpg</filename>
	<path>frame_3858_jpg.rf.bbaf257aa98fc1424c294e5c091134b3.jpg</path>
	<source>
		<database>roboflow.ai</database>
	</source>
	<size>
		<width>416</width>
		<height>416</height>
		<depth>3</depth>
	</size>
	<segmented>0</segmented>
	<object>
		<name>motorbike</name>
		<pose>Unspecified</pose>
		<truncated>0</truncated>
		<difficult>0</difficult>
		<occluded>0</occluded>
		<bndbox>
			<xmin>221</xmin>
			<xmax>261</xmax>
			<ymin>332</ymin>
			<ymax>413</ymax>
		</bndbox>
	</object>
	<object>
		<name>motorbike</name>
		<pose>Unspecified</pose>
		<truncated>0</truncated>
		<difficult>0</difficult>
		<occluded>0</occluded>
		<bndbox>
			<xmin>149</xmin>
			<xmax>188</xmax>
			<ymin>325</ymin>
			<ymax>415</ymax>
		</bndbox>
	</object>
	<object>
		<name>auto</name>
		<pose>Unspecified</pose>
		<truncated>0</truncated>
		<difficult>0</difficult>
		<occluded>0</occluded>
		<bndbox>
			<xmin>196</xmin>
			<xmax>239</xmax>
			<ymin>199</ymin>
			<ymax>286</ymax>
		</bndbox>
	</object>
</annotation>
