<annotation>
	<folder></folder>
	<filename>frame_810_jpg.rf.4f0ab434f417cece9869ea499cafad02.jpg</filename>
	<path>frame_810_jpg.rf.4f0ab434f417cece9869ea499cafad02.jpg</path>
	<source>
		<database>roboflow.ai</database>
	</source>
	<size>
		<width>416</width>
		<height>416</height>
		<depth>3</depth>
	</size>
	<segmented>0</segmented>
	<object>
		<name>car</name>
		<pose>Unspecified</pose>
		<truncated>0</truncated>
		<difficult>0</difficult>
		<occluded>0</occluded>
		<bndbox>
			<xmin>172</xmin>
			<xmax>226</xmax>
			<ymin>112</ymin>
			<ymax>220</ymax>
		</bndbox>
	</object>
</annotation>
