<annotation>
	<folder></folder>
	<filename>frame_622_jpg.rf.0a2bebe5097c60c016b0f1aa5e7f10a2.jpg</filename>
	<path>frame_622_jpg.rf.0a2bebe5097c60c016b0f1aa5e7f10a2.jpg</path>
	<source>
		<database>roboflow.ai</database>
	</source>
	<size>
		<width>416</width>
		<height>416</height>
		<depth>3</depth>
	</size>
	<segmented>0</segmented>
	<object>
		<name>motorbike</name>
		<pose>Unspecified</pose>
		<truncated>0</truncated>
		<difficult>0</difficult>
		<occluded>0</occluded>
		<bndbox>
			<xmin>199</xmin>
			<xmax>240</xmax>
			<ymin>189</ymin>
			<ymax>291</ymax>
		</bndbox>
	</object>
</annotation>
