<annotation>
	<folder></folder>
	<filename>frame_1034_jpg.rf.895ae4581594ce569e2cffe8859cc732.jpg</filename>
	<path>frame_1034_jpg.rf.895ae4581594ce569e2cffe8859cc732.jpg</path>
	<source>
		<database>roboflow.ai</database>
	</source>
	<size>
		<width>416</width>
		<height>416</height>
		<depth>3</depth>
	</size>
	<segmented>0</segmented>
	<object>
		<name>motorbike</name>
		<pose>Unspecified</pose>
		<truncated>0</truncated>
		<difficult>0</difficult>
		<occluded>0</occluded>
		<bndbox>
			<xmin>339</xmin>
			<xmax>362</xmax>
			<ymin>150</ymin>
			<ymax>239</ymax>
		</bndbox>
	</object>
</annotation>
