<annotation>
	<folder></folder>
	<filename>frame_1408_jpg.rf.6b59ef082597d2432cba0df4e6d7a6b2.jpg</filename>
	<path>frame_1408_jpg.rf.6b59ef082597d2432cba0df4e6d7a6b2.jpg</path>
	<source>
		<database>roboflow.ai</database>
	</source>
	<size>
		<width>416</width>
		<height>416</height>
		<depth>3</depth>
	</size>
	<segmented>0</segmented>
	<object>
		<name>car</name>
		<pose>Unspecified</pose>
		<truncated>0</truncated>
		<difficult>0</difficult>
		<occluded>0</occluded>
		<bndbox>
			<xmin>252</xmin>
			<xmax>296</xmax>
			<ymin>24</ymin>
			<ymax>86</ymax>
		</bndbox>
	</object>
	<object>
		<name>car</name>
		<pose>Unspecified</pose>
		<truncated>0</truncated>
		<difficult>0</difficult>
		<occluded>0</occluded>
		<bndbox>
			<xmin>166</xmin>
			<xmax>234</xmax>
			<ymin>107</ymin>
			<ymax>203</ymax>
		</bndbox>
	</object>
</annotation>
