<annotation>
	<folder></folder>
	<filename>frame_965_jpg.rf.f6f733289111ef7c9f60470c0f32b0c8.jpg</filename>
	<path>frame_965_jpg.rf.f6f733289111ef7c9f60470c0f32b0c8.jpg</path>
	<source>
		<database>roboflow.ai</database>
	</source>
	<size>
		<width>416</width>
		<height>416</height>
		<depth>3</depth>
	</size>
	<segmented>0</segmented>
	<object>
		<name>motorbike</name>
		<pose>Unspecified</pose>
		<truncated>0</truncated>
		<difficult>0</difficult>
		<occluded>0</occluded>
		<bndbox>
			<xmin>313</xmin>
			<xmax>340</xmax>
			<ymin>156</ymin>
			<ymax>241</ymax>
		</bndbox>
	</object>
	<object>
		<name>motorbike</name>
		<pose>Unspecified</pose>
		<truncated>0</truncated>
		<difficult>0</difficult>
		<occluded>0</occluded>
		<bndbox>
			<xmin>261</xmin>
			<xmax>294</xmax>
			<ymin>156</ymin>
			<ymax>237</ymax>
		</bndbox>
	</object>
</annotation>
