<annotation>
	<folder></folder>
	<filename>frame_1087_jpg.rf.af463e7dbe2f66747a58bd75e542b632.jpg</filename>
	<path>frame_1087_jpg.rf.af463e7dbe2f66747a58bd75e542b632.jpg</path>
	<source>
		<database>roboflow.ai</database>
	</source>
	<size>
		<width>416</width>
		<height>416</height>
		<depth>3</depth>
	</size>
	<segmented>0</segmented>
	<object>
		<name>car</name>
		<pose>Unspecified</pose>
		<truncated>0</truncated>
		<difficult>0</difficult>
		<occluded>0</occluded>
		<bndbox>
			<xmin>81</xmin>
			<xmax>166</xmax>
			<ymin>345</ymin>
			<ymax>416</ymax>
		</bndbox>
	</object>
	<object>
		<name>car</name>
		<pose>Unspecified</pose>
		<truncated>0</truncated>
		<difficult>0</difficult>
		<occluded>0</occluded>
		<bndbox>
			<xmin>185</xmin>
			<xmax>241</xmax>
			<ymin>56</ymin>
			<ymax>158</ymax>
		</bndbox>
	</object>
</annotation>
