<annotation>
	<folder></folder>
	<filename>frame_747_jpg.rf.ee48f74525dca5ab4500611e2975c41b.jpg</filename>
	<path>frame_747_jpg.rf.ee48f74525dca5ab4500611e2975c41b.jpg</path>
	<source>
		<database>roboflow.ai</database>
	</source>
	<size>
		<width>416</width>
		<height>416</height>
		<depth>3</depth>
	</size>
	<segmented>0</segmented>
	<object>
		<name>car</name>
		<pose>Unspecified</pose>
		<truncated>0</truncated>
		<difficult>0</difficult>
		<occluded>0</occluded>
		<bndbox>
			<xmin>251</xmin>
			<xmax>303</xmax>
			<ymin>52</ymin>
			<ymax>129</ymax>
		</bndbox>
	</object>
</annotation>
