<annotation>
	<folder></folder>
	<filename>frame_825_jpg.rf.6a15ba34e7bd9f846c16bd7014195cdd.jpg</filename>
	<path>frame_825_jpg.rf.6a15ba34e7bd9f846c16bd7014195cdd.jpg</path>
	<source>
		<database>roboflow.ai</database>
	</source>
	<size>
		<width>416</width>
		<height>416</height>
		<depth>3</depth>
	</size>
	<segmented>0</segmented>
	<object>
		<name>car</name>
		<pose>Unspecified</pose>
		<truncated>0</truncated>
		<difficult>0</difficult>
		<occluded>0</occluded>
		<bndbox>
			<xmin>198</xmin>
			<xmax>274</xmax>
			<ymin>374</ymin>
			<ymax>416</ymax>
		</bndbox>
	</object>
</annotation>
