<annotation>
	<folder></folder>
	<filename>frame_1197_jpg.rf.086e2d280fc784e123ad2cd1cf7d9c1c.jpg</filename>
	<path>frame_1197_jpg.rf.086e2d280fc784e123ad2cd1cf7d9c1c.jpg</path>
	<source>
		<database>roboflow.ai</database>
	</source>
	<size>
		<width>416</width>
		<height>416</height>
		<depth>3</depth>
	</size>
	<segmented>0</segmented>
	<object>
		<name>car</name>
		<pose>Unspecified</pose>
		<truncated>0</truncated>
		<difficult>0</difficult>
		<occluded>0</occluded>
		<bndbox>
			<xmin>241</xmin>
			<xmax>288</xmax>
			<ymin>16</ymin>
			<ymax>67</ymax>
		</bndbox>
	</object>
	<object>
		<name>motorbike</name>
		<pose>Unspecified</pose>
		<truncated>0</truncated>
		<difficult>0</difficult>
		<occluded>0</occluded>
		<bndbox>
			<xmin>320</xmin>
			<xmax>348</xmax>
			<ymin>129</ymin>
			<ymax>206</ymax>
		</bndbox>
	</object>
</annotation>
