<annotation>
	<folder></folder>
	<filename>frame_958_jpg.rf.b8844e83187e6fd337824a8df1c4321e.jpg</filename>
	<path>frame_958_jpg.rf.b8844e83187e6fd337824a8df1c4321e.jpg</path>
	<source>
		<database>roboflow.ai</database>
	</source>
	<size>
		<width>416</width>
		<height>416</height>
		<depth>3</depth>
	</size>
	<segmented>0</segmented>
	<object>
		<name>auto</name>
		<pose>Unspecified</pose>
		<truncated>0</truncated>
		<difficult>0</difficult>
		<occluded>0</occluded>
		<bndbox>
			<xmin>289</xmin>
			<xmax>342</xmax>
			<ymin>169</ymin>
			<ymax>271</ymax>
		</bndbox>
	</object>
</annotation>
