<annotation>
	<folder></folder>
	<filename>frame_1268_jpg.rf.8d6429cd6d69675ded5ad02e3f3e29f2.jpg</filename>
	<path>frame_1268_jpg.rf.8d6429cd6d69675ded5ad02e3f3e29f2.jpg</path>
	<source>
		<database>roboflow.ai</database>
	</source>
	<size>
		<width>416</width>
		<height>416</height>
		<depth>3</depth>
	</size>
	<segmented>0</segmented>
	<object>
		<name>car</name>
		<pose>Unspecified</pose>
		<truncated>0</truncated>
		<difficult>0</difficult>
		<occluded>0</occluded>
		<bndbox>
			<xmin>271</xmin>
			<xmax>313</xmax>
			<ymin>65</ymin>
			<ymax>136</ymax>
		</bndbox>
	</object>
	<object>
		<name>motorbike</name>
		<pose>Unspecified</pose>
		<truncated>0</truncated>
		<difficult>0</difficult>
		<occluded>0</occluded>
		<bndbox>
			<xmin>234</xmin>
			<xmax>259</xmax>
			<ymin>76</ymin>
			<ymax>144</ymax>
		</bndbox>
	</object>
	<object>
		<name>car</name>
		<pose>Unspecified</pose>
		<truncated>0</truncated>
		<difficult>0</difficult>
		<occluded>0</occluded>
		<bndbox>
			<xmin>126</xmin>
			<xmax>204</xmax>
			<ymin>238</ymin>
			<ymax>357</ymax>
		</bndbox>
	</object>
</annotation>
