<annotation>
	<folder></folder>
	<filename>frame_831_jpg.rf.a52ab6dc0f987f2e01489ca2c0f44cf5.jpg</filename>
	<path>frame_831_jpg.rf.a52ab6dc0f987f2e01489ca2c0f44cf5.jpg</path>
	<source>
		<database>roboflow.ai</database>
	</source>
	<size>
		<width>416</width>
		<height>416</height>
		<depth>3</depth>
	</size>
	<segmented>0</segmented>
	<object>
		<name>minitruck</name>
		<pose>Unspecified</pose>
		<truncated>0</truncated>
		<difficult>0</difficult>
		<occluded>0</occluded>
		<bndbox>
			<xmin>60</xmin>
			<xmax>186</xmax>
			<ymin>207</ymin>
			<ymax>416</ymax>
		</bndbox>
	</object>
	<object>
		<name>motorbike</name>
		<pose>Unspecified</pose>
		<truncated>0</truncated>
		<difficult>0</difficult>
		<occluded>0</occluded>
		<bndbox>
			<xmin>306</xmin>
			<xmax>333</xmax>
			<ymin>39</ymin>
			<ymax>113</ymax>
		</bndbox>
	</object>
	<object>
		<name>motorbike</name>
		<pose>Unspecified</pose>
		<truncated>0</truncated>
		<difficult>0</difficult>
		<occluded>0</occluded>
		<bndbox>
			<xmin>318</xmin>
			<xmax>351</xmax>
			<ymin>144</ymin>
			<ymax>244</ymax>
		</bndbox>
	</object>
</annotation>
