<annotation>
	<folder></folder>
	<filename>frame_662_jpg.rf.f766ced3602ada001d4c8a6511da02cb.jpg</filename>
	<path>frame_662_jpg.rf.f766ced3602ada001d4c8a6511da02cb.jpg</path>
	<source>
		<database>roboflow.ai</database>
	</source>
	<size>
		<width>416</width>
		<height>416</height>
		<depth>3</depth>
	</size>
	<segmented>0</segmented>
	<object>
		<name>van</name>
		<pose>Unspecified</pose>
		<truncated>0</truncated>
		<difficult>0</difficult>
		<occluded>0</occluded>
		<bndbox>
			<xmin>167</xmin>
			<xmax>232</xmax>
			<ymin>34</ymin>
			<ymax>173</ymax>
		</bndbox>
	</object>
	<object>
		<name>auto</name>
		<pose>Unspecified</pose>
		<truncated>0</truncated>
		<difficult>0</difficult>
		<occluded>0</occluded>
		<bndbox>
			<xmin>292</xmin>
			<xmax>342</xmax>
			<ymin>54</ymin>
			<ymax>149</ymax>
		</bndbox>
	</object>
</annotation>
