<annotation>
	<folder></folder>
	<filename>frame_1174_jpg.rf.d6c66403c2554b07ddb238ee809be391.jpg</filename>
	<path>frame_1174_jpg.rf.d6c66403c2554b07ddb238ee809be391.jpg</path>
	<source>
		<database>roboflow.ai</database>
	</source>
	<size>
		<width>416</width>
		<height>416</height>
		<depth>3</depth>
	</size>
	<segmented>0</segmented>
	<object>
		<name>minitruck</name>
		<pose>Unspecified</pose>
		<truncated>0</truncated>
		<difficult>0</difficult>
		<occluded>0</occluded>
		<bndbox>
			<xmin>164</xmin>
			<xmax>212</xmax>
			<ymin>17</ymin>
			<ymax>114</ymax>
		</bndbox>
	</object>
	<object>
		<name>motorbike</name>
		<pose>Unspecified</pose>
		<truncated>0</truncated>
		<difficult>0</difficult>
		<occluded>0</occluded>
		<bndbox>
			<xmin>259</xmin>
			<xmax>280</xmax>
			<ymin>103</ymin>
			<ymax>170</ymax>
		</bndbox>
	</object>
	<object>
		<name>motorbike</name>
		<pose>Unspecified</pose>
		<truncated>0</truncated>
		<difficult>0</difficult>
		<occluded>0</occluded>
		<bndbox>
			<xmin>230</xmin>
			<xmax>252</xmax>
			<ymin>56</ymin>
			<ymax>125</ymax>
		</bndbox>
	</object>
</annotation>
