<annotation>
	<folder></folder>
	<filename>frame_619_jpg.rf.53af4fe25110a79809e4221f1e5ad92a.jpg</filename>
	<path>frame_619_jpg.rf.53af4fe25110a79809e4221f1e5ad92a.jpg</path>
	<source>
		<database>roboflow.ai</database>
	</source>
	<size>
		<width>416</width>
		<height>416</height>
		<depth>3</depth>
	</size>
	<segmented>0</segmented>
	<object>
		<name>car</name>
		<pose>Unspecified</pose>
		<truncated>0</truncated>
		<difficult>0</difficult>
		<occluded>0</occluded>
		<bndbox>
			<xmin>150</xmin>
			<xmax>202</xmax>
			<ymin>12</ymin>
			<ymax>63</ymax>
		</bndbox>
	</object>
</annotation>
