<annotation>
	<folder></folder>
	<filename>frame_910_jpg.rf.733baf6fbb82bd117ee790008b3e921d.jpg</filename>
	<path>frame_910_jpg.rf.733baf6fbb82bd117ee790008b3e921d.jpg</path>
	<source>
		<database>roboflow.ai</database>
	</source>
	<size>
		<width>416</width>
		<height>416</height>
		<depth>3</depth>
	</size>
	<segmented>0</segmented>
	<object>
		<name>minitruck</name>
		<pose>Unspecified</pose>
		<truncated>0</truncated>
		<difficult>0</difficult>
		<occluded>0</occluded>
		<bndbox>
			<xmin>129</xmin>
			<xmax>213</xmax>
			<ymin>140</ymin>
			<ymax>302</ymax>
		</bndbox>
	</object>
</annotation>
