<annotation>
	<folder></folder>
	<filename>frame_734_jpg.rf.60105b565ffd2329211814f3119b191a.jpg</filename>
	<path>frame_734_jpg.rf.60105b565ffd2329211814f3119b191a.jpg</path>
	<source>
		<database>roboflow.ai</database>
	</source>
	<size>
		<width>416</width>
		<height>416</height>
		<depth>3</depth>
	</size>
	<segmented>0</segmented>
	<object>
		<name>motorbike</name>
		<pose>Unspecified</pose>
		<truncated>0</truncated>
		<difficult>0</difficult>
		<occluded>0</occluded>
		<bndbox>
			<xmin>241</xmin>
			<xmax>270</xmax>
			<ymin>105</ymin>
			<ymax>196</ymax>
		</bndbox>
	</object>
</annotation>
