<annotation>
	<folder></folder>
	<filename>frame_669_jpg.rf.d98c738b5a5b1ac191f3198b3178cc7b.jpg</filename>
	<path>frame_669_jpg.rf.d98c738b5a5b1ac191f3198b3178cc7b.jpg</path>
	<source>
		<database>roboflow.ai</database>
	</source>
	<size>
		<width>416</width>
		<height>416</height>
		<depth>3</depth>
	</size>
	<segmented>0</segmented>
	<object>
		<name>motorbike</name>
		<pose>Unspecified</pose>
		<truncated>0</truncated>
		<difficult>0</difficult>
		<occluded>0</occluded>
		<bndbox>
			<xmin>288</xmin>
			<xmax>316</xmax>
			<ymin>23</ymin>
			<ymax>81</ymax>
		</bndbox>
	</object>
	<object>
		<name>motorbike</name>
		<pose>Unspecified</pose>
		<truncated>0</truncated>
		<difficult>0</difficult>
		<occluded>0</occluded>
		<bndbox>
			<xmin>197</xmin>
			<xmax>231</xmax>
			<ymin>67</ymin>
			<ymax>141</ymax>
		</bndbox>
	</object>
	<object>
		<name>car</name>
		<pose>Unspecified</pose>
		<truncated>0</truncated>
		<difficult>0</difficult>
		<occluded>0</occluded>
		<bndbox>
			<xmin>225</xmin>
			<xmax>271</xmax>
			<ymin>13</ymin>
			<ymax>50</ymax>
		</bndbox>
	</object>
</annotation>
