<annotation>
	<folder></folder>
	<filename>frame_799_jpg.rf.dae8fdf01bfa9f347bbd9dd17c34ef36.jpg</filename>
	<path>frame_799_jpg.rf.dae8fdf01bfa9f347bbd9dd17c34ef36.jpg</path>
	<source>
		<database>roboflow.ai</database>
	</source>
	<size>
		<width>416</width>
		<height>416</height>
		<depth>3</depth>
	</size>
	<segmented>0</segmented>
	<object>
		<name>car</name>
		<pose>Unspecified</pose>
		<truncated>0</truncated>
		<difficult>0</difficult>
		<occluded>0</occluded>
		<bndbox>
			<xmin>112</xmin>
			<xmax>196</xmax>
			<ymin>192</ymin>
			<ymax>314</ymax>
		</bndbox>
	</object>
</annotation>
