<annotation>
	<folder></folder>
	<filename>frame_594_jpg.rf.fbb64c66c5947ff9b95d030ed5f46b53.jpg</filename>
	<path>frame_594_jpg.rf.fbb64c66c5947ff9b95d030ed5f46b53.jpg</path>
	<source>
		<database>roboflow.ai</database>
	</source>
	<size>
		<width>416</width>
		<height>416</height>
		<depth>3</depth>
	</size>
	<segmented>0</segmented>
	<object>
		<name>motorbike</name>
		<pose>Unspecified</pose>
		<truncated>0</truncated>
		<difficult>0</difficult>
		<occluded>0</occluded>
		<bndbox>
			<xmin>287</xmin>
			<xmax>325</xmax>
			<ymin>224</ymin>
			<ymax>320</ymax>
		</bndbox>
	</object>
	<object>
		<name>auto</name>
		<pose>Unspecified</pose>
		<truncated>0</truncated>
		<difficult>0</difficult>
		<occluded>0</occluded>
		<bndbox>
			<xmin>45</xmin>
			<xmax>108</xmax>
			<ymin>255</ymin>
			<ymax>381</ymax>
		</bndbox>
	</object>
</annotation>
