<annotation>
	<folder></folder>
	<filename>frame_803_jpg.rf.0b14a60cf149c6308cc70b4836c75fdb.jpg</filename>
	<path>frame_803_jpg.rf.0b14a60cf149c6308cc70b4836c75fdb.jpg</path>
	<source>
		<database>roboflow.ai</database>
	</source>
	<size>
		<width>416</width>
		<height>416</height>
		<depth>3</depth>
	</size>
	<segmented>0</segmented>
	<object>
		<name>car</name>
		<pose>Unspecified</pose>
		<truncated>0</truncated>
		<difficult>0</difficult>
		<occluded>0</occluded>
		<bndbox>
			<xmin>145</xmin>
			<xmax>207</xmax>
			<ymin>105</ymin>
			<ymax>195</ymax>
		</bndbox>
	</object>
	<object>
		<name>car</name>
		<pose>Unspecified</pose>
		<truncated>0</truncated>
		<difficult>0</difficult>
		<occluded>0</occluded>
		<bndbox>
			<xmin>253</xmin>
			<xmax>309</xmax>
			<ymin>20</ymin>
			<ymax>89</ymax>
		</bndbox>
	</object>
</annotation>
