<annotation>
	<folder></folder>
	<filename>frame_1206_jpg.rf.18b261aa2165ebd7731055b5330fd5ba.jpg</filename>
	<path>frame_1206_jpg.rf.18b261aa2165ebd7731055b5330fd5ba.jpg</path>
	<source>
		<database>roboflow.ai</database>
	</source>
	<size>
		<width>416</width>
		<height>416</height>
		<depth>3</depth>
	</size>
	<segmented>0</segmented>
	<object>
		<name>motorbike</name>
		<pose>Unspecified</pose>
		<truncated>0</truncated>
		<difficult>0</difficult>
		<occluded>0</occluded>
		<bndbox>
			<xmin>218</xmin>
			<xmax>248</xmax>
			<ymin>32</ymin>
			<ymax>93</ymax>
		</bndbox>
	</object>
</annotation>
