<annotation>
	<folder></folder>
	<filename>frame_809_jpg.rf.2794c6ebe662a06aa1a4b87277ad856d.jpg</filename>
	<path>frame_809_jpg.rf.2794c6ebe662a06aa1a4b87277ad856d.jpg</path>
	<source>
		<database>roboflow.ai</database>
	</source>
	<size>
		<width>416</width>
		<height>416</height>
		<depth>3</depth>
	</size>
	<segmented>0</segmented>
	<object>
		<name>car</name>
		<pose>Unspecified</pose>
		<truncated>0</truncated>
		<difficult>0</difficult>
		<occluded>0</occluded>
		<bndbox>
			<xmin>227</xmin>
			<xmax>261</xmax>
			<ymin>16</ymin>
			<ymax>33</ymax>
		</bndbox>
	</object>
</annotation>
