<annotation>
	<folder></folder>
	<filename>frame_630_jpg.rf.608092d515c91d0f7a09236aa68ea1ee.jpg</filename>
	<path>frame_630_jpg.rf.608092d515c91d0f7a09236aa68ea1ee.jpg</path>
	<source>
		<database>roboflow.ai</database>
	</source>
	<size>
		<width>416</width>
		<height>416</height>
		<depth>3</depth>
	</size>
	<segmented>0</segmented>
	<object>
		<name>motorbike</name>
		<pose>Unspecified</pose>
		<truncated>0</truncated>
		<difficult>0</difficult>
		<occluded>0</occluded>
		<bndbox>
			<xmin>40</xmin>
			<xmax>90</xmax>
			<ymin>293</ymin>
			<ymax>403</ymax>
		</bndbox>
	</object>
</annotation>
