<annotation>
	<folder></folder>
	<filename>frame_961_jpg.rf.7ef85ba5dded8f97585efed13144d1a5.jpg</filename>
	<path>frame_961_jpg.rf.7ef85ba5dded8f97585efed13144d1a5.jpg</path>
	<source>
		<database>roboflow.ai</database>
	</source>
	<size>
		<width>416</width>
		<height>416</height>
		<depth>3</depth>
	</size>
	<segmented>0</segmented>
	<object>
		<name>motorbike</name>
		<pose>Unspecified</pose>
		<truncated>0</truncated>
		<difficult>0</difficult>
		<occluded>0</occluded>
		<bndbox>
			<xmin>312</xmin>
			<xmax>332</xmax>
			<ymin>24</ymin>
			<ymax>82</ymax>
		</bndbox>
	</object>
	<object>
		<name>car</name>
		<pose>Unspecified</pose>
		<truncated>0</truncated>
		<difficult>0</difficult>
		<occluded>0</occluded>
		<bndbox>
			<xmin>216</xmin>
			<xmax>256</xmax>
			<ymin>24</ymin>
			<ymax>92</ymax>
		</bndbox>
	</object>
</annotation>
