<annotation>
	<folder></folder>
	<filename>frame_1283_jpg.rf.8e976f8de1d018c163a3e94c372a5c50.jpg</filename>
	<path>frame_1283_jpg.rf.8e976f8de1d018c163a3e94c372a5c50.jpg</path>
	<source>
		<database>roboflow.ai</database>
	</source>
	<size>
		<width>416</width>
		<height>416</height>
		<depth>3</depth>
	</size>
	<segmented>0</segmented>
	<object>
		<name>motorbike</name>
		<pose>Unspecified</pose>
		<truncated>0</truncated>
		<difficult>0</difficult>
		<occluded>0</occluded>
		<bndbox>
			<xmin>247</xmin>
			<xmax>286</xmax>
			<ymin>284</ymin>
			<ymax>387</ymax>
		</bndbox>
	</object>
	<object>
		<name>motorbike</name>
		<pose>Unspecified</pose>
		<truncated>0</truncated>
		<difficult>0</difficult>
		<occluded>0</occluded>
		<bndbox>
			<xmin>261</xmin>
			<xmax>293</xmax>
			<ymin>22</ymin>
			<ymax>84</ymax>
		</bndbox>
	</object>
</annotation>
