<annotation>
	<folder></folder>
	<filename>frame_1159_jpg.rf.7087e6b2c5e1692866e0e6c84d7195aa.jpg</filename>
	<path>frame_1159_jpg.rf.7087e6b2c5e1692866e0e6c84d7195aa.jpg</path>
	<source>
		<database>roboflow.ai</database>
	</source>
	<size>
		<width>416</width>
		<height>416</height>
		<depth>3</depth>
	</size>
	<segmented>0</segmented>
	<object>
		<name>car</name>
		<pose>Unspecified</pose>
		<truncated>0</truncated>
		<difficult>0</difficult>
		<occluded>0</occluded>
		<bndbox>
			<xmin>135</xmin>
			<xmax>211</xmax>
			<ymin>221</ymin>
			<ymax>371</ymax>
		</bndbox>
	</object>
	<object>
		<name>motorbike</name>
		<pose>Unspecified</pose>
		<truncated>0</truncated>
		<difficult>0</difficult>
		<occluded>0</occluded>
		<bndbox>
			<xmin>274</xmin>
			<xmax>306</xmax>
			<ymin>168</ymin>
			<ymax>247</ymax>
		</bndbox>
	</object>
</annotation>
