<annotation>
	<folder></folder>
	<filename>frame_865_jpg.rf.457cfd98455de3cfb08ef016bb71d947.jpg</filename>
	<path>frame_865_jpg.rf.457cfd98455de3cfb08ef016bb71d947.jpg</path>
	<source>
		<database>roboflow.ai</database>
	</source>
	<size>
		<width>416</width>
		<height>416</height>
		<depth>3</depth>
	</size>
	<segmented>0</segmented>
	<object>
		<name>motorbike</name>
		<pose>Unspecified</pose>
		<truncated>0</truncated>
		<difficult>0</difficult>
		<occluded>0</occluded>
		<bndbox>
			<xmin>347</xmin>
			<xmax>379</xmax>
			<ymin>211</ymin>
			<ymax>307</ymax>
		</bndbox>
	</object>
	<object>
		<name>motorbike</name>
		<pose>Unspecified</pose>
		<truncated>0</truncated>
		<difficult>0</difficult>
		<occluded>0</occluded>
		<bndbox>
			<xmin>269</xmin>
			<xmax>299</xmax>
			<ymin>117</ymin>
			<ymax>195</ymax>
		</bndbox>
	</object>
</annotation>
