<annotation>
	<folder></folder>
	<filename>frame_1393_jpg.rf.0073399b356728ad0f2721ecb649787e.jpg</filename>
	<path>frame_1393_jpg.rf.0073399b356728ad0f2721ecb649787e.jpg</path>
	<source>
		<database>roboflow.ai</database>
	</source>
	<size>
		<width>416</width>
		<height>416</height>
		<depth>3</depth>
	</size>
	<segmented>0</segmented>
	<object>
		<name>car</name>
		<pose>Unspecified</pose>
		<truncated>0</truncated>
		<difficult>0</difficult>
		<occluded>0</occluded>
		<bndbox>
			<xmin>58</xmin>
			<xmax>129</xmax>
			<ymin>326</ymin>
			<ymax>416</ymax>
		</bndbox>
	</object>
	<object>
		<name>motorbike</name>
		<pose>Unspecified</pose>
		<truncated>0</truncated>
		<difficult>0</difficult>
		<occluded>0</occluded>
		<bndbox>
			<xmin>306</xmin>
			<xmax>328</xmax>
			<ymin>63</ymin>
			<ymax>113</ymax>
		</bndbox>
	</object>
	<object>
		<name>motorbike</name>
		<pose>Unspecified</pose>
		<truncated>0</truncated>
		<difficult>0</difficult>
		<occluded>0</occluded>
		<bndbox>
			<xmin>273</xmin>
			<xmax>315</xmax>
			<ymin>127</ymin>
			<ymax>190</ymax>
		</bndbox>
	</object>
</annotation>
