<annotation>
	<folder></folder>
	<filename>frame_1263_jpg.rf.d0c873b7dc0471d074d3919fd76d622b.jpg</filename>
	<path>frame_1263_jpg.rf.d0c873b7dc0471d074d3919fd76d622b.jpg</path>
	<source>
		<database>roboflow.ai</database>
	</source>
	<size>
		<width>416</width>
		<height>416</height>
		<depth>3</depth>
	</size>
	<segmented>0</segmented>
	<object>
		<name>motorbike</name>
		<pose>Unspecified</pose>
		<truncated>0</truncated>
		<difficult>0</difficult>
		<occluded>0</occluded>
		<bndbox>
			<xmin>298</xmin>
			<xmax>325</xmax>
			<ymin>85</ymin>
			<ymax>150</ymax>
		</bndbox>
	</object>
	<object>
		<name>motorbike</name>
		<pose>Unspecified</pose>
		<truncated>0</truncated>
		<difficult>0</difficult>
		<occluded>0</occluded>
		<bndbox>
			<xmin>279</xmin>
			<xmax>299</xmax>
			<ymin>151</ymin>
			<ymax>229</ymax>
		</bndbox>
	</object>
	<object>
		<name>motorbike</name>
		<pose>Unspecified</pose>
		<truncated>0</truncated>
		<difficult>0</difficult>
		<occluded>0</occluded>
		<bndbox>
			<xmin>280</xmin>
			<xmax>328</xmax>
			<ymin>244</ymin>
			<ymax>343</ymax>
		</bndbox>
	</object>
</annotation>
