<annotation>
	<folder></folder>
	<filename>frame_952_jpg.rf.f880d69ada99f9e2d485aa28df97242f.jpg</filename>
	<path>frame_952_jpg.rf.f880d69ada99f9e2d485aa28df97242f.jpg</path>
	<source>
		<database>roboflow.ai</database>
	</source>
	<size>
		<width>416</width>
		<height>416</height>
		<depth>3</depth>
	</size>
	<segmented>0</segmented>
	<object>
		<name>motorbike</name>
		<pose>Unspecified</pose>
		<truncated>0</truncated>
		<difficult>0</difficult>
		<occluded>0</occluded>
		<bndbox>
			<xmin>305</xmin>
			<xmax>348</xmax>
			<ymin>234</ymin>
			<ymax>337</ymax>
		</bndbox>
	</object>
</annotation>
