<annotation>
	<folder></folder>
	<filename>frame_884_jpg.rf.0363b9b18134e58a72652f86fbfedfba.jpg</filename>
	<path>frame_884_jpg.rf.0363b9b18134e58a72652f86fbfedfba.jpg</path>
	<source>
		<database>roboflow.ai</database>
	</source>
	<size>
		<width>416</width>
		<height>416</height>
		<depth>3</depth>
	</size>
	<segmented>0</segmented>
	<object>
		<name>motorbike</name>
		<pose>Unspecified</pose>
		<truncated>0</truncated>
		<difficult>0</difficult>
		<occluded>0</occluded>
		<bndbox>
			<xmin>282</xmin>
			<xmax>301</xmax>
			<ymin>12</ymin>
			<ymax>56</ymax>
		</bndbox>
	</object>
	<object>
		<name>auto</name>
		<pose>Unspecified</pose>
		<truncated>0</truncated>
		<difficult>0</difficult>
		<occluded>0</occluded>
		<bndbox>
			<xmin>242</xmin>
			<xmax>285</xmax>
			<ymin>61</ymin>
			<ymax>144</ymax>
		</bndbox>
	</object>
	<object>
		<name>motorbike</name>
		<pose>Unspecified</pose>
		<truncated>0</truncated>
		<difficult>0</difficult>
		<occluded>0</occluded>
		<bndbox>
			<xmin>197</xmin>
			<xmax>232</xmax>
			<ymin>29</ymin>
			<ymax>105</ymax>
		</bndbox>
	</object>
</annotation>
