<annotation>
	<folder></folder>
	<filename>frame_903_jpg.rf.2bfe9b12619d6510c5f71a7f14ff8efd.jpg</filename>
	<path>frame_903_jpg.rf.2bfe9b12619d6510c5f71a7f14ff8efd.jpg</path>
	<source>
		<database>roboflow.ai</database>
	</source>
	<size>
		<width>416</width>
		<height>416</height>
		<depth>3</depth>
	</size>
	<segmented>0</segmented>
	<object>
		<name>motorbike</name>
		<pose>Unspecified</pose>
		<truncated>0</truncated>
		<difficult>0</difficult>
		<occluded>0</occluded>
		<bndbox>
			<xmin>297</xmin>
			<xmax>321</xmax>
			<ymin>104</ymin>
			<ymax>175</ymax>
		</bndbox>
	</object>
</annotation>
