<annotation>
	<folder></folder>
	<filename>frame_743_jpg.rf.314a444a7c2fbee773d91fc4e30b1e86.jpg</filename>
	<path>frame_743_jpg.rf.314a444a7c2fbee773d91fc4e30b1e86.jpg</path>
	<source>
		<database>roboflow.ai</database>
	</source>
	<size>
		<width>416</width>
		<height>416</height>
		<depth>3</depth>
	</size>
	<segmented>0</segmented>
	<object>
		<name>car</name>
		<pose>Unspecified</pose>
		<truncated>0</truncated>
		<difficult>0</difficult>
		<occluded>0</occluded>
		<bndbox>
			<xmin>160</xmin>
			<xmax>234</xmax>
			<ymin>89</ymin>
			<ymax>177</ymax>
		</bndbox>
	</object>
	<object>
		<name>motorbike</name>
		<pose>Unspecified</pose>
		<truncated>0</truncated>
		<difficult>0</difficult>
		<occluded>0</occluded>
		<bndbox>
			<xmin>313</xmin>
			<xmax>339</xmax>
			<ymin>15</ymin>
			<ymax>73</ymax>
		</bndbox>
	</object>
</annotation>
