<annotation>
	<folder></folder>
	<filename>frame_634_jpg.rf.8abbe0f61178521040cd5b123590e4b8.jpg</filename>
	<path>frame_634_jpg.rf.8abbe0f61178521040cd5b123590e4b8.jpg</path>
	<source>
		<database>roboflow.ai</database>
	</source>
	<size>
		<width>416</width>
		<height>416</height>
		<depth>3</depth>
	</size>
	<segmented>0</segmented>
	<object>
		<name>motorbike</name>
		<pose>Unspecified</pose>
		<truncated>0</truncated>
		<difficult>0</difficult>
		<occluded>0</occluded>
		<bndbox>
			<xmin>139</xmin>
			<xmax>163</xmax>
			<ymin>16</ymin>
			<ymax>60</ymax>
		</bndbox>
	</object>
</annotation>
