<annotation>
	<folder></folder>
	<filename>frame_1101_jpg.rf.98b9e974ded9292840b1b8aaf1b39b92.jpg</filename>
	<path>frame_1101_jpg.rf.98b9e974ded9292840b1b8aaf1b39b92.jpg</path>
	<source>
		<database>roboflow.ai</database>
	</source>
	<size>
		<width>416</width>
		<height>416</height>
		<depth>3</depth>
	</size>
	<segmented>0</segmented>
	<object>
		<name>motorbike</name>
		<pose>Unspecified</pose>
		<truncated>0</truncated>
		<difficult>0</difficult>
		<occluded>0</occluded>
		<bndbox>
			<xmin>241</xmin>
			<xmax>271</xmax>
			<ymin>73</ymin>
			<ymax>134</ymax>
		</bndbox>
	</object>
	<object>
		<name>car</name>
		<pose>Unspecified</pose>
		<truncated>0</truncated>
		<difficult>0</difficult>
		<occluded>0</occluded>
		<bndbox>
			<xmin>171</xmin>
			<xmax>214</xmax>
			<ymin>74</ymin>
			<ymax>148</ymax>
		</bndbox>
	</object>
	<object>
		<name>car</name>
		<pose>Unspecified</pose>
		<truncated>0</truncated>
		<difficult>0</difficult>
		<occluded>0</occluded>
		<bndbox>
			<xmin>253</xmin>
			<xmax>313</xmax>
			<ymin>145</ymin>
			<ymax>238</ymax>
		</bndbox>
	</object>
</annotation>
