<annotation>
	<folder></folder>
	<filename>frame_688_jpg.rf.c31784e345b358582c7691b27d45a416.jpg</filename>
	<path>frame_688_jpg.rf.c31784e345b358582c7691b27d45a416.jpg</path>
	<source>
		<database>roboflow.ai</database>
	</source>
	<size>
		<width>416</width>
		<height>416</height>
		<depth>3</depth>
	</size>
	<segmented>0</segmented>
	<object>
		<name>motorbike</name>
		<pose>Unspecified</pose>
		<truncated>0</truncated>
		<difficult>0</difficult>
		<occluded>0</occluded>
		<bndbox>
			<xmin>348</xmin>
			<xmax>400</xmax>
			<ymin>323</ymin>
			<ymax>416</ymax>
		</bndbox>
	</object>
	<object>
		<name>motorbike</name>
		<pose>Unspecified</pose>
		<truncated>0</truncated>
		<difficult>0</difficult>
		<occluded>0</occluded>
		<bndbox>
			<xmin>304</xmin>
			<xmax>343</xmax>
			<ymin>194</ymin>
			<ymax>284</ymax>
		</bndbox>
	</object>
</annotation>
