<annotation>
	<folder></folder>
	<filename>frame_1309_jpg.rf.e16497e9ddb11be10c0d03bf7ea9cb74.jpg</filename>
	<path>frame_1309_jpg.rf.e16497e9ddb11be10c0d03bf7ea9cb74.jpg</path>
	<source>
		<database>roboflow.ai</database>
	</source>
	<size>
		<width>416</width>
		<height>416</height>
		<depth>3</depth>
	</size>
	<segmented>0</segmented>
	<object>
		<name>truck</name>
		<pose>Unspecified</pose>
		<truncated>0</truncated>
		<difficult>0</difficult>
		<occluded>0</occluded>
		<bndbox>
			<xmin>269</xmin>
			<xmax>352</xmax>
			<ymin>36</ymin>
			<ymax>205</ymax>
		</bndbox>
	</object>
</annotation>
