<annotation>
	<folder></folder>
	<filename>frame_1280_jpg.rf.9b01f2c26862376755a411466f68cdee.jpg</filename>
	<path>frame_1280_jpg.rf.9b01f2c26862376755a411466f68cdee.jpg</path>
	<source>
		<database>roboflow.ai</database>
	</source>
	<size>
		<width>416</width>
		<height>416</height>
		<depth>3</depth>
	</size>
	<segmented>0</segmented>
	<object>
		<name>auto</name>
		<pose>Unspecified</pose>
		<truncated>0</truncated>
		<difficult>0</difficult>
		<occluded>0</occluded>
		<bndbox>
			<xmin>294</xmin>
			<xmax>335</xmax>
			<ymin>30</ymin>
			<ymax>95</ymax>
		</bndbox>
	</object>
</annotation>
