<annotation>
	<folder></folder>
	<filename>frame_1107_jpg.rf.23fca8f4432d68f209359d3137c3b41e.jpg</filename>
	<path>frame_1107_jpg.rf.23fca8f4432d68f209359d3137c3b41e.jpg</path>
	<source>
		<database>roboflow.ai</database>
	</source>
	<size>
		<width>416</width>
		<height>416</height>
		<depth>3</depth>
	</size>
	<segmented>0</segmented>
	<object>
		<name>motorbike</name>
		<pose>Unspecified</pose>
		<truncated>0</truncated>
		<difficult>0</difficult>
		<occluded>0</occluded>
		<bndbox>
			<xmin>321</xmin>
			<xmax>343</xmax>
			<ymin>187</ymin>
			<ymax>272</ymax>
		</bndbox>
	</object>
	<object>
		<name>bus</name>
		<pose>Unspecified</pose>
		<truncated>0</truncated>
		<difficult>0</difficult>
		<occluded>0</occluded>
		<bndbox>
			<xmin>240</xmin>
			<xmax>305</xmax>
			<ymin>15</ymin>
			<ymax>78</ymax>
		</bndbox>
	</object>
	<object>
		<name>car</name>
		<pose>Unspecified</pose>
		<truncated>0</truncated>
		<difficult>0</difficult>
		<occluded>0</occluded>
		<bndbox>
			<xmin>184</xmin>
			<xmax>231</xmax>
			<ymin>17</ymin>
			<ymax>53</ymax>
		</bndbox>
	</object>
</annotation>
