<annotation>
	<folder></folder>
	<filename>frame_1379_jpg.rf.cab6b2a34d511bcf9d05b2532a69f41a.jpg</filename>
	<path>frame_1379_jpg.rf.cab6b2a34d511bcf9d05b2532a69f41a.jpg</path>
	<source>
		<database>roboflow.ai</database>
	</source>
	<size>
		<width>416</width>
		<height>416</height>
		<depth>3</depth>
	</size>
	<segmented>0</segmented>
	<object>
		<name>car</name>
		<pose>Unspecified</pose>
		<truncated>0</truncated>
		<difficult>0</difficult>
		<occluded>0</occluded>
		<bndbox>
			<xmin>190</xmin>
			<xmax>235</xmax>
			<ymin>32</ymin>
			<ymax>93</ymax>
		</bndbox>
	</object>
	<object>
		<name>motorbike</name>
		<pose>Unspecified</pose>
		<truncated>0</truncated>
		<difficult>0</difficult>
		<occluded>0</occluded>
		<bndbox>
			<xmin>347</xmin>
			<xmax>382</xmax>
			<ymin>248</ymin>
			<ymax>348</ymax>
		</bndbox>
	</object>
</annotation>
