<annotation>
	<folder></folder>
	<filename>frame_1141_jpg.rf.a25696b66155c7c16bac8786ae4edf6e.jpg</filename>
	<path>frame_1141_jpg.rf.a25696b66155c7c16bac8786ae4edf6e.jpg</path>
	<source>
		<database>roboflow.ai</database>
	</source>
	<size>
		<width>416</width>
		<height>416</height>
		<depth>3</depth>
	</size>
	<segmented>0</segmented>
	<object>
		<name>car</name>
		<pose>Unspecified</pose>
		<truncated>0</truncated>
		<difficult>0</difficult>
		<occluded>0</occluded>
		<bndbox>
			<xmin>156</xmin>
			<xmax>220</xmax>
			<ymin>115</ymin>
			<ymax>199</ymax>
		</bndbox>
	</object>
	<object>
		<name>motorbike</name>
		<pose>Unspecified</pose>
		<truncated>0</truncated>
		<difficult>0</difficult>
		<occluded>0</occluded>
		<bndbox>
			<xmin>346</xmin>
			<xmax>383</xmax>
			<ymin>291</ymin>
			<ymax>383</ymax>
		</bndbox>
	</object>
</annotation>
