<annotation>
	<folder></folder>
	<filename>frame_746_jpg.rf.d9f6d3f838ce821857787fc20cbcd8c1.jpg</filename>
	<path>frame_746_jpg.rf.d9f6d3f838ce821857787fc20cbcd8c1.jpg</path>
	<source>
		<database>roboflow.ai</database>
	</source>
	<size>
		<width>416</width>
		<height>416</height>
		<depth>3</depth>
	</size>
	<segmented>0</segmented>
	<object>
		<name>van</name>
		<pose>Unspecified</pose>
		<truncated>0</truncated>
		<difficult>0</difficult>
		<occluded>0</occluded>
		<bndbox>
			<xmin>242</xmin>
			<xmax>321</xmax>
			<ymin>45</ymin>
			<ymax>195</ymax>
		</bndbox>
	</object>
</annotation>
