<annotation>
	<folder></folder>
	<filename>frame_805_jpg.rf.423f88ac1125a9a7d7670d7d1009a90b.jpg</filename>
	<path>frame_805_jpg.rf.423f88ac1125a9a7d7670d7d1009a90b.jpg</path>
	<source>
		<database>roboflow.ai</database>
	</source>
	<size>
		<width>416</width>
		<height>416</height>
		<depth>3</depth>
	</size>
	<segmented>0</segmented>
	<object>
		<name>car</name>
		<pose>Unspecified</pose>
		<truncated>0</truncated>
		<difficult>0</difficult>
		<occluded>0</occluded>
		<bndbox>
			<xmin>104</xmin>
			<xmax>204</xmax>
			<ymin>275</ymin>
			<ymax>409</ymax>
		</bndbox>
	</object>
</annotation>
