<annotation>
	<folder></folder>
	<filename>frame_731_jpg.rf.9c5788c3725efe691058b8df1cc393e6.jpg</filename>
	<path>frame_731_jpg.rf.9c5788c3725efe691058b8df1cc393e6.jpg</path>
	<source>
		<database>roboflow.ai</database>
	</source>
	<size>
		<width>416</width>
		<height>416</height>
		<depth>3</depth>
	</size>
	<segmented>0</segmented>
	<object>
		<name>car</name>
		<pose>Unspecified</pose>
		<truncated>0</truncated>
		<difficult>0</difficult>
		<occluded>0</occluded>
		<bndbox>
			<xmin>149</xmin>
			<xmax>216</xmax>
			<ymin>149</ymin>
			<ymax>264</ymax>
		</bndbox>
	</object>
	<object>
		<name>motorbike</name>
		<pose>Unspecified</pose>
		<truncated>0</truncated>
		<difficult>0</difficult>
		<occluded>0</occluded>
		<bndbox>
			<xmin>326</xmin>
			<xmax>355</xmax>
			<ymin>138</ymin>
			<ymax>226</ymax>
		</bndbox>
	</object>
</annotation>
