<annotation>
	<folder></folder>
	<filename>frame_1091_jpg.rf.e7a28bdab64a68565d4698fef6e9ee23.jpg</filename>
	<path>frame_1091_jpg.rf.e7a28bdab64a68565d4698fef6e9ee23.jpg</path>
	<source>
		<database>roboflow.ai</database>
	</source>
	<size>
		<width>416</width>
		<height>416</height>
		<depth>3</depth>
	</size>
	<segmented>0</segmented>
	<object>
		<name>auto</name>
		<pose>Unspecified</pose>
		<truncated>0</truncated>
		<difficult>0</difficult>
		<occluded>0</occluded>
		<bndbox>
			<xmin>290</xmin>
			<xmax>327</xmax>
			<ymin>93</ymin>
			<ymax>175</ymax>
		</bndbox>
	</object>
</annotation>
