<annotation>
	<folder></folder>
	<filename>frame_666_jpg.rf.225bc7b3c735c95d3fe8a877f76fbfb0.jpg</filename>
	<path>frame_666_jpg.rf.225bc7b3c735c95d3fe8a877f76fbfb0.jpg</path>
	<source>
		<database>roboflow.ai</database>
	</source>
	<size>
		<width>416</width>
		<height>416</height>
		<depth>3</depth>
	</size>
	<segmented>0</segmented>
	<object>
		<name>car</name>
		<pose>Unspecified</pose>
		<truncated>0</truncated>
		<difficult>0</difficult>
		<occluded>0</occluded>
		<bndbox>
			<xmin>170</xmin>
			<xmax>220</xmax>
			<ymin>16</ymin>
			<ymax>71</ymax>
		</bndbox>
	</object>
	<object>
		<name>car</name>
		<pose>Unspecified</pose>
		<truncated>0</truncated>
		<difficult>0</difficult>
		<occluded>0</occluded>
		<bndbox>
			<xmin>238</xmin>
			<xmax>283</xmax>
			<ymin>15</ymin>
			<ymax>73</ymax>
		</bndbox>
	</object>
</annotation>
