<annotation>
	<folder></folder>
	<filename>frame_1078_jpg.rf.f35cfbc89e0935ce78ab40a6005dedb7.jpg</filename>
	<path>frame_1078_jpg.rf.f35cfbc89e0935ce78ab40a6005dedb7.jpg</path>
	<source>
		<database>roboflow.ai</database>
	</source>
	<size>
		<width>416</width>
		<height>416</height>
		<depth>3</depth>
	</size>
	<segmented>0</segmented>
	<object>
		<name>bus</name>
		<pose>Unspecified</pose>
		<truncated>0</truncated>
		<difficult>0</difficult>
		<occluded>0</occluded>
		<bndbox>
			<xmin>229</xmin>
			<xmax>323</xmax>
			<ymin>91</ymin>
			<ymax>332</ymax>
		</bndbox>
	</object>
	<object>
		<name>motorbike</name>
		<pose>Unspecified</pose>
		<truncated>0</truncated>
		<difficult>0</difficult>
		<occluded>0</occluded>
		<bndbox>
			<xmin>94</xmin>
			<xmax>142</xmax>
			<ymin>284</ymin>
			<ymax>385</ymax>
		</bndbox>
	</object>
</annotation>
