<annotation>
	<folder></folder>
	<filename>frame_587_jpg.rf.cdd0ee3cd9e5cbc0e6b2109633e1cdbb.jpg</filename>
	<path>frame_587_jpg.rf.cdd0ee3cd9e5cbc0e6b2109633e1cdbb.jpg</path>
	<source>
		<database>roboflow.ai</database>
	</source>
	<size>
		<width>416</width>
		<height>416</height>
		<depth>3</depth>
	</size>
	<segmented>0</segmented>
	<object>
		<name>car</name>
		<pose>Unspecified</pose>
		<truncated>0</truncated>
		<difficult>0</difficult>
		<occluded>0</occluded>
		<bndbox>
			<xmin>126</xmin>
			<xmax>191</xmax>
			<ymin>182</ymin>
			<ymax>298</ymax>
		</bndbox>
	</object>
	<object>
		<name>car</name>
		<pose>Unspecified</pose>
		<truncated>0</truncated>
		<difficult>0</difficult>
		<occluded>0</occluded>
		<bndbox>
			<xmin>234</xmin>
			<xmax>322</xmax>
			<ymin>282</ymin>
			<ymax>416</ymax>
		</bndbox>
	</object>
	<object>
		<name>motorbike</name>
		<pose>Unspecified</pose>
		<truncated>0</truncated>
		<difficult>0</difficult>
		<occluded>0</occluded>
		<bndbox>
			<xmin>264</xmin>
			<xmax>286</xmax>
			<ymin>16</ymin>
			<ymax>68</ymax>
		</bndbox>
	</object>
	<object>
		<name>car</name>
		<pose>Unspecified</pose>
		<truncated>0</truncated>
		<difficult>0</difficult>
		<occluded>0</occluded>
		<bndbox>
			<xmin>189</xmin>
			<xmax>263</xmax>
			<ymin>108</ymin>
			<ymax>201</ymax>
		</bndbox>
	</object>
</annotation>
