<annotation>
	<folder></folder>
	<filename>frame_988_jpg.rf.9eb10f26c626184345489b0dc73181a0.jpg</filename>
	<path>frame_988_jpg.rf.9eb10f26c626184345489b0dc73181a0.jpg</path>
	<source>
		<database>roboflow.ai</database>
	</source>
	<size>
		<width>416</width>
		<height>416</height>
		<depth>3</depth>
	</size>
	<segmented>0</segmented>
	<object>
		<name>motorbike</name>
		<pose>Unspecified</pose>
		<truncated>0</truncated>
		<difficult>0</difficult>
		<occluded>0</occluded>
		<bndbox>
			<xmin>367</xmin>
			<xmax>393</xmax>
			<ymin>318</ymin>
			<ymax>408</ymax>
		</bndbox>
	</object>
	<object>
		<name>car</name>
		<pose>Unspecified</pose>
		<truncated>0</truncated>
		<difficult>0</difficult>
		<occluded>0</occluded>
		<bndbox>
			<xmin>234</xmin>
			<xmax>297</xmax>
			<ymin>57</ymin>
			<ymax>129</ymax>
		</bndbox>
	</object>
</annotation>
