<annotation>
	<folder></folder>
	<filename>frame_640_jpg.rf.ac48ff3d7416144ec768ee9ea213a54c.jpg</filename>
	<path>frame_640_jpg.rf.ac48ff3d7416144ec768ee9ea213a54c.jpg</path>
	<source>
		<database>roboflow.ai</database>
	</source>
	<size>
		<width>416</width>
		<height>416</height>
		<depth>3</depth>
	</size>
	<segmented>0</segmented>
	<object>
		<name>motorbike</name>
		<pose>Unspecified</pose>
		<truncated>0</truncated>
		<difficult>0</difficult>
		<occluded>0</occluded>
		<bndbox>
			<xmin>285</xmin>
			<xmax>309</xmax>
			<ymin>16</ymin>
			<ymax>58</ymax>
		</bndbox>
	</object>
	<object>
		<name>motorbike</name>
		<pose>Unspecified</pose>
		<truncated>0</truncated>
		<difficult>0</difficult>
		<occluded>0</occluded>
		<bndbox>
			<xmin>191</xmin>
			<xmax>227</xmax>
			<ymin>136</ymin>
			<ymax>229</ymax>
		</bndbox>
	</object>
</annotation>
