<annotation>
	<folder></folder>
	<filename>frame_1062_jpg.rf.59f8001c7d80e85e335867c4c11de4ed.jpg</filename>
	<path>frame_1062_jpg.rf.59f8001c7d80e85e335867c4c11de4ed.jpg</path>
	<source>
		<database>roboflow.ai</database>
	</source>
	<size>
		<width>416</width>
		<height>416</height>
		<depth>3</depth>
	</size>
	<segmented>0</segmented>
	<object>
		<name>minitruck</name>
		<pose>Unspecified</pose>
		<truncated>0</truncated>
		<difficult>0</difficult>
		<occluded>0</occluded>
		<bndbox>
			<xmin>95</xmin>
			<xmax>170</xmax>
			<ymin>225</ymin>
			<ymax>403</ymax>
		</bndbox>
	</object>
	<object>
		<name>minitruck</name>
		<pose>Unspecified</pose>
		<truncated>0</truncated>
		<difficult>0</difficult>
		<occluded>0</occluded>
		<bndbox>
			<xmin>297</xmin>
			<xmax>341</xmax>
			<ymin>69</ymin>
			<ymax>166</ymax>
		</bndbox>
	</object>
	<object>
		<name>car</name>
		<pose>Unspecified</pose>
		<truncated>0</truncated>
		<difficult>0</difficult>
		<occluded>0</occluded>
		<bndbox>
			<xmin>180</xmin>
			<xmax>247</xmax>
			<ymin>144</ymin>
			<ymax>246</ymax>
		</bndbox>
	</object>
</annotation>
