<annotation>
	<folder></folder>
	<filename>frame_1076_jpg.rf.49d5a623b0b8b1065b57915a41a7c404.jpg</filename>
	<path>frame_1076_jpg.rf.49d5a623b0b8b1065b57915a41a7c404.jpg</path>
	<source>
		<database>roboflow.ai</database>
	</source>
	<size>
		<width>416</width>
		<height>416</height>
		<depth>3</depth>
	</size>
	<segmented>0</segmented>
	<object>
		<name>motorbike</name>
		<pose>Unspecified</pose>
		<truncated>0</truncated>
		<difficult>0</difficult>
		<occluded>0</occluded>
		<bndbox>
			<xmin>56</xmin>
			<xmax>94</xmax>
			<ymin>341</ymin>
			<ymax>415</ymax>
		</bndbox>
	</object>
</annotation>
