<annotation>
	<folder></folder>
	<filename>frame_1093_jpg.rf.d591feed258fb22a20be7f74e4e46200.jpg</filename>
	<path>frame_1093_jpg.rf.d591feed258fb22a20be7f74e4e46200.jpg</path>
	<source>
		<database>roboflow.ai</database>
	</source>
	<size>
		<width>416</width>
		<height>416</height>
		<depth>3</depth>
	</size>
	<segmented>0</segmented>
	<object>
		<name>motorbike</name>
		<pose>Unspecified</pose>
		<truncated>0</truncated>
		<difficult>0</difficult>
		<occluded>0</occluded>
		<bndbox>
			<xmin>242</xmin>
			<xmax>268</xmax>
			<ymin>22</ymin>
			<ymax>78</ymax>
		</bndbox>
	</object>
	<object>
		<name>motorbike</name>
		<pose>Unspecified</pose>
		<truncated>0</truncated>
		<difficult>0</difficult>
		<occluded>0</occluded>
		<bndbox>
			<xmin>214</xmin>
			<xmax>234</xmax>
			<ymin>16</ymin>
			<ymax>46</ymax>
		</bndbox>
	</object>
</annotation>
