<annotation>
	<folder></folder>
	<filename>frame_1211_jpg.rf.8d852116fbc3fb3ef7646b777237f990.jpg</filename>
	<path>frame_1211_jpg.rf.8d852116fbc3fb3ef7646b777237f990.jpg</path>
	<source>
		<database>roboflow.ai</database>
	</source>
	<size>
		<width>416</width>
		<height>416</height>
		<depth>3</depth>
	</size>
	<segmented>0</segmented>
	<object>
		<name>motorbike</name>
		<pose>Unspecified</pose>
		<truncated>0</truncated>
		<difficult>0</difficult>
		<occluded>0</occluded>
		<bndbox>
			<xmin>340</xmin>
			<xmax>380</xmax>
			<ymin>243</ymin>
			<ymax>337</ymax>
		</bndbox>
	</object>
</annotation>
