<annotation>
	<folder></folder>
	<filename>frame_703_jpg.rf.7c4eacb98440cbb4bf7ab80ef5a5d0ed.jpg</filename>
	<path>frame_703_jpg.rf.7c4eacb98440cbb4bf7ab80ef5a5d0ed.jpg</path>
	<source>
		<database>roboflow.ai</database>
	</source>
	<size>
		<width>416</width>
		<height>416</height>
		<depth>3</depth>
	</size>
	<segmented>0</segmented>
	<object>
		<name>motorbike</name>
		<pose>Unspecified</pose>
		<truncated>0</truncated>
		<difficult>0</difficult>
		<occluded>0</occluded>
		<bndbox>
			<xmin>322</xmin>
			<xmax>357</xmax>
			<ymin>205</ymin>
			<ymax>305</ymax>
		</bndbox>
	</object>
	<object>
		<name>car</name>
		<pose>Unspecified</pose>
		<truncated>0</truncated>
		<difficult>0</difficult>
		<occluded>0</occluded>
		<bndbox>
			<xmin>247</xmin>
			<xmax>297</xmax>
			<ymin>14</ymin>
			<ymax>42</ymax>
		</bndbox>
	</object>
</annotation>
