<annotation>
	<folder></folder>
	<filename>frame_1100_jpg.rf.d3328c4c310c7ff1202bc3feaa4f7691.jpg</filename>
	<path>frame_1100_jpg.rf.d3328c4c310c7ff1202bc3feaa4f7691.jpg</path>
	<source>
		<database>roboflow.ai</database>
	</source>
	<size>
		<width>416</width>
		<height>416</height>
		<depth>3</depth>
	</size>
	<segmented>0</segmented>
	<object>
		<name>car</name>
		<pose>Unspecified</pose>
		<truncated>0</truncated>
		<difficult>0</difficult>
		<occluded>0</occluded>
		<bndbox>
			<xmin>156</xmin>
			<xmax>256</xmax>
			<ymin>224</ymin>
			<ymax>390</ymax>
		</bndbox>
	</object>
</annotation>
