<annotation>
	<folder></folder>
	<filename>frame_737_jpg.rf.561d205e18cd7dc9de42d2eb8b9d2c40.jpg</filename>
	<path>frame_737_jpg.rf.561d205e18cd7dc9de42d2eb8b9d2c40.jpg</path>
	<source>
		<database>roboflow.ai</database>
	</source>
	<size>
		<width>416</width>
		<height>416</height>
		<depth>3</depth>
	</size>
	<segmented>0</segmented>
	<object>
		<name>car</name>
		<pose>Unspecified</pose>
		<truncated>0</truncated>
		<difficult>0</difficult>
		<occluded>0</occluded>
		<bndbox>
			<xmin>141</xmin>
			<xmax>196</xmax>
			<ymin>21</ymin>
			<ymax>98</ymax>
		</bndbox>
	</object>
</annotation>
