<annotation>
	<folder></folder>
	<filename>frame_664_jpg.rf.c5ac7661390865c3db0f91f99ba98e64.jpg</filename>
	<path>frame_664_jpg.rf.c5ac7661390865c3db0f91f99ba98e64.jpg</path>
	<source>
		<database>roboflow.ai</database>
	</source>
	<size>
		<width>416</width>
		<height>416</height>
		<depth>3</depth>
	</size>
	<segmented>0</segmented>
	<object>
		<name>bus</name>
		<pose>Unspecified</pose>
		<truncated>0</truncated>
		<difficult>0</difficult>
		<occluded>0</occluded>
		<bndbox>
			<xmin>122</xmin>
			<xmax>231</xmax>
			<ymin>226</ymin>
			<ymax>416</ymax>
		</bndbox>
	</object>
	<object>
		<name>motorbike</name>
		<pose>Unspecified</pose>
		<truncated>0</truncated>
		<difficult>0</difficult>
		<occluded>0</occluded>
		<bndbox>
			<xmin>290</xmin>
			<xmax>309</xmax>
			<ymin>16</ymin>
			<ymax>72</ymax>
		</bndbox>
	</object>
</annotation>
