<annotation>
	<folder></folder>
	<filename>frame_1106_jpg.rf.d64128c062547e298a5f06c8cf374ac0.jpg</filename>
	<path>frame_1106_jpg.rf.d64128c062547e298a5f06c8cf374ac0.jpg</path>
	<source>
		<database>roboflow.ai</database>
	</source>
	<size>
		<width>416</width>
		<height>416</height>
		<depth>3</depth>
	</size>
	<segmented>0</segmented>
	<object>
		<name>motorbike</name>
		<pose>Unspecified</pose>
		<truncated>0</truncated>
		<difficult>0</difficult>
		<occluded>0</occluded>
		<bndbox>
			<xmin>316</xmin>
			<xmax>336</xmax>
			<ymin>35</ymin>
			<ymax>87</ymax>
		</bndbox>
	</object>
</annotation>
