<annotation>
	<folder></folder>
	<filename>frame_1248_jpg.rf.dfbc1c6ef043e6ff5acc5440808fae45.jpg</filename>
	<path>frame_1248_jpg.rf.dfbc1c6ef043e6ff5acc5440808fae45.jpg</path>
	<source>
		<database>roboflow.ai</database>
	</source>
	<size>
		<width>416</width>
		<height>416</height>
		<depth>3</depth>
	</size>
	<segmented>0</segmented>
	<object>
		<name>car</name>
		<pose>Unspecified</pose>
		<truncated>0</truncated>
		<difficult>0</difficult>
		<occluded>0</occluded>
		<bndbox>
			<xmin>57</xmin>
			<xmax>152</xmax>
			<ymin>334</ymin>
			<ymax>416</ymax>
		</bndbox>
	</object>
	<object>
		<name>car</name>
		<pose>Unspecified</pose>
		<truncated>0</truncated>
		<difficult>0</difficult>
		<occluded>0</occluded>
		<bndbox>
			<xmin>197</xmin>
			<xmax>288</xmax>
			<ymin>201</ymin>
			<ymax>361</ymax>
		</bndbox>
	</object>
	<object>
		<name>car</name>
		<pose>Unspecified</pose>
		<truncated>0</truncated>
		<difficult>0</difficult>
		<occluded>0</occluded>
		<bndbox>
			<xmin>274</xmin>
			<xmax>320</xmax>
			<ymin>32</ymin>
			<ymax>109</ymax>
		</bndbox>
	</object>
</annotation>
