<annotation>
	<folder></folder>
	<filename>frame_702_jpg.rf.2bb65f2e9cc2d37e8659ad6c5d12228e.jpg</filename>
	<path>frame_702_jpg.rf.2bb65f2e9cc2d37e8659ad6c5d12228e.jpg</path>
	<source>
		<database>roboflow.ai</database>
	</source>
	<size>
		<width>416</width>
		<height>416</height>
		<depth>3</depth>
	</size>
	<segmented>0</segmented>
	<object>
		<name>motorbike</name>
		<pose>Unspecified</pose>
		<truncated>0</truncated>
		<difficult>0</difficult>
		<occluded>0</occluded>
		<bndbox>
			<xmin>311</xmin>
			<xmax>339</xmax>
			<ymin>37</ymin>
			<ymax>101</ymax>
		</bndbox>
	</object>
</annotation>
