<annotation>
	<folder></folder>
	<filename>frame_796_jpg.rf.62969cdb4964ddb92c8885bd43e0f635.jpg</filename>
	<path>frame_796_jpg.rf.62969cdb4964ddb92c8885bd43e0f635.jpg</path>
	<source>
		<database>roboflow.ai</database>
	</source>
	<size>
		<width>416</width>
		<height>416</height>
		<depth>3</depth>
	</size>
	<segmented>0</segmented>
	<object>
		<name>motorbike</name>
		<pose>Unspecified</pose>
		<truncated>0</truncated>
		<difficult>0</difficult>
		<occluded>0</occluded>
		<bndbox>
			<xmin>312</xmin>
			<xmax>353</xmax>
			<ymin>320</ymin>
			<ymax>416</ymax>
		</bndbox>
	</object>
	<object>
		<name>car</name>
		<pose>Unspecified</pose>
		<truncated>0</truncated>
		<difficult>0</difficult>
		<occluded>0</occluded>
		<bndbox>
			<xmin>203</xmin>
			<xmax>286</xmax>
			<ymin>257</ymin>
			<ymax>388</ymax>
		</bndbox>
	</object>
</annotation>
