<annotation>
	<folder></folder>
	<filename>frame_895_jpg.rf.9c1c2fb5ea67c612a0d5e82bd413ac3e.jpg</filename>
	<path>frame_895_jpg.rf.9c1c2fb5ea67c612a0d5e82bd413ac3e.jpg</path>
	<source>
		<database>roboflow.ai</database>
	</source>
	<size>
		<width>416</width>
		<height>416</height>
		<depth>3</depth>
	</size>
	<segmented>0</segmented>
	<object>
		<name>motorbike</name>
		<pose>Unspecified</pose>
		<truncated>0</truncated>
		<difficult>0</difficult>
		<occluded>0</occluded>
		<bndbox>
			<xmin>250</xmin>
			<xmax>278</xmax>
			<ymin>48</ymin>
			<ymax>118</ymax>
		</bndbox>
	</object>
	<object>
		<name>motorbike</name>
		<pose>Unspecified</pose>
		<truncated>0</truncated>
		<difficult>0</difficult>
		<occluded>0</occluded>
		<bndbox>
			<xmin>276</xmin>
			<xmax>306</xmax>
			<ymin>202</ymin>
			<ymax>302</ymax>
		</bndbox>
	</object>
</annotation>
