<annotation>
	<folder></folder>
	<filename>frame_866_jpg.rf.5b111843c6d886452212adba0d30ca41.jpg</filename>
	<path>frame_866_jpg.rf.5b111843c6d886452212adba0d30ca41.jpg</path>
	<source>
		<database>roboflow.ai</database>
	</source>
	<size>
		<width>416</width>
		<height>416</height>
		<depth>3</depth>
	</size>
	<segmented>0</segmented>
	<object>
		<name>motorbike</name>
		<pose>Unspecified</pose>
		<truncated>0</truncated>
		<difficult>0</difficult>
		<occluded>0</occluded>
		<bndbox>
			<xmin>307</xmin>
			<xmax>329</xmax>
			<ymin>8</ymin>
			<ymax>36</ymax>
		</bndbox>
	</object>
	<object>
		<name>motorbike</name>
		<pose>Unspecified</pose>
		<truncated>0</truncated>
		<difficult>0</difficult>
		<occluded>0</occluded>
		<bndbox>
			<xmin>270</xmin>
			<xmax>296</xmax>
			<ymin>51</ymin>
			<ymax>113</ymax>
		</bndbox>
	</object>
</annotation>
