<annotation>
	<folder></folder>
	<filename>frame_694_jpg.rf.dce81f65a92c1b61b4a3dc2fd5f3546d.jpg</filename>
	<path>frame_694_jpg.rf.dce81f65a92c1b61b4a3dc2fd5f3546d.jpg</path>
	<source>
		<database>roboflow.ai</database>
	</source>
	<size>
		<width>416</width>
		<height>416</height>
		<depth>3</depth>
	</size>
	<segmented>0</segmented>
	<object>
		<name>motorbike</name>
		<pose>Unspecified</pose>
		<truncated>0</truncated>
		<difficult>0</difficult>
		<occluded>0</occluded>
		<bndbox>
			<xmin>296</xmin>
			<xmax>338</xmax>
			<ymin>185</ymin>
			<ymax>278</ymax>
		</bndbox>
	</object>
	<object>
		<name>auto</name>
		<pose>Unspecified</pose>
		<truncated>0</truncated>
		<difficult>0</difficult>
		<occluded>0</occluded>
		<bndbox>
			<xmin>277</xmin>
			<xmax>326</xmax>
			<ymin>41</ymin>
			<ymax>118</ymax>
		</bndbox>
	</object>
</annotation>
