<annotation>
	<folder></folder>
	<filename>frame_653_jpg.rf.29089e973878feb7c1250a2c5dd01a95.jpg</filename>
	<path>frame_653_jpg.rf.29089e973878feb7c1250a2c5dd01a95.jpg</path>
	<source>
		<database>roboflow.ai</database>
	</source>
	<size>
		<width>416</width>
		<height>416</height>
		<depth>3</depth>
	</size>
	<segmented>0</segmented>
	<object>
		<name>auto</name>
		<pose>Unspecified</pose>
		<truncated>0</truncated>
		<difficult>0</difficult>
		<occluded>0</occluded>
		<bndbox>
			<xmin>219</xmin>
			<xmax>264</xmax>
			<ymin>48</ymin>
			<ymax>132</ymax>
		</bndbox>
	</object>
</annotation>
