<annotation>
	<folder></folder>
	<filename>frame_797_jpg.rf.0ddac73b761adfb509fbc2987541579b.jpg</filename>
	<path>frame_797_jpg.rf.0ddac73b761adfb509fbc2987541579b.jpg</path>
	<source>
		<database>roboflow.ai</database>
	</source>
	<size>
		<width>416</width>
		<height>416</height>
		<depth>3</depth>
	</size>
	<segmented>0</segmented>
	<object>
		<name>car</name>
		<pose>Unspecified</pose>
		<truncated>0</truncated>
		<difficult>0</difficult>
		<occluded>0</occluded>
		<bndbox>
			<xmin>145</xmin>
			<xmax>212</xmax>
			<ymin>48</ymin>
			<ymax>150</ymax>
		</bndbox>
	</object>
</annotation>
