<annotation>
	<folder></folder>
	<filename>frame_1083_jpg.rf.ab7c2da221f63619371a9097cbec467c.jpg</filename>
	<path>frame_1083_jpg.rf.ab7c2da221f63619371a9097cbec467c.jpg</path>
	<source>
		<database>roboflow.ai</database>
	</source>
	<size>
		<width>416</width>
		<height>416</height>
		<depth>3</depth>
	</size>
	<segmented>0</segmented>
	<object>
		<name>bus</name>
		<pose>Unspecified</pose>
		<truncated>0</truncated>
		<difficult>0</difficult>
		<occluded>0</occluded>
		<bndbox>
			<xmin>246</xmin>
			<xmax>313</xmax>
			<ymin>19</ymin>
			<ymax>96</ymax>
		</bndbox>
	</object>
	<object>
		<name>motorbike</name>
		<pose>Unspecified</pose>
		<truncated>0</truncated>
		<difficult>0</difficult>
		<occluded>0</occluded>
		<bndbox>
			<xmin>340</xmin>
			<xmax>361</xmax>
			<ymin>27</ymin>
			<ymax>76</ymax>
		</bndbox>
	</object>
</annotation>
