<annotation>
	<folder></folder>
	<filename>frame_1256_jpg.rf.0af8bdb3df79b6ee143af73e47ad5efd.jpg</filename>
	<path>frame_1256_jpg.rf.0af8bdb3df79b6ee143af73e47ad5efd.jpg</path>
	<source>
		<database>roboflow.ai</database>
	</source>
	<size>
		<width>416</width>
		<height>416</height>
		<depth>3</depth>
	</size>
	<segmented>0</segmented>
	<object>
		<name>bus</name>
		<pose>Unspecified</pose>
		<truncated>0</truncated>
		<difficult>0</difficult>
		<occluded>0</occluded>
		<bndbox>
			<xmin>279</xmin>
			<xmax>352</xmax>
			<ymin>18</ymin>
			<ymax>96</ymax>
		</bndbox>
	</object>
	<object>
		<name>car</name>
		<pose>Unspecified</pose>
		<truncated>0</truncated>
		<difficult>0</difficult>
		<occluded>0</occluded>
		<bndbox>
			<xmin>213</xmin>
			<xmax>259</xmax>
			<ymin>54</ymin>
			<ymax>118</ymax>
		</bndbox>
	</object>
	<object>
		<name>motorbike</name>
		<pose>Unspecified</pose>
		<truncated>0</truncated>
		<difficult>0</difficult>
		<occluded>0</occluded>
		<bndbox>
			<xmin>236</xmin>
			<xmax>262</xmax>
			<ymin>17</ymin>
			<ymax>47</ymax>
		</bndbox>
	</object>
</annotation>
