<annotation>
	<folder></folder>
	<filename>frame_1407_jpg.rf.b603518a38ece957a7a3ad1ee0043d45.jpg</filename>
	<path>frame_1407_jpg.rf.b603518a38ece957a7a3ad1ee0043d45.jpg</path>
	<source>
		<database>roboflow.ai</database>
	</source>
	<size>
		<width>416</width>
		<height>416</height>
		<depth>3</depth>
	</size>
	<segmented>0</segmented>
	<object>
		<name>motorbike</name>
		<pose>Unspecified</pose>
		<truncated>0</truncated>
		<difficult>0</difficult>
		<occluded>0</occluded>
		<bndbox>
			<xmin>171</xmin>
			<xmax>203</xmax>
			<ymin>175</ymin>
			<ymax>259</ymax>
		</bndbox>
	</object>
	<object>
		<name>minitruck</name>
		<pose>Unspecified</pose>
		<truncated>0</truncated>
		<difficult>0</difficult>
		<occluded>0</occluded>
		<bndbox>
			<xmin>224</xmin>
			<xmax>285</xmax>
			<ymin>146</ymin>
			<ymax>324</ymax>
		</bndbox>
	</object>
</annotation>
