<annotation>
	<folder></folder>
	<filename>frame_652_jpg.rf.313dbf1e3732184c9e5001326aa8100f.jpg</filename>
	<path>frame_652_jpg.rf.313dbf1e3732184c9e5001326aa8100f.jpg</path>
	<source>
		<database>roboflow.ai</database>
	</source>
	<size>
		<width>416</width>
		<height>416</height>
		<depth>3</depth>
	</size>
	<segmented>0</segmented>
	<object>
		<name>motorbike</name>
		<pose>Unspecified</pose>
		<truncated>0</truncated>
		<difficult>0</difficult>
		<occluded>0</occluded>
		<bndbox>
			<xmin>242</xmin>
			<xmax>283</xmax>
			<ymin>305</ymin>
			<ymax>416</ymax>
		</bndbox>
	</object>
	<object>
		<name>motorbike</name>
		<pose>Unspecified</pose>
		<truncated>0</truncated>
		<difficult>0</difficult>
		<occluded>0</occluded>
		<bndbox>
			<xmin>321</xmin>
			<xmax>368</xmax>
			<ymin>300</ymin>
			<ymax>416</ymax>
		</bndbox>
	</object>
</annotation>
