<annotation>
	<folder></folder>
	<filename>frame_1386_jpg.rf.dad32ea726aa9a6929880a2a17cb18ec.jpg</filename>
	<path>frame_1386_jpg.rf.dad32ea726aa9a6929880a2a17cb18ec.jpg</path>
	<source>
		<database>roboflow.ai</database>
	</source>
	<size>
		<width>416</width>
		<height>416</height>
		<depth>3</depth>
	</size>
	<segmented>0</segmented>
	<object>
		<name>car</name>
		<pose>Unspecified</pose>
		<truncated>0</truncated>
		<difficult>0</difficult>
		<occluded>0</occluded>
		<bndbox>
			<xmin>178</xmin>
			<xmax>235</xmax>
			<ymin>32</ymin>
			<ymax>102</ymax>
		</bndbox>
	</object>
	<object>
		<name>motorbike</name>
		<pose>Unspecified</pose>
		<truncated>0</truncated>
		<difficult>0</difficult>
		<occluded>0</occluded>
		<bndbox>
			<xmin>269</xmin>
			<xmax>304</xmax>
			<ymin>164</ymin>
			<ymax>244</ymax>
		</bndbox>
	</object>
</annotation>
