<annotation>
	<folder></folder>
	<filename>frame_701_jpg.rf.af0440686b054d77e8ab775fc1525f48.jpg</filename>
	<path>frame_701_jpg.rf.af0440686b054d77e8ab775fc1525f48.jpg</path>
	<source>
		<database>roboflow.ai</database>
	</source>
	<size>
		<width>416</width>
		<height>416</height>
		<depth>3</depth>
	</size>
	<segmented>0</segmented>
	<object>
		<name>car</name>
		<pose>Unspecified</pose>
		<truncated>0</truncated>
		<difficult>0</difficult>
		<occluded>0</occluded>
		<bndbox>
			<xmin>207</xmin>
			<xmax>295</xmax>
			<ymin>254</ymin>
			<ymax>414</ymax>
		</bndbox>
	</object>
</annotation>
