<annotation>
	<folder></folder>
	<filename>frame_1272_jpg.rf.a5331540ce0552c994bd41352d9fa32a.jpg</filename>
	<path>frame_1272_jpg.rf.a5331540ce0552c994bd41352d9fa32a.jpg</path>
	<source>
		<database>roboflow.ai</database>
	</source>
	<size>
		<width>416</width>
		<height>416</height>
		<depth>3</depth>
	</size>
	<segmented>0</segmented>
	<object>
		<name>motorbike</name>
		<pose>Unspecified</pose>
		<truncated>0</truncated>
		<difficult>0</difficult>
		<occluded>0</occluded>
		<bndbox>
			<xmin>304</xmin>
			<xmax>343</xmax>
			<ymin>279</ymin>
			<ymax>395</ymax>
		</bndbox>
	</object>
</annotation>
