<annotation>
	<folder></folder>
	<filename>frame_603_jpg.rf.faeda6b5e0ddc8df169d7211606dbb1e.jpg</filename>
	<path>frame_603_jpg.rf.faeda6b5e0ddc8df169d7211606dbb1e.jpg</path>
	<source>
		<database>roboflow.ai</database>
	</source>
	<size>
		<width>416</width>
		<height>416</height>
		<depth>3</depth>
	</size>
	<segmented>0</segmented>
	<object>
		<name>car</name>
		<pose>Unspecified</pose>
		<truncated>0</truncated>
		<difficult>0</difficult>
		<occluded>0</occluded>
		<bndbox>
			<xmin>164</xmin>
			<xmax>216</xmax>
			<ymin>31</ymin>
			<ymax>108</ymax>
		</bndbox>
	</object>
</annotation>
