<annotation>
	<folder></folder>
	<filename>frame_584_jpg.rf.2fcbe636ae8337b65e71b50a93daaf60.jpg</filename>
	<path>frame_584_jpg.rf.2fcbe636ae8337b65e71b50a93daaf60.jpg</path>
	<source>
		<database>roboflow.ai</database>
	</source>
	<size>
		<width>416</width>
		<height>416</height>
		<depth>3</depth>
	</size>
	<segmented>0</segmented>
	<object>
		<name>car</name>
		<pose>Unspecified</pose>
		<truncated>0</truncated>
		<difficult>0</difficult>
		<occluded>0</occluded>
		<bndbox>
			<xmin>207</xmin>
			<xmax>297</xmax>
			<ymin>306</ymin>
			<ymax>415</ymax>
		</bndbox>
	</object>
	<object>
		<name>car</name>
		<pose>Unspecified</pose>
		<truncated>0</truncated>
		<difficult>0</difficult>
		<occluded>0</occluded>
		<bndbox>
			<xmin>138</xmin>
			<xmax>205</xmax>
			<ymin>97</ymin>
			<ymax>184</ymax>
		</bndbox>
	</object>
	<object>
		<name>motorbike</name>
		<pose>Unspecified</pose>
		<truncated>0</truncated>
		<difficult>0</difficult>
		<occluded>0</occluded>
		<bndbox>
			<xmin>318</xmin>
			<xmax>350</xmax>
			<ymin>23</ymin>
			<ymax>95</ymax>
		</bndbox>
	</object>
</annotation>
