<annotation>
	<folder></folder>
	<filename>frame_881_jpg.rf.883a2e11774b680cd96fcf82d6f9e2f1.jpg</filename>
	<path>frame_881_jpg.rf.883a2e11774b680cd96fcf82d6f9e2f1.jpg</path>
	<source>
		<database>roboflow.ai</database>
	</source>
	<size>
		<width>416</width>
		<height>416</height>
		<depth>3</depth>
	</size>
	<segmented>0</segmented>
	<object>
		<name>motorbike</name>
		<pose>Unspecified</pose>
		<truncated>0</truncated>
		<difficult>0</difficult>
		<occluded>0</occluded>
		<bndbox>
			<xmin>335</xmin>
			<xmax>376</xmax>
			<ymin>277</ymin>
			<ymax>390</ymax>
		</bndbox>
	</object>
	<object>
		<name>car</name>
		<pose>Unspecified</pose>
		<truncated>0</truncated>
		<difficult>0</difficult>
		<occluded>0</occluded>
		<bndbox>
			<xmin>177</xmin>
			<xmax>235</xmax>
			<ymin>161</ymin>
			<ymax>279</ymax>
		</bndbox>
	</object>
	<object>
		<name>bus</name>
		<pose>Unspecified</pose>
		<truncated>0</truncated>
		<difficult>0</difficult>
		<occluded>0</occluded>
		<bndbox>
			<xmin>230</xmin>
			<xmax>304</xmax>
			<ymin>14</ymin>
			<ymax>84</ymax>
		</bndbox>
	</object>
	<object>
		<name>car</name>
		<pose>Unspecified</pose>
		<truncated>0</truncated>
		<difficult>0</difficult>
		<occluded>0</occluded>
		<bndbox>
			<xmin>159</xmin>
			<xmax>213</xmax>
			<ymin>17</ymin>
			<ymax>75</ymax>
		</bndbox>
	</object>
</annotation>
