<annotation>
	<folder></folder>
	<filename>frame_704_jpg.rf.c1ca17d7059e77e2fb7ee8187640607b.jpg</filename>
	<path>frame_704_jpg.rf.c1ca17d7059e77e2fb7ee8187640607b.jpg</path>
	<source>
		<database>roboflow.ai</database>
	</source>
	<size>
		<width>416</width>
		<height>416</height>
		<depth>3</depth>
	</size>
	<segmented>0</segmented>
	<object>
		<name>car</name>
		<pose>Unspecified</pose>
		<truncated>0</truncated>
		<difficult>0</difficult>
		<occluded>0</occluded>
		<bndbox>
			<xmin>204</xmin>
			<xmax>288</xmax>
			<ymin>171</ymin>
			<ymax>309</ymax>
		</bndbox>
	</object>
	<object>
		<name>motorbike</name>
		<pose>Unspecified</pose>
		<truncated>0</truncated>
		<difficult>0</difficult>
		<occluded>0</occluded>
		<bndbox>
			<xmin>216</xmin>
			<xmax>242</xmax>
			<ymin>16</ymin>
			<ymax>80</ymax>
		</bndbox>
	</object>
</annotation>
