<annotation>
	<folder></folder>
	<filename>frame_1145_jpg.rf.22846e02eee45581308b02a04d7b9ceb.jpg</filename>
	<path>frame_1145_jpg.rf.22846e02eee45581308b02a04d7b9ceb.jpg</path>
	<source>
		<database>roboflow.ai</database>
	</source>
	<size>
		<width>416</width>
		<height>416</height>
		<depth>3</depth>
	</size>
	<segmented>0</segmented>
	<object>
		<name>car</name>
		<pose>Unspecified</pose>
		<truncated>0</truncated>
		<difficult>0</difficult>
		<occluded>0</occluded>
		<bndbox>
			<xmin>228</xmin>
			<xmax>278</xmax>
			<ymin>127</ymin>
			<ymax>216</ymax>
		</bndbox>
	</object>
	<object>
		<name>motorbike</name>
		<pose>Unspecified</pose>
		<truncated>0</truncated>
		<difficult>0</difficult>
		<occluded>0</occluded>
		<bndbox>
			<xmin>203</xmin>
			<xmax>230</xmax>
			<ymin>62</ymin>
			<ymax>119</ymax>
		</bndbox>
	</object>
</annotation>
