<annotation>
	<folder></folder>
	<filename>frame_859_jpg.rf.1e4b183d399d4d65e875327b3232895d.jpg</filename>
	<path>frame_859_jpg.rf.1e4b183d399d4d65e875327b3232895d.jpg</path>
	<source>
		<database>roboflow.ai</database>
	</source>
	<size>
		<width>416</width>
		<height>416</height>
		<depth>3</depth>
	</size>
	<segmented>0</segmented>
	<object>
		<name>motorbike</name>
		<pose>Unspecified</pose>
		<truncated>0</truncated>
		<difficult>0</difficult>
		<occluded>0</occluded>
		<bndbox>
			<xmin>239</xmin>
			<xmax>274</xmax>
			<ymin>177</ymin>
			<ymax>283</ymax>
		</bndbox>
	</object>
	<object>
		<name>motorbike</name>
		<pose>Unspecified</pose>
		<truncated>0</truncated>
		<difficult>0</difficult>
		<occluded>0</occluded>
		<bndbox>
			<xmin>300</xmin>
			<xmax>331</xmax>
			<ymin>85</ymin>
			<ymax>167</ymax>
		</bndbox>
	</object>
</annotation>
