<annotation>
	<folder></folder>
	<filename>frame_659_jpg.rf.11332c84b99ef67eafb799a375f629cf.jpg</filename>
	<path>frame_659_jpg.rf.11332c84b99ef67eafb799a375f629cf.jpg</path>
	<source>
		<database>roboflow.ai</database>
	</source>
	<size>
		<width>416</width>
		<height>416</height>
		<depth>3</depth>
	</size>
	<segmented>0</segmented>
	<object>
		<name>motorbike</name>
		<pose>Unspecified</pose>
		<truncated>0</truncated>
		<difficult>0</difficult>
		<occluded>0</occluded>
		<bndbox>
			<xmin>204</xmin>
			<xmax>248</xmax>
			<ymin>243</ymin>
			<ymax>355</ymax>
		</bndbox>
	</object>
</annotation>
