<annotation>
	<folder></folder>
	<filename>frame_691_jpg.rf.94d1cb41ad692616a5c46b7657928709.jpg</filename>
	<path>frame_691_jpg.rf.94d1cb41ad692616a5c46b7657928709.jpg</path>
	<source>
		<database>roboflow.ai</database>
	</source>
	<size>
		<width>416</width>
		<height>416</height>
		<depth>3</depth>
	</size>
	<segmented>0</segmented>
	<object>
		<name>car</name>
		<pose>Unspecified</pose>
		<truncated>0</truncated>
		<difficult>0</difficult>
		<occluded>0</occluded>
		<bndbox>
			<xmin>234</xmin>
			<xmax>285</xmax>
			<ymin>16</ymin>
			<ymax>71</ymax>
		</bndbox>
	</object>
</annotation>
