<annotation>
	<folder></folder>
	<filename>frame_1080_jpg.rf.7199dfce2456810f523bf37cc30b41f4.jpg</filename>
	<path>frame_1080_jpg.rf.7199dfce2456810f523bf37cc30b41f4.jpg</path>
	<source>
		<database>roboflow.ai</database>
	</source>
	<size>
		<width>416</width>
		<height>416</height>
		<depth>3</depth>
	</size>
	<segmented>0</segmented>
	<object>
		<name>car</name>
		<pose>Unspecified</pose>
		<truncated>0</truncated>
		<difficult>0</difficult>
		<occluded>0</occluded>
		<bndbox>
			<xmin>159</xmin>
			<xmax>223</xmax>
			<ymin>120</ymin>
			<ymax>222</ymax>
		</bndbox>
	</object>
	<object>
		<name>motorbike</name>
		<pose>Unspecified</pose>
		<truncated>0</truncated>
		<difficult>0</difficult>
		<occluded>0</occluded>
		<bndbox>
			<xmin>292</xmin>
			<xmax>318</xmax>
			<ymin>184</ymin>
			<ymax>269</ymax>
		</bndbox>
	</object>
</annotation>
