<annotation>
	<folder></folder>
	<filename>frame_646_jpg.rf.de75d1b4ba6a84ad79317f9e3339fda3.jpg</filename>
	<path>frame_646_jpg.rf.de75d1b4ba6a84ad79317f9e3339fda3.jpg</path>
	<source>
		<database>roboflow.ai</database>
	</source>
	<size>
		<width>416</width>
		<height>416</height>
		<depth>3</depth>
	</size>
	<segmented>0</segmented>
	<object>
		<name>minitruck</name>
		<pose>Unspecified</pose>
		<truncated>0</truncated>
		<difficult>0</difficult>
		<occluded>0</occluded>
		<bndbox>
			<xmin>274</xmin>
			<xmax>333</xmax>
			<ymin>31</ymin>
			<ymax>153</ymax>
		</bndbox>
	</object>
</annotation>
