<annotation>
	<folder></folder>
	<filename>frame_699_jpg.rf.d96531377fcceb597120d82b85ee37af.jpg</filename>
	<path>frame_699_jpg.rf.d96531377fcceb597120d82b85ee37af.jpg</path>
	<source>
		<database>roboflow.ai</database>
	</source>
	<size>
		<width>416</width>
		<height>416</height>
		<depth>3</depth>
	</size>
	<segmented>0</segmented>
	<object>
		<name>car</name>
		<pose>Unspecified</pose>
		<truncated>0</truncated>
		<difficult>0</difficult>
		<occluded>0</occluded>
		<bndbox>
			<xmin>205</xmin>
			<xmax>284</xmax>
			<ymin>187</ymin>
			<ymax>305</ymax>
		</bndbox>
	</object>
</annotation>
