<annotation>
	<folder></folder>
	<filename>frame_736_jpg.rf.f47e149822f7590f6d80ede75c0aa071.jpg</filename>
	<path>frame_736_jpg.rf.f47e149822f7590f6d80ede75c0aa071.jpg</path>
	<source>
		<database>roboflow.ai</database>
	</source>
	<size>
		<width>416</width>
		<height>416</height>
		<depth>3</depth>
	</size>
	<segmented>0</segmented>
	<object>
		<name>auto</name>
		<pose>Unspecified</pose>
		<truncated>0</truncated>
		<difficult>0</difficult>
		<occluded>0</occluded>
		<bndbox>
			<xmin>302</xmin>
			<xmax>352</xmax>
			<ymin>138</ymin>
			<ymax>241</ymax>
		</bndbox>
	</object>
	<object>
		<name>car</name>
		<pose>Unspecified</pose>
		<truncated>0</truncated>
		<difficult>0</difficult>
		<occluded>0</occluded>
		<bndbox>
			<xmin>180</xmin>
			<xmax>235</xmax>
			<ymin>20</ymin>
			<ymax>88</ymax>
		</bndbox>
	</object>
</annotation>
