<annotation>
	<folder></folder>
	<filename>frame_771_jpg.rf.bbcbf425790811acb30b724f4a93ed2c.jpg</filename>
	<path>frame_771_jpg.rf.bbcbf425790811acb30b724f4a93ed2c.jpg</path>
	<source>
		<database>roboflow.ai</database>
	</source>
	<size>
		<width>416</width>
		<height>416</height>
		<depth>3</depth>
	</size>
	<segmented>0</segmented>
	<object>
		<name>motorbike</name>
		<pose>Unspecified</pose>
		<truncated>0</truncated>
		<difficult>0</difficult>
		<occluded>0</occluded>
		<bndbox>
			<xmin>73</xmin>
			<xmax>93</xmax>
			<ymin>129</ymin>
			<ymax>203</ymax>
		</bndbox>
	</object>
	<object>
		<name>motorbike</name>
		<pose>Unspecified</pose>
		<truncated>0</truncated>
		<difficult>0</difficult>
		<occluded>0</occluded>
		<bndbox>
			<xmin>328</xmin>
			<xmax>352</xmax>
			<ymin>110</ymin>
			<ymax>187</ymax>
		</bndbox>
	</object>
	<object>
		<name>bus</name>
		<pose>Unspecified</pose>
		<truncated>0</truncated>
		<difficult>0</difficult>
		<occluded>0</occluded>
		<bndbox>
			<xmin>221</xmin>
			<xmax>299</xmax>
			<ymin>19</ymin>
			<ymax>112</ymax>
		</bndbox>
	</object>
</annotation>
