<annotation>
	<folder></folder>
	<filename>frame_857_jpg.rf.468531a55df03b86f06999515bc46e68.jpg</filename>
	<path>frame_857_jpg.rf.468531a55df03b86f06999515bc46e68.jpg</path>
	<source>
		<database>roboflow.ai</database>
	</source>
	<size>
		<width>416</width>
		<height>416</height>
		<depth>3</depth>
	</size>
	<segmented>0</segmented>
	<object>
		<name>motorbike</name>
		<pose>Unspecified</pose>
		<truncated>0</truncated>
		<difficult>0</difficult>
		<occluded>0</occluded>
		<bndbox>
			<xmin>244</xmin>
			<xmax>272</xmax>
			<ymin>95</ymin>
			<ymax>182</ymax>
		</bndbox>
	</object>
</annotation>
