<annotation>
	<folder></folder>
	<filename>frame_1031_jpg.rf.261206ba6702cba4343ce0334dec5e25.jpg</filename>
	<path>frame_1031_jpg.rf.261206ba6702cba4343ce0334dec5e25.jpg</path>
	<source>
		<database>roboflow.ai</database>
	</source>
	<size>
		<width>416</width>
		<height>416</height>
		<depth>3</depth>
	</size>
	<segmented>0</segmented>
	<object>
		<name>motorbike</name>
		<pose>Unspecified</pose>
		<truncated>0</truncated>
		<difficult>0</difficult>
		<occluded>0</occluded>
		<bndbox>
			<xmin>271</xmin>
			<xmax>295</xmax>
			<ymin>105</ymin>
			<ymax>177</ymax>
		</bndbox>
	</object>
</annotation>
