<annotation>
	<folder></folder>
	<filename>frame_660_jpg.rf.6fc7504076c3e0d8a506dd034c3bff6b.jpg</filename>
	<path>frame_660_jpg.rf.6fc7504076c3e0d8a506dd034c3bff6b.jpg</path>
	<source>
		<database>roboflow.ai</database>
	</source>
	<size>
		<width>416</width>
		<height>416</height>
		<depth>3</depth>
	</size>
	<segmented>0</segmented>
	<object>
		<name>car</name>
		<pose>Unspecified</pose>
		<truncated>0</truncated>
		<difficult>0</difficult>
		<occluded>0</occluded>
		<bndbox>
			<xmin>235</xmin>
			<xmax>283</xmax>
			<ymin>24</ymin>
			<ymax>95</ymax>
		</bndbox>
	</object>
</annotation>
