<annotation>
	<folder></folder>
	<filename>frame_650_jpg.rf.061a1e6b5b8a4cd010f402c1863de1f2.jpg</filename>
	<path>frame_650_jpg.rf.061a1e6b5b8a4cd010f402c1863de1f2.jpg</path>
	<source>
		<database>roboflow.ai</database>
	</source>
	<size>
		<width>416</width>
		<height>416</height>
		<depth>3</depth>
	</size>
	<segmented>0</segmented>
	<object>
		<name>motorbike</name>
		<pose>Unspecified</pose>
		<truncated>0</truncated>
		<difficult>0</difficult>
		<occluded>0</occluded>
		<bndbox>
			<xmin>284</xmin>
			<xmax>314</xmax>
			<ymin>13</ymin>
			<ymax>71</ymax>
		</bndbox>
	</object>
</annotation>
