<annotation>
	<folder></folder>
	<filename>frame_709_jpg.rf.7294cc32fdb68b9664bcfe32aac74020.jpg</filename>
	<path>frame_709_jpg.rf.7294cc32fdb68b9664bcfe32aac74020.jpg</path>
	<source>
		<database>roboflow.ai</database>
	</source>
	<size>
		<width>416</width>
		<height>416</height>
		<depth>3</depth>
	</size>
	<segmented>0</segmented>
	<object>
		<name>minitruck</name>
		<pose>Unspecified</pose>
		<truncated>0</truncated>
		<difficult>0</difficult>
		<occluded>0</occluded>
		<bndbox>
			<xmin>142</xmin>
			<xmax>211</xmax>
			<ymin>44</ymin>
			<ymax>176</ymax>
		</bndbox>
	</object>
	<object>
		<name>motorbike</name>
		<pose>Unspecified</pose>
		<truncated>0</truncated>
		<difficult>0</difficult>
		<occluded>0</occluded>
		<bndbox>
			<xmin>273</xmin>
			<xmax>292</xmax>
			<ymin>39</ymin>
			<ymax>101</ymax>
		</bndbox>
	</object>
	<object>
		<name>motorbike</name>
		<pose>Unspecified</pose>
		<truncated>0</truncated>
		<difficult>0</difficult>
		<occluded>0</occluded>
		<bndbox>
			<xmin>285</xmin>
			<xmax>311</xmax>
			<ymin>17</ymin>
			<ymax>51</ymax>
		</bndbox>
	</object>
</annotation>
