<annotation>
	<folder></folder>
	<filename>frame_1097_jpg.rf.a9b6e86dba2aee70e98e2ba27314b5dd.jpg</filename>
	<path>frame_1097_jpg.rf.a9b6e86dba2aee70e98e2ba27314b5dd.jpg</path>
	<source>
		<database>roboflow.ai</database>
	</source>
	<size>
		<width>416</width>
		<height>416</height>
		<depth>3</depth>
	</size>
	<segmented>0</segmented>
	<object>
		<name>motorbike</name>
		<pose>Unspecified</pose>
		<truncated>0</truncated>
		<difficult>0</difficult>
		<occluded>0</occluded>
		<bndbox>
			<xmin>259</xmin>
			<xmax>282</xmax>
			<ymin>181</ymin>
			<ymax>257</ymax>
		</bndbox>
	</object>
	<object>
		<name>motorbike</name>
		<pose>Unspecified</pose>
		<truncated>0</truncated>
		<difficult>0</difficult>
		<occluded>0</occluded>
		<bndbox>
			<xmin>294</xmin>
			<xmax>329</xmax>
			<ymin>276</ymin>
			<ymax>374</ymax>
		</bndbox>
	</object>
	<object>
		<name>motorbike</name>
		<pose>Unspecified</pose>
		<truncated>0</truncated>
		<difficult>0</difficult>
		<occluded>0</occluded>
		<bndbox>
			<xmin>290</xmin>
			<xmax>305</xmax>
			<ymin>46</ymin>
			<ymax>97</ymax>
		</bndbox>
	</object>
	<object>
		<name>motorbike</name>
		<pose>Unspecified</pose>
		<truncated>0</truncated>
		<difficult>0</difficult>
		<occluded>0</occluded>
		<bndbox>
			<xmin>301</xmin>
			<xmax>330</xmax>
			<ymin>114</ymin>
			<ymax>178</ymax>
		</bndbox>
	</object>
</annotation>
