<annotation>
	<folder></folder>
	<filename>frame_1104_jpg.rf.2e11a6d44128bc16d6905456712fe425.jpg</filename>
	<path>frame_1104_jpg.rf.2e11a6d44128bc16d6905456712fe425.jpg</path>
	<source>
		<database>roboflow.ai</database>
	</source>
	<size>
		<width>416</width>
		<height>416</height>
		<depth>3</depth>
	</size>
	<segmented>0</segmented>
	<object>
		<name>motorbike</name>
		<pose>Unspecified</pose>
		<truncated>0</truncated>
		<difficult>0</difficult>
		<occluded>0</occluded>
		<bndbox>
			<xmin>251</xmin>
			<xmax>273</xmax>
			<ymin>53</ymin>
			<ymax>110</ymax>
		</bndbox>
	</object>
	<object>
		<name>motorbike</name>
		<pose>Unspecified</pose>
		<truncated>0</truncated>
		<difficult>0</difficult>
		<occluded>0</occluded>
		<bndbox>
			<xmin>292</xmin>
			<xmax>324</xmax>
			<ymin>290</ymin>
			<ymax>390</ymax>
		</bndbox>
	</object>
</annotation>
