<annotation>
	<folder></folder>
	<filename>frame_1102_jpg.rf.4c92b49f591275b147296a402b6df1f8.jpg</filename>
	<path>frame_1102_jpg.rf.4c92b49f591275b147296a402b6df1f8.jpg</path>
	<source>
		<database>roboflow.ai</database>
	</source>
	<size>
		<width>416</width>
		<height>416</height>
		<depth>3</depth>
	</size>
	<segmented>0</segmented>
	<object>
		<name>motorbike</name>
		<pose>Unspecified</pose>
		<truncated>0</truncated>
		<difficult>0</difficult>
		<occluded>0</occluded>
		<bndbox>
			<xmin>312</xmin>
			<xmax>333</xmax>
			<ymin>19</ymin>
			<ymax>60</ymax>
		</bndbox>
	</object>
	<object>
		<name>car</name>
		<pose>Unspecified</pose>
		<truncated>0</truncated>
		<difficult>0</difficult>
		<occluded>0</occluded>
		<bndbox>
			<xmin>250</xmin>
			<xmax>300</xmax>
			<ymin>18</ymin>
			<ymax>74</ymax>
		</bndbox>
	</object>
</annotation>
