<annotation>
	<folder></folder>
	<filename>frame_696_jpg.rf.a67a1e9fc661a46339b1c3aaeb559988.jpg</filename>
	<path>frame_696_jpg.rf.a67a1e9fc661a46339b1c3aaeb559988.jpg</path>
	<source>
		<database>roboflow.ai</database>
	</source>
	<size>
		<width>416</width>
		<height>416</height>
		<depth>3</depth>
	</size>
	<segmented>0</segmented>
	<object>
		<name>car</name>
		<pose>Unspecified</pose>
		<truncated>0</truncated>
		<difficult>0</difficult>
		<occluded>0</occluded>
		<bndbox>
			<xmin>150</xmin>
			<xmax>221</xmax>
			<ymin>123</ymin>
			<ymax>232</ymax>
		</bndbox>
	</object>
</annotation>
