<annotation>
	<folder></folder>
	<filename>frame_1070_jpg.rf.2038a475cba61661d8d2b121717ffb5e.jpg</filename>
	<path>frame_1070_jpg.rf.2038a475cba61661d8d2b121717ffb5e.jpg</path>
	<source>
		<database>roboflow.ai</database>
	</source>
	<size>
		<width>416</width>
		<height>416</height>
		<depth>3</depth>
	</size>
	<segmented>0</segmented>
	<object>
		<name>motorbike</name>
		<pose>Unspecified</pose>
		<truncated>0</truncated>
		<difficult>0</difficult>
		<occluded>0</occluded>
		<bndbox>
			<xmin>320</xmin>
			<xmax>340</xmax>
			<ymin>17</ymin>
			<ymax>67</ymax>
		</bndbox>
	</object>
</annotation>
