<annotation>
	<folder></folder>
	<filename>frame_1173_jpg.rf.3fd42f20b8af23f3646b36f9c3d3ef74.jpg</filename>
	<path>frame_1173_jpg.rf.3fd42f20b8af23f3646b36f9c3d3ef74.jpg</path>
	<source>
		<database>roboflow.ai</database>
	</source>
	<size>
		<width>416</width>
		<height>416</height>
		<depth>3</depth>
	</size>
	<segmented>0</segmented>
	<object>
		<name>car</name>
		<pose>Unspecified</pose>
		<truncated>0</truncated>
		<difficult>0</difficult>
		<occluded>0</occluded>
		<bndbox>
			<xmin>158</xmin>
			<xmax>212</xmax>
			<ymin>138</ymin>
			<ymax>239</ymax>
		</bndbox>
	</object>
</annotation>
