<annotation>
	<folder></folder>
	<filename>frame_610_jpg.rf.c447aba3f578a6c0697f88c70a69d126.jpg</filename>
	<path>frame_610_jpg.rf.c447aba3f578a6c0697f88c70a69d126.jpg</path>
	<source>
		<database>roboflow.ai</database>
	</source>
	<size>
		<width>416</width>
		<height>416</height>
		<depth>3</depth>
	</size>
	<segmented>0</segmented>
	<object>
		<name>motorbike</name>
		<pose>Unspecified</pose>
		<truncated>0</truncated>
		<difficult>0</difficult>
		<occluded>0</occluded>
		<bndbox>
			<xmin>219</xmin>
			<xmax>249</xmax>
			<ymin>131</ymin>
			<ymax>221</ymax>
		</bndbox>
	</object>
</annotation>
