<annotation>
	<folder></folder>
	<filename>frame_1277_jpg.rf.64a754a43c081932f5a921e84968e643.jpg</filename>
	<path>frame_1277_jpg.rf.64a754a43c081932f5a921e84968e643.jpg</path>
	<source>
		<database>roboflow.ai</database>
	</source>
	<size>
		<width>416</width>
		<height>416</height>
		<depth>3</depth>
	</size>
	<segmented>0</segmented>
	<object>
		<name>motorbike</name>
		<pose>Unspecified</pose>
		<truncated>0</truncated>
		<difficult>0</difficult>
		<occluded>0</occluded>
		<bndbox>
			<xmin>300</xmin>
			<xmax>327</xmax>
			<ymin>152</ymin>
			<ymax>222</ymax>
		</bndbox>
	</object>
	<object>
		<name>car</name>
		<pose>Unspecified</pose>
		<truncated>0</truncated>
		<difficult>0</difficult>
		<occluded>0</occluded>
		<bndbox>
			<xmin>163</xmin>
			<xmax>224</xmax>
			<ymin>47</ymin>
			<ymax>135</ymax>
		</bndbox>
	</object>
</annotation>
