<annotation>
	<folder></folder>
	<filename>frame_897_jpg.rf.f69b6d644bc7edf605d959da43771ad5.jpg</filename>
	<path>frame_897_jpg.rf.f69b6d644bc7edf605d959da43771ad5.jpg</path>
	<source>
		<database>roboflow.ai</database>
	</source>
	<size>
		<width>416</width>
		<height>416</height>
		<depth>3</depth>
	</size>
	<segmented>0</segmented>
	<object>
		<name>motorbike</name>
		<pose>Unspecified</pose>
		<truncated>0</truncated>
		<difficult>0</difficult>
		<occluded>0</occluded>
		<bndbox>
			<xmin>319</xmin>
			<xmax>357</xmax>
			<ymin>295</ymin>
			<ymax>401</ymax>
		</bndbox>
	</object>
	<object>
		<name>motorbike</name>
		<pose>Unspecified</pose>
		<truncated>0</truncated>
		<difficult>0</difficult>
		<occluded>0</occluded>
		<bndbox>
			<xmin>329</xmin>
			<xmax>366</xmax>
			<ymin>130</ymin>
			<ymax>213</ymax>
		</bndbox>
	</object>
	<object>
		<name>motorbike</name>
		<pose>Unspecified</pose>
		<truncated>0</truncated>
		<difficult>0</difficult>
		<occluded>0</occluded>
		<bndbox>
			<xmin>170</xmin>
			<xmax>206</xmax>
			<ymin>132</ymin>
			<ymax>225</ymax>
		</bndbox>
	</object>
</annotation>
