<annotation>
	<folder></folder>
	<filename>frame_1358_jpg.rf.2eb55726c8aa419c78c148b09bf54d13.jpg</filename>
	<path>frame_1358_jpg.rf.2eb55726c8aa419c78c148b09bf54d13.jpg</path>
	<source>
		<database>roboflow.ai</database>
	</source>
	<size>
		<width>416</width>
		<height>416</height>
		<depth>3</depth>
	</size>
	<segmented>0</segmented>
	<object>
		<name>minitruck</name>
		<pose>Unspecified</pose>
		<truncated>0</truncated>
		<difficult>0</difficult>
		<occluded>0</occluded>
		<bndbox>
			<xmin>138</xmin>
			<xmax>190</xmax>
			<ymin>93</ymin>
			<ymax>197</ymax>
		</bndbox>
	</object>
	<object>
		<name>motorbike</name>
		<pose>Unspecified</pose>
		<truncated>0</truncated>
		<difficult>0</difficult>
		<occluded>0</occluded>
		<bndbox>
			<xmin>311</xmin>
			<xmax>341</xmax>
			<ymin>147</ymin>
			<ymax>232</ymax>
		</bndbox>
	</object>
</annotation>
