<annotation>
	<folder></folder>
	<filename>frame_858_jpg.rf.867c11cd407ef3e3093c5c6db8b497ad.jpg</filename>
	<path>frame_858_jpg.rf.867c11cd407ef3e3093c5c6db8b497ad.jpg</path>
	<source>
		<database>roboflow.ai</database>
	</source>
	<size>
		<width>416</width>
		<height>416</height>
		<depth>3</depth>
	</size>
	<segmented>0</segmented>
	<object>
		<name>motorbike</name>
		<pose>Unspecified</pose>
		<truncated>0</truncated>
		<difficult>0</difficult>
		<occluded>0</occluded>
		<bndbox>
			<xmin>262</xmin>
			<xmax>284</xmax>
			<ymin>18</ymin>
			<ymax>56</ymax>
		</bndbox>
	</object>
	<object>
		<name>motorbike</name>
		<pose>Unspecified</pose>
		<truncated>0</truncated>
		<difficult>0</difficult>
		<occluded>0</occluded>
		<bndbox>
			<xmin>309</xmin>
			<xmax>336</xmax>
			<ymin>122</ymin>
			<ymax>211</ymax>
		</bndbox>
	</object>
</annotation>
