<annotation>
	<folder></folder>
	<filename>frame_1128_jpg.rf.a4bc68c5e023fcdd72e8aeb9cbc93079.jpg</filename>
	<path>frame_1128_jpg.rf.a4bc68c5e023fcdd72e8aeb9cbc93079.jpg</path>
	<source>
		<database>roboflow.ai</database>
	</source>
	<size>
		<width>416</width>
		<height>416</height>
		<depth>3</depth>
	</size>
	<segmented>0</segmented>
	<object>
		<name>minitruck</name>
		<pose>Unspecified</pose>
		<truncated>0</truncated>
		<difficult>0</difficult>
		<occluded>0</occluded>
		<bndbox>
			<xmin>263</xmin>
			<xmax>347</xmax>
			<ymin>223</ymin>
			<ymax>413</ymax>
		</bndbox>
	</object>
</annotation>
