<annotation>
	<folder></folder>
	<filename>frame_900_jpg.rf.c9f851eb361c3f52765f337f7faa4bbf.jpg</filename>
	<path>frame_900_jpg.rf.c9f851eb361c3f52765f337f7faa4bbf.jpg</path>
	<source>
		<database>roboflow.ai</database>
	</source>
	<size>
		<width>416</width>
		<height>416</height>
		<depth>3</depth>
	</size>
	<segmented>0</segmented>
	<object>
		<name>motorbike</name>
		<pose>Unspecified</pose>
		<truncated>0</truncated>
		<difficult>0</difficult>
		<occluded>0</occluded>
		<bndbox>
			<xmin>154</xmin>
			<xmax>180</xmax>
			<ymin>10</ymin>
			<ymax>76</ymax>
		</bndbox>
	</object>
	<object>
		<name>car</name>
		<pose>Unspecified</pose>
		<truncated>0</truncated>
		<difficult>0</difficult>
		<occluded>0</occluded>
		<bndbox>
			<xmin>189</xmin>
			<xmax>239</xmax>
			<ymin>15</ymin>
			<ymax>80</ymax>
		</bndbox>
	</object>
</annotation>
