<annotation>
	<folder></folder>
	<filename>frame_1214_jpg.rf.ceed570698535be59946fa0bfc633251.jpg</filename>
	<path>frame_1214_jpg.rf.ceed570698535be59946fa0bfc633251.jpg</path>
	<source>
		<database>roboflow.ai</database>
	</source>
	<size>
		<width>416</width>
		<height>416</height>
		<depth>3</depth>
	</size>
	<segmented>0</segmented>
	<object>
		<name>motorbike</name>
		<pose>Unspecified</pose>
		<truncated>0</truncated>
		<difficult>0</difficult>
		<occluded>0</occluded>
		<bndbox>
			<xmin>288</xmin>
			<xmax>314</xmax>
			<ymin>70</ymin>
			<ymax>134</ymax>
		</bndbox>
	</object>
</annotation>
