<annotation>
	<folder></folder>
	<filename>frame_1213_jpg.rf.7633157f2e434035adf59bb84066dfb0.jpg</filename>
	<path>frame_1213_jpg.rf.7633157f2e434035adf59bb84066dfb0.jpg</path>
	<source>
		<database>roboflow.ai</database>
	</source>
	<size>
		<width>416</width>
		<height>416</height>
		<depth>3</depth>
	</size>
	<segmented>0</segmented>
	<object>
		<name>motorbike</name>
		<pose>Unspecified</pose>
		<truncated>0</truncated>
		<difficult>0</difficult>
		<occluded>0</occluded>
		<bndbox>
			<xmin>260</xmin>
			<xmax>291</xmax>
			<ymin>186</ymin>
			<ymax>282</ymax>
		</bndbox>
	</object>
</annotation>
