<annotation>
	<folder></folder>
	<filename>frame_705_jpg.rf.19594be56ca51efa7417943f3fd415f5.jpg</filename>
	<path>frame_705_jpg.rf.19594be56ca51efa7417943f3fd415f5.jpg</path>
	<source>
		<database>roboflow.ai</database>
	</source>
	<size>
		<width>416</width>
		<height>416</height>
		<depth>3</depth>
	</size>
	<segmented>0</segmented>
	<object>
		<name>motorbike</name>
		<pose>Unspecified</pose>
		<truncated>0</truncated>
		<difficult>0</difficult>
		<occluded>0</occluded>
		<bndbox>
			<xmin>106</xmin>
			<xmax>145</xmax>
			<ymin>209</ymin>
			<ymax>305</ymax>
		</bndbox>
	</object>
</annotation>
