<annotation>
	<folder></folder>
	<filename>frame_1350_jpg.rf.f2486723c3b691e5ab22a36a76ff533e.jpg</filename>
	<path>frame_1350_jpg.rf.f2486723c3b691e5ab22a36a76ff533e.jpg</path>
	<source>
		<database>roboflow.ai</database>
	</source>
	<size>
		<width>416</width>
		<height>416</height>
		<depth>3</depth>
	</size>
	<segmented>0</segmented>
	<object>
		<name>car</name>
		<pose>Unspecified</pose>
		<truncated>0</truncated>
		<difficult>0</difficult>
		<occluded>0</occluded>
		<bndbox>
			<xmin>208</xmin>
			<xmax>271</xmax>
			<ymin>146</ymin>
			<ymax>247</ymax>
		</bndbox>
	</object>
</annotation>
