<annotation>
	<folder></folder>
	<filename>frame_906_jpg.rf.467f8b8c60b84dfc47c0f52ba116ed7d.jpg</filename>
	<path>frame_906_jpg.rf.467f8b8c60b84dfc47c0f52ba116ed7d.jpg</path>
	<source>
		<database>roboflow.ai</database>
	</source>
	<size>
		<width>416</width>
		<height>416</height>
		<depth>3</depth>
	</size>
	<segmented>0</segmented>
	<object>
		<name>motorbike</name>
		<pose>Unspecified</pose>
		<truncated>0</truncated>
		<difficult>0</difficult>
		<occluded>0</occluded>
		<bndbox>
			<xmin>272</xmin>
			<xmax>294</xmax>
			<ymin>14</ymin>
			<ymax>54</ymax>
		</bndbox>
	</object>
</annotation>
