<annotation>
	<folder></folder>
	<filename>frame_599_jpg.rf.1bd3ccbb5d19bd9b466b4ee4e0d62bf1.jpg</filename>
	<path>frame_599_jpg.rf.1bd3ccbb5d19bd9b466b4ee4e0d62bf1.jpg</path>
	<source>
		<database>roboflow.ai</database>
	</source>
	<size>
		<width>416</width>
		<height>416</height>
		<depth>3</depth>
	</size>
	<segmented>0</segmented>
	<object>
		<name>car</name>
		<pose>Unspecified</pose>
		<truncated>0</truncated>
		<difficult>0</difficult>
		<occluded>0</occluded>
		<bndbox>
			<xmin>75</xmin>
			<xmax>152</xmax>
			<ymin>116</ymin>
			<ymax>251</ymax>
		</bndbox>
	</object>
	<object>
		<name>car</name>
		<pose>Unspecified</pose>
		<truncated>0</truncated>
		<difficult>0</difficult>
		<occluded>0</occluded>
		<bndbox>
			<xmin>171</xmin>
			<xmax>239</xmax>
			<ymin>128</ymin>
			<ymax>230</ymax>
		</bndbox>
	</object>
</annotation>
