<annotation>
	<folder></folder>
	<filename>frame_955_jpg.rf.bf409e740819a770662aff591ad8acc0.jpg</filename>
	<path>frame_955_jpg.rf.bf409e740819a770662aff591ad8acc0.jpg</path>
	<source>
		<database>roboflow.ai</database>
	</source>
	<size>
		<width>416</width>
		<height>416</height>
		<depth>3</depth>
	</size>
	<segmented>0</segmented>
	<object>
		<name>bus</name>
		<pose>Unspecified</pose>
		<truncated>0</truncated>
		<difficult>0</difficult>
		<occluded>0</occluded>
		<bndbox>
			<xmin>184</xmin>
			<xmax>311</xmax>
			<ymin>252</ymin>
			<ymax>415</ymax>
		</bndbox>
	</object>
	<object>
		<name>motorbike</name>
		<pose>Unspecified</pose>
		<truncated>0</truncated>
		<difficult>0</difficult>
		<occluded>0</occluded>
		<bndbox>
			<xmin>350</xmin>
			<xmax>380</xmax>
			<ymin>151</ymin>
			<ymax>243</ymax>
		</bndbox>
	</object>
</annotation>
