<annotation>
	<folder></folder>
	<filename>frame_807_jpg.rf.96d4111423a7f1219b3498864cb9b9c8.jpg</filename>
	<path>frame_807_jpg.rf.96d4111423a7f1219b3498864cb9b9c8.jpg</path>
	<source>
		<database>roboflow.ai</database>
	</source>
	<size>
		<width>416</width>
		<height>416</height>
		<depth>3</depth>
	</size>
	<segmented>0</segmented>
	<object>
		<name>bus</name>
		<pose>Unspecified</pose>
		<truncated>0</truncated>
		<difficult>0</difficult>
		<occluded>0</occluded>
		<bndbox>
			<xmin>181</xmin>
			<xmax>246</xmax>
			<ymin>15</ymin>
			<ymax>68</ymax>
		</bndbox>
	</object>
	<object>
		<name>car</name>
		<pose>Unspecified</pose>
		<truncated>0</truncated>
		<difficult>0</difficult>
		<occluded>0</occluded>
		<bndbox>
			<xmin>277</xmin>
			<xmax>322</xmax>
			<ymin>12</ymin>
			<ymax>45</ymax>
		</bndbox>
	</object>
</annotation>
