<annotation>
	<folder></folder>
	<filename>frame_904_jpg.rf.6a7886878f781aeef530e416151f91a4.jpg</filename>
	<path>frame_904_jpg.rf.6a7886878f781aeef530e416151f91a4.jpg</path>
	<source>
		<database>roboflow.ai</database>
	</source>
	<size>
		<width>416</width>
		<height>416</height>
		<depth>3</depth>
	</size>
	<segmented>0</segmented>
	<object>
		<name>car</name>
		<pose>Unspecified</pose>
		<truncated>0</truncated>
		<difficult>0</difficult>
		<occluded>0</occluded>
		<bndbox>
			<xmin>237</xmin>
			<xmax>306</xmax>
			<ymin>105</ymin>
			<ymax>194</ymax>
		</bndbox>
	</object>
</annotation>
