<annotation>
	<folder></folder>
	<filename>frame_1022_jpg.rf.a3217accddd2bde5a001886dda22219a.jpg</filename>
	<path>frame_1022_jpg.rf.a3217accddd2bde5a001886dda22219a.jpg</path>
	<source>
		<database>roboflow.ai</database>
	</source>
	<size>
		<width>416</width>
		<height>416</height>
		<depth>3</depth>
	</size>
	<segmented>0</segmented>
	<object>
		<name>car</name>
		<pose>Unspecified</pose>
		<truncated>0</truncated>
		<difficult>0</difficult>
		<occluded>0</occluded>
		<bndbox>
			<xmin>284</xmin>
			<xmax>327</xmax>
			<ymin>15</ymin>
			<ymax>70</ymax>
		</bndbox>
	</object>
	<object>
		<name>car</name>
		<pose>Unspecified</pose>
		<truncated>0</truncated>
		<difficult>0</difficult>
		<occluded>0</occluded>
		<bndbox>
			<xmin>222</xmin>
			<xmax>270</xmax>
			<ymin>17</ymin>
			<ymax>78</ymax>
		</bndbox>
	</object>
</annotation>
