<annotation>
	<folder></folder>
	<filename>frame_1160_jpg.rf.c72236084cc940fffafc325d242409e8.jpg</filename>
	<path>frame_1160_jpg.rf.c72236084cc940fffafc325d242409e8.jpg</path>
	<source>
		<database>roboflow.ai</database>
	</source>
	<size>
		<width>416</width>
		<height>416</height>
		<depth>3</depth>
	</size>
	<segmented>0</segmented>
	<object>
		<name>car</name>
		<pose>Unspecified</pose>
		<truncated>0</truncated>
		<difficult>0</difficult>
		<occluded>0</occluded>
		<bndbox>
			<xmin>148</xmin>
			<xmax>226</xmax>
			<ymin>141</ymin>
			<ymax>262</ymax>
		</bndbox>
	</object>
</annotation>
