<annotation>
	<folder></folder>
	<filename>frame_617_jpg.rf.b7fb8d5441ce9f999a30e36c4891ab3b.jpg</filename>
	<path>frame_617_jpg.rf.b7fb8d5441ce9f999a30e36c4891ab3b.jpg</path>
	<source>
		<database>roboflow.ai</database>
	</source>
	<size>
		<width>416</width>
		<height>416</height>
		<depth>3</depth>
	</size>
	<segmented>0</segmented>
	<object>
		<name>van</name>
		<pose>Unspecified</pose>
		<truncated>0</truncated>
		<difficult>0</difficult>
		<occluded>0</occluded>
		<bndbox>
			<xmin>187</xmin>
			<xmax>256</xmax>
			<ymin>78</ymin>
			<ymax>211</ymax>
		</bndbox>
	</object>
	<object>
		<name>motorbike</name>
		<pose>Unspecified</pose>
		<truncated>0</truncated>
		<difficult>0</difficult>
		<occluded>0</occluded>
		<bndbox>
			<xmin>175</xmin>
			<xmax>206</xmax>
			<ymin>31</ymin>
			<ymax>95</ymax>
		</bndbox>
	</object>
</annotation>
