<annotation>
	<folder></folder>
	<filename>frame_748_jpg.rf.cdf1729e922a87ce8c706605fd879163.jpg</filename>
	<path>frame_748_jpg.rf.cdf1729e922a87ce8c706605fd879163.jpg</path>
	<source>
		<database>roboflow.ai</database>
	</source>
	<size>
		<width>416</width>
		<height>416</height>
		<depth>3</depth>
	</size>
	<segmented>0</segmented>
	<object>
		<name>car</name>
		<pose>Unspecified</pose>
		<truncated>0</truncated>
		<difficult>0</difficult>
		<occluded>0</occluded>
		<bndbox>
			<xmin>175</xmin>
			<xmax>230</xmax>
			<ymin>16</ymin>
			<ymax>87</ymax>
		</bndbox>
	</object>
</annotation>
