<annotation>
	<folder></folder>
	<filename>frame_1284_jpg.rf.3e268589e6e3da225f6317d55647c29a.jpg</filename>
	<path>frame_1284_jpg.rf.3e268589e6e3da225f6317d55647c29a.jpg</path>
	<source>
		<database>roboflow.ai</database>
	</source>
	<size>
		<width>416</width>
		<height>416</height>
		<depth>3</depth>
	</size>
	<segmented>0</segmented>
	<object>
		<name>motorbike</name>
		<pose>Unspecified</pose>
		<truncated>0</truncated>
		<difficult>0</difficult>
		<occluded>0</occluded>
		<bndbox>
			<xmin>297</xmin>
			<xmax>318</xmax>
			<ymin>85</ymin>
			<ymax>155</ymax>
		</bndbox>
	</object>
	<object>
		<name>motorbike</name>
		<pose>Unspecified</pose>
		<truncated>0</truncated>
		<difficult>0</difficult>
		<occluded>0</occluded>
		<bndbox>
			<xmin>337</xmin>
			<xmax>358</xmax>
			<ymin>61</ymin>
			<ymax>132</ymax>
		</bndbox>
	</object>
</annotation>
