<annotation>
	<folder></folder>
	<filename>frame_800_jpg.rf.79aabb71b7bd23ed5acbe46d5ab1cbbc.jpg</filename>
	<path>frame_800_jpg.rf.79aabb71b7bd23ed5acbe46d5ab1cbbc.jpg</path>
	<source>
		<database>roboflow.ai</database>
	</source>
	<size>
		<width>416</width>
		<height>416</height>
		<depth>3</depth>
	</size>
	<segmented>0</segmented>
	<object>
		<name>motorbike</name>
		<pose>Unspecified</pose>
		<truncated>0</truncated>
		<difficult>0</difficult>
		<occluded>0</occluded>
		<bndbox>
			<xmin>245</xmin>
			<xmax>272</xmax>
			<ymin>123</ymin>
			<ymax>209</ymax>
		</bndbox>
	</object>
	<object>
		<name>bus</name>
		<pose>Unspecified</pose>
		<truncated>0</truncated>
		<difficult>0</difficult>
		<occluded>0</occluded>
		<bndbox>
			<xmin>175</xmin>
			<xmax>247</xmax>
			<ymin>12</ymin>
			<ymax>122</ymax>
		</bndbox>
	</object>
</annotation>
