<annotation>
	<folder></folder>
	<filename>frame_655_jpg.rf.7fbf83123ea682d79d69a651d792f319.jpg</filename>
	<path>frame_655_jpg.rf.7fbf83123ea682d79d69a651d792f319.jpg</path>
	<source>
		<database>roboflow.ai</database>
	</source>
	<size>
		<width>416</width>
		<height>416</height>
		<depth>3</depth>
	</size>
	<segmented>0</segmented>
	<object>
		<name>car</name>
		<pose>Unspecified</pose>
		<truncated>0</truncated>
		<difficult>0</difficult>
		<occluded>0</occluded>
		<bndbox>
			<xmin>230</xmin>
			<xmax>274</xmax>
			<ymin>26</ymin>
			<ymax>96</ymax>
		</bndbox>
	</object>
</annotation>
