<annotation>
	<folder></folder>
	<filename>frame_657_jpg.rf.e3b2fcb71febf040380e77e2ea469767.jpg</filename>
	<path>frame_657_jpg.rf.e3b2fcb71febf040380e77e2ea469767.jpg</path>
	<source>
		<database>roboflow.ai</database>
	</source>
	<size>
		<width>416</width>
		<height>416</height>
		<depth>3</depth>
	</size>
	<segmented>0</segmented>
	<object>
		<name>motorbike</name>
		<pose>Unspecified</pose>
		<truncated>0</truncated>
		<difficult>0</difficult>
		<occluded>0</occluded>
		<bndbox>
			<xmin>271</xmin>
			<xmax>292</xmax>
			<ymin>14</ymin>
			<ymax>55</ymax>
		</bndbox>
	</object>
</annotation>
