<annotation>
	<folder></folder>
	<filename>frame_636_jpg.rf.e997a851dd5bca03836a38bbdf34e748.jpg</filename>
	<path>frame_636_jpg.rf.e997a851dd5bca03836a38bbdf34e748.jpg</path>
	<source>
		<database>roboflow.ai</database>
	</source>
	<size>
		<width>416</width>
		<height>416</height>
		<depth>3</depth>
	</size>
	<segmented>0</segmented>
	<object>
		<name>car</name>
		<pose>Unspecified</pose>
		<truncated>0</truncated>
		<difficult>0</difficult>
		<occluded>0</occluded>
		<bndbox>
			<xmin>218</xmin>
			<xmax>278</xmax>
			<ymin>56</ymin>
			<ymax>156</ymax>
		</bndbox>
	</object>
</annotation>
