<annotation>
	<folder></folder>
	<filename>frame_1073_jpg.rf.d01487b2fd882281aa895bdeb5fe00bc.jpg</filename>
	<path>frame_1073_jpg.rf.d01487b2fd882281aa895bdeb5fe00bc.jpg</path>
	<source>
		<database>roboflow.ai</database>
	</source>
	<size>
		<width>416</width>
		<height>416</height>
		<depth>3</depth>
	</size>
	<segmented>0</segmented>
	<object>
		<name>auto</name>
		<pose>Unspecified</pose>
		<truncated>0</truncated>
		<difficult>0</difficult>
		<occluded>0</occluded>
		<bndbox>
			<xmin>218</xmin>
			<xmax>285</xmax>
			<ymin>244</ymin>
			<ymax>378</ymax>
		</bndbox>
	</object>
</annotation>
