<annotation>
	<folder></folder>
	<filename>frame_1181_jpg.rf.7c9e81824937df8bc1fc49f14c16f62c.jpg</filename>
	<path>frame_1181_jpg.rf.7c9e81824937df8bc1fc49f14c16f62c.jpg</path>
	<source>
		<database>roboflow.ai</database>
	</source>
	<size>
		<width>416</width>
		<height>416</height>
		<depth>3</depth>
	</size>
	<segmented>0</segmented>
	<object>
		<name>car</name>
		<pose>Unspecified</pose>
		<truncated>0</truncated>
		<difficult>0</difficult>
		<occluded>0</occluded>
		<bndbox>
			<xmin>253</xmin>
			<xmax>297</xmax>
			<ymin>18</ymin>
			<ymax>67</ymax>
		</bndbox>
	</object>
	<object>
		<name>car</name>
		<pose>Unspecified</pose>
		<truncated>0</truncated>
		<difficult>0</difficult>
		<occluded>0</occluded>
		<bndbox>
			<xmin>303</xmin>
			<xmax>348</xmax>
			<ymin>20</ymin>
			<ymax>79</ymax>
		</bndbox>
	</object>
</annotation>
