<annotation>
	<folder></folder>
	<filename>frame_909_jpg.rf.b2f5e39a9f2885c6a88e1ea68c20b5df.jpg</filename>
	<path>frame_909_jpg.rf.b2f5e39a9f2885c6a88e1ea68c20b5df.jpg</path>
	<source>
		<database>roboflow.ai</database>
	</source>
	<size>
		<width>416</width>
		<height>416</height>
		<depth>3</depth>
	</size>
	<segmented>0</segmented>
	<object>
		<name>car</name>
		<pose>Unspecified</pose>
		<truncated>0</truncated>
		<difficult>0</difficult>
		<occluded>0</occluded>
		<bndbox>
			<xmin>193</xmin>
			<xmax>241</xmax>
			<ymin>11</ymin>
			<ymax>37</ymax>
		</bndbox>
	</object>
</annotation>
