<annotation>
	<folder></folder>
	<filename>frame_752_jpg.rf.585bcb819bb1c1dda59fa83a9f7ae6eb.jpg</filename>
	<path>frame_752_jpg.rf.585bcb819bb1c1dda59fa83a9f7ae6eb.jpg</path>
	<source>
		<database>roboflow.ai</database>
	</source>
	<size>
		<width>416</width>
		<height>416</height>
		<depth>3</depth>
	</size>
	<segmented>0</segmented>
	<object>
		<name>motorbike</name>
		<pose>Unspecified</pose>
		<truncated>0</truncated>
		<difficult>0</difficult>
		<occluded>0</occluded>
		<bndbox>
			<xmin>278</xmin>
			<xmax>302</xmax>
			<ymin>45</ymin>
			<ymax>105</ymax>
		</bndbox>
	</object>
	<object>
		<name>motorbike</name>
		<pose>Unspecified</pose>
		<truncated>0</truncated>
		<difficult>0</difficult>
		<occluded>0</occluded>
		<bndbox>
			<xmin>241</xmin>
			<xmax>283</xmax>
			<ymin>305</ymin>
			<ymax>413</ymax>
		</bndbox>
	</object>
	<object>
		<name>car</name>
		<pose>Unspecified</pose>
		<truncated>0</truncated>
		<difficult>0</difficult>
		<occluded>0</occluded>
		<bndbox>
			<xmin>162</xmin>
			<xmax>242</xmax>
			<ymin>130</ymin>
			<ymax>279</ymax>
		</bndbox>
	</object>
</annotation>
