<annotation>
	<folder></folder>
	<filename>frame_1207_jpg.rf.5ba1b78a21cbc8b17fbbcdd960a7c49d.jpg</filename>
	<path>frame_1207_jpg.rf.5ba1b78a21cbc8b17fbbcdd960a7c49d.jpg</path>
	<source>
		<database>roboflow.ai</database>
	</source>
	<size>
		<width>416</width>
		<height>416</height>
		<depth>3</depth>
	</size>
	<segmented>0</segmented>
	<object>
		<name>motorbike</name>
		<pose>Unspecified</pose>
		<truncated>0</truncated>
		<difficult>0</difficult>
		<occluded>0</occluded>
		<bndbox>
			<xmin>184</xmin>
			<xmax>221</xmax>
			<ymin>280</ymin>
			<ymax>382</ymax>
		</bndbox>
	</object>
	<object>
		<name>bus</name>
		<pose>Unspecified</pose>
		<truncated>0</truncated>
		<difficult>0</difficult>
		<occluded>0</occluded>
		<bndbox>
			<xmin>238</xmin>
			<xmax>319</xmax>
			<ymin>18</ymin>
			<ymax>61</ymax>
		</bndbox>
	</object>
</annotation>
