<annotation>
	<folder></folder>
	<filename>frame_600_jpg.rf.7f68b7693152d49696150f03a182e618.jpg</filename>
	<path>frame_600_jpg.rf.7f68b7693152d49696150f03a182e618.jpg</path>
	<source>
		<database>roboflow.ai</database>
	</source>
	<size>
		<width>416</width>
		<height>416</height>
		<depth>3</depth>
	</size>
	<segmented>0</segmented>
	<object>
		<name>car</name>
		<pose>Unspecified</pose>
		<truncated>0</truncated>
		<difficult>0</difficult>
		<occluded>0</occluded>
		<bndbox>
			<xmin>119</xmin>
			<xmax>180</xmax>
			<ymin>16</ymin>
			<ymax>82</ymax>
		</bndbox>
	</object>
</annotation>
