<annotation>
	<folder></folder>
	<filename>frame_1171_jpg.rf.011d83783231bbe0c40be547674be8c6.jpg</filename>
	<path>frame_1171_jpg.rf.011d83783231bbe0c40be547674be8c6.jpg</path>
	<source>
		<database>roboflow.ai</database>
	</source>
	<size>
		<width>416</width>
		<height>416</height>
		<depth>3</depth>
	</size>
	<segmented>0</segmented>
	<object>
		<name>motorbike</name>
		<pose>Unspecified</pose>
		<truncated>0</truncated>
		<difficult>0</difficult>
		<occluded>0</occluded>
		<bndbox>
			<xmin>313</xmin>
			<xmax>333</xmax>
			<ymin>26</ymin>
			<ymax>80</ymax>
		</bndbox>
	</object>
</annotation>
