<annotation>
	<folder></folder>
	<filename>frame_1215_jpg.rf.748a7cae81f93647704563c0a639d95e.jpg</filename>
	<path>frame_1215_jpg.rf.748a7cae81f93647704563c0a639d95e.jpg</path>
	<source>
		<database>roboflow.ai</database>
	</source>
	<size>
		<width>416</width>
		<height>416</height>
		<depth>3</depth>
	</size>
	<segmented>0</segmented>
	<object>
		<name>minitruck</name>
		<pose>Unspecified</pose>
		<truncated>0</truncated>
		<difficult>0</difficult>
		<occluded>0</occluded>
		<bndbox>
			<xmin>259</xmin>
			<xmax>300</xmax>
			<ymin>16</ymin>
			<ymax>112</ymax>
		</bndbox>
	</object>
	<object>
		<name>motorbike</name>
		<pose>Unspecified</pose>
		<truncated>0</truncated>
		<difficult>0</difficult>
		<occluded>0</occluded>
		<bndbox>
			<xmin>291</xmin>
			<xmax>328</xmax>
			<ymin>324</ymin>
			<ymax>412</ymax>
		</bndbox>
	</object>
	<object>
		<name>motorbike</name>
		<pose>Unspecified</pose>
		<truncated>0</truncated>
		<difficult>0</difficult>
		<occluded>0</occluded>
		<bndbox>
			<xmin>323</xmin>
			<xmax>346</xmax>
			<ymin>17</ymin>
			<ymax>51</ymax>
		</bndbox>
	</object>
</annotation>
