<annotation>
	<folder></folder>
	<filename>frame_707_jpg.rf.41aa9e82c3519ddc23771f692f5d5057.jpg</filename>
	<path>frame_707_jpg.rf.41aa9e82c3519ddc23771f692f5d5057.jpg</path>
	<source>
		<database>roboflow.ai</database>
	</source>
	<size>
		<width>416</width>
		<height>416</height>
		<depth>3</depth>
	</size>
	<segmented>0</segmented>
	<object>
		<name>car</name>
		<pose>Unspecified</pose>
		<truncated>0</truncated>
		<difficult>0</difficult>
		<occluded>0</occluded>
		<bndbox>
			<xmin>141</xmin>
			<xmax>225</xmax>
			<ymin>283</ymin>
			<ymax>414</ymax>
		</bndbox>
	</object>
	<object>
		<name>car</name>
		<pose>Unspecified</pose>
		<truncated>0</truncated>
		<difficult>0</difficult>
		<occluded>0</occluded>
		<bndbox>
			<xmin>224</xmin>
			<xmax>271</xmax>
			<ymin>21</ymin>
			<ymax>107</ymax>
		</bndbox>
	</object>
	<object>
		<name>car</name>
		<pose>Unspecified</pose>
		<truncated>0</truncated>
		<difficult>0</difficult>
		<occluded>0</occluded>
		<bndbox>
			<xmin>195</xmin>
			<xmax>237</xmax>
			<ymin>12</ymin>
			<ymax>41</ymax>
		</bndbox>
	</object>
</annotation>
