<annotation>
	<folder></folder>
	<filename>frame_618_jpg.rf.492c461431c32af4e573118d0d2a276c.jpg</filename>
	<path>frame_618_jpg.rf.492c461431c32af4e573118d0d2a276c.jpg</path>
	<source>
		<database>roboflow.ai</database>
	</source>
	<size>
		<width>416</width>
		<height>416</height>
		<depth>3</depth>
	</size>
	<segmented>0</segmented>
	<object>
		<name>car</name>
		<pose>Unspecified</pose>
		<truncated>0</truncated>
		<difficult>0</difficult>
		<occluded>0</occluded>
		<bndbox>
			<xmin>203</xmin>
			<xmax>279</xmax>
			<ymin>94</ymin>
			<ymax>210</ymax>
		</bndbox>
	</object>
</annotation>
