<annotation>
	<folder></folder>
	<filename>frame_959_jpg.rf.30baf3b458620668c166c3106988a73b.jpg</filename>
	<path>frame_959_jpg.rf.30baf3b458620668c166c3106988a73b.jpg</path>
	<source>
		<database>roboflow.ai</database>
	</source>
	<size>
		<width>416</width>
		<height>416</height>
		<depth>3</depth>
	</size>
	<segmented>0</segmented>
	<object>
		<name>motorbike</name>
		<pose>Unspecified</pose>
		<truncated>0</truncated>
		<difficult>0</difficult>
		<occluded>0</occluded>
		<bndbox>
			<xmin>311</xmin>
			<xmax>337</xmax>
			<ymin>45</ymin>
			<ymax>100</ymax>
		</bndbox>
	</object>
	<object>
		<name>car</name>
		<pose>Unspecified</pose>
		<truncated>0</truncated>
		<difficult>0</difficult>
		<occluded>0</occluded>
		<bndbox>
			<xmin>243</xmin>
			<xmax>305</xmax>
			<ymin>74</ymin>
			<ymax>170</ymax>
		</bndbox>
	</object>
	<object>
		<name>minitruck</name>
		<pose>Unspecified</pose>
		<truncated>0</truncated>
		<difficult>0</difficult>
		<occluded>0</occluded>
		<bndbox>
			<xmin>153</xmin>
			<xmax>234</xmax>
			<ymin>57</ymin>
			<ymax>231</ymax>
		</bndbox>
	</object>
</annotation>
