<annotation>
	<folder></folder>
	<filename>frame_1041_jpg.rf.96d15b3b5baa7ad65e7f9d922c185ca9.jpg</filename>
	<path>frame_1041_jpg.rf.96d15b3b5baa7ad65e7f9d922c185ca9.jpg</path>
	<source>
		<database>roboflow.ai</database>
	</source>
	<size>
		<width>416</width>
		<height>416</height>
		<depth>3</depth>
	</size>
	<segmented>0</segmented>
	<object>
		<name>motorbike</name>
		<pose>Unspecified</pose>
		<truncated>0</truncated>
		<difficult>0</difficult>
		<occluded>0</occluded>
		<bndbox>
			<xmin>229</xmin>
			<xmax>256</xmax>
			<ymin>57</ymin>
			<ymax>125</ymax>
		</bndbox>
	</object>
	<object>
		<name>motorbike</name>
		<pose>Unspecified</pose>
		<truncated>0</truncated>
		<difficult>0</difficult>
		<occluded>0</occluded>
		<bndbox>
			<xmin>291</xmin>
			<xmax>313</xmax>
			<ymin>17</ymin>
			<ymax>70</ymax>
		</bndbox>
	</object>
</annotation>
