<annotation>
	<folder></folder>
	<filename>frame_1131_jpg.rf.cf79b1b356940dd6d797a91af3b8e74b.jpg</filename>
	<path>frame_1131_jpg.rf.cf79b1b356940dd6d797a91af3b8e74b.jpg</path>
	<source>
		<database>roboflow.ai</database>
	</source>
	<size>
		<width>416</width>
		<height>416</height>
		<depth>3</depth>
	</size>
	<segmented>0</segmented>
	<object>
		<name>car</name>
		<pose>Unspecified</pose>
		<truncated>0</truncated>
		<difficult>0</difficult>
		<occluded>0</occluded>
		<bndbox>
			<xmin>135</xmin>
			<xmax>229</xmax>
			<ymin>275</ymin>
			<ymax>411</ymax>
		</bndbox>
	</object>
	<object>
		<name>motorbike</name>
		<pose>Unspecified</pose>
		<truncated>0</truncated>
		<difficult>0</difficult>
		<occluded>0</occluded>
		<bndbox>
			<xmin>321</xmin>
			<xmax>345</xmax>
			<ymin>44</ymin>
			<ymax>106</ymax>
		</bndbox>
	</object>
</annotation>
