<annotation>
	<folder></folder>
	<filename>frame_1198_jpg.rf.eee58b249e5c27931b23fde2ca49135a.jpg</filename>
	<path>frame_1198_jpg.rf.eee58b249e5c27931b23fde2ca49135a.jpg</path>
	<source>
		<database>roboflow.ai</database>
	</source>
	<size>
		<width>416</width>
		<height>416</height>
		<depth>3</depth>
	</size>
	<segmented>0</segmented>
	<object>
		<name>car</name>
		<pose>Unspecified</pose>
		<truncated>0</truncated>
		<difficult>0</difficult>
		<occluded>0</occluded>
		<bndbox>
			<xmin>206</xmin>
			<xmax>268</xmax>
			<ymin>205</ymin>
			<ymax>303</ymax>
		</bndbox>
	</object>
	<object>
		<name>car</name>
		<pose>Unspecified</pose>
		<truncated>0</truncated>
		<difficult>0</difficult>
		<occluded>0</occluded>
		<bndbox>
			<xmin>190</xmin>
			<xmax>231</xmax>
			<ymin>44</ymin>
			<ymax>109</ymax>
		</bndbox>
	</object>
	<object>
		<name>car</name>
		<pose>Unspecified</pose>
		<truncated>0</truncated>
		<difficult>0</difficult>
		<occluded>0</occluded>
		<bndbox>
			<xmin>252</xmin>
			<xmax>302</xmax>
			<ymin>18</ymin>
			<ymax>66</ymax>
		</bndbox>
	</object>
	<object>
		<name>motorbike</name>
		<pose>Unspecified</pose>
		<truncated>0</truncated>
		<difficult>0</difficult>
		<occluded>0</occluded>
		<bndbox>
			<xmin>333</xmin>
			<xmax>363</xmax>
			<ymin>69</ymin>
			<ymax>126</ymax>
		</bndbox>
	</object>
</annotation>
