<annotation>
	<folder></folder>
	<filename>frame_1380_jpg.rf.29797cc2a469dd5a62adf97f88e3aa31.jpg</filename>
	<path>frame_1380_jpg.rf.29797cc2a469dd5a62adf97f88e3aa31.jpg</path>
	<source>
		<database>roboflow.ai</database>
	</source>
	<size>
		<width>416</width>
		<height>416</height>
		<depth>3</depth>
	</size>
	<segmented>0</segmented>
	<object>
		<name>motorbike</name>
		<pose>Unspecified</pose>
		<truncated>0</truncated>
		<difficult>0</difficult>
		<occluded>0</occluded>
		<bndbox>
			<xmin>285</xmin>
			<xmax>314</xmax>
			<ymin>90</ymin>
			<ymax>153</ymax>
		</bndbox>
	</object>
	<object>
		<name>car</name>
		<pose>Unspecified</pose>
		<truncated>0</truncated>
		<difficult>0</difficult>
		<occluded>0</occluded>
		<bndbox>
			<xmin>188</xmin>
			<xmax>234</xmax>
			<ymin>21</ymin>
			<ymax>58</ymax>
		</bndbox>
	</object>
	<object>
		<name>car</name>
		<pose>Unspecified</pose>
		<truncated>0</truncated>
		<difficult>0</difficult>
		<occluded>0</occluded>
		<bndbox>
			<xmin>85</xmin>
			<xmax>178</xmax>
			<ymin>372</ymin>
			<ymax>414</ymax>
		</bndbox>
	</object>
</annotation>
