<annotation>
	<folder></folder>
	<filename>frame_1127_jpg.rf.d095f12742ff69d715e36619fb45da18.jpg</filename>
	<path>frame_1127_jpg.rf.d095f12742ff69d715e36619fb45da18.jpg</path>
	<source>
		<database>roboflow.ai</database>
	</source>
	<size>
		<width>416</width>
		<height>416</height>
		<depth>3</depth>
	</size>
	<segmented>0</segmented>
	<object>
		<name>minitruck</name>
		<pose>Unspecified</pose>
		<truncated>0</truncated>
		<difficult>0</difficult>
		<occluded>0</occluded>
		<bndbox>
			<xmin>276</xmin>
			<xmax>330</xmax>
			<ymin>27</ymin>
			<ymax>145</ymax>
		</bndbox>
	</object>
	<object>
		<name>car</name>
		<pose>Unspecified</pose>
		<truncated>0</truncated>
		<difficult>0</difficult>
		<occluded>0</occluded>
		<bndbox>
			<xmin>90</xmin>
			<xmax>171</xmax>
			<ymin>214</ymin>
			<ymax>364</ymax>
		</bndbox>
	</object>
</annotation>
