<annotation>
	<folder></folder>
	<filename>frame_813_jpg.rf.d0a89ce3f085f5e848a59a811d419d2c.jpg</filename>
	<path>frame_813_jpg.rf.d0a89ce3f085f5e848a59a811d419d2c.jpg</path>
	<source>
		<database>roboflow.ai</database>
	</source>
	<size>
		<width>416</width>
		<height>416</height>
		<depth>3</depth>
	</size>
	<segmented>0</segmented>
	<object>
		<name>car</name>
		<pose>Unspecified</pose>
		<truncated>0</truncated>
		<difficult>0</difficult>
		<occluded>0</occluded>
		<bndbox>
			<xmin>231</xmin>
			<xmax>311</xmax>
			<ymin>161</ymin>
			<ymax>311</ymax>
		</bndbox>
	</object>
	<object>
		<name>motorbike</name>
		<pose>Unspecified</pose>
		<truncated>0</truncated>
		<difficult>0</difficult>
		<occluded>0</occluded>
		<bndbox>
			<xmin>129</xmin>
			<xmax>165</xmax>
			<ymin>142</ymin>
			<ymax>237</ymax>
		</bndbox>
	</object>
</annotation>
