<annotation>
	<folder></folder>
	<filename>frame_1362_jpg.rf.2a711a092f2fbdb88ae9017744627e96.jpg</filename>
	<path>frame_1362_jpg.rf.2a711a092f2fbdb88ae9017744627e96.jpg</path>
	<source>
		<database>roboflow.ai</database>
	</source>
	<size>
		<width>416</width>
		<height>416</height>
		<depth>3</depth>
	</size>
	<segmented>0</segmented>
	<object>
		<name>car</name>
		<pose>Unspecified</pose>
		<truncated>0</truncated>
		<difficult>0</difficult>
		<occluded>0</occluded>
		<bndbox>
			<xmin>292</xmin>
			<xmax>337</xmax>
			<ymin>68</ymin>
			<ymax>130</ymax>
		</bndbox>
	</object>
	<object>
		<name>car</name>
		<pose>Unspecified</pose>
		<truncated>0</truncated>
		<difficult>0</difficult>
		<occluded>0</occluded>
		<bndbox>
			<xmin>222</xmin>
			<xmax>269</xmax>
			<ymin>64</ymin>
			<ymax>135</ymax>
		</bndbox>
	</object>
	<object>
		<name>motorbike</name>
		<pose>Unspecified</pose>
		<truncated>0</truncated>
		<difficult>0</difficult>
		<occluded>0</occluded>
		<bndbox>
			<xmin>236</xmin>
			<xmax>266</xmax>
			<ymin>203</ymin>
			<ymax>289</ymax>
		</bndbox>
	</object>
	<object>
		<name>motorbike</name>
		<pose>Unspecified</pose>
		<truncated>0</truncated>
		<difficult>0</difficult>
		<occluded>0</occluded>
		<bndbox>
			<xmin>125</xmin>
			<xmax>161</xmax>
			<ymin>134</ymin>
			<ymax>209</ymax>
		</bndbox>
	</object>
</annotation>
