<annotation>
	<folder></folder>
	<filename>frame_700_jpg.rf.e93bae9e9e6207dbe78eb9125333b689.jpg</filename>
	<path>frame_700_jpg.rf.e93bae9e9e6207dbe78eb9125333b689.jpg</path>
	<source>
		<database>roboflow.ai</database>
	</source>
	<size>
		<width>416</width>
		<height>416</height>
		<depth>3</depth>
	</size>
	<segmented>0</segmented>
	<object>
		<name>car</name>
		<pose>Unspecified</pose>
		<truncated>0</truncated>
		<difficult>0</difficult>
		<occluded>0</occluded>
		<bndbox>
			<xmin>135</xmin>
			<xmax>196</xmax>
			<ymin>91</ymin>
			<ymax>181</ymax>
		</bndbox>
	</object>
	<object>
		<name>car</name>
		<pose>Unspecified</pose>
		<truncated>0</truncated>
		<difficult>0</difficult>
		<occluded>0</occluded>
		<bndbox>
			<xmin>242</xmin>
			<xmax>291</xmax>
			<ymin>12</ymin>
			<ymax>77</ymax>
		</bndbox>
	</object>
</annotation>
