<annotation>
	<folder></folder>
	<filename>frame_913_jpg.rf.1b06e57c57091735ef590d7c201d3999.jpg</filename>
	<path>frame_913_jpg.rf.1b06e57c57091735ef590d7c201d3999.jpg</path>
	<source>
		<database>roboflow.ai</database>
	</source>
	<size>
		<width>416</width>
		<height>416</height>
		<depth>3</depth>
	</size>
	<segmented>0</segmented>
	<object>
		<name>motorbike</name>
		<pose>Unspecified</pose>
		<truncated>0</truncated>
		<difficult>0</difficult>
		<occluded>0</occluded>
		<bndbox>
			<xmin>293</xmin>
			<xmax>323</xmax>
			<ymin>14</ymin>
			<ymax>71</ymax>
		</bndbox>
	</object>
</annotation>
