<annotation>
	<folder></folder>
	<filename>frame_595_jpg.rf.1f1e7a4b49f740a62011d3761bf59fd9.jpg</filename>
	<path>frame_595_jpg.rf.1f1e7a4b49f740a62011d3761bf59fd9.jpg</path>
	<source>
		<database>roboflow.ai</database>
	</source>
	<size>
		<width>416</width>
		<height>416</height>
		<depth>3</depth>
	</size>
	<segmented>0</segmented>
	<object>
		<name>auto</name>
		<pose>Unspecified</pose>
		<truncated>0</truncated>
		<difficult>0</difficult>
		<occluded>0</occluded>
		<bndbox>
			<xmin>226</xmin>
			<xmax>270</xmax>
			<ymin>21</ymin>
			<ymax>92</ymax>
		</bndbox>
	</object>
</annotation>
