<annotation>
	<folder></folder>
	<filename>frame_1286_jpg.rf.d127673d2711aa30c14a54875b43ec2d.jpg</filename>
	<path>frame_1286_jpg.rf.d127673d2711aa30c14a54875b43ec2d.jpg</path>
	<source>
		<database>roboflow.ai</database>
	</source>
	<size>
		<width>416</width>
		<height>416</height>
		<depth>3</depth>
	</size>
	<segmented>0</segmented>
	<object>
		<name>motorbike</name>
		<pose>Unspecified</pose>
		<truncated>0</truncated>
		<difficult>0</difficult>
		<occluded>0</occluded>
		<bndbox>
			<xmin>136</xmin>
			<xmax>166</xmax>
			<ymin>346</ymin>
			<ymax>411</ymax>
		</bndbox>
	</object>
</annotation>
