<annotation>
	<folder></folder>
	<filename>frame_1134_jpg.rf.23a9696a1026196ffdcc93aa1c3ada22.jpg</filename>
	<path>frame_1134_jpg.rf.23a9696a1026196ffdcc93aa1c3ada22.jpg</path>
	<source>
		<database>roboflow.ai</database>
	</source>
	<size>
		<width>416</width>
		<height>416</height>
		<depth>3</depth>
	</size>
	<segmented>0</segmented>
	<object>
		<name>motorbike</name>
		<pose>Unspecified</pose>
		<truncated>0</truncated>
		<difficult>0</difficult>
		<occluded>0</occluded>
		<bndbox>
			<xmin>256</xmin>
			<xmax>293</xmax>
			<ymin>316</ymin>
			<ymax>405</ymax>
		</bndbox>
	</object>
</annotation>
