<annotation>
	<folder></folder>
	<filename>frame_806_jpg.rf.73003608d9e15f75dbd16b7aa9fa1a51.jpg</filename>
	<path>frame_806_jpg.rf.73003608d9e15f75dbd16b7aa9fa1a51.jpg</path>
	<source>
		<database>roboflow.ai</database>
	</source>
	<size>
		<width>416</width>
		<height>416</height>
		<depth>3</depth>
	</size>
	<segmented>0</segmented>
	<object>
		<name>motorbike</name>
		<pose>Unspecified</pose>
		<truncated>0</truncated>
		<difficult>0</difficult>
		<occluded>0</occluded>
		<bndbox>
			<xmin>311</xmin>
			<xmax>338</xmax>
			<ymin>150</ymin>
			<ymax>227</ymax>
		</bndbox>
	</object>
	<object>
		<name>car</name>
		<pose>Unspecified</pose>
		<truncated>0</truncated>
		<difficult>0</difficult>
		<occluded>0</occluded>
		<bndbox>
			<xmin>176</xmin>
			<xmax>243</xmax>
			<ymin>146</ymin>
			<ymax>254</ymax>
		</bndbox>
	</object>
</annotation>
