<annotation>
	<folder></folder>
	<filename>frame_597_jpg.rf.a53fe1bdcd63be7166fcb1e444f52752.jpg</filename>
	<path>frame_597_jpg.rf.a53fe1bdcd63be7166fcb1e444f52752.jpg</path>
	<source>
		<database>roboflow.ai</database>
	</source>
	<size>
		<width>416</width>
		<height>416</height>
		<depth>3</depth>
	</size>
	<segmented>0</segmented>
	<object>
		<name>bus</name>
		<pose>Unspecified</pose>
		<truncated>0</truncated>
		<difficult>0</difficult>
		<occluded>0</occluded>
		<bndbox>
			<xmin>95</xmin>
			<xmax>179</xmax>
			<ymin>18</ymin>
			<ymax>95</ymax>
		</bndbox>
	</object>
	<object>
		<name>bus</name>
		<pose>Unspecified</pose>
		<truncated>0</truncated>
		<difficult>0</difficult>
		<occluded>0</occluded>
		<bndbox>
			<xmin>219</xmin>
			<xmax>287</xmax>
			<ymin>18</ymin>
			<ymax>70</ymax>
		</bndbox>
	</object>
</annotation>
