<annotation>
	<folder></folder>
	<filename>frame_1069_jpg.rf.ae6117201bd40273c6cd6ed9ea9eb391.jpg</filename>
	<path>frame_1069_jpg.rf.ae6117201bd40273c6cd6ed9ea9eb391.jpg</path>
	<source>
		<database>roboflow.ai</database>
	</source>
	<size>
		<width>416</width>
		<height>416</height>
		<depth>3</depth>
	</size>
	<segmented>0</segmented>
	<object>
		<name>motorbike</name>
		<pose>Unspecified</pose>
		<truncated>0</truncated>
		<difficult>0</difficult>
		<occluded>0</occluded>
		<bndbox>
			<xmin>266</xmin>
			<xmax>288</xmax>
			<ymin>157</ymin>
			<ymax>227</ymax>
		</bndbox>
	</object>
	<object>
		<name>car</name>
		<pose>Unspecified</pose>
		<truncated>0</truncated>
		<difficult>0</difficult>
		<occluded>0</occluded>
		<bndbox>
			<xmin>99</xmin>
			<xmax>175</xmax>
			<ymin>308</ymin>
			<ymax>416</ymax>
		</bndbox>
	</object>
</annotation>
