<annotation>
	<folder></folder>
	<filename>frame_592_jpg.rf.dbc75cd0a452fa7e5ac235861686d825.jpg</filename>
	<path>frame_592_jpg.rf.dbc75cd0a452fa7e5ac235861686d825.jpg</path>
	<source>
		<database>roboflow.ai</database>
	</source>
	<size>
		<width>416</width>
		<height>416</height>
		<depth>3</depth>
	</size>
	<segmented>0</segmented>
	<object>
		<name>bus</name>
		<pose>Unspecified</pose>
		<truncated>0</truncated>
		<difficult>0</difficult>
		<occluded>0</occluded>
		<bndbox>
			<xmin>191</xmin>
			<xmax>274</xmax>
			<ymin>14</ymin>
			<ymax>89</ymax>
		</bndbox>
	</object>
</annotation>
