<annotation>
	<folder></folder>
	<filename>frame_632_jpg.rf.c387cd1f8198cf9638eba1da282c5e42.jpg</filename>
	<path>frame_632_jpg.rf.c387cd1f8198cf9638eba1da282c5e42.jpg</path>
	<source>
		<database>roboflow.ai</database>
	</source>
	<size>
		<width>416</width>
		<height>416</height>
		<depth>3</depth>
	</size>
	<segmented>0</segmented>
	<object>
		<name>motorbike</name>
		<pose>Unspecified</pose>
		<truncated>0</truncated>
		<difficult>0</difficult>
		<occluded>0</occluded>
		<bndbox>
			<xmin>267</xmin>
			<xmax>300</xmax>
			<ymin>65</ymin>
			<ymax>138</ymax>
		</bndbox>
	</object>
	<object>
		<name>motorbike</name>
		<pose>Unspecified</pose>
		<truncated>0</truncated>
		<difficult>0</difficult>
		<occluded>0</occluded>
		<bndbox>
			<xmin>291</xmin>
			<xmax>334</xmax>
			<ymin>283</ymin>
			<ymax>396</ymax>
		</bndbox>
	</object>
	<object>
		<name>car</name>
		<pose>Unspecified</pose>
		<truncated>0</truncated>
		<difficult>0</difficult>
		<occluded>0</occluded>
		<bndbox>
			<xmin>203</xmin>
			<xmax>262</xmax>
			<ymin>14</ymin>
			<ymax>66</ymax>
		</bndbox>
	</object>
</annotation>
