<annotation>
	<folder></folder>
	<filename>frame_1388_jpg.rf.bf4f13fb0c9f09255384a455841682fd.jpg</filename>
	<path>frame_1388_jpg.rf.bf4f13fb0c9f09255384a455841682fd.jpg</path>
	<source>
		<database>roboflow.ai</database>
	</source>
	<size>
		<width>416</width>
		<height>416</height>
		<depth>3</depth>
	</size>
	<segmented>0</segmented>
	<object>
		<name>motorbike</name>
		<pose>Unspecified</pose>
		<truncated>0</truncated>
		<difficult>0</difficult>
		<occluded>0</occluded>
		<bndbox>
			<xmin>297</xmin>
			<xmax>326</xmax>
			<ymin>40</ymin>
			<ymax>100</ymax>
		</bndbox>
	</object>
</annotation>
