<annotation>
	<folder></folder>
	<filename>frame_1387_jpg.rf.0c710dad7c775073a68e8255e027e128.jpg</filename>
	<path>frame_1387_jpg.rf.0c710dad7c775073a68e8255e027e128.jpg</path>
	<source>
		<database>roboflow.ai</database>
	</source>
	<size>
		<width>416</width>
		<height>416</height>
		<depth>3</depth>
	</size>
	<segmented>0</segmented>
	<object>
		<name>auto</name>
		<pose>Unspecified</pose>
		<truncated>0</truncated>
		<difficult>0</difficult>
		<occluded>0</occluded>
		<bndbox>
			<xmin>307</xmin>
			<xmax>351</xmax>
			<ymin>22</ymin>
			<ymax>80</ymax>
		</bndbox>
	</object>
	<object>
		<name>motorbike</name>
		<pose>Unspecified</pose>
		<truncated>0</truncated>
		<difficult>0</difficult>
		<occluded>0</occluded>
		<bndbox>
			<xmin>203</xmin>
			<xmax>233</xmax>
			<ymin>157</ymin>
			<ymax>240</ymax>
		</bndbox>
	</object>
	<object>
		<name>motorbike</name>
		<pose>Unspecified</pose>
		<truncated>0</truncated>
		<difficult>0</difficult>
		<occluded>0</occluded>
		<bndbox>
			<xmin>367</xmin>
			<xmax>398</xmax>
			<ymin>278</ymin>
			<ymax>377</ymax>
		</bndbox>
	</object>
</annotation>
