<annotation>
	<folder></folder>
	<filename>frame_1158_jpg.rf.1cfb46c66184d7685f8c926f55af9f9d.jpg</filename>
	<path>frame_1158_jpg.rf.1cfb46c66184d7685f8c926f55af9f9d.jpg</path>
	<source>
		<database>roboflow.ai</database>
	</source>
	<size>
		<width>416</width>
		<height>416</height>
		<depth>3</depth>
	</size>
	<segmented>0</segmented>
	<object>
		<name>car</name>
		<pose>Unspecified</pose>
		<truncated>0</truncated>
		<difficult>0</difficult>
		<occluded>0</occluded>
		<bndbox>
			<xmin>238</xmin>
			<xmax>314</xmax>
			<ymin>258</ymin>
			<ymax>377</ymax>
		</bndbox>
	</object>
	<object>
		<name>motorbike</name>
		<pose>Unspecified</pose>
		<truncated>0</truncated>
		<difficult>0</difficult>
		<occluded>0</occluded>
		<bndbox>
			<xmin>293</xmin>
			<xmax>313</xmax>
			<ymin>20</ymin>
			<ymax>66</ymax>
		</bndbox>
	</object>
	<object>
		<name>car</name>
		<pose>Unspecified</pose>
		<truncated>0</truncated>
		<difficult>0</difficult>
		<occluded>0</occluded>
		<bndbox>
			<xmin>215</xmin>
			<xmax>259</xmax>
			<ymin>19</ymin>
			<ymax>45</ymax>
		</bndbox>
	</object>
</annotation>
