<annotation>
	<folder></folder>
	<filename>frame_1180_jpg.rf.1873f9a9d4949831a3062f43a092b7a7.jpg</filename>
	<path>frame_1180_jpg.rf.1873f9a9d4949831a3062f43a092b7a7.jpg</path>
	<source>
		<database>roboflow.ai</database>
	</source>
	<size>
		<width>416</width>
		<height>416</height>
		<depth>3</depth>
	</size>
	<segmented>0</segmented>
	<object>
		<name>motorbike</name>
		<pose>Unspecified</pose>
		<truncated>0</truncated>
		<difficult>0</difficult>
		<occluded>0</occluded>
		<bndbox>
			<xmin>295</xmin>
			<xmax>340</xmax>
			<ymin>300</ymin>
			<ymax>411</ymax>
		</bndbox>
	</object>
</annotation>
