<annotation>
	<folder></folder>
	<filename>frame_1105_jpg.rf.2d2ac97a5c36f745fc208ba36443aa9a.jpg</filename>
	<path>frame_1105_jpg.rf.2d2ac97a5c36f745fc208ba36443aa9a.jpg</path>
	<source>
		<database>roboflow.ai</database>
	</source>
	<size>
		<width>416</width>
		<height>416</height>
		<depth>3</depth>
	</size>
	<segmented>0</segmented>
	<object>
		<name>motorbike</name>
		<pose>Unspecified</pose>
		<truncated>0</truncated>
		<difficult>0</difficult>
		<occluded>0</occluded>
		<bndbox>
			<xmin>147</xmin>
			<xmax>199</xmax>
			<ymin>277</ymin>
			<ymax>399</ymax>
		</bndbox>
	</object>
</annotation>
