<annotation>
	<folder></folder>
	<filename>frame_1308_jpg.rf.33ccd461d906c829b7b789323f849900.jpg</filename>
	<path>frame_1308_jpg.rf.33ccd461d906c829b7b789323f849900.jpg</path>
	<source>
		<database>roboflow.ai</database>
	</source>
	<size>
		<width>416</width>
		<height>416</height>
		<depth>3</depth>
	</size>
	<segmented>0</segmented>
	<object>
		<name>van</name>
		<pose>Unspecified</pose>
		<truncated>0</truncated>
		<difficult>0</difficult>
		<occluded>0</occluded>
		<bndbox>
			<xmin>167</xmin>
			<xmax>229</xmax>
			<ymin>85</ymin>
			<ymax>245</ymax>
		</bndbox>
	</object>
</annotation>
