<annotation>
	<folder></folder>
	<filename>frame_868_jpg.rf.a4a63a41ce13bc81d8d18edec33eab78.jpg</filename>
	<path>frame_868_jpg.rf.a4a63a41ce13bc81d8d18edec33eab78.jpg</path>
	<source>
		<database>roboflow.ai</database>
	</source>
	<size>
		<width>416</width>
		<height>416</height>
		<depth>3</depth>
	</size>
	<segmented>0</segmented>
	<object>
		<name>car</name>
		<pose>Unspecified</pose>
		<truncated>0</truncated>
		<difficult>0</difficult>
		<occluded>0</occluded>
		<bndbox>
			<xmin>222</xmin>
			<xmax>279</xmax>
			<ymin>14</ymin>
			<ymax>85</ymax>
		</bndbox>
	</object>
	<object>
		<name>car</name>
		<pose>Unspecified</pose>
		<truncated>0</truncated>
		<difficult>0</difficult>
		<occluded>0</occluded>
		<bndbox>
			<xmin>188</xmin>
			<xmax>227</xmax>
			<ymin>11</ymin>
			<ymax>33</ymax>
		</bndbox>
	</object>
</annotation>
