<annotation>
	<folder></folder>
	<filename>frame_811_jpg.rf.cb8d938cc77ebb28ba7a9ff980aa80e0.jpg</filename>
	<path>frame_811_jpg.rf.cb8d938cc77ebb28ba7a9ff980aa80e0.jpg</path>
	<source>
		<database>roboflow.ai</database>
	</source>
	<size>
		<width>416</width>
		<height>416</height>
		<depth>3</depth>
	</size>
	<segmented>0</segmented>
	<object>
		<name>car</name>
		<pose>Unspecified</pose>
		<truncated>0</truncated>
		<difficult>0</difficult>
		<occluded>0</occluded>
		<bndbox>
			<xmin>211</xmin>
			<xmax>257</xmax>
			<ymin>16</ymin>
			<ymax>35</ymax>
		</bndbox>
	</object>
	<object>
		<name>motorbike</name>
		<pose>Unspecified</pose>
		<truncated>0</truncated>
		<difficult>0</difficult>
		<occluded>0</occluded>
		<bndbox>
			<xmin>274</xmin>
			<xmax>301</xmax>
			<ymin>10</ymin>
			<ymax>36</ymax>
		</bndbox>
	</object>
</annotation>
