<annotation>
	<folder></folder>
	<filename>frame_1252_jpg.rf.371654a7d8f6f1a622fff3d61d5e4f7b.jpg</filename>
	<path>frame_1252_jpg.rf.371654a7d8f6f1a622fff3d61d5e4f7b.jpg</path>
	<source>
		<database>roboflow.ai</database>
	</source>
	<size>
		<width>416</width>
		<height>416</height>
		<depth>3</depth>
	</size>
	<segmented>0</segmented>
	<object>
		<name>car</name>
		<pose>Unspecified</pose>
		<truncated>0</truncated>
		<difficult>0</difficult>
		<occluded>0</occluded>
		<bndbox>
			<xmin>43</xmin>
			<xmax>136</xmax>
			<ymin>337</ymin>
			<ymax>414</ymax>
		</bndbox>
	</object>
	<object>
		<name>car</name>
		<pose>Unspecified</pose>
		<truncated>0</truncated>
		<difficult>0</difficult>
		<occluded>0</occluded>
		<bndbox>
			<xmin>221</xmin>
			<xmax>274</xmax>
			<ymin>38</ymin>
			<ymax>111</ymax>
		</bndbox>
	</object>
</annotation>
