<annotation>
	<folder></folder>
	<filename>frame_1075_jpg.rf.99f7529008b0484780395d448b19a7a1.jpg</filename>
	<path>frame_1075_jpg.rf.99f7529008b0484780395d448b19a7a1.jpg</path>
	<source>
		<database>roboflow.ai</database>
	</source>
	<size>
		<width>416</width>
		<height>416</height>
		<depth>3</depth>
	</size>
	<segmented>0</segmented>
	<object>
		<name>motorbike</name>
		<pose>Unspecified</pose>
		<truncated>0</truncated>
		<difficult>0</difficult>
		<occluded>0</occluded>
		<bndbox>
			<xmin>124</xmin>
			<xmax>160</xmax>
			<ymin>127</ymin>
			<ymax>216</ymax>
		</bndbox>
	</object>
</annotation>
