<annotation>
	<folder></folder>
	<filename>frame_954_jpg.rf.7ab95b47dbfc5389c0b954733ad7366e.jpg</filename>
	<path>frame_954_jpg.rf.7ab95b47dbfc5389c0b954733ad7366e.jpg</path>
	<source>
		<database>roboflow.ai</database>
	</source>
	<size>
		<width>416</width>
		<height>416</height>
		<depth>3</depth>
	</size>
	<segmented>0</segmented>
	<object>
		<name>bus</name>
		<pose>Unspecified</pose>
		<truncated>0</truncated>
		<difficult>0</difficult>
		<occluded>0</occluded>
		<bndbox>
			<xmin>216</xmin>
			<xmax>307</xmax>
			<ymin>32</ymin>
			<ymax>238</ymax>
		</bndbox>
	</object>
	<object>
		<name>motorbike</name>
		<pose>Unspecified</pose>
		<truncated>0</truncated>
		<difficult>0</difficult>
		<occluded>0</occluded>
		<bndbox>
			<xmin>342</xmin>
			<xmax>370</xmax>
			<ymin>48</ymin>
			<ymax>122</ymax>
		</bndbox>
	</object>
</annotation>
