<annotation>
	<folder></folder>
	<filename>frame_1381_jpg.rf.4baa3f895c3c5a8347de122d7f049faa.jpg</filename>
	<path>frame_1381_jpg.rf.4baa3f895c3c5a8347de122d7f049faa.jpg</path>
	<source>
		<database>roboflow.ai</database>
	</source>
	<size>
		<width>416</width>
		<height>416</height>
		<depth>3</depth>
	</size>
	<segmented>0</segmented>
	<object>
		<name>minitruck</name>
		<pose>Unspecified</pose>
		<truncated>0</truncated>
		<difficult>0</difficult>
		<occluded>0</occluded>
		<bndbox>
			<xmin>186</xmin>
			<xmax>252</xmax>
			<ymin>186</ymin>
			<ymax>370</ymax>
		</bndbox>
	</object>
	<object>
		<name>motorbike</name>
		<pose>Unspecified</pose>
		<truncated>0</truncated>
		<difficult>0</difficult>
		<occluded>0</occluded>
		<bndbox>
			<xmin>274</xmin>
			<xmax>311</xmax>
			<ymin>324</ymin>
			<ymax>412</ymax>
		</bndbox>
	</object>
</annotation>
