<annotation>
	<folder></folder>
	<filename>frame_639_jpg.rf.458aed0f1cb584bd9fc7dcbad4884408.jpg</filename>
	<path>frame_639_jpg.rf.458aed0f1cb584bd9fc7dcbad4884408.jpg</path>
	<source>
		<database>roboflow.ai</database>
	</source>
	<size>
		<width>416</width>
		<height>416</height>
		<depth>3</depth>
	</size>
	<segmented>0</segmented>
	<object>
		<name>motorbike</name>
		<pose>Unspecified</pose>
		<truncated>0</truncated>
		<difficult>0</difficult>
		<occluded>0</occluded>
		<bndbox>
			<xmin>326</xmin>
			<xmax>360</xmax>
			<ymin>207</ymin>
			<ymax>303</ymax>
		</bndbox>
	</object>
</annotation>
