<annotation>
	<folder></folder>
	<filename>frame_1167_jpg.rf.5772c88f3e53e5519000bacc042a07f7.jpg</filename>
	<path>frame_1167_jpg.rf.5772c88f3e53e5519000bacc042a07f7.jpg</path>
	<source>
		<database>roboflow.ai</database>
	</source>
	<size>
		<width>416</width>
		<height>416</height>
		<depth>3</depth>
	</size>
	<segmented>0</segmented>
	<object>
		<name>car</name>
		<pose>Unspecified</pose>
		<truncated>0</truncated>
		<difficult>0</difficult>
		<occluded>0</occluded>
		<bndbox>
			<xmin>279</xmin>
			<xmax>339</xmax>
			<ymin>169</ymin>
			<ymax>271</ymax>
		</bndbox>
	</object>
	<object>
		<name>car</name>
		<pose>Unspecified</pose>
		<truncated>0</truncated>
		<difficult>0</difficult>
		<occluded>0</occluded>
		<bndbox>
			<xmin>129</xmin>
			<xmax>188</xmax>
			<ymin>151</ymin>
			<ymax>251</ymax>
		</bndbox>
	</object>
	<object>
		<name>motorbike</name>
		<pose>Unspecified</pose>
		<truncated>0</truncated>
		<difficult>0</difficult>
		<occluded>0</occluded>
		<bndbox>
			<xmin>271</xmin>
			<xmax>297</xmax>
			<ymin>67</ymin>
			<ymax>131</ymax>
		</bndbox>
	</object>
	<object>
		<name>car</name>
		<pose>Unspecified</pose>
		<truncated>0</truncated>
		<difficult>0</difficult>
		<occluded>0</occluded>
		<bndbox>
			<xmin>210</xmin>
			<xmax>251</xmax>
			<ymin>18</ymin>
			<ymax>44</ymax>
		</bndbox>
	</object>
</annotation>
