<annotation>
	<folder></folder>
	<filename>frame_1026_jpg.rf.41f41281baa1d632646acddb61d5a26b.jpg</filename>
	<path>frame_1026_jpg.rf.41f41281baa1d632646acddb61d5a26b.jpg</path>
	<source>
		<database>roboflow.ai</database>
	</source>
	<size>
		<width>416</width>
		<height>416</height>
		<depth>3</depth>
	</size>
	<segmented>0</segmented>
	<object>
		<name>car</name>
		<pose>Unspecified</pose>
		<truncated>0</truncated>
		<difficult>0</difficult>
		<occluded>0</occluded>
		<bndbox>
			<xmin>162</xmin>
			<xmax>229</xmax>
			<ymin>42</ymin>
			<ymax>129</ymax>
		</bndbox>
	</object>
</annotation>
