<annotation>
	<folder></folder>
	<filename>frame_1164_jpg.rf.47b5f9bfa3f7476125150224b4c7ff0e.jpg</filename>
	<path>frame_1164_jpg.rf.47b5f9bfa3f7476125150224b4c7ff0e.jpg</path>
	<source>
		<database>roboflow.ai</database>
	</source>
	<size>
		<width>416</width>
		<height>416</height>
		<depth>3</depth>
	</size>
	<segmented>0</segmented>
	<object>
		<name>minitruck</name>
		<pose>Unspecified</pose>
		<truncated>0</truncated>
		<difficult>0</difficult>
		<occluded>0</occluded>
		<bndbox>
			<xmin>223</xmin>
			<xmax>305</xmax>
			<ymin>227</ymin>
			<ymax>397</ymax>
		</bndbox>
	</object>
</annotation>
