<annotation>
	<folder></folder>
	<filename>frame_848_jpg.rf.6a21ac3f98a2e71fe7ace9746d724bfa.jpg</filename>
	<path>frame_848_jpg.rf.6a21ac3f98a2e71fe7ace9746d724bfa.jpg</path>
	<source>
		<database>roboflow.ai</database>
	</source>
	<size>
		<width>416</width>
		<height>416</height>
		<depth>3</depth>
	</size>
	<segmented>0</segmented>
	<object>
		<name>motorbike</name>
		<pose>Unspecified</pose>
		<truncated>0</truncated>
		<difficult>0</difficult>
		<occluded>0</occluded>
		<bndbox>
			<xmin>314</xmin>
			<xmax>341</xmax>
			<ymin>60</ymin>
			<ymax>132</ymax>
		</bndbox>
	</object>
</annotation>
