<annotation>
	<folder></folder>
	<filename>frame_623_jpg.rf.77436f47019fa1266c6f3b8d1c91980d.jpg</filename>
	<path>frame_623_jpg.rf.77436f47019fa1266c6f3b8d1c91980d.jpg</path>
	<source>
		<database>roboflow.ai</database>
	</source>
	<size>
		<width>416</width>
		<height>416</height>
		<depth>3</depth>
	</size>
	<segmented>0</segmented>
	<object>
		<name>auto</name>
		<pose>Unspecified</pose>
		<truncated>0</truncated>
		<difficult>0</difficult>
		<occluded>0</occluded>
		<bndbox>
			<xmin>160</xmin>
			<xmax>203</xmax>
			<ymin>43</ymin>
			<ymax>139</ymax>
		</bndbox>
	</object>
</annotation>
