<annotation>
	<folder></folder>
	<filename>frame_1130_jpg.rf.069cc91500cb921d7da6943d93975f3b.jpg</filename>
	<path>frame_1130_jpg.rf.069cc91500cb921d7da6943d93975f3b.jpg</path>
	<source>
		<database>roboflow.ai</database>
	</source>
	<size>
		<width>416</width>
		<height>416</height>
		<depth>3</depth>
	</size>
	<segmented>0</segmented>
	<object>
		<name>motorbike</name>
		<pose>Unspecified</pose>
		<truncated>0</truncated>
		<difficult>0</difficult>
		<occluded>0</occluded>
		<bndbox>
			<xmin>357</xmin>
			<xmax>381</xmax>
			<ymin>217</ymin>
			<ymax>300</ymax>
		</bndbox>
	</object>
	<object>
		<name>car</name>
		<pose>Unspecified</pose>
		<truncated>0</truncated>
		<difficult>0</difficult>
		<occluded>0</occluded>
		<bndbox>
			<xmin>230</xmin>
			<xmax>278</xmax>
			<ymin>21</ymin>
			<ymax>66</ymax>
		</bndbox>
	</object>
</annotation>
