<annotation>
	<folder></folder>
	<filename>frame_745_jpg.rf.81302441f336737a56e993f045b9e468.jpg</filename>
	<path>frame_745_jpg.rf.81302441f336737a56e993f045b9e468.jpg</path>
	<source>
		<database>roboflow.ai</database>
	</source>
	<size>
		<width>416</width>
		<height>416</height>
		<depth>3</depth>
	</size>
	<segmented>0</segmented>
	<object>
		<name>car</name>
		<pose>Unspecified</pose>
		<truncated>0</truncated>
		<difficult>0</difficult>
		<occluded>0</occluded>
		<bndbox>
			<xmin>242</xmin>
			<xmax>330</xmax>
			<ymin>328</ymin>
			<ymax>416</ymax>
		</bndbox>
	</object>
</annotation>
