<annotation>
	<folder></folder>
	<filename>frame_894_jpg.rf.7f6b06769e2cc56b645614e1ca83ed5f.jpg</filename>
	<path>frame_894_jpg.rf.7f6b06769e2cc56b645614e1ca83ed5f.jpg</path>
	<source>
		<database>roboflow.ai</database>
	</source>
	<size>
		<width>416</width>
		<height>416</height>
		<depth>3</depth>
	</size>
	<segmented>0</segmented>
	<object>
		<name>motorbike</name>
		<pose>Unspecified</pose>
		<truncated>0</truncated>
		<difficult>0</difficult>
		<occluded>0</occluded>
		<bndbox>
			<xmin>163</xmin>
			<xmax>204</xmax>
			<ymin>314</ymin>
			<ymax>416</ymax>
		</bndbox>
	</object>
	<object>
		<name>motorbike</name>
		<pose>Unspecified</pose>
		<truncated>0</truncated>
		<difficult>0</difficult>
		<occluded>0</occluded>
		<bndbox>
			<xmin>284</xmin>
			<xmax>311</xmax>
			<ymin>18</ymin>
			<ymax>82</ymax>
		</bndbox>
	</object>
</annotation>
