<annotation>
	<folder></folder>
	<filename>frame_654_jpg.rf.81904557623909b3de14683a2bee0137.jpg</filename>
	<path>frame_654_jpg.rf.81904557623909b3de14683a2bee0137.jpg</path>
	<source>
		<database>roboflow.ai</database>
	</source>
	<size>
		<width>416</width>
		<height>416</height>
		<depth>3</depth>
	</size>
	<segmented>0</segmented>
	<object>
		<name>car</name>
		<pose>Unspecified</pose>
		<truncated>0</truncated>
		<difficult>0</difficult>
		<occluded>0</occluded>
		<bndbox>
			<xmin>180</xmin>
			<xmax>260</xmax>
			<ymin>348</ymin>
			<ymax>416</ymax>
		</bndbox>
	</object>
</annotation>
