<annotation>
	<folder></folder>
	<filename>frame_911_jpg.rf.d4dbd488ebe795329241988397a04cd3.jpg</filename>
	<path>frame_911_jpg.rf.d4dbd488ebe795329241988397a04cd3.jpg</path>
	<source>
		<database>roboflow.ai</database>
	</source>
	<size>
		<width>416</width>
		<height>416</height>
		<depth>3</depth>
	</size>
	<segmented>0</segmented>
	<object>
		<name>motorbike</name>
		<pose>Unspecified</pose>
		<truncated>0</truncated>
		<difficult>0</difficult>
		<occluded>0</occluded>
		<bndbox>
			<xmin>233</xmin>
			<xmax>257</xmax>
			<ymin>53</ymin>
			<ymax>129</ymax>
		</bndbox>
	</object>
	<object>
		<name>motorbike</name>
		<pose>Unspecified</pose>
		<truncated>0</truncated>
		<difficult>0</difficult>
		<occluded>0</occluded>
		<bndbox>
			<xmin>291</xmin>
			<xmax>319</xmax>
			<ymin>29</ymin>
			<ymax>91</ymax>
		</bndbox>
	</object>
</annotation>
