<annotation>
	<folder></folder>
	<filename>frame_648_jpg.rf.e33b84371f816b8baf93e9abd68113c6.jpg</filename>
	<path>frame_648_jpg.rf.e33b84371f816b8baf93e9abd68113c6.jpg</path>
	<source>
		<database>roboflow.ai</database>
	</source>
	<size>
		<width>416</width>
		<height>416</height>
		<depth>3</depth>
	</size>
	<segmented>0</segmented>
	<object>
		<name>motorbike</name>
		<pose>Unspecified</pose>
		<truncated>0</truncated>
		<difficult>0</difficult>
		<occluded>0</occluded>
		<bndbox>
			<xmin>227</xmin>
			<xmax>278</xmax>
			<ymin>336</ymin>
			<ymax>415</ymax>
		</bndbox>
	</object>
</annotation>
