<annotation>
	<folder></folder>
	<filename>frame_950_jpg.rf.5c007bd0363d016086d25341f3bb2aa1.jpg</filename>
	<path>frame_950_jpg.rf.5c007bd0363d016086d25341f3bb2aa1.jpg</path>
	<source>
		<database>roboflow.ai</database>
	</source>
	<size>
		<width>416</width>
		<height>416</height>
		<depth>3</depth>
	</size>
	<segmented>0</segmented>
	<object>
		<name>car</name>
		<pose>Unspecified</pose>
		<truncated>0</truncated>
		<difficult>0</difficult>
		<occluded>0</occluded>
		<bndbox>
			<xmin>208</xmin>
			<xmax>288</xmax>
			<ymin>208</ymin>
			<ymax>347</ymax>
		</bndbox>
	</object>
	<object>
		<name>motorbike</name>
		<pose>Unspecified</pose>
		<truncated>0</truncated>
		<difficult>0</difficult>
		<occluded>0</occluded>
		<bndbox>
			<xmin>335</xmin>
			<xmax>361</xmax>
			<ymin>337</ymin>
			<ymax>414</ymax>
		</bndbox>
	</object>
	<object>
		<name>bus</name>
		<pose>Unspecified</pose>
		<truncated>0</truncated>
		<difficult>0</difficult>
		<occluded>0</occluded>
		<bndbox>
			<xmin>210</xmin>
			<xmax>292</xmax>
			<ymin>15</ymin>
			<ymax>130</ymax>
		</bndbox>
	</object>
</annotation>
