<annotation>
	<folder></folder>
	<filename>frame_1050_jpg.rf.bf623af71a2a3b7fd7d78586768c64e3.jpg</filename>
	<path>frame_1050_jpg.rf.bf623af71a2a3b7fd7d78586768c64e3.jpg</path>
	<source>
		<database>roboflow.ai</database>
	</source>
	<size>
		<width>416</width>
		<height>416</height>
		<depth>3</depth>
	</size>
	<segmented>0</segmented>
	<object>
		<name>car</name>
		<pose>Unspecified</pose>
		<truncated>0</truncated>
		<difficult>0</difficult>
		<occluded>0</occluded>
		<bndbox>
			<xmin>232</xmin>
			<xmax>286</xmax>
			<ymin>36</ymin>
			<ymax>110</ymax>
		</bndbox>
	</object>
	<object>
		<name>car</name>
		<pose>Unspecified</pose>
		<truncated>0</truncated>
		<difficult>0</difficult>
		<occluded>0</occluded>
		<bndbox>
			<xmin>182</xmin>
			<xmax>262</xmax>
			<ymin>233</ymin>
			<ymax>371</ymax>
		</bndbox>
	</object>
</annotation>
