<annotation>
	<folder></folder>
	<filename>frame_693_jpg.rf.9b45750b3b51bd9f94ee6aeaa466d2fd.jpg</filename>
	<path>frame_693_jpg.rf.9b45750b3b51bd9f94ee6aeaa466d2fd.jpg</path>
	<source>
		<database>roboflow.ai</database>
	</source>
	<size>
		<width>416</width>
		<height>416</height>
		<depth>3</depth>
	</size>
	<segmented>0</segmented>
	<object>
		<name>motorbike</name>
		<pose>Unspecified</pose>
		<truncated>0</truncated>
		<difficult>0</difficult>
		<occluded>0</occluded>
		<bndbox>
			<xmin>289</xmin>
			<xmax>316</xmax>
			<ymin>20</ymin>
			<ymax>79</ymax>
		</bndbox>
	</object>
</annotation>
