<annotation>
	<folder></folder>
	<filename>frame_860_jpg.rf.3c6569c1c4d2f0f2a8844a81e4cdf842.jpg</filename>
	<path>frame_860_jpg.rf.3c6569c1c4d2f0f2a8844a81e4cdf842.jpg</path>
	<source>
		<database>roboflow.ai</database>
	</source>
	<size>
		<width>416</width>
		<height>416</height>
		<depth>3</depth>
	</size>
	<segmented>0</segmented>
	<object>
		<name>motorbike</name>
		<pose>Unspecified</pose>
		<truncated>0</truncated>
		<difficult>0</difficult>
		<occluded>0</occluded>
		<bndbox>
			<xmin>321</xmin>
			<xmax>360</xmax>
			<ymin>354</ymin>
			<ymax>416</ymax>
		</bndbox>
	</object>
</annotation>
