<annotation>
	<folder></folder>
	<filename>frame_947_jpg.rf.bc58d33bef949286a9a9e6c6ecc00aec.jpg</filename>
	<path>frame_947_jpg.rf.bc58d33bef949286a9a9e6c6ecc00aec.jpg</path>
	<source>
		<database>roboflow.ai</database>
	</source>
	<size>
		<width>416</width>
		<height>416</height>
		<depth>3</depth>
	</size>
	<segmented>0</segmented>
	<object>
		<name>motorbike</name>
		<pose>Unspecified</pose>
		<truncated>0</truncated>
		<difficult>0</difficult>
		<occluded>0</occluded>
		<bndbox>
			<xmin>335</xmin>
			<xmax>367</xmax>
			<ymin>145</ymin>
			<ymax>228</ymax>
		</bndbox>
	</object>
	<object>
		<name>car</name>
		<pose>Unspecified</pose>
		<truncated>0</truncated>
		<difficult>0</difficult>
		<occluded>0</occluded>
		<bndbox>
			<xmin>146</xmin>
			<xmax>230</xmax>
			<ymin>258</ymin>
			<ymax>383</ymax>
		</bndbox>
	</object>
</annotation>
