<annotation>
	<folder></folder>
	<filename>frame_962_jpg.rf.ada9514042c0e714a628b3d86256d064.jpg</filename>
	<path>frame_962_jpg.rf.ada9514042c0e714a628b3d86256d064.jpg</path>
	<source>
		<database>roboflow.ai</database>
	</source>
	<size>
		<width>416</width>
		<height>416</height>
		<depth>3</depth>
	</size>
	<segmented>0</segmented>
	<object>
		<name>motorbike</name>
		<pose>Unspecified</pose>
		<truncated>0</truncated>
		<difficult>0</difficult>
		<occluded>0</occluded>
		<bndbox>
			<xmin>317</xmin>
			<xmax>358</xmax>
			<ymin>240</ymin>
			<ymax>340</ymax>
		</bndbox>
	</object>
	<object>
		<name>car</name>
		<pose>Unspecified</pose>
		<truncated>0</truncated>
		<difficult>0</difficult>
		<occluded>0</occluded>
		<bndbox>
			<xmin>156</xmin>
			<xmax>230</xmax>
			<ymin>224</ymin>
			<ymax>362</ymax>
		</bndbox>
	</object>
</annotation>
