<annotation>
	<folder></folder>
	<filename>frame_1037_jpg.rf.f38d03e91b65d82ab6acc7bc75716d92.jpg</filename>
	<path>frame_1037_jpg.rf.f38d03e91b65d82ab6acc7bc75716d92.jpg</path>
	<source>
		<database>roboflow.ai</database>
	</source>
	<size>
		<width>416</width>
		<height>416</height>
		<depth>3</depth>
	</size>
	<segmented>0</segmented>
	<object>
		<name>motorbike</name>
		<pose>Unspecified</pose>
		<truncated>0</truncated>
		<difficult>0</difficult>
		<occluded>0</occluded>
		<bndbox>
			<xmin>319</xmin>
			<xmax>342</xmax>
			<ymin>171</ymin>
			<ymax>273</ymax>
		</bndbox>
	</object>
</annotation>
