<annotation>
	<folder></folder>
	<filename>frame_645_jpg.rf.6d2f3c970814c2aecc9e8d4a718822ec.jpg</filename>
	<path>frame_645_jpg.rf.6d2f3c970814c2aecc9e8d4a718822ec.jpg</path>
	<source>
		<database>roboflow.ai</database>
	</source>
	<size>
		<width>416</width>
		<height>416</height>
		<depth>3</depth>
	</size>
	<segmented>0</segmented>
	<object>
		<name>motorbike</name>
		<pose>Unspecified</pose>
		<truncated>0</truncated>
		<difficult>0</difficult>
		<occluded>0</occluded>
		<bndbox>
			<xmin>253</xmin>
			<xmax>305</xmax>
			<ymin>283</ymin>
			<ymax>397</ymax>
		</bndbox>
	</object>
</annotation>
