<annotation>
	<folder></folder>
	<filename>frame_951_jpg.rf.5ab27d6fe7ef66da028fefe8ff32b230.jpg</filename>
	<path>frame_951_jpg.rf.5ab27d6fe7ef66da028fefe8ff32b230.jpg</path>
	<source>
		<database>roboflow.ai</database>
	</source>
	<size>
		<width>416</width>
		<height>416</height>
		<depth>3</depth>
	</size>
	<segmented>0</segmented>
	<object>
		<name>bus</name>
		<pose>Unspecified</pose>
		<truncated>0</truncated>
		<difficult>0</difficult>
		<occluded>0</occluded>
		<bndbox>
			<xmin>186</xmin>
			<xmax>302</xmax>
			<ymin>109</ymin>
			<ymax>400</ymax>
		</bndbox>
	</object>
	<object>
		<name>motorbike</name>
		<pose>Unspecified</pose>
		<truncated>0</truncated>
		<difficult>0</difficult>
		<occluded>0</occluded>
		<bndbox>
			<xmin>312</xmin>
			<xmax>339</xmax>
			<ymin>33</ymin>
			<ymax>88</ymax>
		</bndbox>
	</object>
</annotation>
