<annotation>
	<folder></folder>
	<filename>frame_912_jpg.rf.513eb96cd8f58c295ef908dda3acc203.jpg</filename>
	<path>frame_912_jpg.rf.513eb96cd8f58c295ef908dda3acc203.jpg</path>
	<source>
		<database>roboflow.ai</database>
	</source>
	<size>
		<width>416</width>
		<height>416</height>
		<depth>3</depth>
	</size>
	<segmented>0</segmented>
	<object>
		<name>motorbike</name>
		<pose>Unspecified</pose>
		<truncated>0</truncated>
		<difficult>0</difficult>
		<occluded>0</occluded>
		<bndbox>
			<xmin>289</xmin>
			<xmax>330</xmax>
			<ymin>229</ymin>
			<ymax>332</ymax>
		</bndbox>
	</object>
</annotation>
