<annotation>
	<folder></folder>
	<filename>frame_2999_jpg.rf.761245eb8170bd643ad9a84c4812eb69.jpg</filename>
	<path>frame_2999_jpg.rf.761245eb8170bd643ad9a84c4812eb69.jpg</path>
	<source>
		<database>roboflow.ai</database>
	</source>
	<size>
		<width>416</width>
		<height>416</height>
		<depth>3</depth>
	</size>
	<segmented>0</segmented>
	<object>
		<name>motorbike</name>
		<pose>Unspecified</pose>
		<truncated>0</truncated>
		<difficult>0</difficult>
		<occluded>0</occluded>
		<bndbox>
			<xmin>293</xmin>
			<xmax>334</xmax>
			<ymin>257</ymin>
			<ymax>356</ymax>
		</bndbox>
	</object>
	<object>
		<name>bicycle</name>
		<pose>Unspecified</pose>
		<truncated>0</truncated>
		<difficult>0</difficult>
		<occluded>0</occluded>
		<bndbox>
			<xmin>307</xmin>
			<xmax>359</xmax>
			<ymin>274</ymin>
			<ymax>400</ymax>
		</bndbox>
	</object>
</annotation>
