<annotation>
	<folder></folder>
	<filename>frame_3044_jpg.rf.5d0ab4660a104a4e4cb09ff9c5daee54.jpg</filename>
	<path>frame_3044_jpg.rf.5d0ab4660a104a4e4cb09ff9c5daee54.jpg</path>
	<source>
		<database>roboflow.ai</database>
	</source>
	<size>
		<width>416</width>
		<height>416</height>
		<depth>3</depth>
	</size>
	<segmented>0</segmented>
	<object>
		<name>car</name>
		<pose>Unspecified</pose>
		<truncated>0</truncated>
		<difficult>0</difficult>
		<occluded>0</occluded>
		<bndbox>
			<xmin>150</xmin>
			<xmax>258</xmax>
			<ymin>216</ymin>
			<ymax>415</ymax>
		</bndbox>
	</object>
	<object>
		<name>bicycle</name>
		<pose>Unspecified</pose>
		<truncated>0</truncated>
		<difficult>0</difficult>
		<occluded>0</occluded>
		<bndbox>
			<xmin>51</xmin>
			<xmax>111</xmax>
			<ymin>308</ymin>
			<ymax>399</ymax>
		</bndbox>
	</object>
</annotation>
