<annotation>
	<folder></folder>
	<filename>frame_3085_jpg.rf.470c8edd8448649d1f633f80c03a85c3.jpg</filename>
	<path>frame_3085_jpg.rf.470c8edd8448649d1f633f80c03a85c3.jpg</path>
	<source>
		<database>roboflow.ai</database>
	</source>
	<size>
		<width>416</width>
		<height>416</height>
		<depth>3</depth>
	</size>
	<segmented>0</segmented>
	<object>
		<name>motorbike</name>
		<pose>Unspecified</pose>
		<truncated>0</truncated>
		<difficult>0</difficult>
		<occluded>0</occluded>
		<bndbox>
			<xmin>64</xmin>
			<xmax>104</xmax>
			<ymin>285</ymin>
			<ymax>372</ymax>
		</bndbox>
	</object>
	<object>
		<name>motorbike</name>
		<pose>Unspecified</pose>
		<truncated>0</truncated>
		<difficult>0</difficult>
		<occluded>0</occluded>
		<bndbox>
			<xmin>72</xmin>
			<xmax>113</xmax>
			<ymin>344</ymin>
			<ymax>415</ymax>
		</bndbox>
	</object>
</annotation>
