<annotation>
	<folder></folder>
	<filename>frame_3089_jpg.rf.c8c3c82f22ff3e96c8aa012e573a39e5.jpg</filename>
	<path>frame_3089_jpg.rf.c8c3c82f22ff3e96c8aa012e573a39e5.jpg</path>
	<source>
		<database>roboflow.ai</database>
	</source>
	<size>
		<width>416</width>
		<height>416</height>
		<depth>3</depth>
	</size>
	<segmented>0</segmented>
	<object>
		<name>motorbike</name>
		<pose>Unspecified</pose>
		<truncated>0</truncated>
		<difficult>0</difficult>
		<occluded>0</occluded>
		<bndbox>
			<xmin>255</xmin>
			<xmax>303</xmax>
			<ymin>216</ymin>
			<ymax>354</ymax>
		</bndbox>
	</object>
</annotation>
