<annotation>
	<folder></folder>
	<filename>frame_3070_jpg.rf.3be4d0cf1c1558cef9a3f20d3060a0bb.jpg</filename>
	<path>frame_3070_jpg.rf.3be4d0cf1c1558cef9a3f20d3060a0bb.jpg</path>
	<source>
		<database>roboflow.ai</database>
	</source>
	<size>
		<width>416</width>
		<height>416</height>
		<depth>3</depth>
	</size>
	<segmented>0</segmented>
	<object>
		<name>car</name>
		<pose>Unspecified</pose>
		<truncated>0</truncated>
		<difficult>0</difficult>
		<occluded>0</occluded>
		<bndbox>
			<xmin>258</xmin>
			<xmax>315</xmax>
			<ymin>248</ymin>
			<ymax>379</ymax>
		</bndbox>
	</object>
</annotation>
