<annotation>
	<folder></folder>
	<filename>frame_3010_jpg.rf.c1779ef761666b85672111a61995f020.jpg</filename>
	<path>frame_3010_jpg.rf.c1779ef761666b85672111a61995f020.jpg</path>
	<source>
		<database>roboflow.ai</database>
	</source>
	<size>
		<width>416</width>
		<height>416</height>
		<depth>3</depth>
	</size>
	<segmented>0</segmented>
	<object>
		<name>motorbike</name>
		<pose>Unspecified</pose>
		<truncated>0</truncated>
		<difficult>0</difficult>
		<occluded>0</occluded>
		<bndbox>
			<xmin>89</xmin>
			<xmax>145</xmax>
			<ymin>224</ymin>
			<ymax>337</ymax>
		</bndbox>
	</object>
	<object>
		<name>motorbike</name>
		<pose>Unspecified</pose>
		<truncated>0</truncated>
		<difficult>0</difficult>
		<occluded>0</occluded>
		<bndbox>
			<xmin>145</xmin>
			<xmax>201</xmax>
			<ymin>239</ymin>
			<ymax>352</ymax>
		</bndbox>
	</object>
</annotation>
