<annotation>
	<folder></folder>
	<filename>frame_3019_jpg.rf.4a4ac6c383c8760ac83c41edfa182b64.jpg</filename>
	<path>frame_3019_jpg.rf.4a4ac6c383c8760ac83c41edfa182b64.jpg</path>
	<source>
		<database>roboflow.ai</database>
	</source>
	<size>
		<width>416</width>
		<height>416</height>
		<depth>3</depth>
	</size>
	<segmented>0</segmented>
	<object>
		<name>bicycle</name>
		<pose>Unspecified</pose>
		<truncated>0</truncated>
		<difficult>0</difficult>
		<occluded>0</occluded>
		<bndbox>
			<xmin>80</xmin>
			<xmax>124</xmax>
			<ymin>252</ymin>
			<ymax>371</ymax>
		</bndbox>
	</object>
</annotation>
