<annotation>
	<folder></folder>
	<filename>frame_3054_jpg.rf.ca1addee60fb6cebc46ab1d207645c9f.jpg</filename>
	<path>frame_3054_jpg.rf.ca1addee60fb6cebc46ab1d207645c9f.jpg</path>
	<source>
		<database>roboflow.ai</database>
	</source>
	<size>
		<width>416</width>
		<height>416</height>
		<depth>3</depth>
	</size>
	<segmented>0</segmented>
	<object>
		<name>bicycle</name>
		<pose>Unspecified</pose>
		<truncated>0</truncated>
		<difficult>0</difficult>
		<occluded>0</occluded>
		<bndbox>
			<xmin>40</xmin>
			<xmax>71</xmax>
			<ymin>254</ymin>
			<ymax>374</ymax>
		</bndbox>
	</object>
</annotation>
