<annotation>
	<folder></folder>
	<filename>frame_3072_jpg.rf.7611875d2a351b12a13a1037bc7f6b8c.jpg</filename>
	<path>frame_3072_jpg.rf.7611875d2a351b12a13a1037bc7f6b8c.jpg</path>
	<source>
		<database>roboflow.ai</database>
	</source>
	<size>
		<width>416</width>
		<height>416</height>
		<depth>3</depth>
	</size>
	<segmented>0</segmented>
	<object>
		<name>motorbike</name>
		<pose>Unspecified</pose>
		<truncated>0</truncated>
		<difficult>0</difficult>
		<occluded>0</occluded>
		<bndbox>
			<xmin>230</xmin>
			<xmax>298</xmax>
			<ymin>280</ymin>
			<ymax>403</ymax>
		</bndbox>
	</object>
</annotation>
