<annotation>
	<folder></folder>
	<filename>frame_3025_jpg.rf.b958405ac8ec2c93c841b9f7759cc4a7.jpg</filename>
	<path>frame_3025_jpg.rf.b958405ac8ec2c93c841b9f7759cc4a7.jpg</path>
	<source>
		<database>roboflow.ai</database>
	</source>
	<size>
		<width>416</width>
		<height>416</height>
		<depth>3</depth>
	</size>
	<segmented>0</segmented>
	<object>
		<name>auto</name>
		<pose>Unspecified</pose>
		<truncated>0</truncated>
		<difficult>0</difficult>
		<occluded>0</occluded>
		<bndbox>
			<xmin>218</xmin>
			<xmax>265</xmax>
			<ymin>200</ymin>
			<ymax>310</ymax>
		</bndbox>
	</object>
</annotation>
