<annotation>
	<folder></folder>
	<filename>frame_2978_jpg.rf.fb9bef3e1eb9ce145ecb085cf7247666.jpg</filename>
	<path>frame_2978_jpg.rf.fb9bef3e1eb9ce145ecb085cf7247666.jpg</path>
	<source>
		<database>roboflow.ai</database>
	</source>
	<size>
		<width>416</width>
		<height>416</height>
		<depth>3</depth>
	</size>
	<segmented>0</segmented>
	<object>
		<name>motorbike</name>
		<pose>Unspecified</pose>
		<truncated>0</truncated>
		<difficult>0</difficult>
		<occluded>0</occluded>
		<bndbox>
			<xmin>107</xmin>
			<xmax>194</xmax>
			<ymin>305</ymin>
			<ymax>411</ymax>
		</bndbox>
	</object>
	<object>
		<name>motorbike</name>
		<pose>Unspecified</pose>
		<truncated>0</truncated>
		<difficult>0</difficult>
		<occluded>0</occluded>
		<bndbox>
			<xmin>80</xmin>
			<xmax>159</xmax>
			<ymin>233</ymin>
			<ymax>354</ymax>
		</bndbox>
	</object>
</annotation>
