<annotation>
	<folder></folder>
	<filename>frame_3096_jpg.rf.5c9a01e38798809dfa44645de1595e0a.jpg</filename>
	<path>frame_3096_jpg.rf.5c9a01e38798809dfa44645de1595e0a.jpg</path>
	<source>
		<database>roboflow.ai</database>
	</source>
	<size>
		<width>416</width>
		<height>416</height>
		<depth>3</depth>
	</size>
	<segmented>0</segmented>
	<object>
		<name>motorbike</name>
		<pose>Unspecified</pose>
		<truncated>0</truncated>
		<difficult>0</difficult>
		<occluded>0</occluded>
		<bndbox>
			<xmin>274</xmin>
			<xmax>302</xmax>
			<ymin>256</ymin>
			<ymax>367</ymax>
		</bndbox>
	</object>
	<object>
		<name>auto</name>
		<pose>Unspecified</pose>
		<truncated>0</truncated>
		<difficult>0</difficult>
		<occluded>0</occluded>
		<bndbox>
			<xmin>332</xmin>
			<xmax>392</xmax>
			<ymin>246</ymin>
			<ymax>363</ymax>
		</bndbox>
	</object>
</annotation>
