<annotation>
	<folder></folder>
	<filename>frame_2981_jpg.rf.8d7ee12977418bc9a0819f3627ccb646.jpg</filename>
	<path>frame_2981_jpg.rf.8d7ee12977418bc9a0819f3627ccb646.jpg</path>
	<source>
		<database>roboflow.ai</database>
	</source>
	<size>
		<width>416</width>
		<height>416</height>
		<depth>3</depth>
	</size>
	<segmented>0</segmented>
	<object>
		<name>motorbike</name>
		<pose>Unspecified</pose>
		<truncated>0</truncated>
		<difficult>0</difficult>
		<occluded>0</occluded>
		<bndbox>
			<xmin>228</xmin>
			<xmax>285</xmax>
			<ymin>268</ymin>
			<ymax>388</ymax>
		</bndbox>
	</object>
</annotation>
