<annotation>
	<folder></folder>
	<filename>frame_3069_jpg.rf.101b7b6a3fa0e53000de39c1ab18f949.jpg</filename>
	<path>frame_3069_jpg.rf.101b7b6a3fa0e53000de39c1ab18f949.jpg</path>
	<source>
		<database>roboflow.ai</database>
	</source>
	<size>
		<width>416</width>
		<height>416</height>
		<depth>3</depth>
	</size>
	<segmented>0</segmented>
	<object>
		<name>bicycle</name>
		<pose>Unspecified</pose>
		<truncated>0</truncated>
		<difficult>0</difficult>
		<occluded>0</occluded>
		<bndbox>
			<xmin>329</xmin>
			<xmax>355</xmax>
			<ymin>202</ymin>
			<ymax>292</ymax>
		</bndbox>
	</object>
</annotation>
