<annotation>
	<folder></folder>
	<filename>frame_3052_jpg.rf.50fdb296a4272dc79fdae91694a65596.jpg</filename>
	<path>frame_3052_jpg.rf.50fdb296a4272dc79fdae91694a65596.jpg</path>
	<source>
		<database>roboflow.ai</database>
	</source>
	<size>
		<width>416</width>
		<height>416</height>
		<depth>3</depth>
	</size>
	<segmented>0</segmented>
	<object>
		<name>motorbike</name>
		<pose>Unspecified</pose>
		<truncated>0</truncated>
		<difficult>0</difficult>
		<occluded>0</occluded>
		<bndbox>
			<xmin>129</xmin>
			<xmax>165</xmax>
			<ymin>205</ymin>
			<ymax>313</ymax>
		</bndbox>
	</object>
</annotation>
