<annotation>
	<folder></folder>
	<filename>frame_3057_jpg.rf.48285d55975e4f50143273da880bd047.jpg</filename>
	<path>frame_3057_jpg.rf.48285d55975e4f50143273da880bd047.jpg</path>
	<source>
		<database>roboflow.ai</database>
	</source>
	<size>
		<width>416</width>
		<height>416</height>
		<depth>3</depth>
	</size>
	<segmented>0</segmented>
	<object>
		<name>motorbike</name>
		<pose>Unspecified</pose>
		<truncated>0</truncated>
		<difficult>0</difficult>
		<occluded>0</occluded>
		<bndbox>
			<xmin>271</xmin>
			<xmax>307</xmax>
			<ymin>188</ymin>
			<ymax>296</ymax>
		</bndbox>
	</object>
	<object>
		<name>motorbike</name>
		<pose>Unspecified</pose>
		<truncated>0</truncated>
		<difficult>0</difficult>
		<occluded>0</occluded>
		<bndbox>
			<xmin>298</xmin>
			<xmax>334</xmax>
			<ymin>160</ymin>
			<ymax>268</ymax>
		</bndbox>
	</object>
</annotation>
