<annotation>
	<folder></folder>
	<filename>frame_3046_jpg.rf.6f0b98b715eb9e68e94786b2fe76024d.jpg</filename>
	<path>frame_3046_jpg.rf.6f0b98b715eb9e68e94786b2fe76024d.jpg</path>
	<source>
		<database>roboflow.ai</database>
	</source>
	<size>
		<width>416</width>
		<height>416</height>
		<depth>3</depth>
	</size>
	<segmented>0</segmented>
	<object>
		<name>car</name>
		<pose>Unspecified</pose>
		<truncated>0</truncated>
		<difficult>0</difficult>
		<occluded>0</occluded>
		<bndbox>
			<xmin>215</xmin>
			<xmax>330</xmax>
			<ymin>230</ymin>
			<ymax>415</ymax>
		</bndbox>
	</object>
</annotation>
