<annotation>
	<folder></folder>
	<filename>frame_3014_jpg.rf.587498fb06a3ad0573ef131b3fc8139c.jpg</filename>
	<path>frame_3014_jpg.rf.587498fb06a3ad0573ef131b3fc8139c.jpg</path>
	<source>
		<database>roboflow.ai</database>
	</source>
	<size>
		<width>416</width>
		<height>416</height>
		<depth>3</depth>
	</size>
	<segmented>0</segmented>
	<object>
		<name>motorbike</name>
		<pose>Unspecified</pose>
		<truncated>0</truncated>
		<difficult>0</difficult>
		<occluded>0</occluded>
		<bndbox>
			<xmin>272</xmin>
			<xmax>307</xmax>
			<ymin>259</ymin>
			<ymax>374</ymax>
		</bndbox>
	</object>
</annotation>
