<annotation>
	<folder></folder>
	<filename>frame_3033_jpg.rf.6fa31be4d45e84c370353ad4932d73af.jpg</filename>
	<path>frame_3033_jpg.rf.6fa31be4d45e84c370353ad4932d73af.jpg</path>
	<source>
		<database>roboflow.ai</database>
	</source>
	<size>
		<width>416</width>
		<height>416</height>
		<depth>3</depth>
	</size>
	<segmented>0</segmented>
	<object>
		<name>bicycle</name>
		<pose>Unspecified</pose>
		<truncated>0</truncated>
		<difficult>0</difficult>
		<occluded>0</occluded>
		<bndbox>
			<xmin>324</xmin>
			<xmax>370</xmax>
			<ymin>264</ymin>
			<ymax>396</ymax>
		</bndbox>
	</object>
</annotation>
