<annotation>
	<folder></folder>
	<filename>frame_3044_jpg.rf.b146ca6e20b4c5386a117d5dfc367b0f.jpg</filename>
	<path>frame_3044_jpg.rf.b146ca6e20b4c5386a117d5dfc367b0f.jpg</path>
	<source>
		<database>roboflow.ai</database>
	</source>
	<size>
		<width>416</width>
		<height>416</height>
		<depth>3</depth>
	</size>
	<segmented>0</segmented>
	<object>
		<name>car</name>
		<pose>Unspecified</pose>
		<truncated>0</truncated>
		<difficult>0</difficult>
		<occluded>0</occluded>
		<bndbox>
			<xmin>105</xmin>
			<xmax>221</xmax>
			<ymin>202</ymin>
			<ymax>398</ymax>
		</bndbox>
	</object>
	<object>
		<name>bicycle</name>
		<pose>Unspecified</pose>
		<truncated>0</truncated>
		<difficult>0</difficult>
		<occluded>0</occluded>
		<bndbox>
			<xmin>12</xmin>
			<xmax>52</xmax>
			<ymin>231</ymin>
			<ymax>357</ymax>
		</bndbox>
	</object>
</annotation>
