<annotation>
	<folder></folder>
	<filename>frame_3016_jpg.rf.6b68c0c9729f8ba647bd1e486c3fbe04.jpg</filename>
	<path>frame_3016_jpg.rf.6b68c0c9729f8ba647bd1e486c3fbe04.jpg</path>
	<source>
		<database>roboflow.ai</database>
	</source>
	<size>
		<width>416</width>
		<height>416</height>
		<depth>3</depth>
	</size>
	<segmented>0</segmented>
	<object>
		<name>bicycle</name>
		<pose>Unspecified</pose>
		<truncated>0</truncated>
		<difficult>0</difficult>
		<occluded>0</occluded>
		<bndbox>
			<xmin>390</xmin>
			<xmax>415</xmax>
			<ymin>313</ymin>
			<ymax>415</ymax>
		</bndbox>
	</object>
</annotation>
