<annotation>
	<folder></folder>
	<filename>frame_3015_jpg.rf.731283081098d65cee5a1924a9b47edb.jpg</filename>
	<path>frame_3015_jpg.rf.731283081098d65cee5a1924a9b47edb.jpg</path>
	<source>
		<database>roboflow.ai</database>
	</source>
	<size>
		<width>416</width>
		<height>416</height>
		<depth>3</depth>
	</size>
	<segmented>0</segmented>
	<object>
		<name>bicycle</name>
		<pose>Unspecified</pose>
		<truncated>0</truncated>
		<difficult>0</difficult>
		<occluded>0</occluded>
		<bndbox>
			<xmin>21</xmin>
			<xmax>81</xmax>
			<ymin>205</ymin>
			<ymax>329</ymax>
		</bndbox>
	</object>
</annotation>
