<annotation>
	<folder></folder>
	<filename>frame_2980_jpg.rf.e0cef695332e3a4e7b5e48b2b2d3665a.jpg</filename>
	<path>frame_2980_jpg.rf.e0cef695332e3a4e7b5e48b2b2d3665a.jpg</path>
	<source>
		<database>roboflow.ai</database>
	</source>
	<size>
		<width>416</width>
		<height>416</height>
		<depth>3</depth>
	</size>
	<segmented>0</segmented>
	<object>
		<name>motorbike</name>
		<pose>Unspecified</pose>
		<truncated>0</truncated>
		<difficult>0</difficult>
		<occluded>0</occluded>
		<bndbox>
			<xmin>308</xmin>
			<xmax>355</xmax>
			<ymin>138</ymin>
			<ymax>230</ymax>
		</bndbox>
	</object>
</annotation>
