<annotation>
	<folder></folder>
	<filename>frame_3000_jpg.rf.f76519bf852e922b5aed6bb5f41c0906.jpg</filename>
	<path>frame_3000_jpg.rf.f76519bf852e922b5aed6bb5f41c0906.jpg</path>
	<source>
		<database>roboflow.ai</database>
	</source>
	<size>
		<width>416</width>
		<height>416</height>
		<depth>3</depth>
	</size>
	<segmented>0</segmented>
	<object>
		<name>bicycle</name>
		<pose>Unspecified</pose>
		<truncated>0</truncated>
		<difficult>0</difficult>
		<occluded>0</occluded>
		<bndbox>
			<xmin>330</xmin>
			<xmax>378</xmax>
			<ymin>333</ymin>
			<ymax>415</ymax>
		</bndbox>
	</object>
</annotation>
