<annotation>
	<folder></folder>
	<filename>frame_2979_jpg.rf.7c9c406de7cf8245b1905707dcf89368.jpg</filename>
	<path>frame_2979_jpg.rf.7c9c406de7cf8245b1905707dcf89368.jpg</path>
	<source>
		<database>roboflow.ai</database>
	</source>
	<size>
		<width>416</width>
		<height>416</height>
		<depth>3</depth>
	</size>
	<segmented>0</segmented>
	<object>
		<name>motorbike</name>
		<pose>Unspecified</pose>
		<truncated>0</truncated>
		<difficult>0</difficult>
		<occluded>0</occluded>
		<bndbox>
			<xmin>120</xmin>
			<xmax>150</xmax>
			<ymin>221</ymin>
			<ymax>312</ymax>
		</bndbox>
	</object>
	<object>
		<name>motorbike</name>
		<pose>Unspecified</pose>
		<truncated>0</truncated>
		<difficult>0</difficult>
		<occluded>0</occluded>
		<bndbox>
			<xmin>93</xmin>
			<xmax>123</xmax>
			<ymin>257</ymin>
			<ymax>348</ymax>
		</bndbox>
	</object>
</annotation>
