<annotation>
	<folder></folder>
	<filename>frame_3091_jpg.rf.deff819cba5d894b612518db5ce3d540.jpg</filename>
	<path>frame_3091_jpg.rf.deff819cba5d894b612518db5ce3d540.jpg</path>
	<source>
		<database>roboflow.ai</database>
	</source>
	<size>
		<width>416</width>
		<height>416</height>
		<depth>3</depth>
	</size>
	<segmented>0</segmented>
	<object>
		<name>auto</name>
		<pose>Unspecified</pose>
		<truncated>0</truncated>
		<difficult>0</difficult>
		<occluded>0</occluded>
		<bndbox>
			<xmin>378</xmin>
			<xmax>415</xmax>
			<ymin>239</ymin>
			<ymax>397</ymax>
		</bndbox>
	</object>
</annotation>
