<annotation>
	<folder></folder>
	<filename>frame_3000_jpg.rf.40107d93de3d8bc579cafc35646e33eb.jpg</filename>
	<path>frame_3000_jpg.rf.40107d93de3d8bc579cafc35646e33eb.jpg</path>
	<source>
		<database>roboflow.ai</database>
	</source>
	<size>
		<width>416</width>
		<height>416</height>
		<depth>3</depth>
	</size>
	<segmented>0</segmented>
	<object>
		<name>bicycle</name>
		<pose>Unspecified</pose>
		<truncated>0</truncated>
		<difficult>0</difficult>
		<occluded>0</occluded>
		<bndbox>
			<xmin>285</xmin>
			<xmax>344</xmax>
			<ymin>330</ymin>
			<ymax>415</ymax>
		</bndbox>
	</object>
</annotation>
