<annotation>
	<folder></folder>
	<filename>frame_3016_jpg.rf.11f0dd950baf18732e4104fbdcef45d0.jpg</filename>
	<path>frame_3016_jpg.rf.11f0dd950baf18732e4104fbdcef45d0.jpg</path>
	<source>
		<database>roboflow.ai</database>
	</source>
	<size>
		<width>416</width>
		<height>416</height>
		<depth>3</depth>
	</size>
	<segmented>0</segmented>
	<object>
		<name>bicycle</name>
		<pose>Unspecified</pose>
		<truncated>0</truncated>
		<difficult>0</difficult>
		<occluded>0</occluded>
		<bndbox>
			<xmin>41</xmin>
			<xmax>94</xmax>
			<ymin>283</ymin>
			<ymax>397</ymax>
		</bndbox>
	</object>
</annotation>
