<annotation>
	<folder></folder>
	<filename>frame_3086_jpg.rf.8c21a6f2cdc0c66ca116a2f12757866a.jpg</filename>
	<path>frame_3086_jpg.rf.8c21a6f2cdc0c66ca116a2f12757866a.jpg</path>
	<source>
		<database>roboflow.ai</database>
	</source>
	<size>
		<width>416</width>
		<height>416</height>
		<depth>3</depth>
	</size>
	<segmented>0</segmented>
	<object>
		<name>motorbike</name>
		<pose>Unspecified</pose>
		<truncated>0</truncated>
		<difficult>0</difficult>
		<occluded>0</occluded>
		<bndbox>
			<xmin>64</xmin>
			<xmax>98</xmax>
			<ymin>211</ymin>
			<ymax>307</ymax>
		</bndbox>
	</object>
	<object>
		<name>car</name>
		<pose>Unspecified</pose>
		<truncated>0</truncated>
		<difficult>0</difficult>
		<occluded>0</occluded>
		<bndbox>
			<xmin>125</xmin>
			<xmax>198</xmax>
			<ymin>162</ymin>
			<ymax>273</ymax>
		</bndbox>
	</object>
	<object>
		<name>bicycle</name>
		<pose>Unspecified</pose>
		<truncated>0</truncated>
		<difficult>0</difficult>
		<occluded>0</occluded>
		<bndbox>
			<xmin>52</xmin>
			<xmax>89</xmax>
			<ymin>172</ymin>
			<ymax>257</ymax>
		</bndbox>
	</object>
</annotation>
