<annotation>
	<folder></folder>
	<filename>frame_2999_jpg.rf.4baeb3eca2a36f564d0c6bfbaeb6f31a.jpg</filename>
	<path>frame_2999_jpg.rf.4baeb3eca2a36f564d0c6bfbaeb6f31a.jpg</path>
	<source>
		<database>roboflow.ai</database>
	</source>
	<size>
		<width>416</width>
		<height>416</height>
		<depth>3</depth>
	</size>
	<segmented>0</segmented>
	<object>
		<name>motorbike</name>
		<pose>Unspecified</pose>
		<truncated>0</truncated>
		<difficult>0</difficult>
		<occluded>0</occluded>
		<bndbox>
			<xmin>62</xmin>
			<xmax>102</xmax>
			<ymin>161</ymin>
			<ymax>260</ymax>
		</bndbox>
	</object>
	<object>
		<name>bicycle</name>
		<pose>Unspecified</pose>
		<truncated>0</truncated>
		<difficult>0</difficult>
		<occluded>0</occluded>
		<bndbox>
			<xmin>29</xmin>
			<xmax>80</xmax>
			<ymin>159</ymin>
			<ymax>285</ymax>
		</bndbox>
	</object>
</annotation>
