<annotation>
	<folder></folder>
	<filename>frame_3006_jpg.rf.2b7cbb874be52677f14cee076148f1c7.jpg</filename>
	<path>frame_3006_jpg.rf.2b7cbb874be52677f14cee076148f1c7.jpg</path>
	<source>
		<database>roboflow.ai</database>
	</source>
	<size>
		<width>416</width>
		<height>416</height>
		<depth>3</depth>
	</size>
	<segmented>0</segmented>
	<object>
		<name>motorbike</name>
		<pose>Unspecified</pose>
		<truncated>0</truncated>
		<difficult>0</difficult>
		<occluded>0</occluded>
		<bndbox>
			<xmin>254</xmin>
			<xmax>323</xmax>
			<ymin>266</ymin>
			<ymax>381</ymax>
		</bndbox>
	</object>
	<object>
		<name>motorbike</name>
		<pose>Unspecified</pose>
		<truncated>0</truncated>
		<difficult>0</difficult>
		<occluded>0</occluded>
		<bndbox>
			<xmin>219</xmin>
			<xmax>278</xmax>
			<ymin>168</ymin>
			<ymax>277</ymax>
		</bndbox>
	</object>
</annotation>
