<annotation>
	<folder></folder>
	<filename>frame_3025_jpg.rf.c8629c704ea4978ce8f097041cf1a230.jpg</filename>
	<path>frame_3025_jpg.rf.c8629c704ea4978ce8f097041cf1a230.jpg</path>
	<source>
		<database>roboflow.ai</database>
	</source>
	<size>
		<width>416</width>
		<height>416</height>
		<depth>3</depth>
	</size>
	<segmented>0</segmented>
	<object>
		<name>auto</name>
		<pose>Unspecified</pose>
		<truncated>0</truncated>
		<difficult>0</difficult>
		<occluded>0</occluded>
		<bndbox>
			<xmin>145</xmin>
			<xmax>193</xmax>
			<ymin>199</ymin>
			<ymax>321</ymax>
		</bndbox>
	</object>
</annotation>
