<annotation>
	<folder></folder>
	<filename>frame_3072_jpg.rf.b43946bd7b362d8ee506183c5116acd6.jpg</filename>
	<path>frame_3072_jpg.rf.b43946bd7b362d8ee506183c5116acd6.jpg</path>
	<source>
		<database>roboflow.ai</database>
	</source>
	<size>
		<width>416</width>
		<height>416</height>
		<depth>3</depth>
	</size>
	<segmented>0</segmented>
	<object>
		<name>motorbike</name>
		<pose>Unspecified</pose>
		<truncated>0</truncated>
		<difficult>0</difficult>
		<occluded>0</occluded>
		<bndbox>
			<xmin>236</xmin>
			<xmax>303</xmax>
			<ymin>238</ymin>
			<ymax>371</ymax>
		</bndbox>
	</object>
</annotation>
