<annotation>
	<folder></folder>
	<filename>frame_3028_jpg.rf.e824c0158166476330a1b4cb84fdb589.jpg</filename>
	<path>frame_3028_jpg.rf.e824c0158166476330a1b4cb84fdb589.jpg</path>
	<source>
		<database>roboflow.ai</database>
	</source>
	<size>
		<width>416</width>
		<height>416</height>
		<depth>3</depth>
	</size>
	<segmented>0</segmented>
	<object>
		<name>bicycle</name>
		<pose>Unspecified</pose>
		<truncated>0</truncated>
		<difficult>0</difficult>
		<occluded>0</occluded>
		<bndbox>
			<xmin>8</xmin>
			<xmax>28</xmax>
			<ymin>267</ymin>
			<ymax>373</ymax>
		</bndbox>
	</object>
</annotation>
