<annotation>
	<folder></folder>
	<filename>frame_2986_jpg.rf.9df1a988497634aa66a60f942d2594f0.jpg</filename>
	<path>frame_2986_jpg.rf.9df1a988497634aa66a60f942d2594f0.jpg</path>
	<source>
		<database>roboflow.ai</database>
	</source>
	<size>
		<width>416</width>
		<height>416</height>
		<depth>3</depth>
	</size>
	<segmented>0</segmented>
	<object>
		<name>motorbike</name>
		<pose>Unspecified</pose>
		<truncated>0</truncated>
		<difficult>0</difficult>
		<occluded>0</occluded>
		<bndbox>
			<xmin>71</xmin>
			<xmax>122</xmax>
			<ymin>220</ymin>
			<ymax>323</ymax>
		</bndbox>
	</object>
</annotation>
