<annotation>
	<folder></folder>
	<filename>frame_3069_jpg.rf.c34f92407a3bf3b494ddebb5823027ad.jpg</filename>
	<path>frame_3069_jpg.rf.c34f92407a3bf3b494ddebb5823027ad.jpg</path>
	<source>
		<database>roboflow.ai</database>
	</source>
	<size>
		<width>416</width>
		<height>416</height>
		<depth>3</depth>
	</size>
	<segmented>0</segmented>
	<object>
		<name>bicycle</name>
		<pose>Unspecified</pose>
		<truncated>0</truncated>
		<difficult>0</difficult>
		<occluded>0</occluded>
		<bndbox>
			<xmin>322</xmin>
			<xmax>366</xmax>
			<ymin>178</ymin>
			<ymax>271</ymax>
		</bndbox>
	</object>
</annotation>
