<annotation>
	<folder></folder>
	<filename>frame_3033_jpg.rf.c06d4722370c14a34a36215349e034cd.jpg</filename>
	<path>frame_3033_jpg.rf.c06d4722370c14a34a36215349e034cd.jpg</path>
	<source>
		<database>roboflow.ai</database>
	</source>
	<size>
		<width>416</width>
		<height>416</height>
		<depth>3</depth>
	</size>
	<segmented>0</segmented>
	<object>
		<name>bicycle</name>
		<pose>Unspecified</pose>
		<truncated>0</truncated>
		<difficult>0</difficult>
		<occluded>0</occluded>
		<bndbox>
			<xmin>334</xmin>
			<xmax>377</xmax>
			<ymin>270</ymin>
			<ymax>394</ymax>
		</bndbox>
	</object>
</annotation>
