<annotation>
	<folder></folder>
	<filename>frame_3046_jpg.rf.7cd5a9abf8691c6cd1366975f56c64c0.jpg</filename>
	<path>frame_3046_jpg.rf.7cd5a9abf8691c6cd1366975f56c64c0.jpg</path>
	<source>
		<database>roboflow.ai</database>
	</source>
	<size>
		<width>416</width>
		<height>416</height>
		<depth>3</depth>
	</size>
	<segmented>0</segmented>
	<object>
		<name>car</name>
		<pose>Unspecified</pose>
		<truncated>0</truncated>
		<difficult>0</difficult>
		<occluded>0</occluded>
		<bndbox>
			<xmin>184</xmin>
			<xmax>262</xmax>
			<ymin>240</ymin>
			<ymax>415</ymax>
		</bndbox>
	</object>
</annotation>
