<annotation>
	<folder></folder>
	<filename>frame_3000_jpg.rf.20a331219016766a82f613dbc07c84a8.jpg</filename>
	<path>frame_3000_jpg.rf.20a331219016766a82f613dbc07c84a8.jpg</path>
	<source>
		<database>roboflow.ai</database>
	</source>
	<size>
		<width>416</width>
		<height>416</height>
		<depth>3</depth>
	</size>
	<segmented>0</segmented>
	<object>
		<name>bicycle</name>
		<pose>Unspecified</pose>
		<truncated>0</truncated>
		<difficult>0</difficult>
		<occluded>0</occluded>
		<bndbox>
			<xmin>36</xmin>
			<xmax>76</xmax>
			<ymin>284</ymin>
			<ymax>401</ymax>
		</bndbox>
	</object>
</annotation>
