<annotation>
	<folder></folder>
	<filename>frame_3030_jpg.rf.2128303694b1096b30dde4db93bcbc28.jpg</filename>
	<path>frame_3030_jpg.rf.2128303694b1096b30dde4db93bcbc28.jpg</path>
	<source>
		<database>roboflow.ai</database>
	</source>
	<size>
		<width>416</width>
		<height>416</height>
		<depth>3</depth>
	</size>
	<segmented>0</segmented>
	<object>
		<name>motorbike</name>
		<pose>Unspecified</pose>
		<truncated>0</truncated>
		<difficult>0</difficult>
		<occluded>0</occluded>
		<bndbox>
			<xmin>86</xmin>
			<xmax>130</xmax>
			<ymin>245</ymin>
			<ymax>334</ymax>
		</bndbox>
	</object>
	<object>
		<name>motorbike</name>
		<pose>Unspecified</pose>
		<truncated>0</truncated>
		<difficult>0</difficult>
		<occluded>0</occluded>
		<bndbox>
			<xmin>85</xmin>
			<xmax>129</xmax>
			<ymin>323</ymin>
			<ymax>412</ymax>
		</bndbox>
	</object>
</annotation>
