<annotation>
	<folder></folder>
	<filename>frame_3024_jpg.rf.165df34c3fb00a0243e51b6869ae3bbb.jpg</filename>
	<path>frame_3024_jpg.rf.165df34c3fb00a0243e51b6869ae3bbb.jpg</path>
	<source>
		<database>roboflow.ai</database>
	</source>
	<size>
		<width>416</width>
		<height>416</height>
		<depth>3</depth>
	</size>
	<segmented>0</segmented>
	<object>
		<name>bicycle</name>
		<pose>Unspecified</pose>
		<truncated>0</truncated>
		<difficult>0</difficult>
		<occluded>0</occluded>
		<bndbox>
			<xmin>347</xmin>
			<xmax>400</xmax>
			<ymin>208</ymin>
			<ymax>318</ymax>
		</bndbox>
	</object>
	<object>
		<name>motorbike</name>
		<pose>Unspecified</pose>
		<truncated>0</truncated>
		<difficult>0</difficult>
		<occluded>0</occluded>
		<bndbox>
			<xmin>297</xmin>
			<xmax>351</xmax>
			<ymin>201</ymin>
			<ymax>316</ymax>
		</bndbox>
	</object>
	<object>
		<name>motorbike</name>
		<pose>Unspecified</pose>
		<truncated>0</truncated>
		<difficult>0</difficult>
		<occluded>0</occluded>
		<bndbox>
			<xmin>240</xmin>
			<xmax>294</xmax>
			<ymin>168</ymin>
			<ymax>283</ymax>
		</bndbox>
	</object>
</annotation>
