<annotation>
	<folder></folder>
	<filename>frame_2999_jpg.rf.e11583db1a09a4bc06c7f1dd680e31c1.jpg</filename>
	<path>frame_2999_jpg.rf.e11583db1a09a4bc06c7f1dd680e31c1.jpg</path>
	<source>
		<database>roboflow.ai</database>
	</source>
	<size>
		<width>416</width>
		<height>416</height>
		<depth>3</depth>
	</size>
	<segmented>0</segmented>
	<object>
		<name>motorbike</name>
		<pose>Unspecified</pose>
		<truncated>0</truncated>
		<difficult>0</difficult>
		<occluded>0</occluded>
		<bndbox>
			<xmin>84</xmin>
			<xmax>108</xmax>
			<ymin>197</ymin>
			<ymax>290</ymax>
		</bndbox>
	</object>
	<object>
		<name>bicycle</name>
		<pose>Unspecified</pose>
		<truncated>0</truncated>
		<difficult>0</difficult>
		<occluded>0</occluded>
		<bndbox>
			<xmin>58</xmin>
			<xmax>90</xmax>
			<ymin>203</ymin>
			<ymax>321</ymax>
		</bndbox>
	</object>
</annotation>
