<annotation>
	<folder></folder>
	<filename>frame_3080_jpg.rf.2019f34bcec2aead35bb99bd874f2103.jpg</filename>
	<path>frame_3080_jpg.rf.2019f34bcec2aead35bb99bd874f2103.jpg</path>
	<source>
		<database>roboflow.ai</database>
	</source>
	<size>
		<width>416</width>
		<height>416</height>
		<depth>3</depth>
	</size>
	<segmented>0</segmented>
	<object>
		<name>auto</name>
		<pose>Unspecified</pose>
		<truncated>0</truncated>
		<difficult>0</difficult>
		<occluded>0</occluded>
		<bndbox>
			<xmin>151</xmin>
			<xmax>228</xmax>
			<ymin>258</ymin>
			<ymax>415</ymax>
		</bndbox>
	</object>
</annotation>
