<annotation>
	<folder></folder>
	<filename>frame_3093_jpg.rf.35ebacaca8611318341059f047094376.jpg</filename>
	<path>frame_3093_jpg.rf.35ebacaca8611318341059f047094376.jpg</path>
	<source>
		<database>roboflow.ai</database>
	</source>
	<size>
		<width>416</width>
		<height>416</height>
		<depth>3</depth>
	</size>
	<segmented>0</segmented>
	<object>
		<name>auto</name>
		<pose>Unspecified</pose>
		<truncated>0</truncated>
		<difficult>0</difficult>
		<occluded>0</occluded>
		<bndbox>
			<xmin>335</xmin>
			<xmax>395</xmax>
			<ymin>230</ymin>
			<ymax>370</ymax>
		</bndbox>
	</object>
	<object>
		<name>motorbike</name>
		<pose>Unspecified</pose>
		<truncated>0</truncated>
		<difficult>0</difficult>
		<occluded>0</occluded>
		<bndbox>
			<xmin>288</xmin>
			<xmax>325</xmax>
			<ymin>219</ymin>
			<ymax>329</ymax>
		</bndbox>
	</object>
</annotation>
