<annotation>
	<folder></folder>
	<filename>frame_3071_jpg.rf.fb98166509928b6766e266c8e3c8bff8.jpg</filename>
	<path>frame_3071_jpg.rf.fb98166509928b6766e266c8e3c8bff8.jpg</path>
	<source>
		<database>roboflow.ai</database>
	</source>
	<size>
		<width>416</width>
		<height>416</height>
		<depth>3</depth>
	</size>
	<segmented>0</segmented>
	<object>
		<name>motorbike</name>
		<pose>Unspecified</pose>
		<truncated>0</truncated>
		<difficult>0</difficult>
		<occluded>0</occluded>
		<bndbox>
			<xmin>91</xmin>
			<xmax>142</xmax>
			<ymin>296</ymin>
			<ymax>415</ymax>
		</bndbox>
	</object>
</annotation>
