<annotation>
	<folder></folder>
	<filename>frame_3077_jpg.rf.4ca1168adccbfbae3a278b8ef8d3a060.jpg</filename>
	<path>frame_3077_jpg.rf.4ca1168adccbfbae3a278b8ef8d3a060.jpg</path>
	<source>
		<database>roboflow.ai</database>
	</source>
	<size>
		<width>416</width>
		<height>416</height>
		<depth>3</depth>
	</size>
	<segmented>0</segmented>
	<object>
		<name>car</name>
		<pose>Unspecified</pose>
		<truncated>0</truncated>
		<difficult>0</difficult>
		<occluded>0</occluded>
		<bndbox>
			<xmin>144</xmin>
			<xmax>238</xmax>
			<ymin>199</ymin>
			<ymax>378</ymax>
		</bndbox>
	</object>
	<object>
		<name>bus</name>
		<pose>Unspecified</pose>
		<truncated>0</truncated>
		<difficult>0</difficult>
		<occluded>0</occluded>
		<bndbox>
			<xmin>124</xmin>
			<xmax>207</xmax>
			<ymin>62</ymin>
			<ymax>225</ymax>
		</bndbox>
	</object>
</annotation>
