<annotation>
	<folder></folder>
	<filename>frame_3015_jpg.rf.52548bb8a0f5d9e9b6d131ce9f81578c.jpg</filename>
	<path>frame_3015_jpg.rf.52548bb8a0f5d9e9b6d131ce9f81578c.jpg</path>
	<source>
		<database>roboflow.ai</database>
	</source>
	<size>
		<width>416</width>
		<height>416</height>
		<depth>3</depth>
	</size>
	<segmented>0</segmented>
	<object>
		<name>bicycle</name>
		<pose>Unspecified</pose>
		<truncated>0</truncated>
		<difficult>0</difficult>
		<occluded>0</occluded>
		<bndbox>
			<xmin>314</xmin>
			<xmax>369</xmax>
			<ymin>185</ymin>
			<ymax>313</ymax>
		</bndbox>
	</object>
</annotation>
