<annotation>
	<folder></folder>
	<filename>frame_3064_jpg.rf.959c1d70fe4a95c9c22ea93a357d37cd.jpg</filename>
	<path>frame_3064_jpg.rf.959c1d70fe4a95c9c22ea93a357d37cd.jpg</path>
	<source>
		<database>roboflow.ai</database>
	</source>
	<size>
		<width>416</width>
		<height>416</height>
		<depth>3</depth>
	</size>
	<segmented>0</segmented>
	<object>
		<name>car</name>
		<pose>Unspecified</pose>
		<truncated>0</truncated>
		<difficult>0</difficult>
		<occluded>0</occluded>
		<bndbox>
			<xmin>194</xmin>
			<xmax>268</xmax>
			<ymin>237</ymin>
			<ymax>350</ymax>
		</bndbox>
	</object>
	<object>
		<name>motorbike</name>
		<pose>Unspecified</pose>
		<truncated>0</truncated>
		<difficult>0</difficult>
		<occluded>0</occluded>
		<bndbox>
			<xmin>298</xmin>
			<xmax>348</xmax>
			<ymin>250</ymin>
			<ymax>359</ymax>
		</bndbox>
	</object>
</annotation>
