<annotation>
	<folder></folder>
	<filename>frame_2988_jpg.rf.f2534d3ef89adada374b26eca10a07d3.jpg</filename>
	<path>frame_2988_jpg.rf.f2534d3ef89adada374b26eca10a07d3.jpg</path>
	<source>
		<database>roboflow.ai</database>
	</source>
	<size>
		<width>416</width>
		<height>416</height>
		<depth>3</depth>
	</size>
	<segmented>0</segmented>
	<object>
		<name>motorbike</name>
		<pose>Unspecified</pose>
		<truncated>0</truncated>
		<difficult>0</difficult>
		<occluded>0</occluded>
		<bndbox>
			<xmin>178</xmin>
			<xmax>245</xmax>
			<ymin>296</ymin>
			<ymax>415</ymax>
		</bndbox>
	</object>
	<object>
		<name>bicycle</name>
		<pose>Unspecified</pose>
		<truncated>0</truncated>
		<difficult>0</difficult>
		<occluded>0</occluded>
		<bndbox>
			<xmin>312</xmin>
			<xmax>351</xmax>
			<ymin>241</ymin>
			<ymax>348</ymax>
		</bndbox>
	</object>
</annotation>
