<annotation>
	<folder></folder>
	<filename>frame_3027_jpg.rf.f5e2b90c758567c719ade902df450b0f.jpg</filename>
	<path>frame_3027_jpg.rf.f5e2b90c758567c719ade902df450b0f.jpg</path>
	<source>
		<database>roboflow.ai</database>
	</source>
	<size>
		<width>416</width>
		<height>416</height>
		<depth>3</depth>
	</size>
	<segmented>0</segmented>
	<object>
		<name>auto</name>
		<pose>Unspecified</pose>
		<truncated>0</truncated>
		<difficult>0</difficult>
		<occluded>0</occluded>
		<bndbox>
			<xmin>126</xmin>
			<xmax>206</xmax>
			<ymin>273</ymin>
			<ymax>415</ymax>
		</bndbox>
	</object>
</annotation>
