<annotation>
	<folder></folder>
	<filename>frame_3065_jpg.rf.8819deb77bcf5b415150d13f4c787634.jpg</filename>
	<path>frame_3065_jpg.rf.8819deb77bcf5b415150d13f4c787634.jpg</path>
	<source>
		<database>roboflow.ai</database>
	</source>
	<size>
		<width>416</width>
		<height>416</height>
		<depth>3</depth>
	</size>
	<segmented>0</segmented>
	<object>
		<name>motorbike</name>
		<pose>Unspecified</pose>
		<truncated>0</truncated>
		<difficult>0</difficult>
		<occluded>0</occluded>
		<bndbox>
			<xmin>280</xmin>
			<xmax>330</xmax>
			<ymin>239</ymin>
			<ymax>348</ymax>
		</bndbox>
	</object>
	<object>
		<name>motorbike</name>
		<pose>Unspecified</pose>
		<truncated>0</truncated>
		<difficult>0</difficult>
		<occluded>0</occluded>
		<bndbox>
			<xmin>240</xmin>
			<xmax>290</xmax>
			<ymin>262</ymin>
			<ymax>371</ymax>
		</bndbox>
	</object>
</annotation>
