<annotation>
	<folder></folder>
	<filename>frame_3038_jpg.rf.3844efce81d79ab5ab60f5ce44d9022b.jpg</filename>
	<path>frame_3038_jpg.rf.3844efce81d79ab5ab60f5ce44d9022b.jpg</path>
	<source>
		<database>roboflow.ai</database>
	</source>
	<size>
		<width>416</width>
		<height>416</height>
		<depth>3</depth>
	</size>
	<segmented>0</segmented>
	<object>
		<name>bicycle</name>
		<pose>Unspecified</pose>
		<truncated>0</truncated>
		<difficult>0</difficult>
		<occluded>0</occluded>
		<bndbox>
			<xmin>122</xmin>
			<xmax>195</xmax>
			<ymin>287</ymin>
			<ymax>411</ymax>
		</bndbox>
	</object>
	<object>
		<name>bicycle</name>
		<pose>Unspecified</pose>
		<truncated>0</truncated>
		<difficult>0</difficult>
		<occluded>0</occluded>
		<bndbox>
			<xmin>96</xmin>
			<xmax>169</xmax>
			<ymin>288</ymin>
			<ymax>406</ymax>
		</bndbox>
	</object>
</annotation>
