<annotation>
	<folder></folder>
	<filename>frame_3019_jpg.rf.5690c78da2fa9212e6d3e11ad696e64b.jpg</filename>
	<path>frame_3019_jpg.rf.5690c78da2fa9212e6d3e11ad696e64b.jpg</path>
	<source>
		<database>roboflow.ai</database>
	</source>
	<size>
		<width>416</width>
		<height>416</height>
		<depth>3</depth>
	</size>
	<segmented>0</segmented>
	<object>
		<name>bicycle</name>
		<pose>Unspecified</pose>
		<truncated>0</truncated>
		<difficult>0</difficult>
		<occluded>0</occluded>
		<bndbox>
			<xmin>344</xmin>
			<xmax>399</xmax>
			<ymin>230</ymin>
			<ymax>351</ymax>
		</bndbox>
	</object>
</annotation>
