<annotation>
	<folder></folder>
	<filename>frame_3054_jpg.rf.a259c1298d65d18a137a36b4299370bd.jpg</filename>
	<path>frame_3054_jpg.rf.a259c1298d65d18a137a36b4299370bd.jpg</path>
	<source>
		<database>roboflow.ai</database>
	</source>
	<size>
		<width>416</width>
		<height>416</height>
		<depth>3</depth>
	</size>
	<segmented>0</segmented>
	<object>
		<name>bicycle</name>
		<pose>Unspecified</pose>
		<truncated>0</truncated>
		<difficult>0</difficult>
		<occluded>0</occluded>
		<bndbox>
			<xmin>22</xmin>
			<xmax>66</xmax>
			<ymin>284</ymin>
			<ymax>396</ymax>
		</bndbox>
	</object>
</annotation>
