<annotation>
	<folder></folder>
	<filename>frame_3041_jpg.rf.e19074c21361ae078a44b12e3f536823.jpg</filename>
	<path>frame_3041_jpg.rf.e19074c21361ae078a44b12e3f536823.jpg</path>
	<source>
		<database>roboflow.ai</database>
	</source>
	<size>
		<width>416</width>
		<height>416</height>
		<depth>3</depth>
	</size>
	<segmented>0</segmented>
	<object>
		<name>motorbike</name>
		<pose>Unspecified</pose>
		<truncated>0</truncated>
		<difficult>0</difficult>
		<occluded>0</occluded>
		<bndbox>
			<xmin>88</xmin>
			<xmax>128</xmax>
			<ymin>191</ymin>
			<ymax>297</ymax>
		</bndbox>
	</object>
</annotation>
