<annotation>
	<folder></folder>
	<filename>frame_3080_jpg.rf.626a591ceb9e2d2f59c90315181b845f.jpg</filename>
	<path>frame_3080_jpg.rf.626a591ceb9e2d2f59c90315181b845f.jpg</path>
	<source>
		<database>roboflow.ai</database>
	</source>
	<size>
		<width>416</width>
		<height>416</height>
		<depth>3</depth>
	</size>
	<segmented>0</segmented>
	<object>
		<name>auto</name>
		<pose>Unspecified</pose>
		<truncated>0</truncated>
		<difficult>0</difficult>
		<occluded>0</occluded>
		<bndbox>
			<xmin>69</xmin>
			<xmax>150</xmax>
			<ymin>262</ymin>
			<ymax>401</ymax>
		</bndbox>
	</object>
</annotation>
