<annotation>
	<folder></folder>
	<filename>frame_3039_jpg.rf.15498972f94f72c208303768981b0946.jpg</filename>
	<path>frame_3039_jpg.rf.15498972f94f72c208303768981b0946.jpg</path>
	<source>
		<database>roboflow.ai</database>
	</source>
	<size>
		<width>416</width>
		<height>416</height>
		<depth>3</depth>
	</size>
	<segmented>0</segmented>
	<object>
		<name>motorbike</name>
		<pose>Unspecified</pose>
		<truncated>0</truncated>
		<difficult>0</difficult>
		<occluded>0</occluded>
		<bndbox>
			<xmin>105</xmin>
			<xmax>149</xmax>
			<ymin>252</ymin>
			<ymax>371</ymax>
		</bndbox>
	</object>
</annotation>
