<annotation>
	<folder></folder>
	<filename>frame_3005_jpg.rf.00d8605d67bf148002f9023698764485.jpg</filename>
	<path>frame_3005_jpg.rf.00d8605d67bf148002f9023698764485.jpg</path>
	<source>
		<database>roboflow.ai</database>
	</source>
	<size>
		<width>416</width>
		<height>416</height>
		<depth>3</depth>
	</size>
	<segmented>0</segmented>
	<object>
		<name>motorbike</name>
		<pose>Unspecified</pose>
		<truncated>0</truncated>
		<difficult>0</difficult>
		<occluded>0</occluded>
		<bndbox>
			<xmin>300</xmin>
			<xmax>345</xmax>
			<ymin>272</ymin>
			<ymax>364</ymax>
		</bndbox>
	</object>
</annotation>
