<annotation>
	<folder></folder>
	<filename>frame_3016_jpg.rf.7186701d01ca8bbb84839815bfeaef2f.jpg</filename>
	<path>frame_3016_jpg.rf.7186701d01ca8bbb84839815bfeaef2f.jpg</path>
	<source>
		<database>roboflow.ai</database>
	</source>
	<size>
		<width>416</width>
		<height>416</height>
		<depth>3</depth>
	</size>
	<segmented>0</segmented>
	<object>
		<name>bicycle</name>
		<pose>Unspecified</pose>
		<truncated>0</truncated>
		<difficult>0</difficult>
		<occluded>0</occluded>
		<bndbox>
			<xmin>382</xmin>
			<xmax>415</xmax>
			<ymin>299</ymin>
			<ymax>415</ymax>
		</bndbox>
	</object>
</annotation>
