<annotation>
	<folder></folder>
	<filename>frame_3028_jpg.rf.20414be7c8a592cb2dd5fa7e14b1e103.jpg</filename>
	<path>frame_3028_jpg.rf.20414be7c8a592cb2dd5fa7e14b1e103.jpg</path>
	<source>
		<database>roboflow.ai</database>
	</source>
	<size>
		<width>416</width>
		<height>416</height>
		<depth>3</depth>
	</size>
	<segmented>0</segmented>
	<object>
		<name>bicycle</name>
		<pose>Unspecified</pose>
		<truncated>0</truncated>
		<difficult>0</difficult>
		<occluded>0</occluded>
		<bndbox>
			<xmin>14</xmin>
			<xmax>53</xmax>
			<ymin>318</ymin>
			<ymax>409</ymax>
		</bndbox>
	</object>
</annotation>
