<annotation>
	<folder></folder>
	<filename>frame_2986_jpg.rf.121f6e352439fcb2690c47d459fcc597.jpg</filename>
	<path>frame_2986_jpg.rf.121f6e352439fcb2690c47d459fcc597.jpg</path>
	<source>
		<database>roboflow.ai</database>
	</source>
	<size>
		<width>416</width>
		<height>416</height>
		<depth>3</depth>
	</size>
	<segmented>0</segmented>
	<object>
		<name>motorbike</name>
		<pose>Unspecified</pose>
		<truncated>0</truncated>
		<difficult>0</difficult>
		<occluded>0</occluded>
		<bndbox>
			<xmin>80</xmin>
			<xmax>139</xmax>
			<ymin>173</ymin>
			<ymax>287</ymax>
		</bndbox>
	</object>
</annotation>
