<annotation>
	<folder></folder>
	<filename>frame_2991_jpg.rf.13f583f1c4dc90efbaa163def83f900f.jpg</filename>
	<path>frame_2991_jpg.rf.13f583f1c4dc90efbaa163def83f900f.jpg</path>
	<source>
		<database>roboflow.ai</database>
	</source>
	<size>
		<width>416</width>
		<height>416</height>
		<depth>3</depth>
	</size>
	<segmented>0</segmented>
	<object>
		<name>motorbike</name>
		<pose>Unspecified</pose>
		<truncated>0</truncated>
		<difficult>0</difficult>
		<occluded>0</occluded>
		<bndbox>
			<xmin>265</xmin>
			<xmax>307</xmax>
			<ymin>267</ymin>
			<ymax>394</ymax>
		</bndbox>
	</object>
	<object>
		<name>motorbike</name>
		<pose>Unspecified</pose>
		<truncated>0</truncated>
		<difficult>0</difficult>
		<occluded>0</occluded>
		<bndbox>
			<xmin>225</xmin>
			<xmax>267</xmax>
			<ymin>239</ymin>
			<ymax>366</ymax>
		</bndbox>
	</object>
	<object>
		<name>motorbike</name>
		<pose>Unspecified</pose>
		<truncated>0</truncated>
		<difficult>0</difficult>
		<occluded>0</occluded>
		<bndbox>
			<xmin>280</xmin>
			<xmax>322</xmax>
			<ymin>201</ymin>
			<ymax>328</ymax>
		</bndbox>
	</object>
	<object>
		<name>auto</name>
		<pose>Unspecified</pose>
		<truncated>0</truncated>
		<difficult>0</difficult>
		<occluded>0</occluded>
		<bndbox>
			<xmin>236</xmin>
			<xmax>281</xmax>
			<ymin>182</ymin>
			<ymax>285</ymax>
		</bndbox>
	</object>
</annotation>
