<annotation>
	<folder></folder>
	<filename>frame_3032_jpg.rf.51a78e513632c1b29c97b2797ce76e54.jpg</filename>
	<path>frame_3032_jpg.rf.51a78e513632c1b29c97b2797ce76e54.jpg</path>
	<source>
		<database>roboflow.ai</database>
	</source>
	<size>
		<width>416</width>
		<height>416</height>
		<depth>3</depth>
	</size>
	<segmented>0</segmented>
	<object>
		<name>motorbike</name>
		<pose>Unspecified</pose>
		<truncated>0</truncated>
		<difficult>0</difficult>
		<occluded>0</occluded>
		<bndbox>
			<xmin>297</xmin>
			<xmax>367</xmax>
			<ymin>262</ymin>
			<ymax>390</ymax>
		</bndbox>
	</object>
	<object>
		<name>motorbike</name>
		<pose>Unspecified</pose>
		<truncated>0</truncated>
		<difficult>0</difficult>
		<occluded>0</occluded>
		<bndbox>
			<xmin>329</xmin>
			<xmax>399</xmax>
			<ymin>260</ymin>
			<ymax>388</ymax>
		</bndbox>
	</object>
	<object>
		<name>bicycle</name>
		<pose>Unspecified</pose>
		<truncated>0</truncated>
		<difficult>0</difficult>
		<occluded>0</occluded>
		<bndbox>
			<xmin>335</xmin>
			<xmax>383</xmax>
			<ymin>182</ymin>
			<ymax>283</ymax>
		</bndbox>
	</object>
</annotation>
