<annotation>
	<folder></folder>
	<filename>frame_3010_jpg.rf.6daef39d757a60a567c2fda89a3bed77.jpg</filename>
	<path>frame_3010_jpg.rf.6daef39d757a60a567c2fda89a3bed77.jpg</path>
	<source>
		<database>roboflow.ai</database>
	</source>
	<size>
		<width>416</width>
		<height>416</height>
		<depth>3</depth>
	</size>
	<segmented>0</segmented>
	<object>
		<name>motorbike</name>
		<pose>Unspecified</pose>
		<truncated>0</truncated>
		<difficult>0</difficult>
		<occluded>0</occluded>
		<bndbox>
			<xmin>127</xmin>
			<xmax>160</xmax>
			<ymin>257</ymin>
			<ymax>362</ymax>
		</bndbox>
	</object>
	<object>
		<name>motorbike</name>
		<pose>Unspecified</pose>
		<truncated>0</truncated>
		<difficult>0</difficult>
		<occluded>0</occluded>
		<bndbox>
			<xmin>181</xmin>
			<xmax>214</xmax>
			<ymin>255</ymin>
			<ymax>360</ymax>
		</bndbox>
	</object>
</annotation>
