<annotation>
	<folder></folder>
	<filename>frame_3044_jpg.rf.5aa943701a47c04a13bff065887d47ac.jpg</filename>
	<path>frame_3044_jpg.rf.5aa943701a47c04a13bff065887d47ac.jpg</path>
	<source>
		<database>roboflow.ai</database>
	</source>
	<size>
		<width>416</width>
		<height>416</height>
		<depth>3</depth>
	</size>
	<segmented>0</segmented>
	<object>
		<name>car</name>
		<pose>Unspecified</pose>
		<truncated>0</truncated>
		<difficult>0</difficult>
		<occluded>0</occluded>
		<bndbox>
			<xmin>122</xmin>
			<xmax>200</xmax>
			<ymin>230</ymin>
			<ymax>408</ymax>
		</bndbox>
	</object>
	<object>
		<name>bicycle</name>
		<pose>Unspecified</pose>
		<truncated>0</truncated>
		<difficult>0</difficult>
		<occluded>0</occluded>
		<bndbox>
			<xmin>0</xmin>
			<xmax>38</xmax>
			<ymin>313</ymin>
			<ymax>415</ymax>
		</bndbox>
	</object>
</annotation>
