<annotation>
	<folder></folder>
	<filename>frame_3089_jpg.rf.326bdc9af4397e0dfa4a9e4426c8b40a.jpg</filename>
	<path>frame_3089_jpg.rf.326bdc9af4397e0dfa4a9e4426c8b40a.jpg</path>
	<source>
		<database>roboflow.ai</database>
	</source>
	<size>
		<width>416</width>
		<height>416</height>
		<depth>3</depth>
	</size>
	<segmented>0</segmented>
	<object>
		<name>motorbike</name>
		<pose>Unspecified</pose>
		<truncated>0</truncated>
		<difficult>0</difficult>
		<occluded>0</occluded>
		<bndbox>
			<xmin>288</xmin>
			<xmax>337</xmax>
			<ymin>227</ymin>
			<ymax>359</ymax>
		</bndbox>
	</object>
</annotation>
