<annotation>
	<folder></folder>
	<filename>frame_2988_jpg.rf.fad6371b07118ee7ea37936e1afb4a96.jpg</filename>
	<path>frame_2988_jpg.rf.fad6371b07118ee7ea37936e1afb4a96.jpg</path>
	<source>
		<database>roboflow.ai</database>
	</source>
	<size>
		<width>416</width>
		<height>416</height>
		<depth>3</depth>
	</size>
	<segmented>0</segmented>
	<object>
		<name>motorbike</name>
		<pose>Unspecified</pose>
		<truncated>0</truncated>
		<difficult>0</difficult>
		<occluded>0</occluded>
		<bndbox>
			<xmin>111</xmin>
			<xmax>169</xmax>
			<ymin>297</ymin>
			<ymax>413</ymax>
		</bndbox>
	</object>
	<object>
		<name>bicycle</name>
		<pose>Unspecified</pose>
		<truncated>0</truncated>
		<difficult>0</difficult>
		<occluded>0</occluded>
		<bndbox>
			<xmin>55</xmin>
			<xmax>86</xmax>
			<ymin>178</ymin>
			<ymax>271</ymax>
		</bndbox>
	</object>
</annotation>
