<annotation>
	<folder></folder>
	<filename>frame_3087_jpg.rf.061f8452c973d61cf34450ca8fe81d50.jpg</filename>
	<path>frame_3087_jpg.rf.061f8452c973d61cf34450ca8fe81d50.jpg</path>
	<source>
		<database>roboflow.ai</database>
	</source>
	<size>
		<width>416</width>
		<height>416</height>
		<depth>3</depth>
	</size>
	<segmented>0</segmented>
	<object>
		<name>motorbike</name>
		<pose>Unspecified</pose>
		<truncated>0</truncated>
		<difficult>0</difficult>
		<occluded>0</occluded>
		<bndbox>
			<xmin>283</xmin>
			<xmax>329</xmax>
			<ymin>128</ymin>
			<ymax>234</ymax>
		</bndbox>
	</object>
</annotation>
