<annotation>
	<folder></folder>
	<filename>frame_3050_jpg.rf.22e654290baa905db91e7466c95a11e8.jpg</filename>
	<path>frame_3050_jpg.rf.22e654290baa905db91e7466c95a11e8.jpg</path>
	<source>
		<database>roboflow.ai</database>
	</source>
	<size>
		<width>416</width>
		<height>416</height>
		<depth>3</depth>
	</size>
	<segmented>0</segmented>
	<object>
		<name>bicycle</name>
		<pose>Unspecified</pose>
		<truncated>0</truncated>
		<difficult>0</difficult>
		<occluded>0</occluded>
		<bndbox>
			<xmin>310</xmin>
			<xmax>375</xmax>
			<ymin>307</ymin>
			<ymax>415</ymax>
		</bndbox>
	</object>
</annotation>
