<annotation>
	<folder></folder>
	<filename>frame_3038_jpg.rf.527ef3d718176d878287a249021c0db8.jpg</filename>
	<path>frame_3038_jpg.rf.527ef3d718176d878287a249021c0db8.jpg</path>
	<source>
		<database>roboflow.ai</database>
	</source>
	<size>
		<width>416</width>
		<height>416</height>
		<depth>3</depth>
	</size>
	<segmented>0</segmented>
	<object>
		<name>bicycle</name>
		<pose>Unspecified</pose>
		<truncated>0</truncated>
		<difficult>0</difficult>
		<occluded>0</occluded>
		<bndbox>
			<xmin>83</xmin>
			<xmax>128</xmax>
			<ymin>260</ymin>
			<ymax>405</ymax>
		</bndbox>
	</object>
	<object>
		<name>bicycle</name>
		<pose>Unspecified</pose>
		<truncated>0</truncated>
		<difficult>0</difficult>
		<occluded>0</occluded>
		<bndbox>
			<xmin>57</xmin>
			<xmax>102</xmax>
			<ymin>255</ymin>
			<ymax>399</ymax>
		</bndbox>
	</object>
</annotation>
