<annotation>
	<folder></folder>
	<filename>frame_3006_jpg.rf.fde69c1af4a2ed34f0418e74481a36f8.jpg</filename>
	<path>frame_3006_jpg.rf.fde69c1af4a2ed34f0418e74481a36f8.jpg</path>
	<source>
		<database>roboflow.ai</database>
	</source>
	<size>
		<width>416</width>
		<height>416</height>
		<depth>3</depth>
	</size>
	<segmented>0</segmented>
	<object>
		<name>motorbike</name>
		<pose>Unspecified</pose>
		<truncated>0</truncated>
		<difficult>0</difficult>
		<occluded>0</occluded>
		<bndbox>
			<xmin>115</xmin>
			<xmax>166</xmax>
			<ymin>239</ymin>
			<ymax>339</ymax>
		</bndbox>
	</object>
	<object>
		<name>motorbike</name>
		<pose>Unspecified</pose>
		<truncated>0</truncated>
		<difficult>0</difficult>
		<occluded>0</occluded>
		<bndbox>
			<xmin>149</xmin>
			<xmax>189</xmax>
			<ymin>155</ymin>
			<ymax>252</ymax>
		</bndbox>
	</object>
</annotation>
