<annotation>
	<folder></folder>
	<filename>frame_3064_jpg.rf.6c22c8a237334abf449d0d292562046d.jpg</filename>
	<path>frame_3064_jpg.rf.6c22c8a237334abf449d0d292562046d.jpg</path>
	<source>
		<database>roboflow.ai</database>
	</source>
	<size>
		<width>416</width>
		<height>416</height>
		<depth>3</depth>
	</size>
	<segmented>0</segmented>
	<object>
		<name>car</name>
		<pose>Unspecified</pose>
		<truncated>0</truncated>
		<difficult>0</difficult>
		<occluded>0</occluded>
		<bndbox>
			<xmin>166</xmin>
			<xmax>258</xmax>
			<ymin>241</ymin>
			<ymax>353</ymax>
		</bndbox>
	</object>
	<object>
		<name>motorbike</name>
		<pose>Unspecified</pose>
		<truncated>0</truncated>
		<difficult>0</difficult>
		<occluded>0</occluded>
		<bndbox>
			<xmin>264</xmin>
			<xmax>329</xmax>
			<ymin>267</ymin>
			<ymax>374</ymax>
		</bndbox>
	</object>
</annotation>
