<annotation>
	<folder></folder>
	<filename>frame_3060_jpg.rf.ae6b38b076559cc6511cf1ee6d9afdf7.jpg</filename>
	<path>frame_3060_jpg.rf.ae6b38b076559cc6511cf1ee6d9afdf7.jpg</path>
	<source>
		<database>roboflow.ai</database>
	</source>
	<size>
		<width>416</width>
		<height>416</height>
		<depth>3</depth>
	</size>
	<segmented>0</segmented>
	<object>
		<name>car</name>
		<pose>Unspecified</pose>
		<truncated>0</truncated>
		<difficult>0</difficult>
		<occluded>0</occluded>
		<bndbox>
			<xmin>212</xmin>
			<xmax>275</xmax>
			<ymin>143</ymin>
			<ymax>316</ymax>
		</bndbox>
	</object>
	<object>
		<name>auto</name>
		<pose>Unspecified</pose>
		<truncated>0</truncated>
		<difficult>0</difficult>
		<occluded>0</occluded>
		<bndbox>
			<xmin>297</xmin>
			<xmax>367</xmax>
			<ymin>264</ymin>
			<ymax>400</ymax>
		</bndbox>
	</object>
</annotation>
