<annotation>
	<folder></folder>
	<filename>frame_3052_jpg.rf.c9758653be6b160e9aad3d340c424c93.jpg</filename>
	<path>frame_3052_jpg.rf.c9758653be6b160e9aad3d340c424c93.jpg</path>
	<source>
		<database>roboflow.ai</database>
	</source>
	<size>
		<width>416</width>
		<height>416</height>
		<depth>3</depth>
	</size>
	<segmented>0</segmented>
	<object>
		<name>motorbike</name>
		<pose>Unspecified</pose>
		<truncated>0</truncated>
		<difficult>0</difficult>
		<occluded>0</occluded>
		<bndbox>
			<xmin>256</xmin>
			<xmax>296</xmax>
			<ymin>216</ymin>
			<ymax>323</ymax>
		</bndbox>
	</object>
</annotation>
