<annotation>
	<folder></folder>
	<filename>frame_2980_jpg.rf.1f3371b556f18d2385b18018cf9cbf98.jpg</filename>
	<path>frame_2980_jpg.rf.1f3371b556f18d2385b18018cf9cbf98.jpg</path>
	<source>
		<database>roboflow.ai</database>
	</source>
	<size>
		<width>416</width>
		<height>416</height>
		<depth>3</depth>
	</size>
	<segmented>0</segmented>
	<object>
		<name>motorbike</name>
		<pose>Unspecified</pose>
		<truncated>0</truncated>
		<difficult>0</difficult>
		<occluded>0</occluded>
		<bndbox>
			<xmin>301</xmin>
			<xmax>346</xmax>
			<ymin>228</ymin>
			<ymax>318</ymax>
		</bndbox>
	</object>
</annotation>
