<annotation>
	<folder></folder>
	<filename>frame_2978_jpg.rf.dbe5604e7a3f9548f7cbe32c57108ef6.jpg</filename>
	<path>frame_2978_jpg.rf.dbe5604e7a3f9548f7cbe32c57108ef6.jpg</path>
	<source>
		<database>roboflow.ai</database>
	</source>
	<size>
		<width>416</width>
		<height>416</height>
		<depth>3</depth>
	</size>
	<segmented>0</segmented>
	<object>
		<name>motorbike</name>
		<pose>Unspecified</pose>
		<truncated>0</truncated>
		<difficult>0</difficult>
		<occluded>0</occluded>
		<bndbox>
			<xmin>97</xmin>
			<xmax>176</xmax>
			<ymin>293</ymin>
			<ymax>407</ymax>
		</bndbox>
	</object>
	<object>
		<name>motorbike</name>
		<pose>Unspecified</pose>
		<truncated>0</truncated>
		<difficult>0</difficult>
		<occluded>0</occluded>
		<bndbox>
			<xmin>74</xmin>
			<xmax>147</xmax>
			<ymin>219</ymin>
			<ymax>346</ymax>
		</bndbox>
	</object>
</annotation>
