<annotation>
	<folder></folder>
	<filename>frame_3006_jpg.rf.e233c498a9247fbecbacb419b8f3c027.jpg</filename>
	<path>frame_3006_jpg.rf.e233c498a9247fbecbacb419b8f3c027.jpg</path>
	<source>
		<database>roboflow.ai</database>
	</source>
	<size>
		<width>416</width>
		<height>416</height>
		<depth>3</depth>
	</size>
	<segmented>0</segmented>
	<object>
		<name>motorbike</name>
		<pose>Unspecified</pose>
		<truncated>0</truncated>
		<difficult>0</difficult>
		<occluded>0</occluded>
		<bndbox>
			<xmin>210</xmin>
			<xmax>284</xmax>
			<ymin>246</ymin>
			<ymax>360</ymax>
		</bndbox>
	</object>
	<object>
		<name>motorbike</name>
		<pose>Unspecified</pose>
		<truncated>0</truncated>
		<difficult>0</difficult>
		<occluded>0</occluded>
		<bndbox>
			<xmin>213</xmin>
			<xmax>277</xmax>
			<ymin>156</ymin>
			<ymax>264</ymax>
		</bndbox>
	</object>
</annotation>
