<annotation>
	<folder></folder>
	<filename>frame_3066_jpg.rf.c72f913b1a657a1580b1c902a38da2cd.jpg</filename>
	<path>frame_3066_jpg.rf.c72f913b1a657a1580b1c902a38da2cd.jpg</path>
	<source>
		<database>roboflow.ai</database>
	</source>
	<size>
		<width>416</width>
		<height>416</height>
		<depth>3</depth>
	</size>
	<segmented>0</segmented>
	<object>
		<name>motorbike</name>
		<pose>Unspecified</pose>
		<truncated>0</truncated>
		<difficult>0</difficult>
		<occluded>0</occluded>
		<bndbox>
			<xmin>262</xmin>
			<xmax>336</xmax>
			<ymin>295</ymin>
			<ymax>403</ymax>
		</bndbox>
	</object>
</annotation>
