<annotation>
	<folder></folder>
	<filename>frame_2980_jpg.rf.20bb0972d74d1d6aad56415d5b3afb1d.jpg</filename>
	<path>frame_2980_jpg.rf.20bb0972d74d1d6aad56415d5b3afb1d.jpg</path>
	<source>
		<database>roboflow.ai</database>
	</source>
	<size>
		<width>416</width>
		<height>416</height>
		<depth>3</depth>
	</size>
	<segmented>0</segmented>
	<object>
		<name>motorbike</name>
		<pose>Unspecified</pose>
		<truncated>0</truncated>
		<difficult>0</difficult>
		<occluded>0</occluded>
		<bndbox>
			<xmin>313</xmin>
			<xmax>348</xmax>
			<ymin>215</ymin>
			<ymax>307</ymax>
		</bndbox>
	</object>
</annotation>
