<annotation>
	<folder></folder>
	<filename>frame_2976_jpg.rf.c98cd62bb729803a8b9e6c9d48eb7e95.jpg</filename>
	<path>frame_2976_jpg.rf.c98cd62bb729803a8b9e6c9d48eb7e95.jpg</path>
	<source>
		<database>roboflow.ai</database>
	</source>
	<size>
		<width>416</width>
		<height>416</height>
		<depth>3</depth>
	</size>
	<segmented>0</segmented>
	<object>
		<name>auto</name>
		<pose>Unspecified</pose>
		<truncated>0</truncated>
		<difficult>0</difficult>
		<occluded>0</occluded>
		<bndbox>
			<xmin>290</xmin>
			<xmax>365</xmax>
			<ymin>249</ymin>
			<ymax>388</ymax>
		</bndbox>
	</object>
	<object>
		<name>bicycle</name>
		<pose>Unspecified</pose>
		<truncated>0</truncated>
		<difficult>0</difficult>
		<occluded>0</occluded>
		<bndbox>
			<xmin>360</xmin>
			<xmax>389</xmax>
			<ymin>231</ymin>
			<ymax>317</ymax>
		</bndbox>
	</object>
	<object>
		<name>motorbike</name>
		<pose>Unspecified</pose>
		<truncated>0</truncated>
		<difficult>0</difficult>
		<occluded>0</occluded>
		<bndbox>
			<xmin>271</xmin>
			<xmax>303</xmax>
			<ymin>214</ymin>
			<ymax>302</ymax>
		</bndbox>
	</object>
</annotation>
