<annotation>
	<folder></folder>
	<filename>frame_3093_jpg.rf.11ed4d02393c6b8a07b50736c350077b.jpg</filename>
	<path>frame_3093_jpg.rf.11ed4d02393c6b8a07b50736c350077b.jpg</path>
	<source>
		<database>roboflow.ai</database>
	</source>
	<size>
		<width>416</width>
		<height>416</height>
		<depth>3</depth>
	</size>
	<segmented>0</segmented>
	<object>
		<name>auto</name>
		<pose>Unspecified</pose>
		<truncated>0</truncated>
		<difficult>0</difficult>
		<occluded>0</occluded>
		<bndbox>
			<xmin>336</xmin>
			<xmax>406</xmax>
			<ymin>219</ymin>
			<ymax>349</ymax>
		</bndbox>
	</object>
	<object>
		<name>motorbike</name>
		<pose>Unspecified</pose>
		<truncated>0</truncated>
		<difficult>0</difficult>
		<occluded>0</occluded>
		<bndbox>
			<xmin>288</xmin>
			<xmax>340</xmax>
			<ymin>212</ymin>
			<ymax>313</ymax>
		</bndbox>
	</object>
</annotation>
