<annotation>
	<folder></folder>
	<filename>frame_3070_jpg.rf.e4efba82a750f38198b4b15441c3343a.jpg</filename>
	<path>frame_3070_jpg.rf.e4efba82a750f38198b4b15441c3343a.jpg</path>
	<source>
		<database>roboflow.ai</database>
	</source>
	<size>
		<width>416</width>
		<height>416</height>
		<depth>3</depth>
	</size>
	<segmented>0</segmented>
	<object>
		<name>car</name>
		<pose>Unspecified</pose>
		<truncated>0</truncated>
		<difficult>0</difficult>
		<occluded>0</occluded>
		<bndbox>
			<xmin>101</xmin>
			<xmax>160</xmax>
			<ymin>241</ymin>
			<ymax>356</ymax>
		</bndbox>
	</object>
</annotation>
