<annotation>
	<folder></folder>
	<filename>frame_3091_jpg.rf.e016f327bc9371d941b24d946ebbdd2b.jpg</filename>
	<path>frame_3091_jpg.rf.e016f327bc9371d941b24d946ebbdd2b.jpg</path>
	<source>
		<database>roboflow.ai</database>
	</source>
	<size>
		<width>416</width>
		<height>416</height>
		<depth>3</depth>
	</size>
	<segmented>0</segmented>
	<object>
		<name>auto</name>
		<pose>Unspecified</pose>
		<truncated>0</truncated>
		<difficult>0</difficult>
		<occluded>0</occluded>
		<bndbox>
			<xmin>343</xmin>
			<xmax>406</xmax>
			<ymin>283</ymin>
			<ymax>415</ymax>
		</bndbox>
	</object>
</annotation>
