<annotation>
	<folder></folder>
	<filename>frame_3057_jpg.rf.cb3c46116322abe5e81d71ab5e13ea90.jpg</filename>
	<path>frame_3057_jpg.rf.cb3c46116322abe5e81d71ab5e13ea90.jpg</path>
	<source>
		<database>roboflow.ai</database>
	</source>
	<size>
		<width>416</width>
		<height>416</height>
		<depth>3</depth>
	</size>
	<segmented>0</segmented>
	<object>
		<name>motorbike</name>
		<pose>Unspecified</pose>
		<truncated>0</truncated>
		<difficult>0</difficult>
		<occluded>0</occluded>
		<bndbox>
			<xmin>273</xmin>
			<xmax>301</xmax>
			<ymin>231</ymin>
			<ymax>324</ymax>
		</bndbox>
	</object>
	<object>
		<name>motorbike</name>
		<pose>Unspecified</pose>
		<truncated>0</truncated>
		<difficult>0</difficult>
		<occluded>0</occluded>
		<bndbox>
			<xmin>301</xmin>
			<xmax>329</xmax>
			<ymin>213</ymin>
			<ymax>306</ymax>
		</bndbox>
	</object>
</annotation>
