<annotation>
	<folder></folder>
	<filename>frame_3091_jpg.rf.da6c32bdbad63cd00c564527df639c57.jpg</filename>
	<path>frame_3091_jpg.rf.da6c32bdbad63cd00c564527df639c57.jpg</path>
	<source>
		<database>roboflow.ai</database>
	</source>
	<size>
		<width>416</width>
		<height>416</height>
		<depth>3</depth>
	</size>
	<segmented>0</segmented>
	<object>
		<name>auto</name>
		<pose>Unspecified</pose>
		<truncated>0</truncated>
		<difficult>0</difficult>
		<occluded>0</occluded>
		<bndbox>
			<xmin>325</xmin>
			<xmax>397</xmax>
			<ymin>252</ymin>
			<ymax>405</ymax>
		</bndbox>
	</object>
</annotation>
