<annotation>
	<folder></folder>
	<filename>frame_3021_jpg.rf.c0c69a8bb9ead2037614be1270bacced.jpg</filename>
	<path>frame_3021_jpg.rf.c0c69a8bb9ead2037614be1270bacced.jpg</path>
	<source>
		<database>roboflow.ai</database>
	</source>
	<size>
		<width>416</width>
		<height>416</height>
		<depth>3</depth>
	</size>
	<segmented>0</segmented>
	<object>
		<name>bicycle</name>
		<pose>Unspecified</pose>
		<truncated>0</truncated>
		<difficult>0</difficult>
		<occluded>0</occluded>
		<bndbox>
			<xmin>302</xmin>
			<xmax>351</xmax>
			<ymin>159</ymin>
			<ymax>259</ymax>
		</bndbox>
	</object>
</annotation>
