<annotation>
	<folder></folder>
	<filename>frame_3098_jpg.rf.c331f7ccee06ecad64e7a37cb70109a9.jpg</filename>
	<path>frame_3098_jpg.rf.c331f7ccee06ecad64e7a37cb70109a9.jpg</path>
	<source>
		<database>roboflow.ai</database>
	</source>
	<size>
		<width>416</width>
		<height>416</height>
		<depth>3</depth>
	</size>
	<segmented>0</segmented>
	<object>
		<name>motorbike</name>
		<pose>Unspecified</pose>
		<truncated>0</truncated>
		<difficult>0</difficult>
		<occluded>0</occluded>
		<bndbox>
			<xmin>251</xmin>
			<xmax>295</xmax>
			<ymin>222</ymin>
			<ymax>332</ymax>
		</bndbox>
	</object>
	<object>
		<name>bicycle</name>
		<pose>Unspecified</pose>
		<truncated>0</truncated>
		<difficult>0</difficult>
		<occluded>0</occluded>
		<bndbox>
			<xmin>321</xmin>
			<xmax>366</xmax>
			<ymin>336</ymin>
			<ymax>415</ymax>
		</bndbox>
	</object>
	<object>
		<name>auto</name>
		<pose>Unspecified</pose>
		<truncated>0</truncated>
		<difficult>0</difficult>
		<occluded>0</occluded>
		<bndbox>
			<xmin>326</xmin>
			<xmax>405</xmax>
			<ymin>276</ymin>
			<ymax>415</ymax>
		</bndbox>
	</object>
</annotation>
