<annotation>
	<folder></folder>
	<filename>frame_3096_jpg.rf.aa15ae829ee880fc88cb772caa3d2b48.jpg</filename>
	<path>frame_3096_jpg.rf.aa15ae829ee880fc88cb772caa3d2b48.jpg</path>
	<source>
		<database>roboflow.ai</database>
	</source>
	<size>
		<width>416</width>
		<height>416</height>
		<depth>3</depth>
	</size>
	<segmented>0</segmented>
	<object>
		<name>motorbike</name>
		<pose>Unspecified</pose>
		<truncated>0</truncated>
		<difficult>0</difficult>
		<occluded>0</occluded>
		<bndbox>
			<xmin>246</xmin>
			<xmax>284</xmax>
			<ymin>260</ymin>
			<ymax>372</ymax>
		</bndbox>
	</object>
	<object>
		<name>auto</name>
		<pose>Unspecified</pose>
		<truncated>0</truncated>
		<difficult>0</difficult>
		<occluded>0</occluded>
		<bndbox>
			<xmin>301</xmin>
			<xmax>377</xmax>
			<ymin>252</ymin>
			<ymax>372</ymax>
		</bndbox>
	</object>
</annotation>
