<annotation>
	<folder></folder>
	<filename>frame_3085_jpg.rf.966c7eef8dd2a7f2e82dd9914c1bae67.jpg</filename>
	<path>frame_3085_jpg.rf.966c7eef8dd2a7f2e82dd9914c1bae67.jpg</path>
	<source>
		<database>roboflow.ai</database>
	</source>
	<size>
		<width>416</width>
		<height>416</height>
		<depth>3</depth>
	</size>
	<segmented>0</segmented>
	<object>
		<name>motorbike</name>
		<pose>Unspecified</pose>
		<truncated>0</truncated>
		<difficult>0</difficult>
		<occluded>0</occluded>
		<bndbox>
			<xmin>299</xmin>
			<xmax>349</xmax>
			<ymin>306</ymin>
			<ymax>410</ymax>
		</bndbox>
	</object>
	<object>
		<name>motorbike</name>
		<pose>Unspecified</pose>
		<truncated>0</truncated>
		<difficult>0</difficult>
		<occluded>0</occluded>
		<bndbox>
			<xmin>284</xmin>
			<xmax>336</xmax>
			<ymin>362</ymin>
			<ymax>415</ymax>
		</bndbox>
	</object>
</annotation>
