<annotation>
	<folder></folder>
	<filename>frame_3071_jpg.rf.8492f60ebea87a0c5c0bda9f84f253db.jpg</filename>
	<path>frame_3071_jpg.rf.8492f60ebea87a0c5c0bda9f84f253db.jpg</path>
	<source>
		<database>roboflow.ai</database>
	</source>
	<size>
		<width>416</width>
		<height>416</height>
		<depth>3</depth>
	</size>
	<segmented>0</segmented>
	<object>
		<name>motorbike</name>
		<pose>Unspecified</pose>
		<truncated>0</truncated>
		<difficult>0</difficult>
		<occluded>0</occluded>
		<bndbox>
			<xmin>284</xmin>
			<xmax>346</xmax>
			<ymin>291</ymin>
			<ymax>415</ymax>
		</bndbox>
	</object>
</annotation>
