<annotation>
	<folder></folder>
	<filename>frame_3039_jpg.rf.07eb9fda7333210f3557f62b77091f79.jpg</filename>
	<path>frame_3039_jpg.rf.07eb9fda7333210f3557f62b77091f79.jpg</path>
	<source>
		<database>roboflow.ai</database>
	</source>
	<size>
		<width>416</width>
		<height>416</height>
		<depth>3</depth>
	</size>
	<segmented>0</segmented>
	<object>
		<name>motorbike</name>
		<pose>Unspecified</pose>
		<truncated>0</truncated>
		<difficult>0</difficult>
		<occluded>0</occluded>
		<bndbox>
			<xmin>217</xmin>
			<xmax>281</xmax>
			<ymin>263</ymin>
			<ymax>391</ymax>
		</bndbox>
	</object>
</annotation>
