<annotation>
	<folder></folder>
	<filename>frame_3039_jpg.rf.7068aab20b83bd2e3f8a56410f289f3e.jpg</filename>
	<path>frame_3039_jpg.rf.7068aab20b83bd2e3f8a56410f289f3e.jpg</path>
	<source>
		<database>roboflow.ai</database>
	</source>
	<size>
		<width>416</width>
		<height>416</height>
		<depth>3</depth>
	</size>
	<segmented>0</segmented>
	<object>
		<name>motorbike</name>
		<pose>Unspecified</pose>
		<truncated>0</truncated>
		<difficult>0</difficult>
		<occluded>0</occluded>
		<bndbox>
			<xmin>227</xmin>
			<xmax>288</xmax>
			<ymin>269</ymin>
			<ymax>393</ymax>
		</bndbox>
	</object>
</annotation>
