<annotation>
	<folder></folder>
	<filename>frame_3032_jpg.rf.b73de158267ff65f832b6961864bbc8b.jpg</filename>
	<path>frame_3032_jpg.rf.b73de158267ff65f832b6961864bbc8b.jpg</path>
	<source>
		<database>roboflow.ai</database>
	</source>
	<size>
		<width>416</width>
		<height>416</height>
		<depth>3</depth>
	</size>
	<segmented>0</segmented>
	<object>
		<name>motorbike</name>
		<pose>Unspecified</pose>
		<truncated>0</truncated>
		<difficult>0</difficult>
		<occluded>0</occluded>
		<bndbox>
			<xmin>272</xmin>
			<xmax>318</xmax>
			<ymin>251</ymin>
			<ymax>379</ymax>
		</bndbox>
	</object>
	<object>
		<name>motorbike</name>
		<pose>Unspecified</pose>
		<truncated>0</truncated>
		<difficult>0</difficult>
		<occluded>0</occluded>
		<bndbox>
			<xmin>305</xmin>
			<xmax>351</xmax>
			<ymin>245</ymin>
			<ymax>373</ymax>
		</bndbox>
	</object>
	<object>
		<name>bicycle</name>
		<pose>Unspecified</pose>
		<truncated>0</truncated>
		<difficult>0</difficult>
		<occluded>0</occluded>
		<bndbox>
			<xmin>339</xmin>
			<xmax>370</xmax>
			<ymin>162</ymin>
			<ymax>265</ymax>
		</bndbox>
	</object>
</annotation>
