<annotation>
	<folder></folder>
	<filename>frame_3093_jpg.rf.e5a5dded84fbe41d430b50e23c482d32.jpg</filename>
	<path>frame_3093_jpg.rf.e5a5dded84fbe41d430b50e23c482d32.jpg</path>
	<source>
		<database>roboflow.ai</database>
	</source>
	<size>
		<width>416</width>
		<height>416</height>
		<depth>3</depth>
	</size>
	<segmented>0</segmented>
	<object>
		<name>auto</name>
		<pose>Unspecified</pose>
		<truncated>0</truncated>
		<difficult>0</difficult>
		<occluded>0</occluded>
		<bndbox>
			<xmin>339</xmin>
			<xmax>406</xmax>
			<ymin>280</ymin>
			<ymax>401</ymax>
		</bndbox>
	</object>
	<object>
		<name>motorbike</name>
		<pose>Unspecified</pose>
		<truncated>0</truncated>
		<difficult>0</difficult>
		<occluded>0</occluded>
		<bndbox>
			<xmin>291</xmin>
			<xmax>333</xmax>
			<ymin>252</ymin>
			<ymax>347</ymax>
		</bndbox>
	</object>
</annotation>
