<annotation>
	<folder></folder>
	<filename>frame_3092_jpg.rf.f87e2d728b4d4671c485e956e690207d.jpg</filename>
	<path>frame_3092_jpg.rf.f87e2d728b4d4671c485e956e690207d.jpg</path>
	<source>
		<database>roboflow.ai</database>
	</source>
	<size>
		<width>416</width>
		<height>416</height>
		<depth>3</depth>
	</size>
	<segmented>0</segmented>
	<object>
		<name>motorbike</name>
		<pose>Unspecified</pose>
		<truncated>0</truncated>
		<difficult>0</difficult>
		<occluded>0</occluded>
		<bndbox>
			<xmin>143</xmin>
			<xmax>227</xmax>
			<ymin>276</ymin>
			<ymax>405</ymax>
		</bndbox>
	</object>
	<object>
		<name>auto</name>
		<pose>Unspecified</pose>
		<truncated>0</truncated>
		<difficult>0</difficult>
		<occluded>0</occluded>
		<bndbox>
			<xmin>39</xmin>
			<xmax>140</xmax>
			<ymin>287</ymin>
			<ymax>407</ymax>
		</bndbox>
	</object>
	<object>
		<name>motorbike</name>
		<pose>Unspecified</pose>
		<truncated>0</truncated>
		<difficult>0</difficult>
		<occluded>0</occluded>
		<bndbox>
			<xmin>104</xmin>
			<xmax>162</xmax>
			<ymin>201</ymin>
			<ymax>303</ymax>
		</bndbox>
	</object>
</annotation>
