<annotation>
	<folder></folder>
	<filename>frame_3006_jpg.rf.1939833efce5830a68e96531408c2179.jpg</filename>
	<path>frame_3006_jpg.rf.1939833efce5830a68e96531408c2179.jpg</path>
	<source>
		<database>roboflow.ai</database>
	</source>
	<size>
		<width>416</width>
		<height>416</height>
		<depth>3</depth>
	</size>
	<segmented>0</segmented>
	<object>
		<name>motorbike</name>
		<pose>Unspecified</pose>
		<truncated>0</truncated>
		<difficult>0</difficult>
		<occluded>0</occluded>
		<bndbox>
			<xmin>232</xmin>
			<xmax>295</xmax>
			<ymin>250</ymin>
			<ymax>357</ymax>
		</bndbox>
	</object>
	<object>
		<name>motorbike</name>
		<pose>Unspecified</pose>
		<truncated>0</truncated>
		<difficult>0</difficult>
		<occluded>0</occluded>
		<bndbox>
			<xmin>221</xmin>
			<xmax>274</xmax>
			<ymin>160</ymin>
			<ymax>261</ymax>
		</bndbox>
	</object>
</annotation>
