<annotation>
	<folder></folder>
	<filename>frame_2988_jpg.rf.6a13812040d623e857bdf2557f240917.jpg</filename>
	<path>frame_2988_jpg.rf.6a13812040d623e857bdf2557f240917.jpg</path>
	<source>
		<database>roboflow.ai</database>
	</source>
	<size>
		<width>416</width>
		<height>416</height>
		<depth>3</depth>
	</size>
	<segmented>0</segmented>
	<object>
		<name>motorbike</name>
		<pose>Unspecified</pose>
		<truncated>0</truncated>
		<difficult>0</difficult>
		<occluded>0</occluded>
		<bndbox>
			<xmin>221</xmin>
			<xmax>288</xmax>
			<ymin>272</ymin>
			<ymax>406</ymax>
		</bndbox>
	</object>
	<object>
		<name>bicycle</name>
		<pose>Unspecified</pose>
		<truncated>0</truncated>
		<difficult>0</difficult>
		<occluded>0</occluded>
		<bndbox>
			<xmin>325</xmin>
			<xmax>364</xmax>
			<ymin>137</ymin>
			<ymax>244</ymax>
		</bndbox>
	</object>
</annotation>
