<annotation>
	<folder></folder>
	<filename>frame_3005_jpg.rf.630d078abe191dfdd12457c9ae2a1642.jpg</filename>
	<path>frame_3005_jpg.rf.630d078abe191dfdd12457c9ae2a1642.jpg</path>
	<source>
		<database>roboflow.ai</database>
	</source>
	<size>
		<width>416</width>
		<height>416</height>
		<depth>3</depth>
	</size>
	<segmented>0</segmented>
	<object>
		<name>motorbike</name>
		<pose>Unspecified</pose>
		<truncated>0</truncated>
		<difficult>0</difficult>
		<occluded>0</occluded>
		<bndbox>
			<xmin>37</xmin>
			<xmax>97</xmax>
			<ymin>222</ymin>
			<ymax>316</ymax>
		</bndbox>
	</object>
</annotation>
