<annotation>
	<folder></folder>
	<filename>frame_2999_jpg.rf.48e1e21e23d26b620dbacef5d7b33aee.jpg</filename>
	<path>frame_2999_jpg.rf.48e1e21e23d26b620dbacef5d7b33aee.jpg</path>
	<source>
		<database>roboflow.ai</database>
	</source>
	<size>
		<width>416</width>
		<height>416</height>
		<depth>3</depth>
	</size>
	<segmented>0</segmented>
	<object>
		<name>motorbike</name>
		<pose>Unspecified</pose>
		<truncated>0</truncated>
		<difficult>0</difficult>
		<occluded>0</occluded>
		<bndbox>
			<xmin>314</xmin>
			<xmax>345</xmax>
			<ymin>244</ymin>
			<ymax>344</ymax>
		</bndbox>
	</object>
	<object>
		<name>bicycle</name>
		<pose>Unspecified</pose>
		<truncated>0</truncated>
		<difficult>0</difficult>
		<occluded>0</occluded>
		<bndbox>
			<xmin>336</xmin>
			<xmax>376</xmax>
			<ymin>260</ymin>
			<ymax>386</ymax>
		</bndbox>
	</object>
</annotation>
