<annotation>
	<folder></folder>
	<filename>frame_3041_jpg.rf.9de43c8b5b73d516dae4174ed6c6faec.jpg</filename>
	<path>frame_3041_jpg.rf.9de43c8b5b73d516dae4174ed6c6faec.jpg</path>
	<source>
		<database>roboflow.ai</database>
	</source>
	<size>
		<width>416</width>
		<height>416</height>
		<depth>3</depth>
	</size>
	<segmented>0</segmented>
	<object>
		<name>motorbike</name>
		<pose>Unspecified</pose>
		<truncated>0</truncated>
		<difficult>0</difficult>
		<occluded>0</occluded>
		<bndbox>
			<xmin>97</xmin>
			<xmax>154</xmax>
			<ymin>209</ymin>
			<ymax>309</ymax>
		</bndbox>
	</object>
</annotation>
