<annotation>
	<folder></folder>
	<filename>frame_3065_jpg.rf.576cbb8f4f609042adb1f8e946b64757.jpg</filename>
	<path>frame_3065_jpg.rf.576cbb8f4f609042adb1f8e946b64757.jpg</path>
	<source>
		<database>roboflow.ai</database>
	</source>
	<size>
		<width>416</width>
		<height>416</height>
		<depth>3</depth>
	</size>
	<segmented>0</segmented>
	<object>
		<name>motorbike</name>
		<pose>Unspecified</pose>
		<truncated>0</truncated>
		<difficult>0</difficult>
		<occluded>0</occluded>
		<bndbox>
			<xmin>97</xmin>
			<xmax>148</xmax>
			<ymin>259</ymin>
			<ymax>361</ymax>
		</bndbox>
	</object>
	<object>
		<name>motorbike</name>
		<pose>Unspecified</pose>
		<truncated>0</truncated>
		<difficult>0</difficult>
		<occluded>0</occluded>
		<bndbox>
			<xmin>138</xmin>
			<xmax>189</xmax>
			<ymin>276</ymin>
			<ymax>378</ymax>
		</bndbox>
	</object>
</annotation>
