<annotation>
	<folder></folder>
	<filename>frame_3027_jpg.rf.ab95411965d731e30f70c17de8b66bd0.jpg</filename>
	<path>frame_3027_jpg.rf.ab95411965d731e30f70c17de8b66bd0.jpg</path>
	<source>
		<database>roboflow.ai</database>
	</source>
	<size>
		<width>416</width>
		<height>416</height>
		<depth>3</depth>
	</size>
	<segmented>0</segmented>
	<object>
		<name>auto</name>
		<pose>Unspecified</pose>
		<truncated>0</truncated>
		<difficult>0</difficult>
		<occluded>0</occluded>
		<bndbox>
			<xmin>173</xmin>
			<xmax>271</xmax>
			<ymin>268</ymin>
			<ymax>415</ymax>
		</bndbox>
	</object>
</annotation>
