<annotation>
	<folder></folder>
	<filename>frame_3010_jpg.rf.f99a58b4434727ad796ad7a694521e0b.jpg</filename>
	<path>frame_3010_jpg.rf.f99a58b4434727ad796ad7a694521e0b.jpg</path>
	<source>
		<database>roboflow.ai</database>
	</source>
	<size>
		<width>416</width>
		<height>416</height>
		<depth>3</depth>
	</size>
	<segmented>0</segmented>
	<object>
		<name>motorbike</name>
		<pose>Unspecified</pose>
		<truncated>0</truncated>
		<difficult>0</difficult>
		<occluded>0</occluded>
		<bndbox>
			<xmin>106</xmin>
			<xmax>162</xmax>
			<ymin>280</ymin>
			<ymax>391</ymax>
		</bndbox>
	</object>
	<object>
		<name>motorbike</name>
		<pose>Unspecified</pose>
		<truncated>0</truncated>
		<difficult>0</difficult>
		<occluded>0</occluded>
		<bndbox>
			<xmin>163</xmin>
			<xmax>219</xmax>
			<ymin>257</ymin>
			<ymax>368</ymax>
		</bndbox>
	</object>
</annotation>
