<annotation>
	<folder></folder>
	<filename>frame_3069_jpg.rf.ca251785d6808b28624c8bf80af9cd72.jpg</filename>
	<path>frame_3069_jpg.rf.ca251785d6808b28624c8bf80af9cd72.jpg</path>
	<source>
		<database>roboflow.ai</database>
	</source>
	<size>
		<width>416</width>
		<height>416</height>
		<depth>3</depth>
	</size>
	<segmented>0</segmented>
	<object>
		<name>bicycle</name>
		<pose>Unspecified</pose>
		<truncated>0</truncated>
		<difficult>0</difficult>
		<occluded>0</occluded>
		<bndbox>
			<xmin>324</xmin>
			<xmax>353</xmax>
			<ymin>166</ymin>
			<ymax>265</ymax>
		</bndbox>
	</object>
</annotation>
