<annotation>
	<folder></folder>
	<filename>frame_2986_jpg.rf.2e93c0d7553d1fcd41b5a13e588a72b8.jpg</filename>
	<path>frame_2986_jpg.rf.2e93c0d7553d1fcd41b5a13e588a72b8.jpg</path>
	<source>
		<database>roboflow.ai</database>
	</source>
	<size>
		<width>416</width>
		<height>416</height>
		<depth>3</depth>
	</size>
	<segmented>0</segmented>
	<object>
		<name>motorbike</name>
		<pose>Unspecified</pose>
		<truncated>0</truncated>
		<difficult>0</difficult>
		<occluded>0</occluded>
		<bndbox>
			<xmin>275</xmin>
			<xmax>332</xmax>
			<ymin>185</ymin>
			<ymax>294</ymax>
		</bndbox>
	</object>
</annotation>
