<annotation>
	<folder></folder>
	<filename>frame_3077_jpg.rf.7efaf6040ed38a2a9b85cb1e8d0ca8a5.jpg</filename>
	<path>frame_3077_jpg.rf.7efaf6040ed38a2a9b85cb1e8d0ca8a5.jpg</path>
	<source>
		<database>roboflow.ai</database>
	</source>
	<size>
		<width>416</width>
		<height>416</height>
		<depth>3</depth>
	</size>
	<segmented>0</segmented>
	<object>
		<name>car</name>
		<pose>Unspecified</pose>
		<truncated>0</truncated>
		<difficult>0</difficult>
		<occluded>0</occluded>
		<bndbox>
			<xmin>161</xmin>
			<xmax>269</xmax>
			<ymin>209</ymin>
			<ymax>374</ymax>
		</bndbox>
	</object>
	<object>
		<name>bus</name>
		<pose>Unspecified</pose>
		<truncated>0</truncated>
		<difficult>0</difficult>
		<occluded>0</occluded>
		<bndbox>
			<xmin>209</xmin>
			<xmax>304</xmax>
			<ymin>77</ymin>
			<ymax>227</ymax>
		</bndbox>
	</object>
</annotation>
