<annotation>
	<folder></folder>
	<filename>frame_3025_jpg.rf.2f50a8be532940dcb9ca0f2d3b047098.jpg</filename>
	<path>frame_3025_jpg.rf.2f50a8be532940dcb9ca0f2d3b047098.jpg</path>
	<source>
		<database>roboflow.ai</database>
	</source>
	<size>
		<width>416</width>
		<height>416</height>
		<depth>3</depth>
	</size>
	<segmented>0</segmented>
	<object>
		<name>auto</name>
		<pose>Unspecified</pose>
		<truncated>0</truncated>
		<difficult>0</difficult>
		<occluded>0</occluded>
		<bndbox>
			<xmin>154</xmin>
			<xmax>206</xmax>
			<ymin>194</ymin>
			<ymax>311</ymax>
		</bndbox>
	</object>
</annotation>
