<annotation>
	<folder></folder>
	<filename>frame_3011_jpg.rf.314196db87b332b5b3b4eb06bfee9cef.jpg</filename>
	<path>frame_3011_jpg.rf.314196db87b332b5b3b4eb06bfee9cef.jpg</path>
	<source>
		<database>roboflow.ai</database>
	</source>
	<size>
		<width>416</width>
		<height>416</height>
		<depth>3</depth>
	</size>
	<segmented>0</segmented>
	<object>
		<name>bus</name>
		<pose>Unspecified</pose>
		<truncated>0</truncated>
		<difficult>0</difficult>
		<occluded>0</occluded>
		<bndbox>
			<xmin>255</xmin>
			<xmax>343</xmax>
			<ymin>136</ymin>
			<ymax>304</ymax>
		</bndbox>
	</object>
</annotation>
