<annotation>
	<folder></folder>
	<filename>frame_3085_jpg.rf.8959a3037ce5970df80741d583b08ec0.jpg</filename>
	<path>frame_3085_jpg.rf.8959a3037ce5970df80741d583b08ec0.jpg</path>
	<source>
		<database>roboflow.ai</database>
	</source>
	<size>
		<width>416</width>
		<height>416</height>
		<depth>3</depth>
	</size>
	<segmented>0</segmented>
	<object>
		<name>motorbike</name>
		<pose>Unspecified</pose>
		<truncated>0</truncated>
		<difficult>0</difficult>
		<occluded>0</occluded>
		<bndbox>
			<xmin>44</xmin>
			<xmax>77</xmax>
			<ymin>282</ymin>
			<ymax>377</ymax>
		</bndbox>
	</object>
	<object>
		<name>motorbike</name>
		<pose>Unspecified</pose>
		<truncated>0</truncated>
		<difficult>0</difficult>
		<occluded>0</occluded>
		<bndbox>
			<xmin>37</xmin>
			<xmax>71</xmax>
			<ymin>342</ymin>
			<ymax>415</ymax>
		</bndbox>
	</object>
</annotation>
