<annotation>
	<folder></folder>
	<filename>frame_3072_jpg.rf.8d1049310e508ffba2ce5c1bdd8e3306.jpg</filename>
	<path>frame_3072_jpg.rf.8d1049310e508ffba2ce5c1bdd8e3306.jpg</path>
	<source>
		<database>roboflow.ai</database>
	</source>
	<size>
		<width>416</width>
		<height>416</height>
		<depth>3</depth>
	</size>
	<segmented>0</segmented>
	<object>
		<name>motorbike</name>
		<pose>Unspecified</pose>
		<truncated>0</truncated>
		<difficult>0</difficult>
		<occluded>0</occluded>
		<bndbox>
			<xmin>165</xmin>
			<xmax>227</xmax>
			<ymin>282</ymin>
			<ymax>397</ymax>
		</bndbox>
	</object>
</annotation>
