<annotation>
	<folder></folder>
	<filename>frame_3010_jpg.rf.3acc9bc61dec4190871d83969a1ac01d.jpg</filename>
	<path>frame_3010_jpg.rf.3acc9bc61dec4190871d83969a1ac01d.jpg</path>
	<source>
		<database>roboflow.ai</database>
	</source>
	<size>
		<width>416</width>
		<height>416</height>
		<depth>3</depth>
	</size>
	<segmented>0</segmented>
	<object>
		<name>motorbike</name>
		<pose>Unspecified</pose>
		<truncated>0</truncated>
		<difficult>0</difficult>
		<occluded>0</occluded>
		<bndbox>
			<xmin>272</xmin>
			<xmax>313</xmax>
			<ymin>275</ymin>
			<ymax>376</ymax>
		</bndbox>
	</object>
	<object>
		<name>motorbike</name>
		<pose>Unspecified</pose>
		<truncated>0</truncated>
		<difficult>0</difficult>
		<occluded>0</occluded>
		<bndbox>
			<xmin>215</xmin>
			<xmax>256</xmax>
			<ymin>261</ymin>
			<ymax>362</ymax>
		</bndbox>
	</object>
</annotation>
