<annotation>
	<folder></folder>
	<filename>frame_3000_jpg.rf.5575be6e3ae1f6d747df4d69c58b531f.jpg</filename>
	<path>frame_3000_jpg.rf.5575be6e3ae1f6d747df4d69c58b531f.jpg</path>
	<source>
		<database>roboflow.ai</database>
	</source>
	<size>
		<width>416</width>
		<height>416</height>
		<depth>3</depth>
	</size>
	<segmented>0</segmented>
	<object>
		<name>bicycle</name>
		<pose>Unspecified</pose>
		<truncated>0</truncated>
		<difficult>0</difficult>
		<occluded>0</occluded>
		<bndbox>
			<xmin>381</xmin>
			<xmax>415</xmax>
			<ymin>287</ymin>
			<ymax>407</ymax>
		</bndbox>
	</object>
</annotation>
