<annotation>
	<folder></folder>
	<filename>frame_3072_jpg.rf.1e81956fc52e40b80bd4fa9ea8202535.jpg</filename>
	<path>frame_3072_jpg.rf.1e81956fc52e40b80bd4fa9ea8202535.jpg</path>
	<source>
		<database>roboflow.ai</database>
	</source>
	<size>
		<width>416</width>
		<height>416</height>
		<depth>3</depth>
	</size>
	<segmented>0</segmented>
	<object>
		<name>motorbike</name>
		<pose>Unspecified</pose>
		<truncated>0</truncated>
		<difficult>0</difficult>
		<occluded>0</occluded>
		<bndbox>
			<xmin>269</xmin>
			<xmax>335</xmax>
			<ymin>261</ymin>
			<ymax>394</ymax>
		</bndbox>
	</object>
</annotation>
