<annotation>
	<folder></folder>
	<filename>frame_3033_jpg.rf.365c0f7ca87d6e71528333cf691b3b2f.jpg</filename>
	<path>frame_3033_jpg.rf.365c0f7ca87d6e71528333cf691b3b2f.jpg</path>
	<source>
		<database>roboflow.ai</database>
	</source>
	<size>
		<width>416</width>
		<height>416</height>
		<depth>3</depth>
	</size>
	<segmented>0</segmented>
	<object>
		<name>bicycle</name>
		<pose>Unspecified</pose>
		<truncated>0</truncated>
		<difficult>0</difficult>
		<occluded>0</occluded>
		<bndbox>
			<xmin>34</xmin>
			<xmax>76</xmax>
			<ymin>246</ymin>
			<ymax>383</ymax>
		</bndbox>
	</object>
</annotation>
