<annotation>
	<folder></folder>
	<filename>frame_2992_jpg.rf.bbf574fe1edc2ea67ec1bb50595fd8e6.jpg</filename>
	<path>frame_2992_jpg.rf.bbf574fe1edc2ea67ec1bb50595fd8e6.jpg</path>
	<source>
		<database>roboflow.ai</database>
	</source>
	<size>
		<width>416</width>
		<height>416</height>
		<depth>3</depth>
	</size>
	<segmented>0</segmented>
	<object>
		<name>bicycle</name>
		<pose>Unspecified</pose>
		<truncated>0</truncated>
		<difficult>0</difficult>
		<occluded>0</occluded>
		<bndbox>
			<xmin>306</xmin>
			<xmax>362</xmax>
			<ymin>321</ymin>
			<ymax>411</ymax>
		</bndbox>
	</object>
	<object>
		<name>motorbike</name>
		<pose>Unspecified</pose>
		<truncated>0</truncated>
		<difficult>0</difficult>
		<occluded>0</occluded>
		<bndbox>
			<xmin>228</xmin>
			<xmax>274</xmax>
			<ymin>216</ymin>
			<ymax>305</ymax>
		</bndbox>
	</object>
</annotation>
