<annotation>
	<folder></folder>
	<filename>frame_3041_jpg.rf.0fa80d84df83f56cb26748619436d241.jpg</filename>
	<path>frame_3041_jpg.rf.0fa80d84df83f56cb26748619436d241.jpg</path>
	<source>
		<database>roboflow.ai</database>
	</source>
	<size>
		<width>416</width>
		<height>416</height>
		<depth>3</depth>
	</size>
	<segmented>0</segmented>
	<object>
		<name>motorbike</name>
		<pose>Unspecified</pose>
		<truncated>0</truncated>
		<difficult>0</difficult>
		<occluded>0</occluded>
		<bndbox>
			<xmin>96</xmin>
			<xmax>142</xmax>
			<ymin>190</ymin>
			<ymax>295</ymax>
		</bndbox>
	</object>
</annotation>
