<annotation>
	<folder></folder>
	<filename>frame_3011_jpg.rf.175ec219e95ea1fc2e98f03a6c115ae0.jpg</filename>
	<path>frame_3011_jpg.rf.175ec219e95ea1fc2e98f03a6c115ae0.jpg</path>
	<source>
		<database>roboflow.ai</database>
	</source>
	<size>
		<width>416</width>
		<height>416</height>
		<depth>3</depth>
	</size>
	<segmented>0</segmented>
	<object>
		<name>bus</name>
		<pose>Unspecified</pose>
		<truncated>0</truncated>
		<difficult>0</difficult>
		<occluded>0</occluded>
		<bndbox>
			<xmin>243</xmin>
			<xmax>364</xmax>
			<ymin>111</ymin>
			<ymax>292</ymax>
		</bndbox>
	</object>
</annotation>
