<annotation>
	<folder></folder>
	<filename>frame_3065_jpg.rf.502ee84da677c6b56dbe0cf69b8abeb3.jpg</filename>
	<path>frame_3065_jpg.rf.502ee84da677c6b56dbe0cf69b8abeb3.jpg</path>
	<source>
		<database>roboflow.ai</database>
	</source>
	<size>
		<width>416</width>
		<height>416</height>
		<depth>3</depth>
	</size>
	<segmented>0</segmented>
	<object>
		<name>motorbike</name>
		<pose>Unspecified</pose>
		<truncated>0</truncated>
		<difficult>0</difficult>
		<occluded>0</occluded>
		<bndbox>
			<xmin>40</xmin>
			<xmax>103</xmax>
			<ymin>240</ymin>
			<ymax>359</ymax>
		</bndbox>
	</object>
	<object>
		<name>motorbike</name>
		<pose>Unspecified</pose>
		<truncated>0</truncated>
		<difficult>0</difficult>
		<occluded>0</occluded>
		<bndbox>
			<xmin>69</xmin>
			<xmax>132</xmax>
			<ymin>261</ymin>
			<ymax>380</ymax>
		</bndbox>
	</object>
</annotation>
