<annotation>
	<folder></folder>
	<filename>frame_3074_jpg.rf.c88b57ab2de4188b53196f56ffde64c8.jpg</filename>
	<path>frame_3074_jpg.rf.c88b57ab2de4188b53196f56ffde64c8.jpg</path>
	<source>
		<database>roboflow.ai</database>
	</source>
	<size>
		<width>416</width>
		<height>416</height>
		<depth>3</depth>
	</size>
	<segmented>0</segmented>
	<object>
		<name>motorbike</name>
		<pose>Unspecified</pose>
		<truncated>0</truncated>
		<difficult>0</difficult>
		<occluded>0</occluded>
		<bndbox>
			<xmin>141</xmin>
			<xmax>182</xmax>
			<ymin>227</ymin>
			<ymax>339</ymax>
		</bndbox>
	</object>
</annotation>
