<annotation>
	<folder></folder>
	<filename>frame_3005_jpg.rf.74712de5cf2bdf91708e4d837b2e5f37.jpg</filename>
	<path>frame_3005_jpg.rf.74712de5cf2bdf91708e4d837b2e5f37.jpg</path>
	<source>
		<database>roboflow.ai</database>
	</source>
	<size>
		<width>416</width>
		<height>416</height>
		<depth>3</depth>
	</size>
	<segmented>0</segmented>
	<object>
		<name>motorbike</name>
		<pose>Unspecified</pose>
		<truncated>0</truncated>
		<difficult>0</difficult>
		<occluded>0</occluded>
		<bndbox>
			<xmin>320</xmin>
			<xmax>358</xmax>
			<ymin>271</ymin>
			<ymax>365</ymax>
		</bndbox>
	</object>
</annotation>
