<annotation>
	<folder></folder>
	<filename>frame_3071_jpg.rf.20f4ff98493b50cbe032501212399acf.jpg</filename>
	<path>frame_3071_jpg.rf.20f4ff98493b50cbe032501212399acf.jpg</path>
	<source>
		<database>roboflow.ai</database>
	</source>
	<size>
		<width>416</width>
		<height>416</height>
		<depth>3</depth>
	</size>
	<segmented>0</segmented>
	<object>
		<name>motorbike</name>
		<pose>Unspecified</pose>
		<truncated>0</truncated>
		<difficult>0</difficult>
		<occluded>0</occluded>
		<bndbox>
			<xmin>258</xmin>
			<xmax>328</xmax>
			<ymin>263</ymin>
			<ymax>393</ymax>
		</bndbox>
	</object>
</annotation>
