<annotation>
	<folder></folder>
	<filename>frame_2978_jpg.rf.a7d1e4f120e415e94e88b202067b8e07.jpg</filename>
	<path>frame_2978_jpg.rf.a7d1e4f120e415e94e88b202067b8e07.jpg</path>
	<source>
		<database>roboflow.ai</database>
	</source>
	<size>
		<width>416</width>
		<height>416</height>
		<depth>3</depth>
	</size>
	<segmented>0</segmented>
	<object>
		<name>motorbike</name>
		<pose>Unspecified</pose>
		<truncated>0</truncated>
		<difficult>0</difficult>
		<occluded>0</occluded>
		<bndbox>
			<xmin>42</xmin>
			<xmax>106</xmax>
			<ymin>275</ymin>
			<ymax>400</ymax>
		</bndbox>
	</object>
	<object>
		<name>motorbike</name>
		<pose>Unspecified</pose>
		<truncated>0</truncated>
		<difficult>0</difficult>
		<occluded>0</occluded>
		<bndbox>
			<xmin>48</xmin>
			<xmax>108</xmax>
			<ymin>204</ymin>
			<ymax>312</ymax>
		</bndbox>
	</object>
</annotation>
