<annotation>
	<folder></folder>
	<filename>frame_2978_jpg.rf.d832e9c787ac8872b7b12aec75768c96.jpg</filename>
	<path>frame_2978_jpg.rf.d832e9c787ac8872b7b12aec75768c96.jpg</path>
	<source>
		<database>roboflow.ai</database>
	</source>
	<size>
		<width>416</width>
		<height>416</height>
		<depth>3</depth>
	</size>
	<segmented>0</segmented>
	<object>
		<name>motorbike</name>
		<pose>Unspecified</pose>
		<truncated>0</truncated>
		<difficult>0</difficult>
		<occluded>0</occluded>
		<bndbox>
			<xmin>302</xmin>
			<xmax>372</xmax>
			<ymin>245</ymin>
			<ymax>386</ymax>
		</bndbox>
	</object>
	<object>
		<name>motorbike</name>
		<pose>Unspecified</pose>
		<truncated>0</truncated>
		<difficult>0</difficult>
		<occluded>0</occluded>
		<bndbox>
			<xmin>303</xmin>
			<xmax>369</xmax>
			<ymin>176</ymin>
			<ymax>298</ymax>
		</bndbox>
	</object>
</annotation>
