<annotation>
	<folder></folder>
	<filename>frame_3021_jpg.rf.18bfe580ff597dffcdb39eeda549df05.jpg</filename>
	<path>frame_3021_jpg.rf.18bfe580ff597dffcdb39eeda549df05.jpg</path>
	<source>
		<database>roboflow.ai</database>
	</source>
	<size>
		<width>416</width>
		<height>416</height>
		<depth>3</depth>
	</size>
	<segmented>0</segmented>
	<object>
		<name>bicycle</name>
		<pose>Unspecified</pose>
		<truncated>0</truncated>
		<difficult>0</difficult>
		<occluded>0</occluded>
		<bndbox>
			<xmin>307</xmin>
			<xmax>356</xmax>
			<ymin>136</ymin>
			<ymax>232</ymax>
		</bndbox>
	</object>
</annotation>
