<annotation>
	<folder></folder>
	<filename>frame_3014_jpg.rf.21727f42a960eda54beaefba50069db6.jpg</filename>
	<path>frame_3014_jpg.rf.21727f42a960eda54beaefba50069db6.jpg</path>
	<source>
		<database>roboflow.ai</database>
	</source>
	<size>
		<width>416</width>
		<height>416</height>
		<depth>3</depth>
	</size>
	<segmented>0</segmented>
	<object>
		<name>motorbike</name>
		<pose>Unspecified</pose>
		<truncated>0</truncated>
		<difficult>0</difficult>
		<occluded>0</occluded>
		<bndbox>
			<xmin>62</xmin>
			<xmax>107</xmax>
			<ymin>296</ymin>
			<ymax>407</ymax>
		</bndbox>
	</object>
</annotation>
