<annotation>
	<folder></folder>
	<filename>frame_3080_jpg.rf.996de5136085a008eba69a76838dd1d3.jpg</filename>
	<path>frame_3080_jpg.rf.996de5136085a008eba69a76838dd1d3.jpg</path>
	<source>
		<database>roboflow.ai</database>
	</source>
	<size>
		<width>416</width>
		<height>416</height>
		<depth>3</depth>
	</size>
	<segmented>0</segmented>
	<object>
		<name>auto</name>
		<pose>Unspecified</pose>
		<truncated>0</truncated>
		<difficult>0</difficult>
		<occluded>0</occluded>
		<bndbox>
			<xmin>232</xmin>
			<xmax>294</xmax>
			<ymin>273</ymin>
			<ymax>415</ymax>
		</bndbox>
	</object>
</annotation>
