<annotation>
	<folder></folder>
	<filename>frame_2979_jpg.rf.f6e0b2c8c97296cf1886ab0892b9dbc4.jpg</filename>
	<path>frame_2979_jpg.rf.f6e0b2c8c97296cf1886ab0892b9dbc4.jpg</path>
	<source>
		<database>roboflow.ai</database>
	</source>
	<size>
		<width>416</width>
		<height>416</height>
		<depth>3</depth>
	</size>
	<segmented>0</segmented>
	<object>
		<name>motorbike</name>
		<pose>Unspecified</pose>
		<truncated>0</truncated>
		<difficult>0</difficult>
		<occluded>0</occluded>
		<bndbox>
			<xmin>261</xmin>
			<xmax>305</xmax>
			<ymin>208</ymin>
			<ymax>306</ymax>
		</bndbox>
	</object>
	<object>
		<name>motorbike</name>
		<pose>Unspecified</pose>
		<truncated>0</truncated>
		<difficult>0</difficult>
		<occluded>0</occluded>
		<bndbox>
			<xmin>292</xmin>
			<xmax>336</xmax>
			<ymin>241</ymin>
			<ymax>339</ymax>
		</bndbox>
	</object>
</annotation>
