<annotation>
	<folder></folder>
	<filename>frame_2981_jpg.rf.77b8ecae7368e13ee7c478d60424e23f.jpg</filename>
	<path>frame_2981_jpg.rf.77b8ecae7368e13ee7c478d60424e23f.jpg</path>
	<source>
		<database>roboflow.ai</database>
	</source>
	<size>
		<width>416</width>
		<height>416</height>
		<depth>3</depth>
	</size>
	<segmented>0</segmented>
	<object>
		<name>motorbike</name>
		<pose>Unspecified</pose>
		<truncated>0</truncated>
		<difficult>0</difficult>
		<occluded>0</occluded>
		<bndbox>
			<xmin>96</xmin>
			<xmax>143</xmax>
			<ymin>249</ymin>
			<ymax>363</ymax>
		</bndbox>
	</object>
</annotation>
