<annotation>
	<folder></folder>
	<filename>frame_3019_jpg.rf.74557597e423bc73d387f7c578c74383.jpg</filename>
	<path>frame_3019_jpg.rf.74557597e423bc73d387f7c578c74383.jpg</path>
	<source>
		<database>roboflow.ai</database>
	</source>
	<size>
		<width>416</width>
		<height>416</height>
		<depth>3</depth>
	</size>
	<segmented>0</segmented>
	<object>
		<name>bicycle</name>
		<pose>Unspecified</pose>
		<truncated>0</truncated>
		<difficult>0</difficult>
		<occluded>0</occluded>
		<bndbox>
			<xmin>336</xmin>
			<xmax>368</xmax>
			<ymin>271</ymin>
			<ymax>398</ymax>
		</bndbox>
	</object>
</annotation>
