<annotation>
	<folder></folder>
	<filename>frame_3038_jpg.rf.d22b4e973de77cdd35f62d719a59d49f.jpg</filename>
	<path>frame_3038_jpg.rf.d22b4e973de77cdd35f62d719a59d49f.jpg</path>
	<source>
		<database>roboflow.ai</database>
	</source>
	<size>
		<width>416</width>
		<height>416</height>
		<depth>3</depth>
	</size>
	<segmented>0</segmented>
	<object>
		<name>bicycle</name>
		<pose>Unspecified</pose>
		<truncated>0</truncated>
		<difficult>0</difficult>
		<occluded>0</occluded>
		<bndbox>
			<xmin>106</xmin>
			<xmax>158</xmax>
			<ymin>287</ymin>
			<ymax>413</ymax>
		</bndbox>
	</object>
	<object>
		<name>bicycle</name>
		<pose>Unspecified</pose>
		<truncated>0</truncated>
		<difficult>0</difficult>
		<occluded>0</occluded>
		<bndbox>
			<xmin>80</xmin>
			<xmax>132</xmax>
			<ymin>287</ymin>
			<ymax>412</ymax>
		</bndbox>
	</object>
</annotation>
