<annotation>
	<folder></folder>
	<filename>frame_3066_jpg.rf.7ed0695d908484399c7ca3395b4c98e3.jpg</filename>
	<path>frame_3066_jpg.rf.7ed0695d908484399c7ca3395b4c98e3.jpg</path>
	<source>
		<database>roboflow.ai</database>
	</source>
	<size>
		<width>416</width>
		<height>416</height>
		<depth>3</depth>
	</size>
	<segmented>0</segmented>
	<object>
		<name>motorbike</name>
		<pose>Unspecified</pose>
		<truncated>0</truncated>
		<difficult>0</difficult>
		<occluded>0</occluded>
		<bndbox>
			<xmin>0</xmin>
			<xmax>62</xmax>
			<ymin>288</ymin>
			<ymax>415</ymax>
		</bndbox>
	</object>
</annotation>
