<annotation>
	<folder></folder>
	<filename>frame_3052_jpg.rf.ba394e1d648137e2e7d5a38ad9d05792.jpg</filename>
	<path>frame_3052_jpg.rf.ba394e1d648137e2e7d5a38ad9d05792.jpg</path>
	<source>
		<database>roboflow.ai</database>
	</source>
	<size>
		<width>416</width>
		<height>416</height>
		<depth>3</depth>
	</size>
	<segmented>0</segmented>
	<object>
		<name>motorbike</name>
		<pose>Unspecified</pose>
		<truncated>0</truncated>
		<difficult>0</difficult>
		<occluded>0</occluded>
		<bndbox>
			<xmin>143</xmin>
			<xmax>196</xmax>
			<ymin>223</ymin>
			<ymax>331</ymax>
		</bndbox>
	</object>
</annotation>
