<annotation>
	<folder></folder>
	<filename>frame_2973_jpg.rf.b67e10526897fba5c87bc6e3e220f799.jpg</filename>
	<path>frame_2973_jpg.rf.b67e10526897fba5c87bc6e3e220f799.jpg</path>
	<source>
		<database>roboflow.ai</database>
	</source>
	<size>
		<width>416</width>
		<height>416</height>
		<depth>3</depth>
	</size>
	<segmented>0</segmented>
	<object>
		<name>motorbike</name>
		<pose>Unspecified</pose>
		<truncated>0</truncated>
		<difficult>0</difficult>
		<occluded>0</occluded>
		<bndbox>
			<xmin>290</xmin>
			<xmax>342</xmax>
			<ymin>277</ymin>
			<ymax>382</ymax>
		</bndbox>
	</object>
	<object>
		<name>motorbike</name>
		<pose>Unspecified</pose>
		<truncated>0</truncated>
		<difficult>0</difficult>
		<occluded>0</occluded>
		<bndbox>
			<xmin>230</xmin>
			<xmax>282</xmax>
			<ymin>299</ymin>
			<ymax>404</ymax>
		</bndbox>
	</object>
	<object>
		<name>motorbike</name>
		<pose>Unspecified</pose>
		<truncated>0</truncated>
		<difficult>0</difficult>
		<occluded>0</occluded>
		<bndbox>
			<xmin>265</xmin>
			<xmax>317</xmax>
			<ymin>235</ymin>
			<ymax>340</ymax>
		</bndbox>
	</object>
	<object>
		<name>car</name>
		<pose>Unspecified</pose>
		<truncated>0</truncated>
		<difficult>0</difficult>
		<occluded>0</occluded>
		<bndbox>
			<xmin>169</xmin>
			<xmax>248</xmax>
			<ymin>307</ymin>
			<ymax>415</ymax>
		</bndbox>
	</object>
</annotation>
