<annotation>
	<folder></folder>
	<filename>frame_3053_jpg.rf.33da968c8911b31041f73bf3fcf63e14.jpg</filename>
	<path>frame_3053_jpg.rf.33da968c8911b31041f73bf3fcf63e14.jpg</path>
	<source>
		<database>roboflow.ai</database>
	</source>
	<size>
		<width>416</width>
		<height>416</height>
		<depth>3</depth>
	</size>
	<segmented>0</segmented>
	<object>
		<name>bicycle</name>
		<pose>Unspecified</pose>
		<truncated>0</truncated>
		<difficult>0</difficult>
		<occluded>0</occluded>
		<bndbox>
			<xmin>64</xmin>
			<xmax>99</xmax>
			<ymin>231</ymin>
			<ymax>368</ymax>
		</bndbox>
	</object>
</annotation>
