<annotation>
	<folder></folder>
	<filename>frame_3035_jpg.rf.9a35fe087df981b74a2ee8dc2fdc936a.jpg</filename>
	<path>frame_3035_jpg.rf.9a35fe087df981b74a2ee8dc2fdc936a.jpg</path>
	<source>
		<database>roboflow.ai</database>
	</source>
	<size>
		<width>416</width>
		<height>416</height>
		<depth>3</depth>
	</size>
	<segmented>0</segmented>
	<object>
		<name>car</name>
		<pose>Unspecified</pose>
		<truncated>0</truncated>
		<difficult>0</difficult>
		<occluded>0</occluded>
		<bndbox>
			<xmin>168</xmin>
			<xmax>278</xmax>
			<ymin>171</ymin>
			<ymax>296</ymax>
		</bndbox>
	</object>
</annotation>
