<annotation>
	<folder></folder>
	<filename>frame_3070_jpg.rf.92e02674a95808db84fc71929ad630ba.jpg</filename>
	<path>frame_3070_jpg.rf.92e02674a95808db84fc71929ad630ba.jpg</path>
	<source>
		<database>roboflow.ai</database>
	</source>
	<size>
		<width>416</width>
		<height>416</height>
		<depth>3</depth>
	</size>
	<segmented>0</segmented>
	<object>
		<name>car</name>
		<pose>Unspecified</pose>
		<truncated>0</truncated>
		<difficult>0</difficult>
		<occluded>0</occluded>
		<bndbox>
			<xmin>68</xmin>
			<xmax>152</xmax>
			<ymin>223</ymin>
			<ymax>350</ymax>
		</bndbox>
	</object>
</annotation>
