<annotation>
	<folder></folder>
	<filename>frame_3060_jpg.rf.c32de2bfd0ceb0218e34ca5dcf50d0f2.jpg</filename>
	<path>frame_3060_jpg.rf.c32de2bfd0ceb0218e34ca5dcf50d0f2.jpg</path>
	<source>
		<database>roboflow.ai</database>
	</source>
	<size>
		<width>416</width>
		<height>416</height>
		<depth>3</depth>
	</size>
	<segmented>0</segmented>
	<object>
		<name>car</name>
		<pose>Unspecified</pose>
		<truncated>0</truncated>
		<difficult>0</difficult>
		<occluded>0</occluded>
		<bndbox>
			<xmin>136</xmin>
			<xmax>226</xmax>
			<ymin>164</ymin>
			<ymax>316</ymax>
		</bndbox>
	</object>
	<object>
		<name>auto</name>
		<pose>Unspecified</pose>
		<truncated>0</truncated>
		<difficult>0</difficult>
		<occluded>0</occluded>
		<bndbox>
			<xmin>77</xmin>
			<xmax>169</xmax>
			<ymin>311</ymin>
			<ymax>413</ymax>
		</bndbox>
	</object>
</annotation>
