<annotation>
	<folder></folder>
	<filename>frame_2988_jpg.rf.466d3bd7c3ba64d3c20ad3b4fdeea260.jpg</filename>
	<path>frame_2988_jpg.rf.466d3bd7c3ba64d3c20ad3b4fdeea260.jpg</path>
	<source>
		<database>roboflow.ai</database>
	</source>
	<size>
		<width>416</width>
		<height>416</height>
		<depth>3</depth>
	</size>
	<segmented>0</segmented>
	<object>
		<name>motorbike</name>
		<pose>Unspecified</pose>
		<truncated>0</truncated>
		<difficult>0</difficult>
		<occluded>0</occluded>
		<bndbox>
			<xmin>207</xmin>
			<xmax>268</xmax>
			<ymin>298</ymin>
			<ymax>411</ymax>
		</bndbox>
	</object>
	<object>
		<name>bicycle</name>
		<pose>Unspecified</pose>
		<truncated>0</truncated>
		<difficult>0</difficult>
		<occluded>0</occluded>
		<bndbox>
			<xmin>325</xmin>
			<xmax>358</xmax>
			<ymin>178</ymin>
			<ymax>269</ymax>
		</bndbox>
	</object>
</annotation>
