<annotation>
	<folder></folder>
	<filename>frame_2980_jpg.rf.d5541a8c85e7753d988e7766d1c71737.jpg</filename>
	<path>frame_2980_jpg.rf.d5541a8c85e7753d988e7766d1c71737.jpg</path>
	<source>
		<database>roboflow.ai</database>
	</source>
	<size>
		<width>416</width>
		<height>416</height>
		<depth>3</depth>
	</size>
	<segmented>0</segmented>
	<object>
		<name>motorbike</name>
		<pose>Unspecified</pose>
		<truncated>0</truncated>
		<difficult>0</difficult>
		<occluded>0</occluded>
		<bndbox>
			<xmin>66</xmin>
			<xmax>106</xmax>
			<ymin>148</ymin>
			<ymax>238</ymax>
		</bndbox>
	</object>
</annotation>
