<annotation>
	<folder></folder>
	<filename>frame_3035_jpg.rf.bf26c99f064211e8e19dd59775383c84.jpg</filename>
	<path>frame_3035_jpg.rf.bf26c99f064211e8e19dd59775383c84.jpg</path>
	<source>
		<database>roboflow.ai</database>
	</source>
	<size>
		<width>416</width>
		<height>416</height>
		<depth>3</depth>
	</size>
	<segmented>0</segmented>
	<object>
		<name>car</name>
		<pose>Unspecified</pose>
		<truncated>0</truncated>
		<difficult>0</difficult>
		<occluded>0</occluded>
		<bndbox>
			<xmin>128</xmin>
			<xmax>246</xmax>
			<ymin>156</ymin>
			<ymax>307</ymax>
		</bndbox>
	</object>
</annotation>
