<annotation>
	<folder></folder>
	<filename>frame_3077_jpg.rf.e350f5561d049fca828e4ebd5c55f4d3.jpg</filename>
	<path>frame_3077_jpg.rf.e350f5561d049fca828e4ebd5c55f4d3.jpg</path>
	<source>
		<database>roboflow.ai</database>
	</source>
	<size>
		<width>416</width>
		<height>416</height>
		<depth>3</depth>
	</size>
	<segmented>0</segmented>
	<object>
		<name>car</name>
		<pose>Unspecified</pose>
		<truncated>0</truncated>
		<difficult>0</difficult>
		<occluded>0</occluded>
		<bndbox>
			<xmin>132</xmin>
			<xmax>233</xmax>
			<ymin>187</ymin>
			<ymax>367</ymax>
		</bndbox>
	</object>
	<object>
		<name>bus</name>
		<pose>Unspecified</pose>
		<truncated>0</truncated>
		<difficult>0</difficult>
		<occluded>0</occluded>
		<bndbox>
			<xmin>128</xmin>
			<xmax>216</xmax>
			<ymin>55</ymin>
			<ymax>219</ymax>
		</bndbox>
	</object>
</annotation>
