<annotation>
	<folder></folder>
	<filename>frame_3030_jpg.rf.616d05bbde90f13235cb916dd2effe6b.jpg</filename>
	<path>frame_3030_jpg.rf.616d05bbde90f13235cb916dd2effe6b.jpg</path>
	<source>
		<database>roboflow.ai</database>
	</source>
	<size>
		<width>416</width>
		<height>416</height>
		<depth>3</depth>
	</size>
	<segmented>0</segmented>
	<object>
		<name>motorbike</name>
		<pose>Unspecified</pose>
		<truncated>0</truncated>
		<difficult>0</difficult>
		<occluded>0</occluded>
		<bndbox>
			<xmin>94</xmin>
			<xmax>136</xmax>
			<ymin>218</ymin>
			<ymax>322</ymax>
		</bndbox>
	</object>
	<object>
		<name>motorbike</name>
		<pose>Unspecified</pose>
		<truncated>0</truncated>
		<difficult>0</difficult>
		<occluded>0</occluded>
		<bndbox>
			<xmin>98</xmin>
			<xmax>140</xmax>
			<ymin>297</ymin>
			<ymax>401</ymax>
		</bndbox>
	</object>
</annotation>
