<annotation>
	<folder></folder>
	<filename>frame_2972_jpg.rf.85be79ab615025c8147c4a1f68a72a77.jpg</filename>
	<path>frame_2972_jpg.rf.85be79ab615025c8147c4a1f68a72a77.jpg</path>
	<source>
		<database>roboflow.ai</database>
	</source>
	<size>
		<width>416</width>
		<height>416</height>
		<depth>3</depth>
	</size>
	<segmented>0</segmented>
	<object>
		<name>bicycle</name>
		<pose>Unspecified</pose>
		<truncated>0</truncated>
		<difficult>0</difficult>
		<occluded>0</occluded>
		<bndbox>
			<xmin>42</xmin>
			<xmax>67</xmax>
			<ymin>212</ymin>
			<ymax>340</ymax>
		</bndbox>
	</object>
	<object>
		<name>bicycle</name>
		<pose>Unspecified</pose>
		<truncated>0</truncated>
		<difficult>0</difficult>
		<occluded>0</occluded>
		<bndbox>
			<xmin>75</xmin>
			<xmax>100</xmax>
			<ymin>216</ymin>
			<ymax>344</ymax>
		</bndbox>
	</object>
	<object>
		<name>bicycle</name>
		<pose>Unspecified</pose>
		<truncated>0</truncated>
		<difficult>0</difficult>
		<occluded>0</occluded>
		<bndbox>
			<xmin>104</xmin>
			<xmax>129</xmax>
			<ymin>206</ymin>
			<ymax>334</ymax>
		</bndbox>
	</object>
	<object>
		<name>motorbike</name>
		<pose>Unspecified</pose>
		<truncated>0</truncated>
		<difficult>0</difficult>
		<occluded>0</occluded>
		<bndbox>
			<xmin>155</xmin>
			<xmax>191</xmax>
			<ymin>205</ymin>
			<ymax>312</ymax>
		</bndbox>
	</object>
</annotation>
