<annotation>
	<folder></folder>
	<filename>frame_3032_jpg.rf.e796fc6adfc7198e30a276c0e50313f2.jpg</filename>
	<path>frame_3032_jpg.rf.e796fc6adfc7198e30a276c0e50313f2.jpg</path>
	<source>
		<database>roboflow.ai</database>
	</source>
	<size>
		<width>416</width>
		<height>416</height>
		<depth>3</depth>
	</size>
	<segmented>0</segmented>
	<object>
		<name>motorbike</name>
		<pose>Unspecified</pose>
		<truncated>0</truncated>
		<difficult>0</difficult>
		<occluded>0</occluded>
		<bndbox>
			<xmin>72</xmin>
			<xmax>134</xmax>
			<ymin>238</ymin>
			<ymax>364</ymax>
		</bndbox>
	</object>
	<object>
		<name>motorbike</name>
		<pose>Unspecified</pose>
		<truncated>0</truncated>
		<difficult>0</difficult>
		<occluded>0</occluded>
		<bndbox>
			<xmin>40</xmin>
			<xmax>102</xmax>
			<ymin>230</ymin>
			<ymax>356</ymax>
		</bndbox>
	</object>
	<object>
		<name>bicycle</name>
		<pose>Unspecified</pose>
		<truncated>0</truncated>
		<difficult>0</difficult>
		<occluded>0</occluded>
		<bndbox>
			<xmin>37</xmin>
			<xmax>81</xmax>
			<ymin>148</ymin>
			<ymax>247</ymax>
		</bndbox>
	</object>
</annotation>
