<annotation>
	<folder></folder>
	<filename>frame_3089_jpg.rf.7e99608fb15d8dd8c1a8b916641cd391.jpg</filename>
	<path>frame_3089_jpg.rf.7e99608fb15d8dd8c1a8b916641cd391.jpg</path>
	<source>
		<database>roboflow.ai</database>
	</source>
	<size>
		<width>416</width>
		<height>416</height>
		<depth>3</depth>
	</size>
	<segmented>0</segmented>
	<object>
		<name>motorbike</name>
		<pose>Unspecified</pose>
		<truncated>0</truncated>
		<difficult>0</difficult>
		<occluded>0</occluded>
		<bndbox>
			<xmin>103</xmin>
			<xmax>144</xmax>
			<ymin>217</ymin>
			<ymax>345</ymax>
		</bndbox>
	</object>
</annotation>
