<annotation>
	<folder></folder>
	<filename>frame_3091_jpg.rf.03cd491b8c95a29a00429ff86a10cf12.jpg</filename>
	<path>frame_3091_jpg.rf.03cd491b8c95a29a00429ff86a10cf12.jpg</path>
	<source>
		<database>roboflow.ai</database>
	</source>
	<size>
		<width>416</width>
		<height>416</height>
		<depth>3</depth>
	</size>
	<segmented>0</segmented>
	<object>
		<name>auto</name>
		<pose>Unspecified</pose>
		<truncated>0</truncated>
		<difficult>0</difficult>
		<occluded>0</occluded>
		<bndbox>
			<xmin>17</xmin>
			<xmax>99</xmax>
			<ymin>297</ymin>
			<ymax>415</ymax>
		</bndbox>
	</object>
</annotation>
