<annotation>
	<folder></folder>
	<filename>frame_3080_jpg.rf.ca92f66c62c8230cfe679ce4af9aeba0.jpg</filename>
	<path>frame_3080_jpg.rf.ca92f66c62c8230cfe679ce4af9aeba0.jpg</path>
	<source>
		<database>roboflow.ai</database>
	</source>
	<size>
		<width>416</width>
		<height>416</height>
		<depth>3</depth>
	</size>
	<segmented>0</segmented>
	<object>
		<name>auto</name>
		<pose>Unspecified</pose>
		<truncated>0</truncated>
		<difficult>0</difficult>
		<occluded>0</occluded>
		<bndbox>
			<xmin>219</xmin>
			<xmax>303</xmax>
			<ymin>236</ymin>
			<ymax>394</ymax>
		</bndbox>
	</object>
</annotation>
