<annotation>
	<folder></folder>
	<filename>frame_3032_jpg.rf.f704fabe5141d2bfa96e0e75ba931a88.jpg</filename>
	<path>frame_3032_jpg.rf.f704fabe5141d2bfa96e0e75ba931a88.jpg</path>
	<source>
		<database>roboflow.ai</database>
	</source>
	<size>
		<width>416</width>
		<height>416</height>
		<depth>3</depth>
	</size>
	<segmented>0</segmented>
	<object>
		<name>motorbike</name>
		<pose>Unspecified</pose>
		<truncated>0</truncated>
		<difficult>0</difficult>
		<occluded>0</occluded>
		<bndbox>
			<xmin>285</xmin>
			<xmax>333</xmax>
			<ymin>276</ymin>
			<ymax>402</ymax>
		</bndbox>
	</object>
	<object>
		<name>motorbike</name>
		<pose>Unspecified</pose>
		<truncated>0</truncated>
		<difficult>0</difficult>
		<occluded>0</occluded>
		<bndbox>
			<xmin>318</xmin>
			<xmax>366</xmax>
			<ymin>279</ymin>
			<ymax>405</ymax>
		</bndbox>
	</object>
	<object>
		<name>bicycle</name>
		<pose>Unspecified</pose>
		<truncated>0</truncated>
		<difficult>0</difficult>
		<occluded>0</occluded>
		<bndbox>
			<xmin>343</xmin>
			<xmax>374</xmax>
			<ymin>205</ymin>
			<ymax>305</ymax>
		</bndbox>
	</object>
</annotation>
