<annotation>
	<folder></folder>
	<filename>frame_3014_jpg.rf.834afeae5970ed80b373fab8a5c4b097.jpg</filename>
	<path>frame_3014_jpg.rf.834afeae5970ed80b373fab8a5c4b097.jpg</path>
	<source>
		<database>roboflow.ai</database>
	</source>
	<size>
		<width>416</width>
		<height>416</height>
		<depth>3</depth>
	</size>
	<segmented>0</segmented>
	<object>
		<name>motorbike</name>
		<pose>Unspecified</pose>
		<truncated>0</truncated>
		<difficult>0</difficult>
		<occluded>0</occluded>
		<bndbox>
			<xmin>78</xmin>
			<xmax>130</xmax>
			<ymin>302</ymin>
			<ymax>415</ymax>
		</bndbox>
	</object>
</annotation>
