<annotation>
	<folder></folder>
	<filename>frame_3089_jpg.rf.bfdb464039cc58398d73cad2e690f878.jpg</filename>
	<path>frame_3089_jpg.rf.bfdb464039cc58398d73cad2e690f878.jpg</path>
	<source>
		<database>roboflow.ai</database>
	</source>
	<size>
		<width>416</width>
		<height>416</height>
		<depth>3</depth>
	</size>
	<segmented>0</segmented>
	<object>
		<name>motorbike</name>
		<pose>Unspecified</pose>
		<truncated>0</truncated>
		<difficult>0</difficult>
		<occluded>0</occluded>
		<bndbox>
			<xmin>117</xmin>
			<xmax>178</xmax>
			<ymin>233</ymin>
			<ymax>367</ymax>
		</bndbox>
	</object>
</annotation>
