<annotation>
	<folder></folder>
	<filename>frame_3040_jpg.rf.40c606a630e0a31f47a9560bdf468a76.jpg</filename>
	<path>frame_3040_jpg.rf.40c606a630e0a31f47a9560bdf468a76.jpg</path>
	<source>
		<database>roboflow.ai</database>
	</source>
	<size>
		<width>416</width>
		<height>416</height>
		<depth>3</depth>
	</size>
	<segmented>0</segmented>
	<object>
		<name>bicycle</name>
		<pose>Unspecified</pose>
		<truncated>0</truncated>
		<difficult>0</difficult>
		<occluded>0</occluded>
		<bndbox>
			<xmin>353</xmin>
			<xmax>378</xmax>
			<ymin>242</ymin>
			<ymax>368</ymax>
		</bndbox>
	</object>
	<object>
		<name>bicycle</name>
		<pose>Unspecified</pose>
		<truncated>0</truncated>
		<difficult>0</difficult>
		<occluded>0</occluded>
		<bndbox>
			<xmin>336</xmin>
			<xmax>361</xmax>
			<ymin>208</ymin>
			<ymax>344</ymax>
		</bndbox>
	</object>
	<object>
		<name>motorbike</name>
		<pose>Unspecified</pose>
		<truncated>0</truncated>
		<difficult>0</difficult>
		<occluded>0</occluded>
		<bndbox>
			<xmin>249</xmin>
			<xmax>281</xmax>
			<ymin>205</ymin>
			<ymax>308</ymax>
		</bndbox>
	</object>
</annotation>
