<annotation>
	<folder></folder>
	<filename>frame_3053_jpg.rf.eecc4e860f34a2179c905ebd4ad07821.jpg</filename>
	<path>frame_3053_jpg.rf.eecc4e860f34a2179c905ebd4ad07821.jpg</path>
	<source>
		<database>roboflow.ai</database>
	</source>
	<size>
		<width>416</width>
		<height>416</height>
		<depth>3</depth>
	</size>
	<segmented>0</segmented>
	<object>
		<name>bicycle</name>
		<pose>Unspecified</pose>
		<truncated>0</truncated>
		<difficult>0</difficult>
		<occluded>0</occluded>
		<bndbox>
			<xmin>361</xmin>
			<xmax>403</xmax>
			<ymin>259</ymin>
			<ymax>388</ymax>
		</bndbox>
	</object>
</annotation>
