<annotation>
	<folder></folder>
	<filename>frame_3027_jpg.rf.e83366659ebc906bcf6ab2e76bfea614.jpg</filename>
	<path>frame_3027_jpg.rf.e83366659ebc906bcf6ab2e76bfea614.jpg</path>
	<source>
		<database>roboflow.ai</database>
	</source>
	<size>
		<width>416</width>
		<height>416</height>
		<depth>3</depth>
	</size>
	<segmented>0</segmented>
	<object>
		<name>auto</name>
		<pose>Unspecified</pose>
		<truncated>0</truncated>
		<difficult>0</difficult>
		<occluded>0</occluded>
		<bndbox>
			<xmin>131</xmin>
			<xmax>221</xmax>
			<ymin>269</ymin>
			<ymax>415</ymax>
		</bndbox>
	</object>
</annotation>
