<annotation>
	<folder></folder>
	<filename>frame_3085_jpg.rf.1dfd9cfdb502e19916575f44a8421e19.jpg</filename>
	<path>frame_3085_jpg.rf.1dfd9cfdb502e19916575f44a8421e19.jpg</path>
	<source>
		<database>roboflow.ai</database>
	</source>
	<size>
		<width>416</width>
		<height>416</height>
		<depth>3</depth>
	</size>
	<segmented>0</segmented>
	<object>
		<name>motorbike</name>
		<pose>Unspecified</pose>
		<truncated>0</truncated>
		<difficult>0</difficult>
		<occluded>0</occluded>
		<bndbox>
			<xmin>300</xmin>
			<xmax>338</xmax>
			<ymin>249</ymin>
			<ymax>342</ymax>
		</bndbox>
	</object>
	<object>
		<name>motorbike</name>
		<pose>Unspecified</pose>
		<truncated>0</truncated>
		<difficult>0</difficult>
		<occluded>0</occluded>
		<bndbox>
			<xmin>285</xmin>
			<xmax>323</xmax>
			<ymin>310</ymin>
			<ymax>401</ymax>
		</bndbox>
	</object>
</annotation>
