<annotation>
	<folder></folder>
	<filename>frame_2979_jpg.rf.6f8c24d02959eb26376129e46749963b.jpg</filename>
	<path>frame_2979_jpg.rf.6f8c24d02959eb26376129e46749963b.jpg</path>
	<source>
		<database>roboflow.ai</database>
	</source>
	<size>
		<width>416</width>
		<height>416</height>
		<depth>3</depth>
	</size>
	<segmented>0</segmented>
	<object>
		<name>motorbike</name>
		<pose>Unspecified</pose>
		<truncated>0</truncated>
		<difficult>0</difficult>
		<occluded>0</occluded>
		<bndbox>
			<xmin>266</xmin>
			<xmax>306</xmax>
			<ymin>215</ymin>
			<ymax>312</ymax>
		</bndbox>
	</object>
	<object>
		<name>motorbike</name>
		<pose>Unspecified</pose>
		<truncated>0</truncated>
		<difficult>0</difficult>
		<occluded>0</occluded>
		<bndbox>
			<xmin>298</xmin>
			<xmax>338</xmax>
			<ymin>251</ymin>
			<ymax>348</ymax>
		</bndbox>
	</object>
</annotation>
