<annotation>
	<folder></folder>
	<filename>frame_3054_jpg.rf.7e8278749ac4281c7c250927131a13f8.jpg</filename>
	<path>frame_3054_jpg.rf.7e8278749ac4281c7c250927131a13f8.jpg</path>
	<source>
		<database>roboflow.ai</database>
	</source>
	<size>
		<width>416</width>
		<height>416</height>
		<depth>3</depth>
	</size>
	<segmented>0</segmented>
	<object>
		<name>bicycle</name>
		<pose>Unspecified</pose>
		<truncated>0</truncated>
		<difficult>0</difficult>
		<occluded>0</occluded>
		<bndbox>
			<xmin>347</xmin>
			<xmax>383</xmax>
			<ymin>282</ymin>
			<ymax>395</ymax>
		</bndbox>
	</object>
</annotation>
