<annotation>
	<folder></folder>
	<filename>frame_3053_jpg.rf.ae0c2488ac16ae2926d9dd4824ae96a0.jpg</filename>
	<path>frame_3053_jpg.rf.ae0c2488ac16ae2926d9dd4824ae96a0.jpg</path>
	<source>
		<database>roboflow.ai</database>
	</source>
	<size>
		<width>416</width>
		<height>416</height>
		<depth>3</depth>
	</size>
	<segmented>0</segmented>
	<object>
		<name>bicycle</name>
		<pose>Unspecified</pose>
		<truncated>0</truncated>
		<difficult>0</difficult>
		<occluded>0</occluded>
		<bndbox>
			<xmin>82</xmin>
			<xmax>133</xmax>
			<ymin>275</ymin>
			<ymax>396</ymax>
		</bndbox>
	</object>
</annotation>
