<annotation>
	<folder></folder>
	<filename>frame_3053_jpg.rf.efad85c7b1bc6dc2ff6e5691c99686c8.jpg</filename>
	<path>frame_3053_jpg.rf.efad85c7b1bc6dc2ff6e5691c99686c8.jpg</path>
	<source>
		<database>roboflow.ai</database>
	</source>
	<size>
		<width>416</width>
		<height>416</height>
		<depth>3</depth>
	</size>
	<segmented>0</segmented>
	<object>
		<name>bicycle</name>
		<pose>Unspecified</pose>
		<truncated>0</truncated>
		<difficult>0</difficult>
		<occluded>0</occluded>
		<bndbox>
			<xmin>352</xmin>
			<xmax>378</xmax>
			<ymin>265</ymin>
			<ymax>377</ymax>
		</bndbox>
	</object>
</annotation>
