<annotation>
	<folder></folder>
	<filename>frame_3054_jpg.rf.fd1b7ee9c74e2675b0bc48c2b40943dc.jpg</filename>
	<path>frame_3054_jpg.rf.fd1b7ee9c74e2675b0bc48c2b40943dc.jpg</path>
	<source>
		<database>roboflow.ai</database>
	</source>
	<size>
		<width>416</width>
		<height>416</height>
		<depth>3</depth>
	</size>
	<segmented>0</segmented>
	<object>
		<name>bicycle</name>
		<pose>Unspecified</pose>
		<truncated>0</truncated>
		<difficult>0</difficult>
		<occluded>0</occluded>
		<bndbox>
			<xmin>84</xmin>
			<xmax>148</xmax>
			<ymin>292</ymin>
			<ymax>411</ymax>
		</bndbox>
	</object>
</annotation>
