<annotation>
	<folder></folder>
	<filename>frame_3021_jpg.rf.e50290e1b0459981731395bb9f19b305.jpg</filename>
	<path>frame_3021_jpg.rf.e50290e1b0459981731395bb9f19b305.jpg</path>
	<source>
		<database>roboflow.ai</database>
	</source>
	<size>
		<width>416</width>
		<height>416</height>
		<depth>3</depth>
	</size>
	<segmented>0</segmented>
	<object>
		<name>bicycle</name>
		<pose>Unspecified</pose>
		<truncated>0</truncated>
		<difficult>0</difficult>
		<occluded>0</occluded>
		<bndbox>
			<xmin>313</xmin>
			<xmax>342</xmax>
			<ymin>161</ymin>
			<ymax>254</ymax>
		</bndbox>
	</object>
</annotation>
