<annotation>
	<folder></folder>
	<filename>frame_3019_jpg.rf.95809ece372acdd2c8bb19c2ce7a885a.jpg</filename>
	<path>frame_3019_jpg.rf.95809ece372acdd2c8bb19c2ce7a885a.jpg</path>
	<source>
		<database>roboflow.ai</database>
	</source>
	<size>
		<width>416</width>
		<height>416</height>
		<depth>3</depth>
	</size>
	<segmented>0</segmented>
	<object>
		<name>bicycle</name>
		<pose>Unspecified</pose>
		<truncated>0</truncated>
		<difficult>0</difficult>
		<occluded>0</occluded>
		<bndbox>
			<xmin>347</xmin>
			<xmax>395</xmax>
			<ymin>254</ymin>
			<ymax>381</ymax>
		</bndbox>
	</object>
</annotation>
