<annotation>
	<folder></folder>
	<filename>frame_3064_jpg.rf.759eac372e0649948a9a3a8680009e02.jpg</filename>
	<path>frame_3064_jpg.rf.759eac372e0649948a9a3a8680009e02.jpg</path>
	<source>
		<database>roboflow.ai</database>
	</source>
	<size>
		<width>416</width>
		<height>416</height>
		<depth>3</depth>
	</size>
	<segmented>0</segmented>
	<object>
		<name>car</name>
		<pose>Unspecified</pose>
		<truncated>0</truncated>
		<difficult>0</difficult>
		<occluded>0</occluded>
		<bndbox>
			<xmin>220</xmin>
			<xmax>283</xmax>
			<ymin>240</ymin>
			<ymax>354</ymax>
		</bndbox>
	</object>
	<object>
		<name>motorbike</name>
		<pose>Unspecified</pose>
		<truncated>0</truncated>
		<difficult>0</difficult>
		<occluded>0</occluded>
		<bndbox>
			<xmin>326</xmin>
			<xmax>365</xmax>
			<ymin>258</ymin>
			<ymax>371</ymax>
		</bndbox>
	</object>
</annotation>
