<annotation>
	<folder></folder>
	<filename>frame_3025_jpg.rf.ab8d7772904d8042710caf53e809608f.jpg</filename>
	<path>frame_3025_jpg.rf.ab8d7772904d8042710caf53e809608f.jpg</path>
	<source>
		<database>roboflow.ai</database>
	</source>
	<size>
		<width>416</width>
		<height>416</height>
		<depth>3</depth>
	</size>
	<segmented>0</segmented>
	<object>
		<name>auto</name>
		<pose>Unspecified</pose>
		<truncated>0</truncated>
		<difficult>0</difficult>
		<occluded>0</occluded>
		<bndbox>
			<xmin>200</xmin>
			<xmax>260</xmax>
			<ymin>186</ymin>
			<ymax>317</ymax>
		</bndbox>
	</object>
</annotation>
