<annotation>
	<folder></folder>
	<filename>frame_3027_jpg.rf.69ada1b30dda244295141e33cf6176db.jpg</filename>
	<path>frame_3027_jpg.rf.69ada1b30dda244295141e33cf6176db.jpg</path>
	<source>
		<database>roboflow.ai</database>
	</source>
	<size>
		<width>416</width>
		<height>416</height>
		<depth>3</depth>
	</size>
	<segmented>0</segmented>
	<object>
		<name>auto</name>
		<pose>Unspecified</pose>
		<truncated>0</truncated>
		<difficult>0</difficult>
		<occluded>0</occluded>
		<bndbox>
			<xmin>175</xmin>
			<xmax>265</xmax>
			<ymin>273</ymin>
			<ymax>415</ymax>
		</bndbox>
	</object>
</annotation>
