<annotation>
	<folder></folder>
	<filename>frame_3023_jpg.rf.0acc6affc70789721655f8a9297c5e86.jpg</filename>
	<path>frame_3023_jpg.rf.0acc6affc70789721655f8a9297c5e86.jpg</path>
	<source>
		<database>roboflow.ai</database>
	</source>
	<size>
		<width>416</width>
		<height>416</height>
		<depth>3</depth>
	</size>
	<segmented>0</segmented>
	<object>
		<name>motorbike</name>
		<pose>Unspecified</pose>
		<truncated>0</truncated>
		<difficult>0</difficult>
		<occluded>0</occluded>
		<bndbox>
			<xmin>265</xmin>
			<xmax>317</xmax>
			<ymin>296</ymin>
			<ymax>409</ymax>
		</bndbox>
	</object>
	<object>
		<name>motorbike</name>
		<pose>Unspecified</pose>
		<truncated>0</truncated>
		<difficult>0</difficult>
		<occluded>0</occluded>
		<bndbox>
			<xmin>182</xmin>
			<xmax>237</xmax>
			<ymin>310</ymin>
			<ymax>415</ymax>
		</bndbox>
	</object>
</annotation>
