<annotation>
	<folder></folder>
	<filename>frame_3043_jpg.rf.7ddf89eb9f29d773a9c5e18c3c552ba3.jpg</filename>
	<path>frame_3043_jpg.rf.7ddf89eb9f29d773a9c5e18c3c552ba3.jpg</path>
	<source>
		<database>roboflow.ai</database>
	</source>
	<size>
		<width>416</width>
		<height>416</height>
		<depth>3</depth>
	</size>
	<segmented>0</segmented>
	<object>
		<name>bicycle</name>
		<pose>Unspecified</pose>
		<truncated>0</truncated>
		<difficult>0</difficult>
		<occluded>0</occluded>
		<bndbox>
			<xmin>268</xmin>
			<xmax>310</xmax>
			<ymin>242</ymin>
			<ymax>374</ymax>
		</bndbox>
	</object>
	<object>
		<name>bicycle</name>
		<pose>Unspecified</pose>
		<truncated>0</truncated>
		<difficult>0</difficult>
		<occluded>0</occluded>
		<bndbox>
			<xmin>313</xmin>
			<xmax>355</xmax>
			<ymin>172</ymin>
			<ymax>304</ymax>
		</bndbox>
	</object>
	<object>
		<name>bicycle</name>
		<pose>Unspecified</pose>
		<truncated>0</truncated>
		<difficult>0</difficult>
		<occluded>0</occluded>
		<bndbox>
			<xmin>293</xmin>
			<xmax>335</xmax>
			<ymin>253</ymin>
			<ymax>385</ymax>
		</bndbox>
	</object>
	<object>
		<name>bicycle</name>
		<pose>Unspecified</pose>
		<truncated>0</truncated>
		<difficult>0</difficult>
		<occluded>0</occluded>
		<bndbox>
			<xmin>337</xmin>
			<xmax>379</xmax>
			<ymin>251</ymin>
			<ymax>383</ymax>
		</bndbox>
	</object>
</annotation>
