<annotation>
	<folder></folder>
	<filename>frame_3066_jpg.rf.ad09654b8e7160c16a63d7ca42919920.jpg</filename>
	<path>frame_3066_jpg.rf.ad09654b8e7160c16a63d7ca42919920.jpg</path>
	<source>
		<database>roboflow.ai</database>
	</source>
	<size>
		<width>416</width>
		<height>416</height>
		<depth>3</depth>
	</size>
	<segmented>0</segmented>
	<object>
		<name>motorbike</name>
		<pose>Unspecified</pose>
		<truncated>0</truncated>
		<difficult>0</difficult>
		<occluded>0</occluded>
		<bndbox>
			<xmin>294</xmin>
			<xmax>351</xmax>
			<ymin>294</ymin>
			<ymax>405</ymax>
		</bndbox>
	</object>
</annotation>
