<annotation>
	<folder></folder>
	<filename>frame_3035_jpg.rf.2ea8b35d3f2df58ab13b4baea1e6599b.jpg</filename>
	<path>frame_3035_jpg.rf.2ea8b35d3f2df58ab13b4baea1e6599b.jpg</path>
	<source>
		<database>roboflow.ai</database>
	</source>
	<size>
		<width>416</width>
		<height>416</height>
		<depth>3</depth>
	</size>
	<segmented>0</segmented>
	<object>
		<name>car</name>
		<pose>Unspecified</pose>
		<truncated>0</truncated>
		<difficult>0</difficult>
		<occluded>0</occluded>
		<bndbox>
			<xmin>138</xmin>
			<xmax>246</xmax>
			<ymin>164</ymin>
			<ymax>293</ymax>
		</bndbox>
	</object>
</annotation>
