<annotation>
	<folder></folder>
	<filename>frame_3057_jpg.rf.d0c36d291ae87942ec6fde75681f55f7.jpg</filename>
	<path>frame_3057_jpg.rf.d0c36d291ae87942ec6fde75681f55f7.jpg</path>
	<source>
		<database>roboflow.ai</database>
	</source>
	<size>
		<width>416</width>
		<height>416</height>
		<depth>3</depth>
	</size>
	<segmented>0</segmented>
	<object>
		<name>motorbike</name>
		<pose>Unspecified</pose>
		<truncated>0</truncated>
		<difficult>0</difficult>
		<occluded>0</occluded>
		<bndbox>
			<xmin>118</xmin>
			<xmax>146</xmax>
			<ymin>210</ymin>
			<ymax>315</ymax>
		</bndbox>
	</object>
	<object>
		<name>motorbike</name>
		<pose>Unspecified</pose>
		<truncated>0</truncated>
		<difficult>0</difficult>
		<occluded>0</occluded>
		<bndbox>
			<xmin>89</xmin>
			<xmax>117</xmax>
			<ymin>185</ymin>
			<ymax>290</ymax>
		</bndbox>
	</object>
</annotation>
