<annotation>
	<folder></folder>
	<filename>frame_3053_jpg.rf.f1b8dbd8d488a74ad6dbe8365732b625.jpg</filename>
	<path>frame_3053_jpg.rf.f1b8dbd8d488a74ad6dbe8365732b625.jpg</path>
	<source>
		<database>roboflow.ai</database>
	</source>
	<size>
		<width>416</width>
		<height>416</height>
		<depth>3</depth>
	</size>
	<segmented>0</segmented>
	<object>
		<name>bicycle</name>
		<pose>Unspecified</pose>
		<truncated>0</truncated>
		<difficult>0</difficult>
		<occluded>0</occluded>
		<bndbox>
			<xmin>284</xmin>
			<xmax>333</xmax>
			<ymin>276</ymin>
			<ymax>394</ymax>
		</bndbox>
	</object>
</annotation>
