<annotation>
	<folder></folder>
	<filename>frame_3087_jpg.rf.f0e439215bcab041ad26a01af1b40cd7.jpg</filename>
	<path>frame_3087_jpg.rf.f0e439215bcab041ad26a01af1b40cd7.jpg</path>
	<source>
		<database>roboflow.ai</database>
	</source>
	<size>
		<width>416</width>
		<height>416</height>
		<depth>3</depth>
	</size>
	<segmented>0</segmented>
	<object>
		<name>motorbike</name>
		<pose>Unspecified</pose>
		<truncated>0</truncated>
		<difficult>0</difficult>
		<occluded>0</occluded>
		<bndbox>
			<xmin>97</xmin>
			<xmax>139</xmax>
			<ymin>179</ymin>
			<ymax>268</ymax>
		</bndbox>
	</object>
</annotation>
