<annotation>
	<folder></folder>
	<filename>frame_3015_jpg.rf.be53bc66a672930546b371e844b8e871.jpg</filename>
	<path>frame_3015_jpg.rf.be53bc66a672930546b371e844b8e871.jpg</path>
	<source>
		<database>roboflow.ai</database>
	</source>
	<size>
		<width>416</width>
		<height>416</height>
		<depth>3</depth>
	</size>
	<segmented>0</segmented>
	<object>
		<name>bicycle</name>
		<pose>Unspecified</pose>
		<truncated>0</truncated>
		<difficult>0</difficult>
		<occluded>0</occluded>
		<bndbox>
			<xmin>14</xmin>
			<xmax>87</xmax>
			<ymin>189</ymin>
			<ymax>324</ymax>
		</bndbox>
	</object>
</annotation>
