<annotation>
	<folder></folder>
	<filename>frame_3065_jpg.rf.892093326052493a5994147938897980.jpg</filename>
	<path>frame_3065_jpg.rf.892093326052493a5994147938897980.jpg</path>
	<source>
		<database>roboflow.ai</database>
	</source>
	<size>
		<width>416</width>
		<height>416</height>
		<depth>3</depth>
	</size>
	<segmented>0</segmented>
	<object>
		<name>motorbike</name>
		<pose>Unspecified</pose>
		<truncated>0</truncated>
		<difficult>0</difficult>
		<occluded>0</occluded>
		<bndbox>
			<xmin>312</xmin>
			<xmax>371</xmax>
			<ymin>239</ymin>
			<ymax>345</ymax>
		</bndbox>
	</object>
	<object>
		<name>motorbike</name>
		<pose>Unspecified</pose>
		<truncated>0</truncated>
		<difficult>0</difficult>
		<occluded>0</occluded>
		<bndbox>
			<xmin>281</xmin>
			<xmax>340</xmax>
			<ymin>262</ymin>
			<ymax>368</ymax>
		</bndbox>
	</object>
</annotation>
