<annotation>
	<folder></folder>
	<filename>frame_3087_jpg.rf.7a30d20f4b24168f7d27bce67d44a229.jpg</filename>
	<path>frame_3087_jpg.rf.7a30d20f4b24168f7d27bce67d44a229.jpg</path>
	<source>
		<database>roboflow.ai</database>
	</source>
	<size>
		<width>416</width>
		<height>416</height>
		<depth>3</depth>
	</size>
	<segmented>0</segmented>
	<object>
		<name>motorbike</name>
		<pose>Unspecified</pose>
		<truncated>0</truncated>
		<difficult>0</difficult>
		<occluded>0</occluded>
		<bndbox>
			<xmin>95</xmin>
			<xmax>133</xmax>
			<ymin>186</ymin>
			<ymax>276</ymax>
		</bndbox>
	</object>
</annotation>
