<annotation>
	<folder></folder>
	<filename>frame_2998_jpg.rf.34975c5e2cf38e3930485156e3944ea9.jpg</filename>
	<path>frame_2998_jpg.rf.34975c5e2cf38e3930485156e3944ea9.jpg</path>
	<source>
		<database>roboflow.ai</database>
	</source>
	<size>
		<width>416</width>
		<height>416</height>
		<depth>3</depth>
	</size>
	<segmented>0</segmented>
	<object>
		<name>motorbike</name>
		<pose>Unspecified</pose>
		<truncated>0</truncated>
		<difficult>0</difficult>
		<occluded>0</occluded>
		<bndbox>
			<xmin>291</xmin>
			<xmax>327</xmax>
			<ymin>298</ymin>
			<ymax>411</ymax>
		</bndbox>
	</object>
	<object>
		<name>motorbike</name>
		<pose>Unspecified</pose>
		<truncated>0</truncated>
		<difficult>0</difficult>
		<occluded>0</occluded>
		<bndbox>
			<xmin>307</xmin>
			<xmax>343</xmax>
			<ymin>247</ymin>
			<ymax>360</ymax>
		</bndbox>
	</object>
	<object>
		<name>motorbike</name>
		<pose>Unspecified</pose>
		<truncated>0</truncated>
		<difficult>0</difficult>
		<occluded>0</occluded>
		<bndbox>
			<xmin>230</xmin>
			<xmax>266</xmax>
			<ymin>230</ymin>
			<ymax>343</ymax>
		</bndbox>
	</object>
	<object>
		<name>motorbike</name>
		<pose>Unspecified</pose>
		<truncated>0</truncated>
		<difficult>0</difficult>
		<occluded>0</occluded>
		<bndbox>
			<xmin>268</xmin>
			<xmax>304</xmax>
			<ymin>219</ymin>
			<ymax>332</ymax>
		</bndbox>
	</object>
</annotation>
