<annotation>
	<folder></folder>
	<filename>frame_3028_jpg.rf.287e5e3ec7c509b977e05665607eaa90.jpg</filename>
	<path>frame_3028_jpg.rf.287e5e3ec7c509b977e05665607eaa90.jpg</path>
	<source>
		<database>roboflow.ai</database>
	</source>
	<size>
		<width>416</width>
		<height>416</height>
		<depth>3</depth>
	</size>
	<segmented>0</segmented>
	<object>
		<name>bicycle</name>
		<pose>Unspecified</pose>
		<truncated>0</truncated>
		<difficult>0</difficult>
		<occluded>0</occluded>
		<bndbox>
			<xmin>361</xmin>
			<xmax>415</xmax>
			<ymin>359</ymin>
			<ymax>415</ymax>
		</bndbox>
	</object>
</annotation>
