<annotation>
	<folder></folder>
	<filename>frame_2976_jpg.rf.d9f0b84fc1358f05473dda13ec42ca33.jpg</filename>
	<path>frame_2976_jpg.rf.d9f0b84fc1358f05473dda13ec42ca33.jpg</path>
	<source>
		<database>roboflow.ai</database>
	</source>
	<size>
		<width>416</width>
		<height>416</height>
		<depth>3</depth>
	</size>
	<segmented>0</segmented>
	<object>
		<name>auto</name>
		<pose>Unspecified</pose>
		<truncated>0</truncated>
		<difficult>0</difficult>
		<occluded>0</occluded>
		<bndbox>
			<xmin>262</xmin>
			<xmax>324</xmax>
			<ymin>229</ymin>
			<ymax>383</ymax>
		</bndbox>
	</object>
	<object>
		<name>bicycle</name>
		<pose>Unspecified</pose>
		<truncated>0</truncated>
		<difficult>0</difficult>
		<occluded>0</occluded>
		<bndbox>
			<xmin>343</xmin>
			<xmax>365</xmax>
			<ymin>207</ymin>
			<ymax>303</ymax>
		</bndbox>
	</object>
	<object>
		<name>motorbike</name>
		<pose>Unspecified</pose>
		<truncated>0</truncated>
		<difficult>0</difficult>
		<occluded>0</occluded>
		<bndbox>
			<xmin>258</xmin>
			<xmax>283</xmax>
			<ymin>201</ymin>
			<ymax>299</ymax>
		</bndbox>
	</object>
</annotation>
