<annotation>
	<folder></folder>
	<filename>frame_3074_jpg.rf.1f45dcc3f544c1a6bc66fae82782afb4.jpg</filename>
	<path>frame_3074_jpg.rf.1f45dcc3f544c1a6bc66fae82782afb4.jpg</path>
	<source>
		<database>roboflow.ai</database>
	</source>
	<size>
		<width>416</width>
		<height>416</height>
		<depth>3</depth>
	</size>
	<segmented>0</segmented>
	<object>
		<name>motorbike</name>
		<pose>Unspecified</pose>
		<truncated>0</truncated>
		<difficult>0</difficult>
		<occluded>0</occluded>
		<bndbox>
			<xmin>129</xmin>
			<xmax>170</xmax>
			<ymin>219</ymin>
			<ymax>314</ymax>
		</bndbox>
	</object>
</annotation>
