<annotation>
	<folder></folder>
	<filename>frame_3027_jpg.rf.7bb86ada21df72aebe7e5f6cbb69b8dc.jpg</filename>
	<path>frame_3027_jpg.rf.7bb86ada21df72aebe7e5f6cbb69b8dc.jpg</path>
	<source>
		<database>roboflow.ai</database>
	</source>
	<size>
		<width>416</width>
		<height>416</height>
		<depth>3</depth>
	</size>
	<segmented>0</segmented>
	<object>
		<name>auto</name>
		<pose>Unspecified</pose>
		<truncated>0</truncated>
		<difficult>0</difficult>
		<occluded>0</occluded>
		<bndbox>
			<xmin>168</xmin>
			<xmax>259</xmax>
			<ymin>260</ymin>
			<ymax>415</ymax>
		</bndbox>
	</object>
</annotation>
