<annotation>
	<folder></folder>
	<filename>frame_3022_jpg.rf.e5c411e85e86c8bf81f5e491a0f4fe72.jpg</filename>
	<path>frame_3022_jpg.rf.e5c411e85e86c8bf81f5e491a0f4fe72.jpg</path>
	<source>
		<database>roboflow.ai</database>
	</source>
	<size>
		<width>416</width>
		<height>416</height>
		<depth>3</depth>
	</size>
	<segmented>0</segmented>
	<object>
		<name>bicycle</name>
		<pose>Unspecified</pose>
		<truncated>0</truncated>
		<difficult>0</difficult>
		<occluded>0</occluded>
		<bndbox>
			<xmin>341</xmin>
			<xmax>402</xmax>
			<ymin>170</ymin>
			<ymax>302</ymax>
		</bndbox>
	</object>
	<object>
		<name>motorbike</name>
		<pose>Unspecified</pose>
		<truncated>0</truncated>
		<difficult>0</difficult>
		<occluded>0</occluded>
		<bndbox>
			<xmin>239</xmin>
			<xmax>305</xmax>
			<ymin>258</ymin>
			<ymax>401</ymax>
		</bndbox>
	</object>
</annotation>
