<annotation>
	<folder></folder>
	<filename>frame_3069_jpg.rf.b29e7f26d49af814ee5f6b5f8419b146.jpg</filename>
	<path>frame_3069_jpg.rf.b29e7f26d49af814ee5f6b5f8419b146.jpg</path>
	<source>
		<database>roboflow.ai</database>
	</source>
	<size>
		<width>416</width>
		<height>416</height>
		<depth>3</depth>
	</size>
	<segmented>0</segmented>
	<object>
		<name>bicycle</name>
		<pose>Unspecified</pose>
		<truncated>0</truncated>
		<difficult>0</difficult>
		<occluded>0</occluded>
		<bndbox>
			<xmin>326</xmin>
			<xmax>366</xmax>
			<ymin>198</ymin>
			<ymax>299</ymax>
		</bndbox>
	</object>
</annotation>
