<annotation>
	<folder></folder>
	<filename>frame_3066_jpg.rf.6f7e69847d62025c3cf4125a5627661e.jpg</filename>
	<path>frame_3066_jpg.rf.6f7e69847d62025c3cf4125a5627661e.jpg</path>
	<source>
		<database>roboflow.ai</database>
	</source>
	<size>
		<width>416</width>
		<height>416</height>
		<depth>3</depth>
	</size>
	<segmented>0</segmented>
	<object>
		<name>motorbike</name>
		<pose>Unspecified</pose>
		<truncated>0</truncated>
		<difficult>0</difficult>
		<occluded>0</occluded>
		<bndbox>
			<xmin>29</xmin>
			<xmax>99</xmax>
			<ymin>237</ymin>
			<ymax>364</ymax>
		</bndbox>
	</object>
</annotation>
