<annotation>
	<folder></folder>
	<filename>frame_3011_jpg.rf.9568dee5aeddb354c3c391a16fdc0e13.jpg</filename>
	<path>frame_3011_jpg.rf.9568dee5aeddb354c3c391a16fdc0e13.jpg</path>
	<source>
		<database>roboflow.ai</database>
	</source>
	<size>
		<width>416</width>
		<height>416</height>
		<depth>3</depth>
	</size>
	<segmented>0</segmented>
	<object>
		<name>bus</name>
		<pose>Unspecified</pose>
		<truncated>0</truncated>
		<difficult>0</difficult>
		<occluded>0</occluded>
		<bndbox>
			<xmin>260</xmin>
			<xmax>340</xmax>
			<ymin>122</ymin>
			<ymax>310</ymax>
		</bndbox>
	</object>
</annotation>
