<annotation>
	<folder></folder>
	<filename>frame_2974_jpg.rf.e38764cc00492135b0243e0c551d7d1d.jpg</filename>
	<path>frame_2974_jpg.rf.e38764cc00492135b0243e0c551d7d1d.jpg</path>
	<source>
		<database>roboflow.ai</database>
	</source>
	<size>
		<width>416</width>
		<height>416</height>
		<depth>3</depth>
	</size>
	<segmented>0</segmented>
	<object>
		<name>bicycle</name>
		<pose>Unspecified</pose>
		<truncated>0</truncated>
		<difficult>0</difficult>
		<occluded>0</occluded>
		<bndbox>
			<xmin>80</xmin>
			<xmax>131</xmax>
			<ymin>270</ymin>
			<ymax>390</ymax>
		</bndbox>
	</object>
	<object>
		<name>bicycle</name>
		<pose>Unspecified</pose>
		<truncated>0</truncated>
		<difficult>0</difficult>
		<occluded>0</occluded>
		<bndbox>
			<xmin>41</xmin>
			<xmax>92</xmax>
			<ymin>281</ymin>
			<ymax>401</ymax>
		</bndbox>
	</object>
	<object>
		<name>motorbike</name>
		<pose>Unspecified</pose>
		<truncated>0</truncated>
		<difficult>0</difficult>
		<occluded>0</occluded>
		<bndbox>
			<xmin>113</xmin>
			<xmax>151</xmax>
			<ymin>210</ymin>
			<ymax>299</ymax>
		</bndbox>
	</object>
</annotation>
