<annotation>
	<folder></folder>
	<filename>frame_3054_jpg.rf.3fe861f38e05798223420705fa08047f.jpg</filename>
	<path>frame_3054_jpg.rf.3fe861f38e05798223420705fa08047f.jpg</path>
	<source>
		<database>roboflow.ai</database>
	</source>
	<size>
		<width>416</width>
		<height>416</height>
		<depth>3</depth>
	</size>
	<segmented>0</segmented>
	<object>
		<name>bicycle</name>
		<pose>Unspecified</pose>
		<truncated>0</truncated>
		<difficult>0</difficult>
		<occluded>0</occluded>
		<bndbox>
			<xmin>324</xmin>
			<xmax>378</xmax>
			<ymin>309</ymin>
			<ymax>415</ymax>
		</bndbox>
	</object>
</annotation>
