<annotation>
	<folder></folder>
	<filename>frame_3016_jpg.rf.e28884b6c27f75cf2a1759e6997b2e73.jpg</filename>
	<path>frame_3016_jpg.rf.e28884b6c27f75cf2a1759e6997b2e73.jpg</path>
	<source>
		<database>roboflow.ai</database>
	</source>
	<size>
		<width>416</width>
		<height>416</height>
		<depth>3</depth>
	</size>
	<segmented>0</segmented>
	<object>
		<name>bicycle</name>
		<pose>Unspecified</pose>
		<truncated>0</truncated>
		<difficult>0</difficult>
		<occluded>0</occluded>
		<bndbox>
			<xmin>0</xmin>
			<xmax>16</xmax>
			<ymin>277</ymin>
			<ymax>407</ymax>
		</bndbox>
	</object>
</annotation>
