<annotation>
	<folder></folder>
	<filename>frame_3011_jpg.rf.636d0d08a33581b3a76b4f26bd18f340.jpg</filename>
	<path>frame_3011_jpg.rf.636d0d08a33581b3a76b4f26bd18f340.jpg</path>
	<source>
		<database>roboflow.ai</database>
	</source>
	<size>
		<width>416</width>
		<height>416</height>
		<depth>3</depth>
	</size>
	<segmented>0</segmented>
	<object>
		<name>bus</name>
		<pose>Unspecified</pose>
		<truncated>0</truncated>
		<difficult>0</difficult>
		<occluded>0</occluded>
		<bndbox>
			<xmin>66</xmin>
			<xmax>162</xmax>
			<ymin>115</ymin>
			<ymax>296</ymax>
		</bndbox>
	</object>
</annotation>
