<annotation>
	<folder></folder>
	<filename>frame_3019_jpg.rf.300eb0ecd5cb3e7aa9699616e2a2f67f.jpg</filename>
	<path>frame_3019_jpg.rf.300eb0ecd5cb3e7aa9699616e2a2f67f.jpg</path>
	<source>
		<database>roboflow.ai</database>
	</source>
	<size>
		<width>416</width>
		<height>416</height>
		<depth>3</depth>
	</size>
	<segmented>0</segmented>
	<object>
		<name>bicycle</name>
		<pose>Unspecified</pose>
		<truncated>0</truncated>
		<difficult>0</difficult>
		<occluded>0</occluded>
		<bndbox>
			<xmin>349</xmin>
			<xmax>391</xmax>
			<ymin>267</ymin>
			<ymax>398</ymax>
		</bndbox>
	</object>
</annotation>
