<annotation>
	<folder></folder>
	<filename>frame_2992_jpg.rf.a89dcf0918e27a9e30c70c89c8e62b85.jpg</filename>
	<path>frame_2992_jpg.rf.a89dcf0918e27a9e30c70c89c8e62b85.jpg</path>
	<source>
		<database>roboflow.ai</database>
	</source>
	<size>
		<width>416</width>
		<height>416</height>
		<depth>3</depth>
	</size>
	<segmented>0</segmented>
	<object>
		<name>bicycle</name>
		<pose>Unspecified</pose>
		<truncated>0</truncated>
		<difficult>0</difficult>
		<occluded>0</occluded>
		<bndbox>
			<xmin>402</xmin>
			<xmax>415</xmax>
			<ymin>265</ymin>
			<ymax>400</ymax>
		</bndbox>
	</object>
	<object>
		<name>motorbike</name>
		<pose>Unspecified</pose>
		<truncated>0</truncated>
		<difficult>0</difficult>
		<occluded>0</occluded>
		<bndbox>
			<xmin>255</xmin>
			<xmax>300</xmax>
			<ymin>199</ymin>
			<ymax>287</ymax>
		</bndbox>
	</object>
</annotation>
