<annotation>
	<folder></folder>
	<filename>frame_2974_jpg.rf.cdef7161a8d804c64b8fcbed81da448e.jpg</filename>
	<path>frame_2974_jpg.rf.cdef7161a8d804c64b8fcbed81da448e.jpg</path>
	<source>
		<database>roboflow.ai</database>
	</source>
	<size>
		<width>416</width>
		<height>416</height>
		<depth>3</depth>
	</size>
	<segmented>0</segmented>
	<object>
		<name>bicycle</name>
		<pose>Unspecified</pose>
		<truncated>0</truncated>
		<difficult>0</difficult>
		<occluded>0</occluded>
		<bndbox>
			<xmin>93</xmin>
			<xmax>161</xmax>
			<ymin>295</ymin>
			<ymax>413</ymax>
		</bndbox>
	</object>
	<object>
		<name>bicycle</name>
		<pose>Unspecified</pose>
		<truncated>0</truncated>
		<difficult>0</difficult>
		<occluded>0</occluded>
		<bndbox>
			<xmin>55</xmin>
			<xmax>124</xmax>
			<ymin>315</ymin>
			<ymax>411</ymax>
		</bndbox>
	</object>
	<object>
		<name>motorbike</name>
		<pose>Unspecified</pose>
		<truncated>0</truncated>
		<difficult>0</difficult>
		<occluded>0</occluded>
		<bndbox>
			<xmin>117</xmin>
			<xmax>168</xmax>
			<ymin>227</ymin>
			<ymax>315</ymax>
		</bndbox>
	</object>
</annotation>
