<annotation>
	<folder></folder>
	<filename>frame_3044_jpg.rf.b058cf0c09867965fe5977e5f6866d88.jpg</filename>
	<path>frame_3044_jpg.rf.b058cf0c09867965fe5977e5f6866d88.jpg</path>
	<source>
		<database>roboflow.ai</database>
	</source>
	<size>
		<width>416</width>
		<height>416</height>
		<depth>3</depth>
	</size>
	<segmented>0</segmented>
	<object>
		<name>car</name>
		<pose>Unspecified</pose>
		<truncated>0</truncated>
		<difficult>0</difficult>
		<occluded>0</occluded>
		<bndbox>
			<xmin>82</xmin>
			<xmax>192</xmax>
			<ymin>219</ymin>
			<ymax>416</ymax>
		</bndbox>
	</object>
	<object>
		<name>bicycle</name>
		<pose>Unspecified</pose>
		<truncated>0</truncated>
		<difficult>0</difficult>
		<occluded>0</occluded>
		<bndbox>
			<xmin>0</xmin>
			<xmax>20</xmax>
			<ymin>289</ymin>
			<ymax>415</ymax>
		</bndbox>
	</object>
</annotation>
