<annotation>
	<folder></folder>
	<filename>frame_3043_jpg.rf.7fb0edc9b90ccecee26c327d84cb9faf.jpg</filename>
	<path>frame_3043_jpg.rf.7fb0edc9b90ccecee26c327d84cb9faf.jpg</path>
	<source>
		<database>roboflow.ai</database>
	</source>
	<size>
		<width>416</width>
		<height>416</height>
		<depth>3</depth>
	</size>
	<segmented>0</segmented>
	<object>
		<name>bicycle</name>
		<pose>Unspecified</pose>
		<truncated>0</truncated>
		<difficult>0</difficult>
		<occluded>0</occluded>
		<bndbox>
			<xmin>99</xmin>
			<xmax>139</xmax>
			<ymin>256</ymin>
			<ymax>378</ymax>
		</bndbox>
	</object>
	<object>
		<name>bicycle</name>
		<pose>Unspecified</pose>
		<truncated>0</truncated>
		<difficult>0</difficult>
		<occluded>0</occluded>
		<bndbox>
			<xmin>59</xmin>
			<xmax>99</xmax>
			<ymin>189</ymin>
			<ymax>311</ymax>
		</bndbox>
	</object>
	<object>
		<name>bicycle</name>
		<pose>Unspecified</pose>
		<truncated>0</truncated>
		<difficult>0</difficult>
		<occluded>0</occluded>
		<bndbox>
			<xmin>74</xmin>
			<xmax>114</xmax>
			<ymin>270</ymin>
			<ymax>392</ymax>
		</bndbox>
	</object>
	<object>
		<name>bicycle</name>
		<pose>Unspecified</pose>
		<truncated>0</truncated>
		<difficult>0</difficult>
		<occluded>0</occluded>
		<bndbox>
			<xmin>29</xmin>
			<xmax>69</xmax>
			<ymin>271</ymin>
			<ymax>393</ymax>
		</bndbox>
	</object>
</annotation>
