<annotation>
	<folder></folder>
	<filename>frame_3063_jpg.rf.3e299024af5badff638b2dc133ff001f.jpg</filename>
	<path>frame_3063_jpg.rf.3e299024af5badff638b2dc133ff001f.jpg</path>
	<source>
		<database>roboflow.ai</database>
	</source>
	<size>
		<width>416</width>
		<height>416</height>
		<depth>3</depth>
	</size>
	<segmented>0</segmented>
	<object>
		<name>motorbike</name>
		<pose>Unspecified</pose>
		<truncated>0</truncated>
		<difficult>0</difficult>
		<occluded>0</occluded>
		<bndbox>
			<xmin>321</xmin>
			<xmax>353</xmax>
			<ymin>243</ymin>
			<ymax>333</ymax>
		</bndbox>
	</object>
	<object>
		<name>motorbike</name>
		<pose>Unspecified</pose>
		<truncated>0</truncated>
		<difficult>0</difficult>
		<occluded>0</occluded>
		<bndbox>
			<xmin>265</xmin>
			<xmax>297</xmax>
			<ymin>218</ymin>
			<ymax>308</ymax>
		</bndbox>
	</object>
</annotation>
