<annotation>
	<folder></folder>
	<filename>frame_3050_jpg.rf.d3bff70e3d49a62e7db1e3ee30f21e4e.jpg</filename>
	<path>frame_3050_jpg.rf.d3bff70e3d49a62e7db1e3ee30f21e4e.jpg</path>
	<source>
		<database>roboflow.ai</database>
	</source>
	<size>
		<width>416</width>
		<height>416</height>
		<depth>3</depth>
	</size>
	<segmented>0</segmented>
	<object>
		<name>bicycle</name>
		<pose>Unspecified</pose>
		<truncated>0</truncated>
		<difficult>0</difficult>
		<occluded>0</occluded>
		<bndbox>
			<xmin>55</xmin>
			<xmax>99</xmax>
			<ymin>289</ymin>
			<ymax>398</ymax>
		</bndbox>
	</object>
</annotation>
