<annotation>
	<folder></folder>
	<filename>frame_3021_jpg.rf.f3de21657057e5deab8ee9e832db15fd.jpg</filename>
	<path>frame_3021_jpg.rf.f3de21657057e5deab8ee9e832db15fd.jpg</path>
	<source>
		<database>roboflow.ai</database>
	</source>
	<size>
		<width>416</width>
		<height>416</height>
		<depth>3</depth>
	</size>
	<segmented>0</segmented>
	<object>
		<name>bicycle</name>
		<pose>Unspecified</pose>
		<truncated>0</truncated>
		<difficult>0</difficult>
		<occluded>0</occluded>
		<bndbox>
			<xmin>65</xmin>
			<xmax>113</xmax>
			<ymin>149</ymin>
			<ymax>244</ymax>
		</bndbox>
	</object>
</annotation>
