<annotation>
	<folder></folder>
	<filename>frame_3096_jpg.rf.705ec0c6c199f9482a3cfe3a634098e7.jpg</filename>
	<path>frame_3096_jpg.rf.705ec0c6c199f9482a3cfe3a634098e7.jpg</path>
	<source>
		<database>roboflow.ai</database>
	</source>
	<size>
		<width>416</width>
		<height>416</height>
		<depth>3</depth>
	</size>
	<segmented>0</segmented>
	<object>
		<name>motorbike</name>
		<pose>Unspecified</pose>
		<truncated>0</truncated>
		<difficult>0</difficult>
		<occluded>0</occluded>
		<bndbox>
			<xmin>267</xmin>
			<xmax>313</xmax>
			<ymin>237</ymin>
			<ymax>355</ymax>
		</bndbox>
	</object>
	<object>
		<name>auto</name>
		<pose>Unspecified</pose>
		<truncated>0</truncated>
		<difficult>0</difficult>
		<occluded>0</occluded>
		<bndbox>
			<xmin>325</xmin>
			<xmax>406</xmax>
			<ymin>212</ymin>
			<ymax>340</ymax>
		</bndbox>
	</object>
</annotation>
