<annotation>
	<folder></folder>
	<filename>frame_3060_jpg.rf.88bdecd8ccafa351c7d9c08ec7f74720.jpg</filename>
	<path>frame_3060_jpg.rf.88bdecd8ccafa351c7d9c08ec7f74720.jpg</path>
	<source>
		<database>roboflow.ai</database>
	</source>
	<size>
		<width>416</width>
		<height>416</height>
		<depth>3</depth>
	</size>
	<segmented>0</segmented>
	<object>
		<name>car</name>
		<pose>Unspecified</pose>
		<truncated>0</truncated>
		<difficult>0</difficult>
		<occluded>0</occluded>
		<bndbox>
			<xmin>135</xmin>
			<xmax>223</xmax>
			<ymin>158</ymin>
			<ymax>322</ymax>
		</bndbox>
	</object>
	<object>
		<name>auto</name>
		<pose>Unspecified</pose>
		<truncated>0</truncated>
		<difficult>0</difficult>
		<occluded>0</occluded>
		<bndbox>
			<xmin>66</xmin>
			<xmax>155</xmax>
			<ymin>308</ymin>
			<ymax>410</ymax>
		</bndbox>
	</object>
</annotation>
