<annotation>
	<folder></folder>
	<filename>frame_3022_jpg.rf.3b3dfc56a3d9349f70487f151b942608.jpg</filename>
	<path>frame_3022_jpg.rf.3b3dfc56a3d9349f70487f151b942608.jpg</path>
	<source>
		<database>roboflow.ai</database>
	</source>
	<size>
		<width>416</width>
		<height>416</height>
		<depth>3</depth>
	</size>
	<segmented>0</segmented>
	<object>
		<name>bicycle</name>
		<pose>Unspecified</pose>
		<truncated>0</truncated>
		<difficult>0</difficult>
		<occluded>0</occluded>
		<bndbox>
			<xmin>354</xmin>
			<xmax>393</xmax>
			<ymin>246</ymin>
			<ymax>354</ymax>
		</bndbox>
	</object>
	<object>
		<name>motorbike</name>
		<pose>Unspecified</pose>
		<truncated>0</truncated>
		<difficult>0</difficult>
		<occluded>0</occluded>
		<bndbox>
			<xmin>253</xmin>
			<xmax>296</xmax>
			<ymin>298</ymin>
			<ymax>414</ymax>
		</bndbox>
	</object>
</annotation>
