<annotation>
	<folder></folder>
	<filename>frame_3050_jpg.rf.597512755bd221c7e3a67c6ee689f0ca.jpg</filename>
	<path>frame_3050_jpg.rf.597512755bd221c7e3a67c6ee689f0ca.jpg</path>
	<source>
		<database>roboflow.ai</database>
	</source>
	<size>
		<width>416</width>
		<height>416</height>
		<depth>3</depth>
	</size>
	<segmented>0</segmented>
	<object>
		<name>bicycle</name>
		<pose>Unspecified</pose>
		<truncated>0</truncated>
		<difficult>0</difficult>
		<occluded>0</occluded>
		<bndbox>
			<xmin>78</xmin>
			<xmax>134</xmax>
			<ymin>304</ymin>
			<ymax>415</ymax>
		</bndbox>
	</object>
</annotation>
