<annotation>
	<folder></folder>
	<filename>frame_3072_jpg.rf.5fbd34bc106995922604aaedb19c2fa0.jpg</filename>
	<path>frame_3072_jpg.rf.5fbd34bc106995922604aaedb19c2fa0.jpg</path>
	<source>
		<database>roboflow.ai</database>
	</source>
	<size>
		<width>416</width>
		<height>416</height>
		<depth>3</depth>
	</size>
	<segmented>0</segmented>
	<object>
		<name>motorbike</name>
		<pose>Unspecified</pose>
		<truncated>0</truncated>
		<difficult>0</difficult>
		<occluded>0</occluded>
		<bndbox>
			<xmin>107</xmin>
			<xmax>169</xmax>
			<ymin>231</ymin>
			<ymax>369</ymax>
		</bndbox>
	</object>
</annotation>
