<annotation>
	<folder></folder>
	<filename>frame_2979_jpg.rf.94639ca7ae1b8ec703bb43bfeba32de5.jpg</filename>
	<path>frame_2979_jpg.rf.94639ca7ae1b8ec703bb43bfeba32de5.jpg</path>
	<source>
		<database>roboflow.ai</database>
	</source>
	<size>
		<width>416</width>
		<height>416</height>
		<depth>3</depth>
	</size>
	<segmented>0</segmented>
	<object>
		<name>motorbike</name>
		<pose>Unspecified</pose>
		<truncated>0</truncated>
		<difficult>0</difficult>
		<occluded>0</occluded>
		<bndbox>
			<xmin>123</xmin>
			<xmax>169</xmax>
			<ymin>227</ymin>
			<ymax>314</ymax>
		</bndbox>
	</object>
	<object>
		<name>motorbike</name>
		<pose>Unspecified</pose>
		<truncated>0</truncated>
		<difficult>0</difficult>
		<occluded>0</occluded>
		<bndbox>
			<xmin>102</xmin>
			<xmax>148</xmax>
			<ymin>265</ymin>
			<ymax>352</ymax>
		</bndbox>
	</object>
</annotation>
