<annotation>
	<folder></folder>
	<filename>frame_3052_jpg.rf.01ba37588ad819c5ecefad8ad47c02dc.jpg</filename>
	<path>frame_3052_jpg.rf.01ba37588ad819c5ecefad8ad47c02dc.jpg</path>
	<source>
		<database>roboflow.ai</database>
	</source>
	<size>
		<width>416</width>
		<height>416</height>
		<depth>3</depth>
	</size>
	<segmented>0</segmented>
	<object>
		<name>motorbike</name>
		<pose>Unspecified</pose>
		<truncated>0</truncated>
		<difficult>0</difficult>
		<occluded>0</occluded>
		<bndbox>
			<xmin>138</xmin>
			<xmax>180</xmax>
			<ymin>217</ymin>
			<ymax>324</ymax>
		</bndbox>
	</object>
</annotation>
