<annotation>
	<folder></folder>
	<filename>frame_3086_jpg.rf.da3914f974cf85a732a3c17a69a1dc20.jpg</filename>
	<path>frame_3086_jpg.rf.da3914f974cf85a732a3c17a69a1dc20.jpg</path>
	<source>
		<database>roboflow.ai</database>
	</source>
	<size>
		<width>416</width>
		<height>416</height>
		<depth>3</depth>
	</size>
	<segmented>0</segmented>
	<object>
		<name>motorbike</name>
		<pose>Unspecified</pose>
		<truncated>0</truncated>
		<difficult>0</difficult>
		<occluded>0</occluded>
		<bndbox>
			<xmin>314</xmin>
			<xmax>339</xmax>
			<ymin>234</ymin>
			<ymax>325</ymax>
		</bndbox>
	</object>
	<object>
		<name>car</name>
		<pose>Unspecified</pose>
		<truncated>0</truncated>
		<difficult>0</difficult>
		<occluded>0</occluded>
		<bndbox>
			<xmin>221</xmin>
			<xmax>285</xmax>
			<ymin>175</ymin>
			<ymax>276</ymax>
		</bndbox>
	</object>
	<object>
		<name>bicycle</name>
		<pose>Unspecified</pose>
		<truncated>0</truncated>
		<difficult>0</difficult>
		<occluded>0</occluded>
		<bndbox>
			<xmin>332</xmin>
			<xmax>360</xmax>
			<ymin>199</ymin>
			<ymax>280</ymax>
		</bndbox>
	</object>
</annotation>
