<annotation>
	<folder></folder>
	<filename>frame_3071_jpg.rf.0442e7cd62ac40bacf5f911e175b5293.jpg</filename>
	<path>frame_3071_jpg.rf.0442e7cd62ac40bacf5f911e175b5293.jpg</path>
	<source>
		<database>roboflow.ai</database>
	</source>
	<size>
		<width>416</width>
		<height>416</height>
		<depth>3</depth>
	</size>
	<segmented>0</segmented>
	<object>
		<name>motorbike</name>
		<pose>Unspecified</pose>
		<truncated>0</truncated>
		<difficult>0</difficult>
		<occluded>0</occluded>
		<bndbox>
			<xmin>280</xmin>
			<xmax>341</xmax>
			<ymin>279</ymin>
			<ymax>398</ymax>
		</bndbox>
	</object>
</annotation>
