<annotation>
	<folder></folder>
	<filename>frame_2981_jpg.rf.a51f39478c6359574bca0555a825e9d7.jpg</filename>
	<path>frame_2981_jpg.rf.a51f39478c6359574bca0555a825e9d7.jpg</path>
	<source>
		<database>roboflow.ai</database>
	</source>
	<size>
		<width>416</width>
		<height>416</height>
		<depth>3</depth>
	</size>
	<segmented>0</segmented>
	<object>
		<name>motorbike</name>
		<pose>Unspecified</pose>
		<truncated>0</truncated>
		<difficult>0</difficult>
		<occluded>0</occluded>
		<bndbox>
			<xmin>94</xmin>
			<xmax>141</xmax>
			<ymin>251</ymin>
			<ymax>370</ymax>
		</bndbox>
	</object>
</annotation>
