<annotation>
	<folder></folder>
	<filename>frame_3063_jpg.rf.e59666b020c058fff3a331b9938c1c49.jpg</filename>
	<path>frame_3063_jpg.rf.e59666b020c058fff3a331b9938c1c49.jpg</path>
	<source>
		<database>roboflow.ai</database>
	</source>
	<size>
		<width>416</width>
		<height>416</height>
		<depth>3</depth>
	</size>
	<segmented>0</segmented>
	<object>
		<name>motorbike</name>
		<pose>Unspecified</pose>
		<truncated>0</truncated>
		<difficult>0</difficult>
		<occluded>0</occluded>
		<bndbox>
			<xmin>77</xmin>
			<xmax>123</xmax>
			<ymin>271</ymin>
			<ymax>357</ymax>
		</bndbox>
	</object>
	<object>
		<name>motorbike</name>
		<pose>Unspecified</pose>
		<truncated>0</truncated>
		<difficult>0</difficult>
		<occluded>0</occluded>
		<bndbox>
			<xmin>127</xmin>
			<xmax>173</xmax>
			<ymin>233</ymin>
			<ymax>319</ymax>
		</bndbox>
	</object>
</annotation>
