<annotation>
	<folder></folder>
	<filename>frame_2996_jpg.rf.e66464650be3f1cf8ebbcda8d819acba.jpg</filename>
	<path>frame_2996_jpg.rf.e66464650be3f1cf8ebbcda8d819acba.jpg</path>
	<source>
		<database>roboflow.ai</database>
	</source>
	<size>
		<width>416</width>
		<height>416</height>
		<depth>3</depth>
	</size>
	<segmented>0</segmented>
	<object>
		<name>auto</name>
		<pose>Unspecified</pose>
		<truncated>0</truncated>
		<difficult>0</difficult>
		<occluded>0</occluded>
		<bndbox>
			<xmin>89</xmin>
			<xmax>154</xmax>
			<ymin>200</ymin>
			<ymax>314</ymax>
		</bndbox>
	</object>
	<object>
		<name>car</name>
		<pose>Unspecified</pose>
		<truncated>0</truncated>
		<difficult>0</difficult>
		<occluded>0</occluded>
		<bndbox>
			<xmin>152</xmin>
			<xmax>216</xmax>
			<ymin>203</ymin>
			<ymax>315</ymax>
		</bndbox>
	</object>
	<object>
		<name>bicycle</name>
		<pose>Unspecified</pose>
		<truncated>0</truncated>
		<difficult>0</difficult>
		<occluded>0</occluded>
		<bndbox>
			<xmin>53</xmin>
			<xmax>89</xmax>
			<ymin>260</ymin>
			<ymax>358</ymax>
		</bndbox>
	</object>
</annotation>
