<annotation>
	<folder></folder>
	<filename>frame_3063_jpg.rf.27e17e248a022c12519c6b39788b6f3d.jpg</filename>
	<path>frame_3063_jpg.rf.27e17e248a022c12519c6b39788b6f3d.jpg</path>
	<source>
		<database>roboflow.ai</database>
	</source>
	<size>
		<width>416</width>
		<height>416</height>
		<depth>3</depth>
	</size>
	<segmented>0</segmented>
	<object>
		<name>motorbike</name>
		<pose>Unspecified</pose>
		<truncated>0</truncated>
		<difficult>0</difficult>
		<occluded>0</occluded>
		<bndbox>
			<xmin>66</xmin>
			<xmax>107</xmax>
			<ymin>272</ymin>
			<ymax>370</ymax>
		</bndbox>
	</object>
	<object>
		<name>motorbike</name>
		<pose>Unspecified</pose>
		<truncated>0</truncated>
		<difficult>0</difficult>
		<occluded>0</occluded>
		<bndbox>
			<xmin>121</xmin>
			<xmax>162</xmax>
			<ymin>232</ymin>
			<ymax>330</ymax>
		</bndbox>
	</object>
</annotation>
