<annotation>
	<folder></folder>
	<filename>frame_2974_jpg.rf.ac2e4ff3b4834e7a4e1f31acab16ded8.jpg</filename>
	<path>frame_2974_jpg.rf.ac2e4ff3b4834e7a4e1f31acab16ded8.jpg</path>
	<source>
		<database>roboflow.ai</database>
	</source>
	<size>
		<width>416</width>
		<height>416</height>
		<depth>3</depth>
	</size>
	<segmented>0</segmented>
	<object>
		<name>bicycle</name>
		<pose>Unspecified</pose>
		<truncated>0</truncated>
		<difficult>0</difficult>
		<occluded>0</occluded>
		<bndbox>
			<xmin>28</xmin>
			<xmax>80</xmax>
			<ymin>274</ymin>
			<ymax>410</ymax>
		</bndbox>
	</object>
	<object>
		<name>bicycle</name>
		<pose>Unspecified</pose>
		<truncated>0</truncated>
		<difficult>0</difficult>
		<occluded>0</occluded>
		<bndbox>
			<xmin>0</xmin>
			<xmax>37</xmax>
			<ymin>288</ymin>
			<ymax>415</ymax>
		</bndbox>
	</object>
	<object>
		<name>motorbike</name>
		<pose>Unspecified</pose>
		<truncated>0</truncated>
		<difficult>0</difficult>
		<occluded>0</occluded>
		<bndbox>
			<xmin>94</xmin>
			<xmax>133</xmax>
			<ymin>212</ymin>
			<ymax>313</ymax>
		</bndbox>
	</object>
</annotation>
