<annotation>
	<folder></folder>
	<filename>frame_3016_jpg.rf.3be8363f85242bb1d405b84765473556.jpg</filename>
	<path>frame_3016_jpg.rf.3be8363f85242bb1d405b84765473556.jpg</path>
	<source>
		<database>roboflow.ai</database>
	</source>
	<size>
		<width>416</width>
		<height>416</height>
		<depth>3</depth>
	</size>
	<segmented>0</segmented>
	<object>
		<name>bicycle</name>
		<pose>Unspecified</pose>
		<truncated>0</truncated>
		<difficult>0</difficult>
		<occluded>0</occluded>
		<bndbox>
			<xmin>24</xmin>
			<xmax>75</xmax>
			<ymin>329</ymin>
			<ymax>415</ymax>
		</bndbox>
	</object>
</annotation>
