<annotation>
	<folder></folder>
	<filename>frame_3074_jpg.rf.96b0c9bbfa6a763b40ed4994a82f2af1.jpg</filename>
	<path>frame_3074_jpg.rf.96b0c9bbfa6a763b40ed4994a82f2af1.jpg</path>
	<source>
		<database>roboflow.ai</database>
	</source>
	<size>
		<width>416</width>
		<height>416</height>
		<depth>3</depth>
	</size>
	<segmented>0</segmented>
	<object>
		<name>motorbike</name>
		<pose>Unspecified</pose>
		<truncated>0</truncated>
		<difficult>0</difficult>
		<occluded>0</occluded>
		<bndbox>
			<xmin>226</xmin>
			<xmax>291</xmax>
			<ymin>229</ymin>
			<ymax>344</ymax>
		</bndbox>
	</object>
</annotation>
