<annotation>
	<folder></folder>
	<filename>frame_3066_jpg.rf.906b8de873aa088c261a7c982ce976a1.jpg</filename>
	<path>frame_3066_jpg.rf.906b8de873aa088c261a7c982ce976a1.jpg</path>
	<source>
		<database>roboflow.ai</database>
	</source>
	<size>
		<width>416</width>
		<height>416</height>
		<depth>3</depth>
	</size>
	<segmented>0</segmented>
	<object>
		<name>motorbike</name>
		<pose>Unspecified</pose>
		<truncated>0</truncated>
		<difficult>0</difficult>
		<occluded>0</occluded>
		<bndbox>
			<xmin>0</xmin>
			<xmax>58</xmax>
			<ymin>279</ymin>
			<ymax>393</ymax>
		</bndbox>
	</object>
</annotation>
