<annotation>
	<folder></folder>
	<filename>frame_3041_jpg.rf.5fc4add61e90b7475a1043a2959145e8.jpg</filename>
	<path>frame_3041_jpg.rf.5fc4add61e90b7475a1043a2959145e8.jpg</path>
	<source>
		<database>roboflow.ai</database>
	</source>
	<size>
		<width>416</width>
		<height>416</height>
		<depth>3</depth>
	</size>
	<segmented>0</segmented>
	<object>
		<name>motorbike</name>
		<pose>Unspecified</pose>
		<truncated>0</truncated>
		<difficult>0</difficult>
		<occluded>0</occluded>
		<bndbox>
			<xmin>286</xmin>
			<xmax>329</xmax>
			<ymin>201</ymin>
			<ymax>300</ymax>
		</bndbox>
	</object>
</annotation>
