<annotation>
	<folder></folder>
	<filename>frame_3086_jpg.rf.a3061de25f0c9f53b5e037eaef6e2926.jpg</filename>
	<path>frame_3086_jpg.rf.a3061de25f0c9f53b5e037eaef6e2926.jpg</path>
	<source>
		<database>roboflow.ai</database>
	</source>
	<size>
		<width>416</width>
		<height>416</height>
		<depth>3</depth>
	</size>
	<segmented>0</segmented>
	<object>
		<name>motorbike</name>
		<pose>Unspecified</pose>
		<truncated>0</truncated>
		<difficult>0</difficult>
		<occluded>0</occluded>
		<bndbox>
			<xmin>77</xmin>
			<xmax>118</xmax>
			<ymin>251</ymin>
			<ymax>345</ymax>
		</bndbox>
	</object>
	<object>
		<name>car</name>
		<pose>Unspecified</pose>
		<truncated>0</truncated>
		<difficult>0</difficult>
		<occluded>0</occluded>
		<bndbox>
			<xmin>123</xmin>
			<xmax>206</xmax>
			<ymin>178</ymin>
			<ymax>288</ymax>
		</bndbox>
	</object>
	<object>
		<name>bicycle</name>
		<pose>Unspecified</pose>
		<truncated>0</truncated>
		<difficult>0</difficult>
		<occluded>0</occluded>
		<bndbox>
			<xmin>51</xmin>
			<xmax>94</xmax>
			<ymin>222</ymin>
			<ymax>306</ymax>
		</bndbox>
	</object>
</annotation>
