<annotation>
	<folder></folder>
	<filename>frame_3037_jpg.rf.8bcc246c4cafec0e9a20fcc7493103aa.jpg</filename>
	<path>frame_3037_jpg.rf.8bcc246c4cafec0e9a20fcc7493103aa.jpg</path>
	<source>
		<database>roboflow.ai</database>
	</source>
	<size>
		<width>416</width>
		<height>416</height>
		<depth>3</depth>
	</size>
	<segmented>0</segmented>
	<object>
		<name>bicycle</name>
		<pose>Unspecified</pose>
		<truncated>0</truncated>
		<difficult>0</difficult>
		<occluded>0</occluded>
		<bndbox>
			<xmin>7</xmin>
			<xmax>75</xmax>
			<ymin>253</ymin>
			<ymax>386</ymax>
		</bndbox>
	</object>
	<object>
		<name>bicycle</name>
		<pose>Unspecified</pose>
		<truncated>0</truncated>
		<difficult>0</difficult>
		<occluded>0</occluded>
		<bndbox>
			<xmin>0</xmin>
			<xmax>53</xmax>
			<ymin>256</ymin>
			<ymax>390</ymax>
		</bndbox>
	</object>
	<object>
		<name>bicycle</name>
		<pose>Unspecified</pose>
		<truncated>0</truncated>
		<difficult>0</difficult>
		<occluded>0</occluded>
		<bndbox>
			<xmin>89</xmin>
			<xmax>135</xmax>
			<ymin>160</ymin>
			<ymax>260</ymax>
		</bndbox>
	</object>
	<object>
		<name>bicycle</name>
		<pose>Unspecified</pose>
		<truncated>0</truncated>
		<difficult>0</difficult>
		<occluded>0</occluded>
		<bndbox>
			<xmin>72</xmin>
			<xmax>118</xmax>
			<ymin>158</ymin>
			<ymax>258</ymax>
		</bndbox>
	</object>
</annotation>
