<annotation>
	<folder></folder>
	<filename>frame_3069_jpg.rf.2f4039e3bcec3c82ee464dc56d94b1cd.jpg</filename>
	<path>frame_3069_jpg.rf.2f4039e3bcec3c82ee464dc56d94b1cd.jpg</path>
	<source>
		<database>roboflow.ai</database>
	</source>
	<size>
		<width>416</width>
		<height>416</height>
		<depth>3</depth>
	</size>
	<segmented>0</segmented>
	<object>
		<name>bicycle</name>
		<pose>Unspecified</pose>
		<truncated>0</truncated>
		<difficult>0</difficult>
		<occluded>0</occluded>
		<bndbox>
			<xmin>319</xmin>
			<xmax>361</xmax>
			<ymin>147</ymin>
			<ymax>249</ymax>
		</bndbox>
	</object>
</annotation>
