<annotation>
	<folder></folder>
	<filename>frame_3050_jpg.rf.001133dd80989403fa337bcda32a4fd3.jpg</filename>
	<path>frame_3050_jpg.rf.001133dd80989403fa337bcda32a4fd3.jpg</path>
	<source>
		<database>roboflow.ai</database>
	</source>
	<size>
		<width>416</width>
		<height>416</height>
		<depth>3</depth>
	</size>
	<segmented>0</segmented>
	<object>
		<name>bicycle</name>
		<pose>Unspecified</pose>
		<truncated>0</truncated>
		<difficult>0</difficult>
		<occluded>0</occluded>
		<bndbox>
			<xmin>264</xmin>
			<xmax>326</xmax>
			<ymin>299</ymin>
			<ymax>413</ymax>
		</bndbox>
	</object>
</annotation>
