<annotation>
	<folder></folder>
	<filename>frame_3039_jpg.rf.6b39d1cfa2b9654cfa6847679dff3f69.jpg</filename>
	<path>frame_3039_jpg.rf.6b39d1cfa2b9654cfa6847679dff3f69.jpg</path>
	<source>
		<database>roboflow.ai</database>
	</source>
	<size>
		<width>416</width>
		<height>416</height>
		<depth>3</depth>
	</size>
	<segmented>0</segmented>
	<object>
		<name>motorbike</name>
		<pose>Unspecified</pose>
		<truncated>0</truncated>
		<difficult>0</difficult>
		<occluded>0</occluded>
		<bndbox>
			<xmin>253</xmin>
			<xmax>299</xmax>
			<ymin>272</ymin>
			<ymax>382</ymax>
		</bndbox>
	</object>
</annotation>
