<annotation>
	<folder></folder>
	<filename>frame_3064_jpg.rf.05143c78260ca5846169f811ddc83da3.jpg</filename>
	<path>frame_3064_jpg.rf.05143c78260ca5846169f811ddc83da3.jpg</path>
	<source>
		<database>roboflow.ai</database>
	</source>
	<size>
		<width>416</width>
		<height>416</height>
		<depth>3</depth>
	</size>
	<segmented>0</segmented>
	<object>
		<name>car</name>
		<pose>Unspecified</pose>
		<truncated>0</truncated>
		<difficult>0</difficult>
		<occluded>0</occluded>
		<bndbox>
			<xmin>199</xmin>
			<xmax>282</xmax>
			<ymin>242</ymin>
			<ymax>359</ymax>
		</bndbox>
	</object>
	<object>
		<name>motorbike</name>
		<pose>Unspecified</pose>
		<truncated>0</truncated>
		<difficult>0</difficult>
		<occluded>0</occluded>
		<bndbox>
			<xmin>305</xmin>
			<xmax>363</xmax>
			<ymin>280</ymin>
			<ymax>392</ymax>
		</bndbox>
	</object>
</annotation>
