<annotation>
	<folder></folder>
	<filename>frame_3060_jpg.rf.aa20fbfd1f7c61ac4afe5ba6c6fbf5dc.jpg</filename>
	<path>frame_3060_jpg.rf.aa20fbfd1f7c61ac4afe5ba6c6fbf5dc.jpg</path>
	<source>
		<database>roboflow.ai</database>
	</source>
	<size>
		<width>416</width>
		<height>416</height>
		<depth>3</depth>
	</size>
	<segmented>0</segmented>
	<object>
		<name>car</name>
		<pose>Unspecified</pose>
		<truncated>0</truncated>
		<difficult>0</difficult>
		<occluded>0</occluded>
		<bndbox>
			<xmin>138</xmin>
			<xmax>219</xmax>
			<ymin>153</ymin>
			<ymax>319</ymax>
		</bndbox>
	</object>
	<object>
		<name>auto</name>
		<pose>Unspecified</pose>
		<truncated>0</truncated>
		<difficult>0</difficult>
		<occluded>0</occluded>
		<bndbox>
			<xmin>64</xmin>
			<xmax>148</xmax>
			<ymin>295</ymin>
			<ymax>408</ymax>
		</bndbox>
	</object>
</annotation>
