<annotation>
	<folder></folder>
	<filename>frame_3046_jpg.rf.5a1751dcf13d3906744e7058165dc277.jpg</filename>
	<path>frame_3046_jpg.rf.5a1751dcf13d3906744e7058165dc277.jpg</path>
	<source>
		<database>roboflow.ai</database>
	</source>
	<size>
		<width>416</width>
		<height>416</height>
		<depth>3</depth>
	</size>
	<segmented>0</segmented>
	<object>
		<name>car</name>
		<pose>Unspecified</pose>
		<truncated>0</truncated>
		<difficult>0</difficult>
		<occluded>0</occluded>
		<bndbox>
			<xmin>168</xmin>
			<xmax>268</xmax>
			<ymin>227</ymin>
			<ymax>415</ymax>
		</bndbox>
	</object>
</annotation>
