<annotation>
	<folder></folder>
	<filename>frame_3077_jpg.rf.f95928ee6e134ec35962b58f308aecb7.jpg</filename>
	<path>frame_3077_jpg.rf.f95928ee6e134ec35962b58f308aecb7.jpg</path>
	<source>
		<database>roboflow.ai</database>
	</source>
	<size>
		<width>416</width>
		<height>416</height>
		<depth>3</depth>
	</size>
	<segmented>0</segmented>
	<object>
		<name>car</name>
		<pose>Unspecified</pose>
		<truncated>0</truncated>
		<difficult>0</difficult>
		<occluded>0</occluded>
		<bndbox>
			<xmin>187</xmin>
			<xmax>304</xmax>
			<ymin>184</ymin>
			<ymax>363</ymax>
		</bndbox>
	</object>
	<object>
		<name>bus</name>
		<pose>Unspecified</pose>
		<truncated>0</truncated>
		<difficult>0</difficult>
		<occluded>0</occluded>
		<bndbox>
			<xmin>183</xmin>
			<xmax>286</xmax>
			<ymin>54</ymin>
			<ymax>217</ymax>
		</bndbox>
	</object>
</annotation>
