<annotation>
	<folder></folder>
	<filename>frame_3028_jpg.rf.b270bd37f784e8cc9b9b4467dd4b340a.jpg</filename>
	<path>frame_3028_jpg.rf.b270bd37f784e8cc9b9b4467dd4b340a.jpg</path>
	<source>
		<database>roboflow.ai</database>
	</source>
	<size>
		<width>416</width>
		<height>416</height>
		<depth>3</depth>
	</size>
	<segmented>0</segmented>
	<object>
		<name>bicycle</name>
		<pose>Unspecified</pose>
		<truncated>0</truncated>
		<difficult>0</difficult>
		<occluded>0</occluded>
		<bndbox>
			<xmin>383</xmin>
			<xmax>415</xmax>
			<ymin>322</ymin>
			<ymax>416</ymax>
		</bndbox>
	</object>
</annotation>
