<annotation>
	<folder></folder>
	<filename>frame_3033_jpg.rf.324bc9d3d8769c5486b9c62bb72d556c.jpg</filename>
	<path>frame_3033_jpg.rf.324bc9d3d8769c5486b9c62bb72d556c.jpg</path>
	<source>
		<database>roboflow.ai</database>
	</source>
	<size>
		<width>416</width>
		<height>416</height>
		<depth>3</depth>
	</size>
	<segmented>0</segmented>
	<object>
		<name>bicycle</name>
		<pose>Unspecified</pose>
		<truncated>0</truncated>
		<difficult>0</difficult>
		<occluded>0</occluded>
		<bndbox>
			<xmin>318</xmin>
			<xmax>388</xmax>
			<ymin>311</ymin>
			<ymax>415</ymax>
		</bndbox>
	</object>
</annotation>
