<annotation>
	<folder></folder>
	<filename>frame_3030_jpg.rf.87e65f52ae87e0699fee235a31ed7d30.jpg</filename>
	<path>frame_3030_jpg.rf.87e65f52ae87e0699fee235a31ed7d30.jpg</path>
	<source>
		<database>roboflow.ai</database>
	</source>
	<size>
		<width>416</width>
		<height>416</height>
		<depth>3</depth>
	</size>
	<segmented>0</segmented>
	<object>
		<name>motorbike</name>
		<pose>Unspecified</pose>
		<truncated>0</truncated>
		<difficult>0</difficult>
		<occluded>0</occluded>
		<bndbox>
			<xmin>260</xmin>
			<xmax>312</xmax>
			<ymin>227</ymin>
			<ymax>329</ymax>
		</bndbox>
	</object>
	<object>
		<name>motorbike</name>
		<pose>Unspecified</pose>
		<truncated>0</truncated>
		<difficult>0</difficult>
		<occluded>0</occluded>
		<bndbox>
			<xmin>240</xmin>
			<xmax>292</xmax>
			<ymin>306</ymin>
			<ymax>408</ymax>
		</bndbox>
	</object>
</annotation>
