<annotation>
	<folder></folder>
	<filename>frame_3025_jpg.rf.886830c2deacebc6058861250357640b.jpg</filename>
	<path>frame_3025_jpg.rf.886830c2deacebc6058861250357640b.jpg</path>
	<source>
		<database>roboflow.ai</database>
	</source>
	<size>
		<width>416</width>
		<height>416</height>
		<depth>3</depth>
	</size>
	<segmented>0</segmented>
	<object>
		<name>auto</name>
		<pose>Unspecified</pose>
		<truncated>0</truncated>
		<difficult>0</difficult>
		<occluded>0</occluded>
		<bndbox>
			<xmin>153</xmin>
			<xmax>213</xmax>
			<ymin>189</ymin>
			<ymax>322</ymax>
		</bndbox>
	</object>
</annotation>
