<annotation>
	<folder></folder>
	<filename>frame_3057_jpg.rf.689368d46d06df30e289cccb4d1b3e54.jpg</filename>
	<path>frame_3057_jpg.rf.689368d46d06df30e289cccb4d1b3e54.jpg</path>
	<source>
		<database>roboflow.ai</database>
	</source>
	<size>
		<width>416</width>
		<height>416</height>
		<depth>3</depth>
	</size>
	<segmented>0</segmented>
	<object>
		<name>motorbike</name>
		<pose>Unspecified</pose>
		<truncated>0</truncated>
		<difficult>0</difficult>
		<occluded>0</occluded>
		<bndbox>
			<xmin>274</xmin>
			<xmax>321</xmax>
			<ymin>186</ymin>
			<ymax>288</ymax>
		</bndbox>
	</object>
	<object>
		<name>motorbike</name>
		<pose>Unspecified</pose>
		<truncated>0</truncated>
		<difficult>0</difficult>
		<occluded>0</occluded>
		<bndbox>
			<xmin>298</xmin>
			<xmax>345</xmax>
			<ymin>156</ymin>
			<ymax>258</ymax>
		</bndbox>
	</object>
</annotation>
