<annotation>
	<folder></folder>
	<filename>frame_3089_jpg.rf.8b320f59b7d8665519d194c4455a2794.jpg</filename>
	<path>frame_3089_jpg.rf.8b320f59b7d8665519d194c4455a2794.jpg</path>
	<source>
		<database>roboflow.ai</database>
	</source>
	<size>
		<width>416</width>
		<height>416</height>
		<depth>3</depth>
	</size>
	<segmented>0</segmented>
	<object>
		<name>motorbike</name>
		<pose>Unspecified</pose>
		<truncated>0</truncated>
		<difficult>0</difficult>
		<occluded>0</occluded>
		<bndbox>
			<xmin>91</xmin>
			<xmax>153</xmax>
			<ymin>206</ymin>
			<ymax>334</ymax>
		</bndbox>
	</object>
</annotation>
