<annotation>
	<folder></folder>
	<filename>frame_2999_jpg.rf.16032fc40ddb8a51f8d10571be9b9623.jpg</filename>
	<path>frame_2999_jpg.rf.16032fc40ddb8a51f8d10571be9b9623.jpg</path>
	<source>
		<database>roboflow.ai</database>
	</source>
	<size>
		<width>416</width>
		<height>416</height>
		<depth>3</depth>
	</size>
	<segmented>0</segmented>
	<object>
		<name>motorbike</name>
		<pose>Unspecified</pose>
		<truncated>0</truncated>
		<difficult>0</difficult>
		<occluded>0</occluded>
		<bndbox>
			<xmin>64</xmin>
			<xmax>99</xmax>
			<ymin>213</ymin>
			<ymax>310</ymax>
		</bndbox>
	</object>
	<object>
		<name>bicycle</name>
		<pose>Unspecified</pose>
		<truncated>0</truncated>
		<difficult>0</difficult>
		<occluded>0</occluded>
		<bndbox>
			<xmin>29</xmin>
			<xmax>74</xmax>
			<ymin>224</ymin>
			<ymax>346</ymax>
		</bndbox>
	</object>
</annotation>
