<annotation>
	<folder></folder>
	<filename>frame_3038_jpg.rf.d1231de744ead643bdd37e950809a256.jpg</filename>
	<path>frame_3038_jpg.rf.d1231de744ead643bdd37e950809a256.jpg</path>
	<source>
		<database>roboflow.ai</database>
	</source>
	<size>
		<width>416</width>
		<height>416</height>
		<depth>3</depth>
	</size>
	<segmented>0</segmented>
	<object>
		<name>bicycle</name>
		<pose>Unspecified</pose>
		<truncated>0</truncated>
		<difficult>0</difficult>
		<occluded>0</occluded>
		<bndbox>
			<xmin>36</xmin>
			<xmax>83</xmax>
			<ymin>290</ymin>
			<ymax>415</ymax>
		</bndbox>
	</object>
	<object>
		<name>bicycle</name>
		<pose>Unspecified</pose>
		<truncated>0</truncated>
		<difficult>0</difficult>
		<occluded>0</occluded>
		<bndbox>
			<xmin>11</xmin>
			<xmax>58</xmax>
			<ymin>292</ymin>
			<ymax>415</ymax>
		</bndbox>
	</object>
</annotation>
