<annotation>
	<folder></folder>
	<filename>frame_3039_jpg.rf.bd63a53e18513ad411ddd2d2917f8e93.jpg</filename>
	<path>frame_3039_jpg.rf.bd63a53e18513ad411ddd2d2917f8e93.jpg</path>
	<source>
		<database>roboflow.ai</database>
	</source>
	<size>
		<width>416</width>
		<height>416</height>
		<depth>3</depth>
	</size>
	<segmented>0</segmented>
	<object>
		<name>motorbike</name>
		<pose>Unspecified</pose>
		<truncated>0</truncated>
		<difficult>0</difficult>
		<occluded>0</occluded>
		<bndbox>
			<xmin>47</xmin>
			<xmax>120</xmax>
			<ymin>256</ymin>
			<ymax>386</ymax>
		</bndbox>
	</object>
</annotation>
