<annotation>
	<folder></folder>
	<filename>frame_3030_jpg.rf.b76275e8accc69f80ac83c00b240ecc7.jpg</filename>
	<path>frame_3030_jpg.rf.b76275e8accc69f80ac83c00b240ecc7.jpg</path>
	<source>
		<database>roboflow.ai</database>
	</source>
	<size>
		<width>416</width>
		<height>416</height>
		<depth>3</depth>
	</size>
	<segmented>0</segmented>
	<object>
		<name>motorbike</name>
		<pose>Unspecified</pose>
		<truncated>0</truncated>
		<difficult>0</difficult>
		<occluded>0</occluded>
		<bndbox>
			<xmin>53</xmin>
			<xmax>114</xmax>
			<ymin>213</ymin>
			<ymax>316</ymax>
		</bndbox>
	</object>
	<object>
		<name>motorbike</name>
		<pose>Unspecified</pose>
		<truncated>0</truncated>
		<difficult>0</difficult>
		<occluded>0</occluded>
		<bndbox>
			<xmin>14</xmin>
			<xmax>75</xmax>
			<ymin>290</ymin>
			<ymax>393</ymax>
		</bndbox>
	</object>
</annotation>
