<annotation>
	<folder></folder>
	<filename>frame_3038_jpg.rf.be4d2def11a71d5d250055567dfbc3dc.jpg</filename>
	<path>frame_3038_jpg.rf.be4d2def11a71d5d250055567dfbc3dc.jpg</path>
	<source>
		<database>roboflow.ai</database>
	</source>
	<size>
		<width>416</width>
		<height>416</height>
		<depth>3</depth>
	</size>
	<segmented>0</segmented>
	<object>
		<name>bicycle</name>
		<pose>Unspecified</pose>
		<truncated>0</truncated>
		<difficult>0</difficult>
		<occluded>0</occluded>
		<bndbox>
			<xmin>315</xmin>
			<xmax>365</xmax>
			<ymin>240</ymin>
			<ymax>385</ymax>
		</bndbox>
	</object>
	<object>
		<name>bicycle</name>
		<pose>Unspecified</pose>
		<truncated>0</truncated>
		<difficult>0</difficult>
		<occluded>0</occluded>
		<bndbox>
			<xmin>341</xmin>
			<xmax>391</xmax>
			<ymin>231</ymin>
			<ymax>376</ymax>
		</bndbox>
	</object>
</annotation>
