<annotation>
	<folder></folder>
	<filename>frame_3041_jpg.rf.ea70645914ee3b5796bda584cb5566fb.jpg</filename>
	<path>frame_3041_jpg.rf.ea70645914ee3b5796bda584cb5566fb.jpg</path>
	<source>
		<database>roboflow.ai</database>
	</source>
	<size>
		<width>416</width>
		<height>416</height>
		<depth>3</depth>
	</size>
	<segmented>0</segmented>
	<object>
		<name>motorbike</name>
		<pose>Unspecified</pose>
		<truncated>0</truncated>
		<difficult>0</difficult>
		<occluded>0</occluded>
		<bndbox>
			<xmin>290</xmin>
			<xmax>329</xmax>
			<ymin>197</ymin>
			<ymax>295</ymax>
		</bndbox>
	</object>
</annotation>
