<annotation>
	<folder></folder>
	<filename>frame_3014_jpg.rf.3799b65b23a34d2fe1dbf2b2c80a143d.jpg</filename>
	<path>frame_3014_jpg.rf.3799b65b23a34d2fe1dbf2b2c80a143d.jpg</path>
	<source>
		<database>roboflow.ai</database>
	</source>
	<size>
		<width>416</width>
		<height>416</height>
		<depth>3</depth>
	</size>
	<segmented>0</segmented>
	<object>
		<name>motorbike</name>
		<pose>Unspecified</pose>
		<truncated>0</truncated>
		<difficult>0</difficult>
		<occluded>0</occluded>
		<bndbox>
			<xmin>53</xmin>
			<xmax>105</xmax>
			<ymin>271</ymin>
			<ymax>391</ymax>
		</bndbox>
	</object>
</annotation>
