<annotation>
	<folder></folder>
	<filename>frame_3014_jpg.rf.95d6a5bf3e81f215b857ac16d5051238.jpg</filename>
	<path>frame_3014_jpg.rf.95d6a5bf3e81f215b857ac16d5051238.jpg</path>
	<source>
		<database>roboflow.ai</database>
	</source>
	<size>
		<width>416</width>
		<height>416</height>
		<depth>3</depth>
	</size>
	<segmented>0</segmented>
	<object>
		<name>motorbike</name>
		<pose>Unspecified</pose>
		<truncated>0</truncated>
		<difficult>0</difficult>
		<occluded>0</occluded>
		<bndbox>
			<xmin>88</xmin>
			<xmax>124</xmax>
			<ymin>275</ymin>
			<ymax>378</ymax>
		</bndbox>
	</object>
</annotation>
