<annotation>
	<folder></folder>
	<filename>frame_3005_jpg.rf.e830b08d68301eb2061a17586cf26537.jpg</filename>
	<path>frame_3005_jpg.rf.e830b08d68301eb2061a17586cf26537.jpg</path>
	<source>
		<database>roboflow.ai</database>
	</source>
	<size>
		<width>416</width>
		<height>416</height>
		<depth>3</depth>
	</size>
	<segmented>0</segmented>
	<object>
		<name>motorbike</name>
		<pose>Unspecified</pose>
		<truncated>0</truncated>
		<difficult>0</difficult>
		<occluded>0</occluded>
		<bndbox>
			<xmin>87</xmin>
			<xmax>141</xmax>
			<ymin>279</ymin>
			<ymax>370</ymax>
		</bndbox>
	</object>
</annotation>
