<annotation>
	<folder></folder>
	<filename>frame_3063_jpg.rf.788cf892481d560a45cf3b12f15688ca.jpg</filename>
	<path>frame_3063_jpg.rf.788cf892481d560a45cf3b12f15688ca.jpg</path>
	<source>
		<database>roboflow.ai</database>
	</source>
	<size>
		<width>416</width>
		<height>416</height>
		<depth>3</depth>
	</size>
	<segmented>0</segmented>
	<object>
		<name>motorbike</name>
		<pose>Unspecified</pose>
		<truncated>0</truncated>
		<difficult>0</difficult>
		<occluded>0</occluded>
		<bndbox>
			<xmin>68</xmin>
			<xmax>108</xmax>
			<ymin>211</ymin>
			<ymax>298</ymax>
		</bndbox>
	</object>
	<object>
		<name>motorbike</name>
		<pose>Unspecified</pose>
		<truncated>0</truncated>
		<difficult>0</difficult>
		<occluded>0</occluded>
		<bndbox>
			<xmin>122</xmin>
			<xmax>162</xmax>
			<ymin>200</ymin>
			<ymax>287</ymax>
		</bndbox>
	</object>
</annotation>
