<annotation>
	<folder></folder>
	<filename>frame_3074_jpg.rf.d93a9aa3d1a94b931a3f4ab93b2cc926.jpg</filename>
	<path>frame_3074_jpg.rf.d93a9aa3d1a94b931a3f4ab93b2cc926.jpg</path>
	<source>
		<database>roboflow.ai</database>
	</source>
	<size>
		<width>416</width>
		<height>416</height>
		<depth>3</depth>
	</size>
	<segmented>0</segmented>
	<object>
		<name>motorbike</name>
		<pose>Unspecified</pose>
		<truncated>0</truncated>
		<difficult>0</difficult>
		<occluded>0</occluded>
		<bndbox>
			<xmin>245</xmin>
			<xmax>292</xmax>
			<ymin>204</ymin>
			<ymax>309</ymax>
		</bndbox>
	</object>
</annotation>
