<annotation>
	<folder></folder>
	<filename>frame_3022_jpg.rf.8ddd6b506d76b72fa4b611952ffb4c94.jpg</filename>
	<path>frame_3022_jpg.rf.8ddd6b506d76b72fa4b611952ffb4c94.jpg</path>
	<source>
		<database>roboflow.ai</database>
	</source>
	<size>
		<width>416</width>
		<height>416</height>
		<depth>3</depth>
	</size>
	<segmented>0</segmented>
	<object>
		<name>bicycle</name>
		<pose>Unspecified</pose>
		<truncated>0</truncated>
		<difficult>0</difficult>
		<occluded>0</occluded>
		<bndbox>
			<xmin>47</xmin>
			<xmax>87</xmax>
			<ymin>239</ymin>
			<ymax>352</ymax>
		</bndbox>
	</object>
	<object>
		<name>motorbike</name>
		<pose>Unspecified</pose>
		<truncated>0</truncated>
		<difficult>0</difficult>
		<occluded>0</occluded>
		<bndbox>
			<xmin>159</xmin>
			<xmax>203</xmax>
			<ymin>294</ymin>
			<ymax>415</ymax>
		</bndbox>
	</object>
</annotation>
