<annotation>
	<folder></folder>
	<filename>frame_3077_jpg.rf.57cedd703b943ff73b2bbddd3b1c3904.jpg</filename>
	<path>frame_3077_jpg.rf.57cedd703b943ff73b2bbddd3b1c3904.jpg</path>
	<source>
		<database>roboflow.ai</database>
	</source>
	<size>
		<width>416</width>
		<height>416</height>
		<depth>3</depth>
	</size>
	<segmented>0</segmented>
	<object>
		<name>car</name>
		<pose>Unspecified</pose>
		<truncated>0</truncated>
		<difficult>0</difficult>
		<occluded>0</occluded>
		<bndbox>
			<xmin>205</xmin>
			<xmax>315</xmax>
			<ymin>200</ymin>
			<ymax>360</ymax>
		</bndbox>
	</object>
	<object>
		<name>bus</name>
		<pose>Unspecified</pose>
		<truncated>0</truncated>
		<difficult>0</difficult>
		<occluded>0</occluded>
		<bndbox>
			<xmin>172</xmin>
			<xmax>269</xmax>
			<ymin>66</ymin>
			<ymax>211</ymax>
		</bndbox>
	</object>
</annotation>
