<annotation>
	<folder></folder>
	<filename>frame_3064_jpg.rf.ba17c2ffa7d747ba17c01a523c1aa3ea.jpg</filename>
	<path>frame_3064_jpg.rf.ba17c2ffa7d747ba17c01a523c1aa3ea.jpg</path>
	<source>
		<database>roboflow.ai</database>
	</source>
	<size>
		<width>416</width>
		<height>416</height>
		<depth>3</depth>
	</size>
	<segmented>0</segmented>
	<object>
		<name>car</name>
		<pose>Unspecified</pose>
		<truncated>0</truncated>
		<difficult>0</difficult>
		<occluded>0</occluded>
		<bndbox>
			<xmin>222</xmin>
			<xmax>290</xmax>
			<ymin>239</ymin>
			<ymax>348</ymax>
		</bndbox>
	</object>
	<object>
		<name>motorbike</name>
		<pose>Unspecified</pose>
		<truncated>0</truncated>
		<difficult>0</difficult>
		<occluded>0</occluded>
		<bndbox>
			<xmin>329</xmin>
			<xmax>372</xmax>
			<ymin>250</ymin>
			<ymax>357</ymax>
		</bndbox>
	</object>
</annotation>
