<annotation>
	<folder></folder>
	<filename>frame_3057_jpg.rf.26d396adcc15ab300335a23eae52fd61.jpg</filename>
	<path>frame_3057_jpg.rf.26d396adcc15ab300335a23eae52fd61.jpg</path>
	<source>
		<database>roboflow.ai</database>
	</source>
	<size>
		<width>416</width>
		<height>416</height>
		<depth>3</depth>
	</size>
	<segmented>0</segmented>
	<object>
		<name>motorbike</name>
		<pose>Unspecified</pose>
		<truncated>0</truncated>
		<difficult>0</difficult>
		<occluded>0</occluded>
		<bndbox>
			<xmin>261</xmin>
			<xmax>305</xmax>
			<ymin>241</ymin>
			<ymax>331</ymax>
		</bndbox>
	</object>
	<object>
		<name>motorbike</name>
		<pose>Unspecified</pose>
		<truncated>0</truncated>
		<difficult>0</difficult>
		<occluded>0</occluded>
		<bndbox>
			<xmin>290</xmin>
			<xmax>334</xmax>
			<ymin>226</ymin>
			<ymax>316</ymax>
		</bndbox>
	</object>
</annotation>
