<annotation>
	<folder></folder>
	<filename>frame_3000_jpg.rf.3a7ad7932f0be4fd84fd37811dcb94c8.jpg</filename>
	<path>frame_3000_jpg.rf.3a7ad7932f0be4fd84fd37811dcb94c8.jpg</path>
	<source>
		<database>roboflow.ai</database>
	</source>
	<size>
		<width>416</width>
		<height>416</height>
		<depth>3</depth>
	</size>
	<segmented>0</segmented>
	<object>
		<name>bicycle</name>
		<pose>Unspecified</pose>
		<truncated>0</truncated>
		<difficult>0</difficult>
		<occluded>0</occluded>
		<bndbox>
			<xmin>0</xmin>
			<xmax>35</xmax>
			<ymin>295</ymin>
			<ymax>415</ymax>
		</bndbox>
	</object>
</annotation>
