<annotation>
	<folder></folder>
	<filename>frame_3015_jpg.rf.54471e7b171d578de10e59042737ade8.jpg</filename>
	<path>frame_3015_jpg.rf.54471e7b171d578de10e59042737ade8.jpg</path>
	<source>
		<database>roboflow.ai</database>
	</source>
	<size>
		<width>416</width>
		<height>416</height>
		<depth>3</depth>
	</size>
	<segmented>0</segmented>
	<object>
		<name>bicycle</name>
		<pose>Unspecified</pose>
		<truncated>0</truncated>
		<difficult>0</difficult>
		<occluded>0</occluded>
		<bndbox>
			<xmin>332</xmin>
			<xmax>397</xmax>
			<ymin>197</ymin>
			<ymax>325</ymax>
		</bndbox>
	</object>
</annotation>
