<annotation>
	<folder></folder>
	<filename>frame_3093_jpg.rf.90d96e939698b20d8e814dcc567156eb.jpg</filename>
	<path>frame_3093_jpg.rf.90d96e939698b20d8e814dcc567156eb.jpg</path>
	<source>
		<database>roboflow.ai</database>
	</source>
	<size>
		<width>416</width>
		<height>416</height>
		<depth>3</depth>
	</size>
	<segmented>0</segmented>
	<object>
		<name>auto</name>
		<pose>Unspecified</pose>
		<truncated>0</truncated>
		<difficult>0</difficult>
		<occluded>0</occluded>
		<bndbox>
			<xmin>2</xmin>
			<xmax>65</xmax>
			<ymin>187</ymin>
			<ymax>330</ymax>
		</bndbox>
	</object>
	<object>
		<name>motorbike</name>
		<pose>Unspecified</pose>
		<truncated>0</truncated>
		<difficult>0</difficult>
		<occluded>0</occluded>
		<bndbox>
			<xmin>66</xmin>
			<xmax>117</xmax>
			<ymin>191</ymin>
			<ymax>301</ymax>
		</bndbox>
	</object>
</annotation>
