<annotation>
	<folder></folder>
	<filename>frame_2976_jpg.rf.a496c7a3d80d086d2052caa1f744097f.jpg</filename>
	<path>frame_2976_jpg.rf.a496c7a3d80d086d2052caa1f744097f.jpg</path>
	<source>
		<database>roboflow.ai</database>
	</source>
	<size>
		<width>416</width>
		<height>416</height>
		<depth>3</depth>
	</size>
	<segmented>0</segmented>
	<object>
		<name>auto</name>
		<pose>Unspecified</pose>
		<truncated>0</truncated>
		<difficult>0</difficult>
		<occluded>0</occluded>
		<bndbox>
			<xmin>256</xmin>
			<xmax>344</xmax>
			<ymin>201</ymin>
			<ymax>368</ymax>
		</bndbox>
	</object>
	<object>
		<name>bicycle</name>
		<pose>Unspecified</pose>
		<truncated>0</truncated>
		<difficult>0</difficult>
		<occluded>0</occluded>
		<bndbox>
			<xmin>340</xmin>
			<xmax>378</xmax>
			<ymin>174</ymin>
			<ymax>276</ymax>
		</bndbox>
	</object>
	<object>
		<name>motorbike</name>
		<pose>Unspecified</pose>
		<truncated>0</truncated>
		<difficult>0</difficult>
		<occluded>0</occluded>
		<bndbox>
			<xmin>255</xmin>
			<xmax>295</xmax>
			<ymin>183</ymin>
			<ymax>287</ymax>
		</bndbox>
	</object>
</annotation>
