<annotation>
	<folder></folder>
	<filename>frame_2978_jpg.rf.054dddc3e0abe982529e05bb59e1b538.jpg</filename>
	<path>frame_2978_jpg.rf.054dddc3e0abe982529e05bb59e1b538.jpg</path>
	<source>
		<database>roboflow.ai</database>
	</source>
	<size>
		<width>416</width>
		<height>416</height>
		<depth>3</depth>
	</size>
	<segmented>0</segmented>
	<object>
		<name>motorbike</name>
		<pose>Unspecified</pose>
		<truncated>0</truncated>
		<difficult>0</difficult>
		<occluded>0</occluded>
		<bndbox>
			<xmin>265</xmin>
			<xmax>330</xmax>
			<ymin>294</ymin>
			<ymax>411</ymax>
		</bndbox>
	</object>
	<object>
		<name>motorbike</name>
		<pose>Unspecified</pose>
		<truncated>0</truncated>
		<difficult>0</difficult>
		<occluded>0</occluded>
		<bndbox>
			<xmin>286</xmin>
			<xmax>346</xmax>
			<ymin>222</ymin>
			<ymax>333</ymax>
		</bndbox>
	</object>
</annotation>
