<annotation>
	<folder></folder>
	<filename>frame_3087_jpg.rf.c9a968ba462b7119b9c53ed57f6965a1.jpg</filename>
	<path>frame_3087_jpg.rf.c9a968ba462b7119b9c53ed57f6965a1.jpg</path>
	<source>
		<database>roboflow.ai</database>
	</source>
	<size>
		<width>416</width>
		<height>416</height>
		<depth>3</depth>
	</size>
	<segmented>0</segmented>
	<object>
		<name>motorbike</name>
		<pose>Unspecified</pose>
		<truncated>0</truncated>
		<difficult>0</difficult>
		<occluded>0</occluded>
		<bndbox>
			<xmin>280</xmin>
			<xmax>320</xmax>
			<ymin>158</ymin>
			<ymax>259</ymax>
		</bndbox>
	</object>
</annotation>
