<annotation>
	<folder></folder>
	<filename>frame_3028_jpg.rf.b1ef072678c08ef3d08b42f2b5bab50a.jpg</filename>
	<path>frame_3028_jpg.rf.b1ef072678c08ef3d08b42f2b5bab50a.jpg</path>
	<source>
		<database>roboflow.ai</database>
	</source>
	<size>
		<width>416</width>
		<height>416</height>
		<depth>3</depth>
	</size>
	<segmented>0</segmented>
	<object>
		<name>bicycle</name>
		<pose>Unspecified</pose>
		<truncated>0</truncated>
		<difficult>0</difficult>
		<occluded>0</occluded>
		<bndbox>
			<xmin>355</xmin>
			<xmax>394</xmax>
			<ymin>300</ymin>
			<ymax>400</ymax>
		</bndbox>
	</object>
</annotation>
