<annotation>
	<folder></folder>
	<filename>frame_3005_jpg.rf.778689b2b08d2f878d97c82571de91d8.jpg</filename>
	<path>frame_3005_jpg.rf.778689b2b08d2f878d97c82571de91d8.jpg</path>
	<source>
		<database>roboflow.ai</database>
	</source>
	<size>
		<width>416</width>
		<height>416</height>
		<depth>3</depth>
	</size>
	<segmented>0</segmented>
	<object>
		<name>motorbike</name>
		<pose>Unspecified</pose>
		<truncated>0</truncated>
		<difficult>0</difficult>
		<occluded>0</occluded>
		<bndbox>
			<xmin>40</xmin>
			<xmax>86</xmax>
			<ymin>259</ymin>
			<ymax>361</ymax>
		</bndbox>
	</object>
</annotation>
