<annotation>
	<folder></folder>
	<filename>frame_3023_jpg.rf.98642f8506f1e1cc7e35ebcbf6da8090.jpg</filename>
	<path>frame_3023_jpg.rf.98642f8506f1e1cc7e35ebcbf6da8090.jpg</path>
	<source>
		<database>roboflow.ai</database>
	</source>
	<size>
		<width>416</width>
		<height>416</height>
		<depth>3</depth>
	</size>
	<segmented>0</segmented>
	<object>
		<name>motorbike</name>
		<pose>Unspecified</pose>
		<truncated>0</truncated>
		<difficult>0</difficult>
		<occluded>0</occluded>
		<bndbox>
			<xmin>272</xmin>
			<xmax>336</xmax>
			<ymin>307</ymin>
			<ymax>415</ymax>
		</bndbox>
	</object>
	<object>
		<name>motorbike</name>
		<pose>Unspecified</pose>
		<truncated>0</truncated>
		<difficult>0</difficult>
		<occluded>0</occluded>
		<bndbox>
			<xmin>190</xmin>
			<xmax>255</xmax>
			<ymin>305</ymin>
			<ymax>415</ymax>
		</bndbox>
	</object>
</annotation>
