<annotation>
	<folder></folder>
	<filename>frame_3096_jpg.rf.e6a958433d78596cedab69423a94f286.jpg</filename>
	<path>frame_3096_jpg.rf.e6a958433d78596cedab69423a94f286.jpg</path>
	<source>
		<database>roboflow.ai</database>
	</source>
	<size>
		<width>416</width>
		<height>416</height>
		<depth>3</depth>
	</size>
	<segmented>0</segmented>
	<object>
		<name>motorbike</name>
		<pose>Unspecified</pose>
		<truncated>0</truncated>
		<difficult>0</difficult>
		<occluded>0</occluded>
		<bndbox>
			<xmin>296</xmin>
			<xmax>333</xmax>
			<ymin>258</ymin>
			<ymax>365</ymax>
		</bndbox>
	</object>
	<object>
		<name>auto</name>
		<pose>Unspecified</pose>
		<truncated>0</truncated>
		<difficult>0</difficult>
		<occluded>0</occluded>
		<bndbox>
			<xmin>350</xmin>
			<xmax>415</xmax>
			<ymin>245</ymin>
			<ymax>361</ymax>
		</bndbox>
	</object>
</annotation>
