<annotation>
	<folder></folder>
	<filename>frame_3033_jpg.rf.34c9b12a5096bbf06cb77290a30175bd.jpg</filename>
	<path>frame_3033_jpg.rf.34c9b12a5096bbf06cb77290a30175bd.jpg</path>
	<source>
		<database>roboflow.ai</database>
	</source>
	<size>
		<width>416</width>
		<height>416</height>
		<depth>3</depth>
	</size>
	<segmented>0</segmented>
	<object>
		<name>bicycle</name>
		<pose>Unspecified</pose>
		<truncated>0</truncated>
		<difficult>0</difficult>
		<occluded>0</occluded>
		<bndbox>
			<xmin>32</xmin>
			<xmax>68</xmax>
			<ymin>235</ymin>
			<ymax>379</ymax>
		</bndbox>
	</object>
</annotation>
