<annotation>
	<folder></folder>
	<filename>frame_3065_jpg.rf.e5bcddc01e140037fbde7363998728fe.jpg</filename>
	<path>frame_3065_jpg.rf.e5bcddc01e140037fbde7363998728fe.jpg</path>
	<source>
		<database>roboflow.ai</database>
	</source>
	<size>
		<width>416</width>
		<height>416</height>
		<depth>3</depth>
	</size>
	<segmented>0</segmented>
	<object>
		<name>motorbike</name>
		<pose>Unspecified</pose>
		<truncated>0</truncated>
		<difficult>0</difficult>
		<occluded>0</occluded>
		<bndbox>
			<xmin>62</xmin>
			<xmax>139</xmax>
			<ymin>286</ymin>
			<ymax>415</ymax>
		</bndbox>
	</object>
	<object>
		<name>motorbike</name>
		<pose>Unspecified</pose>
		<truncated>0</truncated>
		<difficult>0</difficult>
		<occluded>0</occluded>
		<bndbox>
			<xmin>101</xmin>
			<xmax>177</xmax>
			<ymin>286</ymin>
			<ymax>416</ymax>
		</bndbox>
	</object>
</annotation>
