<annotation>
	<folder></folder>
	<filename>frame_3035_jpg.rf.55c7143801743ce98361f0efc0626ebe.jpg</filename>
	<path>frame_3035_jpg.rf.55c7143801743ce98361f0efc0626ebe.jpg</path>
	<source>
		<database>roboflow.ai</database>
	</source>
	<size>
		<width>416</width>
		<height>416</height>
		<depth>3</depth>
	</size>
	<segmented>0</segmented>
	<object>
		<name>car</name>
		<pose>Unspecified</pose>
		<truncated>0</truncated>
		<difficult>0</difficult>
		<occluded>0</occluded>
		<bndbox>
			<xmin>136</xmin>
			<xmax>254</xmax>
			<ymin>162</ymin>
			<ymax>310</ymax>
		</bndbox>
	</object>
</annotation>
