<annotation>
	<folder></folder>
	<filename>frame_3011_jpg.rf.865b2a08314041a3c56a1147036f9b4e.jpg</filename>
	<path>frame_3011_jpg.rf.865b2a08314041a3c56a1147036f9b4e.jpg</path>
	<source>
		<database>roboflow.ai</database>
	</source>
	<size>
		<width>416</width>
		<height>416</height>
		<depth>3</depth>
	</size>
	<segmented>0</segmented>
	<object>
		<name>bus</name>
		<pose>Unspecified</pose>
		<truncated>0</truncated>
		<difficult>0</difficult>
		<occluded>0</occluded>
		<bndbox>
			<xmin>64</xmin>
			<xmax>164</xmax>
			<ymin>101</ymin>
			<ymax>293</ymax>
		</bndbox>
	</object>
</annotation>
