<annotation>
	<folder></folder>
	<filename>frame_3093_jpg.rf.68331a54709467db44331be869cbbd88.jpg</filename>
	<path>frame_3093_jpg.rf.68331a54709467db44331be869cbbd88.jpg</path>
	<source>
		<database>roboflow.ai</database>
	</source>
	<size>
		<width>416</width>
		<height>416</height>
		<depth>3</depth>
	</size>
	<segmented>0</segmented>
	<object>
		<name>auto</name>
		<pose>Unspecified</pose>
		<truncated>0</truncated>
		<difficult>0</difficult>
		<occluded>0</occluded>
		<bndbox>
			<xmin>328</xmin>
			<xmax>392</xmax>
			<ymin>271</ymin>
			<ymax>391</ymax>
		</bndbox>
	</object>
	<object>
		<name>motorbike</name>
		<pose>Unspecified</pose>
		<truncated>0</truncated>
		<difficult>0</difficult>
		<occluded>0</occluded>
		<bndbox>
			<xmin>284</xmin>
			<xmax>323</xmax>
			<ymin>246</ymin>
			<ymax>341</ymax>
		</bndbox>
	</object>
</annotation>
