<annotation>
	<folder></folder>
	<filename>frame_2980_jpg.rf.83a90b70f3d800b77f6860bd3bd66f68.jpg</filename>
	<path>frame_2980_jpg.rf.83a90b70f3d800b77f6860bd3bd66f68.jpg</path>
	<source>
		<database>roboflow.ai</database>
	</source>
	<size>
		<width>416</width>
		<height>416</height>
		<depth>3</depth>
	</size>
	<segmented>0</segmented>
	<object>
		<name>motorbike</name>
		<pose>Unspecified</pose>
		<truncated>0</truncated>
		<difficult>0</difficult>
		<occluded>0</occluded>
		<bndbox>
			<xmin>67</xmin>
			<xmax>105</xmax>
			<ymin>183</ymin>
			<ymax>277</ymax>
		</bndbox>
	</object>
</annotation>
