<annotation>
	<folder></folder>
	<filename>frame_2981_jpg.rf.82cbfa5598779d6efa3fb43b8b77f6c8.jpg</filename>
	<path>frame_2981_jpg.rf.82cbfa5598779d6efa3fb43b8b77f6c8.jpg</path>
	<source>
		<database>roboflow.ai</database>
	</source>
	<size>
		<width>416</width>
		<height>416</height>
		<depth>3</depth>
	</size>
	<segmented>0</segmented>
	<object>
		<name>motorbike</name>
		<pose>Unspecified</pose>
		<truncated>0</truncated>
		<difficult>0</difficult>
		<occluded>0</occluded>
		<bndbox>
			<xmin>252</xmin>
			<xmax>294</xmax>
			<ymin>265</ymin>
			<ymax>387</ymax>
		</bndbox>
	</object>
</annotation>
