<annotation>
	<folder></folder>
	<filename>frame_3015_jpg.rf.3d6df2469f70432a8fd2eca723d745b9.jpg</filename>
	<path>frame_3015_jpg.rf.3d6df2469f70432a8fd2eca723d745b9.jpg</path>
	<source>
		<database>roboflow.ai</database>
	</source>
	<size>
		<width>416</width>
		<height>416</height>
		<depth>3</depth>
	</size>
	<segmented>0</segmented>
	<object>
		<name>bicycle</name>
		<pose>Unspecified</pose>
		<truncated>0</truncated>
		<difficult>0</difficult>
		<occluded>0</occluded>
		<bndbox>
			<xmin>318</xmin>
			<xmax>368</xmax>
			<ymin>214</ymin>
			<ymax>327</ymax>
		</bndbox>
	</object>
</annotation>
