<annotation>
	<folder></folder>
	<filename>frame_2986_jpg.rf.91e758ca3c8028399cc7428dbb7ecce4.jpg</filename>
	<path>frame_2986_jpg.rf.91e758ca3c8028399cc7428dbb7ecce4.jpg</path>
	<source>
		<database>roboflow.ai</database>
	</source>
	<size>
		<width>416</width>
		<height>416</height>
		<depth>3</depth>
	</size>
	<segmented>0</segmented>
	<object>
		<name>motorbike</name>
		<pose>Unspecified</pose>
		<truncated>0</truncated>
		<difficult>0</difficult>
		<occluded>0</occluded>
		<bndbox>
			<xmin>281</xmin>
			<xmax>344</xmax>
			<ymin>168</ymin>
			<ymax>281</ymax>
		</bndbox>
	</object>
</annotation>
