<annotation>
	<folder></folder>
	<filename>frame_3070_jpg.rf.9f6b19a1c3a0af9868d83da6d7fa5c9a.jpg</filename>
	<path>frame_3070_jpg.rf.9f6b19a1c3a0af9868d83da6d7fa5c9a.jpg</path>
	<source>
		<database>roboflow.ai</database>
	</source>
	<size>
		<width>416</width>
		<height>416</height>
		<depth>3</depth>
	</size>
	<segmented>0</segmented>
	<object>
		<name>car</name>
		<pose>Unspecified</pose>
		<truncated>0</truncated>
		<difficult>0</difficult>
		<occluded>0</occluded>
		<bndbox>
			<xmin>92</xmin>
			<xmax>189</xmax>
			<ymin>255</ymin>
			<ymax>392</ymax>
		</bndbox>
	</object>
</annotation>
