<annotation>
	<folder></folder>
	<filename>frame_3063_jpg.rf.db81db86ddf31fb07073983a463ebc19.jpg</filename>
	<path>frame_3063_jpg.rf.db81db86ddf31fb07073983a463ebc19.jpg</path>
	<source>
		<database>roboflow.ai</database>
	</source>
	<size>
		<width>416</width>
		<height>416</height>
		<depth>3</depth>
	</size>
	<segmented>0</segmented>
	<object>
		<name>motorbike</name>
		<pose>Unspecified</pose>
		<truncated>0</truncated>
		<difficult>0</difficult>
		<occluded>0</occluded>
		<bndbox>
			<xmin>321</xmin>
			<xmax>368</xmax>
			<ymin>226</ymin>
			<ymax>323</ymax>
		</bndbox>
	</object>
	<object>
		<name>motorbike</name>
		<pose>Unspecified</pose>
		<truncated>0</truncated>
		<difficult>0</difficult>
		<occluded>0</occluded>
		<bndbox>
			<xmin>264</xmin>
			<xmax>311</xmax>
			<ymin>207</ymin>
			<ymax>304</ymax>
		</bndbox>
	</object>
</annotation>
