<annotation>
	<folder></folder>
	<filename>frame_3697_jpg.rf.63d1d23e4327ce65fbe486d793811454.jpg</filename>
	<path>frame_3697_jpg.rf.63d1d23e4327ce65fbe486d793811454.jpg</path>
	<source>
		<database>roboflow.ai</database>
	</source>
	<size>
		<width>416</width>
		<height>416</height>
		<depth>3</depth>
	</size>
	<segmented>0</segmented>
	<object>
		<name>motorbike</name>
		<pose>Unspecified</pose>
		<truncated>0</truncated>
		<difficult>0</difficult>
		<occluded>0</occluded>
		<bndbox>
			<xmin>106</xmin>
			<xmax>151</xmax>
			<ymin>208</ymin>
			<ymax>292</ymax>
		</bndbox>
	</object>
	<object>
		<name>motorbike</name>
		<pose>Unspecified</pose>
		<truncated>0</truncated>
		<difficult>0</difficult>
		<occluded>0</occluded>
		<bndbox>
			<xmin>188</xmin>
			<xmax>217</xmax>
			<ymin>187</ymin>
			<ymax>243</ymax>
		</bndbox>
	</object>
	<object>
		<name>motorbike</name>
		<pose>Unspecified</pose>
		<truncated>0</truncated>
		<difficult>0</difficult>
		<occluded>0</occluded>
		<bndbox>
			<xmin>239</xmin>
			<xmax>264</xmax>
			<ymin>180</ymin>
			<ymax>223</ymax>
		</bndbox>
	</object>
</annotation>
