<annotation>
	<folder></folder>
	<filename>frame_3668_jpg.rf.7f3bb4c09c410029dcb0d75988fb2039.jpg</filename>
	<path>frame_3668_jpg.rf.7f3bb4c09c410029dcb0d75988fb2039.jpg</path>
	<source>
		<database>roboflow.ai</database>
	</source>
	<size>
		<width>416</width>
		<height>416</height>
		<depth>3</depth>
	</size>
	<segmented>0</segmented>
	<object>
		<name>car</name>
		<pose>Unspecified</pose>
		<truncated>0</truncated>
		<difficult>0</difficult>
		<occluded>0</occluded>
		<bndbox>
			<xmin>149</xmin>
			<xmax>205</xmax>
			<ymin>242</ymin>
			<ymax>349</ymax>
		</bndbox>
	</object>
	<object>
		<name>car</name>
		<pose>Unspecified</pose>
		<truncated>0</truncated>
		<difficult>0</difficult>
		<occluded>0</occluded>
		<bndbox>
			<xmin>175</xmin>
			<xmax>204</xmax>
			<ymin>155</ymin>
			<ymax>207</ymax>
		</bndbox>
	</object>
</annotation>
