<annotation>
	<folder></folder>
	<filename>frame_3632_jpg.rf.abe2b63f51fa0eaafbb4d8ed7998b7e8.jpg</filename>
	<path>frame_3632_jpg.rf.abe2b63f51fa0eaafbb4d8ed7998b7e8.jpg</path>
	<source>
		<database>roboflow.ai</database>
	</source>
	<size>
		<width>416</width>
		<height>416</height>
		<depth>3</depth>
	</size>
	<segmented>0</segmented>
	<object>
		<name>auto</name>
		<pose>Unspecified</pose>
		<truncated>0</truncated>
		<difficult>0</difficult>
		<occluded>0</occluded>
		<bndbox>
			<xmin>249</xmin>
			<xmax>283</xmax>
			<ymin>179</ymin>
			<ymax>237</ymax>
		</bndbox>
	</object>
	<object>
		<name>car</name>
		<pose>Unspecified</pose>
		<truncated>0</truncated>
		<difficult>0</difficult>
		<occluded>0</occluded>
		<bndbox>
			<xmin>255</xmin>
			<xmax>287</xmax>
			<ymin>152</ymin>
			<ymax>198</ymax>
		</bndbox>
	</object>
	<object>
		<name>car</name>
		<pose>Unspecified</pose>
		<truncated>0</truncated>
		<difficult>0</difficult>
		<occluded>0</occluded>
		<bndbox>
			<xmin>233</xmin>
			<xmax>262</xmax>
			<ymin>150</ymin>
			<ymax>195</ymax>
		</bndbox>
	</object>
</annotation>
