<annotation>
	<folder></folder>
	<filename>frame_3629_jpg.rf.036717965bc3326df433880349da3724.jpg</filename>
	<path>frame_3629_jpg.rf.036717965bc3326df433880349da3724.jpg</path>
	<source>
		<database>roboflow.ai</database>
	</source>
	<size>
		<width>416</width>
		<height>416</height>
		<depth>3</depth>
	</size>
	<segmented>0</segmented>
	<object>
		<name>car</name>
		<pose>Unspecified</pose>
		<truncated>0</truncated>
		<difficult>0</difficult>
		<occluded>0</occluded>
		<bndbox>
			<xmin>206</xmin>
			<xmax>240</xmax>
			<ymin>198</ymin>
			<ymax>247</ymax>
		</bndbox>
	</object>
	<object>
		<name>motorbike</name>
		<pose>Unspecified</pose>
		<truncated>0</truncated>
		<difficult>0</difficult>
		<occluded>0</occluded>
		<bndbox>
			<xmin>176</xmin>
			<xmax>203</xmax>
			<ymin>255</ymin>
			<ymax>321</ymax>
		</bndbox>
	</object>
</annotation>
