<annotation>
	<folder></folder>
	<filename>frame_3629_jpg.rf.8f43a7f14d4759827e59cffe38f75146.jpg</filename>
	<path>frame_3629_jpg.rf.8f43a7f14d4759827e59cffe38f75146.jpg</path>
	<source>
		<database>roboflow.ai</database>
	</source>
	<size>
		<width>416</width>
		<height>416</height>
		<depth>3</depth>
	</size>
	<segmented>0</segmented>
	<object>
		<name>car</name>
		<pose>Unspecified</pose>
		<truncated>0</truncated>
		<difficult>0</difficult>
		<occluded>0</occluded>
		<bndbox>
			<xmin>169</xmin>
			<xmax>212</xmax>
			<ymin>186</ymin>
			<ymax>248</ymax>
		</bndbox>
	</object>
	<object>
		<name>motorbike</name>
		<pose>Unspecified</pose>
		<truncated>0</truncated>
		<difficult>0</difficult>
		<occluded>0</occluded>
		<bndbox>
			<xmin>188</xmin>
			<xmax>226</xmax>
			<ymin>248</ymin>
			<ymax>328</ymax>
		</bndbox>
	</object>
</annotation>
