<annotation>
	<folder></folder>
	<filename>frame_3626_jpg.rf.4d5790ff52891672fed1f405d34a7d0c.jpg</filename>
	<path>frame_3626_jpg.rf.4d5790ff52891672fed1f405d34a7d0c.jpg</path>
	<source>
		<database>roboflow.ai</database>
	</source>
	<size>
		<width>416</width>
		<height>416</height>
		<depth>3</depth>
	</size>
	<segmented>0</segmented>
	<object>
		<name>car</name>
		<pose>Unspecified</pose>
		<truncated>0</truncated>
		<difficult>0</difficult>
		<occluded>0</occluded>
		<bndbox>
			<xmin>132</xmin>
			<xmax>180</xmax>
			<ymin>222</ymin>
			<ymax>307</ymax>
		</bndbox>
	</object>
	<object>
		<name>car</name>
		<pose>Unspecified</pose>
		<truncated>0</truncated>
		<difficult>0</difficult>
		<occluded>0</occluded>
		<bndbox>
			<xmin>182</xmin>
			<xmax>221</xmax>
			<ymin>209</ymin>
			<ymax>283</ymax>
		</bndbox>
	</object>
	<object>
		<name>car</name>
		<pose>Unspecified</pose>
		<truncated>0</truncated>
		<difficult>0</difficult>
		<occluded>0</occluded>
		<bndbox>
			<xmin>219</xmin>
			<xmax>270</xmax>
			<ymin>252</ymin>
			<ymax>352</ymax>
		</bndbox>
	</object>
</annotation>
