<annotation>
	<folder></folder>
	<filename>frame_3668_jpg.rf.60b21af11d91d78039f820a09a8635a6.jpg</filename>
	<path>frame_3668_jpg.rf.60b21af11d91d78039f820a09a8635a6.jpg</path>
	<source>
		<database>roboflow.ai</database>
	</source>
	<size>
		<width>416</width>
		<height>416</height>
		<depth>3</depth>
	</size>
	<segmented>0</segmented>
	<object>
		<name>car</name>
		<pose>Unspecified</pose>
		<truncated>0</truncated>
		<difficult>0</difficult>
		<occluded>0</occluded>
		<bndbox>
			<xmin>212</xmin>
			<xmax>268</xmax>
			<ymin>250</ymin>
			<ymax>348</ymax>
		</bndbox>
	</object>
	<object>
		<name>car</name>
		<pose>Unspecified</pose>
		<truncated>0</truncated>
		<difficult>0</difficult>
		<occluded>0</occluded>
		<bndbox>
			<xmin>213</xmin>
			<xmax>242</xmax>
			<ymin>158</ymin>
			<ymax>206</ymax>
		</bndbox>
	</object>
</annotation>
