<annotation>
	<folder></folder>
	<filename>frame_3694_jpg.rf.f2e241ec8cdd30dbee6ae5e9ab70a54e.jpg</filename>
	<path>frame_3694_jpg.rf.f2e241ec8cdd30dbee6ae5e9ab70a54e.jpg</path>
	<source>
		<database>roboflow.ai</database>
	</source>
	<size>
		<width>416</width>
		<height>416</height>
		<depth>3</depth>
	</size>
	<segmented>0</segmented>
	<object>
		<name>minitruck</name>
		<pose>Unspecified</pose>
		<truncated>0</truncated>
		<difficult>0</difficult>
		<occluded>0</occluded>
		<bndbox>
			<xmin>50</xmin>
			<xmax>153</xmax>
			<ymin>181</ymin>
			<ymax>337</ymax>
		</bndbox>
	</object>
	<object>
		<name>car</name>
		<pose>Unspecified</pose>
		<truncated>0</truncated>
		<difficult>0</difficult>
		<occluded>0</occluded>
		<bndbox>
			<xmin>166</xmin>
			<xmax>200</xmax>
			<ymin>156</ymin>
			<ymax>209</ymax>
		</bndbox>
	</object>
	<object>
		<name>motorbike</name>
		<pose>Unspecified</pose>
		<truncated>0</truncated>
		<difficult>0</difficult>
		<occluded>0</occluded>
		<bndbox>
			<xmin>244</xmin>
			<xmax>277</xmax>
			<ymin>223</ymin>
			<ymax>281</ymax>
		</bndbox>
	</object>
</annotation>
