<annotation>
	<folder></folder>
	<filename>frame_3636_jpg.rf.d1d0a5afdb9ae2357bfe40654d924994.jpg</filename>
	<path>frame_3636_jpg.rf.d1d0a5afdb9ae2357bfe40654d924994.jpg</path>
	<source>
		<database>roboflow.ai</database>
	</source>
	<size>
		<width>416</width>
		<height>416</height>
		<depth>3</depth>
	</size>
	<segmented>0</segmented>
	<object>
		<name>motorbike</name>
		<pose>Unspecified</pose>
		<truncated>0</truncated>
		<difficult>0</difficult>
		<occluded>0</occluded>
		<bndbox>
			<xmin>156</xmin>
			<xmax>190</xmax>
			<ymin>232</ymin>
			<ymax>291</ymax>
		</bndbox>
	</object>
	<object>
		<name>car</name>
		<pose>Unspecified</pose>
		<truncated>0</truncated>
		<difficult>0</difficult>
		<occluded>0</occluded>
		<bndbox>
			<xmin>137</xmin>
			<xmax>166</xmax>
			<ymin>159</ymin>
			<ymax>196</ymax>
		</bndbox>
	</object>
	<object>
		<name>motorbike</name>
		<pose>Unspecified</pose>
		<truncated>0</truncated>
		<difficult>0</difficult>
		<occluded>0</occluded>
		<bndbox>
			<xmin>191</xmin>
			<xmax>210</xmax>
			<ymin>165</ymin>
			<ymax>198</ymax>
		</bndbox>
	</object>
</annotation>
