<annotation>
	<folder></folder>
	<filename>frame_3630_jpg.rf.f4a3b47acc29f4ad63a8e6324be53b52.jpg</filename>
	<path>frame_3630_jpg.rf.f4a3b47acc29f4ad63a8e6324be53b52.jpg</path>
	<source>
		<database>roboflow.ai</database>
	</source>
	<size>
		<width>416</width>
		<height>416</height>
		<depth>3</depth>
	</size>
	<segmented>0</segmented>
	<object>
		<name>motorbike</name>
		<pose>Unspecified</pose>
		<truncated>0</truncated>
		<difficult>0</difficult>
		<occluded>0</occluded>
		<bndbox>
			<xmin>177</xmin>
			<xmax>200</xmax>
			<ymin>153</ymin>
			<ymax>192</ymax>
		</bndbox>
	</object>
	<object>
		<name>motorbike</name>
		<pose>Unspecified</pose>
		<truncated>0</truncated>
		<difficult>0</difficult>
		<occluded>0</occluded>
		<bndbox>
			<xmin>150</xmin>
			<xmax>176</xmax>
			<ymin>153</ymin>
			<ymax>197</ymax>
		</bndbox>
	</object>
</annotation>
