<annotation>
	<folder></folder>
	<filename>frame_3646_jpg.rf.02dbe9a4a3394cfb3f0175db0ed533a6.jpg</filename>
	<path>frame_3646_jpg.rf.02dbe9a4a3394cfb3f0175db0ed533a6.jpg</path>
	<source>
		<database>roboflow.ai</database>
	</source>
	<size>
		<width>416</width>
		<height>416</height>
		<depth>3</depth>
	</size>
	<segmented>0</segmented>
	<object>
		<name>motorbike</name>
		<pose>Unspecified</pose>
		<truncated>0</truncated>
		<difficult>0</difficult>
		<occluded>0</occluded>
		<bndbox>
			<xmin>210</xmin>
			<xmax>257</xmax>
			<ymin>302</ymin>
			<ymax>415</ymax>
		</bndbox>
	</object>
	<object>
		<name>auto</name>
		<pose>Unspecified</pose>
		<truncated>0</truncated>
		<difficult>0</difficult>
		<occluded>0</occluded>
		<bndbox>
			<xmin>159</xmin>
			<xmax>216</xmax>
			<ymin>276</ymin>
			<ymax>402</ymax>
		</bndbox>
	</object>
	<object>
		<name>minitruck</name>
		<pose>Unspecified</pose>
		<truncated>0</truncated>
		<difficult>0</difficult>
		<occluded>0</occluded>
		<bndbox>
			<xmin>209</xmin>
			<xmax>258</xmax>
			<ymin>183</ymin>
			<ymax>263</ymax>
		</bndbox>
	</object>
	<object>
		<name>motorbike</name>
		<pose>Unspecified</pose>
		<truncated>0</truncated>
		<difficult>0</difficult>
		<occluded>0</occluded>
		<bndbox>
			<xmin>162</xmin>
			<xmax>181</xmax>
			<ymin>195</ymin>
			<ymax>247</ymax>
		</bndbox>
	</object>
	<object>
		<name>car</name>
		<pose>Unspecified</pose>
		<truncated>0</truncated>
		<difficult>0</difficult>
		<occluded>0</occluded>
		<bndbox>
			<xmin>124</xmin>
			<xmax>148</xmax>
			<ymin>151</ymin>
			<ymax>192</ymax>
		</bndbox>
	</object>
	<object>
		<name>auto</name>
		<pose>Unspecified</pose>
		<truncated>0</truncated>
		<difficult>0</difficult>
		<occluded>0</occluded>
		<bndbox>
			<xmin>147</xmin>
			<xmax>175</xmax>
			<ymin>167</ymin>
			<ymax>216</ymax>
		</bndbox>
	</object>
</annotation>
