<annotation>
	<folder></folder>
	<filename>frame_3701_jpg.rf.4860f939df65025350e5bcfc8a511995.jpg</filename>
	<path>frame_3701_jpg.rf.4860f939df65025350e5bcfc8a511995.jpg</path>
	<source>
		<database>roboflow.ai</database>
	</source>
	<size>
		<width>416</width>
		<height>416</height>
		<depth>3</depth>
	</size>
	<segmented>0</segmented>
	<object>
		<name>motorbike</name>
		<pose>Unspecified</pose>
		<truncated>0</truncated>
		<difficult>0</difficult>
		<occluded>0</occluded>
		<bndbox>
			<xmin>171</xmin>
			<xmax>196</xmax>
			<ymin>238</ymin>
			<ymax>312</ymax>
		</bndbox>
	</object>
	<object>
		<name>motorbike</name>
		<pose>Unspecified</pose>
		<truncated>0</truncated>
		<difficult>0</difficult>
		<occluded>0</occluded>
		<bndbox>
			<xmin>216</xmin>
			<xmax>241</xmax>
			<ymin>246</ymin>
			<ymax>335</ymax>
		</bndbox>
	</object>
	<object>
		<name>bus</name>
		<pose>Unspecified</pose>
		<truncated>0</truncated>
		<difficult>0</difficult>
		<occluded>0</occluded>
		<bndbox>
			<xmin>140</xmin>
			<xmax>194</xmax>
			<ymin>137</ymin>
			<ymax>266</ymax>
		</bndbox>
	</object>
	<object>
		<name>motorbike</name>
		<pose>Unspecified</pose>
		<truncated>0</truncated>
		<difficult>0</difficult>
		<occluded>0</occluded>
		<bndbox>
			<xmin>211</xmin>
			<xmax>228</xmax>
			<ymin>181</ymin>
			<ymax>228</ymax>
		</bndbox>
	</object>
</annotation>
