<annotation>
	<folder></folder>
	<filename>frame_3627_jpg.rf.3c98a6c3e43069c075295dfb6d4df49f.jpg</filename>
	<path>frame_3627_jpg.rf.3c98a6c3e43069c075295dfb6d4df49f.jpg</path>
	<source>
		<database>roboflow.ai</database>
	</source>
	<size>
		<width>416</width>
		<height>416</height>
		<depth>3</depth>
	</size>
	<segmented>0</segmented>
	<object>
		<name>car</name>
		<pose>Unspecified</pose>
		<truncated>0</truncated>
		<difficult>0</difficult>
		<occluded>0</occluded>
		<bndbox>
			<xmin>225</xmin>
			<xmax>321</xmax>
			<ymin>300</ymin>
			<ymax>415</ymax>
		</bndbox>
	</object>
	<object>
		<name>motorbike</name>
		<pose>Unspecified</pose>
		<truncated>0</truncated>
		<difficult>0</difficult>
		<occluded>0</occluded>
		<bndbox>
			<xmin>105</xmin>
			<xmax>141</xmax>
			<ymin>232</ymin>
			<ymax>305</ymax>
		</bndbox>
	</object>
</annotation>
