<annotation>
	<folder></folder>
	<filename>frame_3681_jpg.rf.57778f7bc3ec79ed31fc7d18585c549f.jpg</filename>
	<path>frame_3681_jpg.rf.57778f7bc3ec79ed31fc7d18585c549f.jpg</path>
	<source>
		<database>roboflow.ai</database>
	</source>
	<size>
		<width>416</width>
		<height>416</height>
		<depth>3</depth>
	</size>
	<segmented>0</segmented>
	<object>
		<name>auto</name>
		<pose>Unspecified</pose>
		<truncated>0</truncated>
		<difficult>0</difficult>
		<occluded>0</occluded>
		<bndbox>
			<xmin>175</xmin>
			<xmax>226</xmax>
			<ymin>190</ymin>
			<ymax>272</ymax>
		</bndbox>
	</object>
	<object>
		<name>motorbike</name>
		<pose>Unspecified</pose>
		<truncated>0</truncated>
		<difficult>0</difficult>
		<occluded>0</occluded>
		<bndbox>
			<xmin>183</xmin>
			<xmax>206</xmax>
			<ymin>161</ymin>
			<ymax>200</ymax>
		</bndbox>
	</object>
	<object>
		<name>motorbike</name>
		<pose>Unspecified</pose>
		<truncated>0</truncated>
		<difficult>0</difficult>
		<occluded>0</occluded>
		<bndbox>
			<xmin>212</xmin>
			<xmax>239</xmax>
			<ymin>172</ymin>
			<ymax>209</ymax>
		</bndbox>
	</object>
</annotation>
