<annotation>
	<folder></folder>
	<filename>frame_3662_jpg.rf.ff60d41f3ebec3a1a1bbcc5b52f47da1.jpg</filename>
	<path>frame_3662_jpg.rf.ff60d41f3ebec3a1a1bbcc5b52f47da1.jpg</path>
	<source>
		<database>roboflow.ai</database>
	</source>
	<size>
		<width>416</width>
		<height>416</height>
		<depth>3</depth>
	</size>
	<segmented>0</segmented>
	<object>
		<name>auto</name>
		<pose>Unspecified</pose>
		<truncated>0</truncated>
		<difficult>0</difficult>
		<occluded>0</occluded>
		<bndbox>
			<xmin>206</xmin>
			<xmax>246</xmax>
			<ymin>183</ymin>
			<ymax>244</ymax>
		</bndbox>
	</object>
	<object>
		<name>motorbike</name>
		<pose>Unspecified</pose>
		<truncated>0</truncated>
		<difficult>0</difficult>
		<occluded>0</occluded>
		<bndbox>
			<xmin>147</xmin>
			<xmax>174</xmax>
			<ymin>177</ymin>
			<ymax>224</ymax>
		</bndbox>
	</object>
</annotation>
