<annotation>
	<folder></folder>
	<filename>frame_3668_jpg.rf.98d1e2c86142d06c856aa3bc6abbc67d.jpg</filename>
	<path>frame_3668_jpg.rf.98d1e2c86142d06c856aa3bc6abbc67d.jpg</path>
	<source>
		<database>roboflow.ai</database>
	</source>
	<size>
		<width>416</width>
		<height>416</height>
		<depth>3</depth>
	</size>
	<segmented>0</segmented>
	<object>
		<name>car</name>
		<pose>Unspecified</pose>
		<truncated>0</truncated>
		<difficult>0</difficult>
		<occluded>0</occluded>
		<bndbox>
			<xmin>121</xmin>
			<xmax>192</xmax>
			<ymin>225</ymin>
			<ymax>342</ymax>
		</bndbox>
	</object>
	<object>
		<name>car</name>
		<pose>Unspecified</pose>
		<truncated>0</truncated>
		<difficult>0</difficult>
		<occluded>0</occluded>
		<bndbox>
			<xmin>176</xmin>
			<xmax>213</xmax>
			<ymin>150</ymin>
			<ymax>207</ymax>
		</bndbox>
	</object>
</annotation>
