<annotation>
	<folder></folder>
	<filename>frame_3726_jpg.rf.97749050d63830def15985f8832d1f73.jpg</filename>
	<path>frame_3726_jpg.rf.97749050d63830def15985f8832d1f73.jpg</path>
	<source>
		<database>roboflow.ai</database>
	</source>
	<size>
		<width>416</width>
		<height>416</height>
		<depth>3</depth>
	</size>
	<segmented>0</segmented>
	<object>
		<name>motorbike</name>
		<pose>Unspecified</pose>
		<truncated>0</truncated>
		<difficult>0</difficult>
		<occluded>0</occluded>
		<bndbox>
			<xmin>136</xmin>
			<xmax>167</xmax>
			<ymin>268</ymin>
			<ymax>347</ymax>
		</bndbox>
	</object>
	<object>
		<name>motorbike</name>
		<pose>Unspecified</pose>
		<truncated>0</truncated>
		<difficult>0</difficult>
		<occluded>0</occluded>
		<bndbox>
			<xmin>226</xmin>
			<xmax>248</xmax>
			<ymin>181</ymin>
			<ymax>219</ymax>
		</bndbox>
	</object>
	<object>
		<name>motorbike</name>
		<pose>Unspecified</pose>
		<truncated>0</truncated>
		<difficult>0</difficult>
		<occluded>0</occluded>
		<bndbox>
			<xmin>158</xmin>
			<xmax>173</xmax>
			<ymin>182</ymin>
			<ymax>226</ymax>
		</bndbox>
	</object>
</annotation>
