<annotation>
	<folder></folder>
	<filename>frame_3636_jpg.rf.5ae5794098939d11805fdba861dfcf50.jpg</filename>
	<path>frame_3636_jpg.rf.5ae5794098939d11805fdba861dfcf50.jpg</path>
	<source>
		<database>roboflow.ai</database>
	</source>
	<size>
		<width>416</width>
		<height>416</height>
		<depth>3</depth>
	</size>
	<segmented>0</segmented>
	<object>
		<name>motorbike</name>
		<pose>Unspecified</pose>
		<truncated>0</truncated>
		<difficult>0</difficult>
		<occluded>0</occluded>
		<bndbox>
			<xmin>210</xmin>
			<xmax>251</xmax>
			<ymin>217</ymin>
			<ymax>281</ymax>
		</bndbox>
	</object>
	<object>
		<name>car</name>
		<pose>Unspecified</pose>
		<truncated>0</truncated>
		<difficult>0</difficult>
		<occluded>0</occluded>
		<bndbox>
			<xmin>259</xmin>
			<xmax>293</xmax>
			<ymin>133</ymin>
			<ymax>174</ymax>
		</bndbox>
	</object>
	<object>
		<name>motorbike</name>
		<pose>Unspecified</pose>
		<truncated>0</truncated>
		<difficult>0</difficult>
		<occluded>0</occluded>
		<bndbox>
			<xmin>213</xmin>
			<xmax>235</xmax>
			<ymin>159</ymin>
			<ymax>194</ymax>
		</bndbox>
	</object>
</annotation>
