<annotation>
	<folder></folder>
	<filename>frame_3670_jpg.rf.81a5b8b14ad5066d5541a0e7fd151688.jpg</filename>
	<path>frame_3670_jpg.rf.81a5b8b14ad5066d5541a0e7fd151688.jpg</path>
	<source>
		<database>roboflow.ai</database>
	</source>
	<size>
		<width>416</width>
		<height>416</height>
		<depth>3</depth>
	</size>
	<segmented>0</segmented>
	<object>
		<name>minitruck</name>
		<pose>Unspecified</pose>
		<truncated>0</truncated>
		<difficult>0</difficult>
		<occluded>0</occluded>
		<bndbox>
			<xmin>99</xmin>
			<xmax>197</xmax>
			<ymin>228</ymin>
			<ymax>368</ymax>
		</bndbox>
	</object>
	<object>
		<name>car</name>
		<pose>Unspecified</pose>
		<truncated>0</truncated>
		<difficult>0</difficult>
		<occluded>0</occluded>
		<bndbox>
			<xmin>171</xmin>
			<xmax>214</xmax>
			<ymin>199</ymin>
			<ymax>268</ymax>
		</bndbox>
	</object>
	<object>
		<name>car</name>
		<pose>Unspecified</pose>
		<truncated>0</truncated>
		<difficult>0</difficult>
		<occluded>0</occluded>
		<bndbox>
			<xmin>139</xmin>
			<xmax>171</xmax>
			<ymin>178</ymin>
			<ymax>235</ymax>
		</bndbox>
	</object>
	<object>
		<name>motorbike</name>
		<pose>Unspecified</pose>
		<truncated>0</truncated>
		<difficult>0</difficult>
		<occluded>0</occluded>
		<bndbox>
			<xmin>216</xmin>
			<xmax>235</xmax>
			<ymin>170</ymin>
			<ymax>206</ymax>
		</bndbox>
	</object>
</annotation>
