<annotation>
	<folder></folder>
	<filename>frame_3660_jpg.rf.4e5d955c80455f362e03a7d51b6e747e.jpg</filename>
	<path>frame_3660_jpg.rf.4e5d955c80455f362e03a7d51b6e747e.jpg</path>
	<source>
		<database>roboflow.ai</database>
	</source>
	<size>
		<width>416</width>
		<height>416</height>
		<depth>3</depth>
	</size>
	<segmented>0</segmented>
	<object>
		<name>motorbike</name>
		<pose>Unspecified</pose>
		<truncated>0</truncated>
		<difficult>0</difficult>
		<occluded>0</occluded>
		<bndbox>
			<xmin>123</xmin>
			<xmax>151</xmax>
			<ymin>271</ymin>
			<ymax>346</ymax>
		</bndbox>
	</object>
	<object>
		<name>motorbike</name>
		<pose>Unspecified</pose>
		<truncated>0</truncated>
		<difficult>0</difficult>
		<occluded>0</occluded>
		<bndbox>
			<xmin>167</xmin>
			<xmax>186</xmax>
			<ymin>180</ymin>
			<ymax>215</ymax>
		</bndbox>
	</object>
	<object>
		<name>motorbike</name>
		<pose>Unspecified</pose>
		<truncated>0</truncated>
		<difficult>0</difficult>
		<occluded>0</occluded>
		<bndbox>
			<xmin>147</xmin>
			<xmax>165</xmax>
			<ymin>171</ymin>
			<ymax>208</ymax>
		</bndbox>
	</object>
</annotation>
