<annotation>
	<folder></folder>
	<filename>frame_3626_jpg.rf.3efc04d9f1aeeedbf3bcb71408354fdd.jpg</filename>
	<path>frame_3626_jpg.rf.3efc04d9f1aeeedbf3bcb71408354fdd.jpg</path>
	<source>
		<database>roboflow.ai</database>
	</source>
	<size>
		<width>416</width>
		<height>416</height>
		<depth>3</depth>
	</size>
	<segmented>0</segmented>
	<object>
		<name>car</name>
		<pose>Unspecified</pose>
		<truncated>0</truncated>
		<difficult>0</difficult>
		<occluded>0</occluded>
		<bndbox>
			<xmin>125</xmin>
			<xmax>178</xmax>
			<ymin>241</ymin>
			<ymax>322</ymax>
		</bndbox>
	</object>
	<object>
		<name>car</name>
		<pose>Unspecified</pose>
		<truncated>0</truncated>
		<difficult>0</difficult>
		<occluded>0</occluded>
		<bndbox>
			<xmin>176</xmin>
			<xmax>220</xmax>
			<ymin>213</ymin>
			<ymax>284</ymax>
		</bndbox>
	</object>
	<object>
		<name>car</name>
		<pose>Unspecified</pose>
		<truncated>0</truncated>
		<difficult>0</difficult>
		<occluded>0</occluded>
		<bndbox>
			<xmin>209</xmin>
			<xmax>266</xmax>
			<ymin>243</ymin>
			<ymax>339</ymax>
		</bndbox>
	</object>
</annotation>
