<annotation>
	<folder></folder>
	<filename>frame_3670_jpg.rf.bc35e9647607b605865ddcfa91ced65d.jpg</filename>
	<path>frame_3670_jpg.rf.bc35e9647607b605865ddcfa91ced65d.jpg</path>
	<source>
		<database>roboflow.ai</database>
	</source>
	<size>
		<width>416</width>
		<height>416</height>
		<depth>3</depth>
	</size>
	<segmented>0</segmented>
	<object>
		<name>minitruck</name>
		<pose>Unspecified</pose>
		<truncated>0</truncated>
		<difficult>0</difficult>
		<occluded>0</occluded>
		<bndbox>
			<xmin>100</xmin>
			<xmax>193</xmax>
			<ymin>213</ymin>
			<ymax>352</ymax>
		</bndbox>
	</object>
	<object>
		<name>car</name>
		<pose>Unspecified</pose>
		<truncated>0</truncated>
		<difficult>0</difficult>
		<occluded>0</occluded>
		<bndbox>
			<xmin>172</xmin>
			<xmax>211</xmax>
			<ymin>194</ymin>
			<ymax>264</ymax>
		</bndbox>
	</object>
	<object>
		<name>car</name>
		<pose>Unspecified</pose>
		<truncated>0</truncated>
		<difficult>0</difficult>
		<occluded>0</occluded>
		<bndbox>
			<xmin>139</xmin>
			<xmax>168</xmax>
			<ymin>167</ymin>
			<ymax>225</ymax>
		</bndbox>
	</object>
	<object>
		<name>motorbike</name>
		<pose>Unspecified</pose>
		<truncated>0</truncated>
		<difficult>0</difficult>
		<occluded>0</occluded>
		<bndbox>
			<xmin>219</xmin>
			<xmax>235</xmax>
			<ymin>174</ymin>
			<ymax>211</ymax>
		</bndbox>
	</object>
</annotation>
