<annotation>
	<folder></folder>
	<filename>frame_3676_jpg.rf.80ee2ebb81f12ef6ebc1d0c4122b501b.jpg</filename>
	<path>frame_3676_jpg.rf.80ee2ebb81f12ef6ebc1d0c4122b501b.jpg</path>
	<source>
		<database>roboflow.ai</database>
	</source>
	<size>
		<width>416</width>
		<height>416</height>
		<depth>3</depth>
	</size>
	<segmented>0</segmented>
	<object>
		<name>car</name>
		<pose>Unspecified</pose>
		<truncated>0</truncated>
		<difficult>0</difficult>
		<occluded>0</occluded>
		<bndbox>
			<xmin>143</xmin>
			<xmax>196</xmax>
			<ymin>238</ymin>
			<ymax>337</ymax>
		</bndbox>
	</object>
	<object>
		<name>motorbike</name>
		<pose>Unspecified</pose>
		<truncated>0</truncated>
		<difficult>0</difficult>
		<occluded>0</occluded>
		<bndbox>
			<xmin>209</xmin>
			<xmax>242</xmax>
			<ymin>210</ymin>
			<ymax>278</ymax>
		</bndbox>
	</object>
	<object>
		<name>motorbike</name>
		<pose>Unspecified</pose>
		<truncated>0</truncated>
		<difficult>0</difficult>
		<occluded>0</occluded>
		<bndbox>
			<xmin>244</xmin>
			<xmax>264</xmax>
			<ymin>170</ymin>
			<ymax>221</ymax>
		</bndbox>
	</object>
</annotation>
