<annotation>
	<folder></folder>
	<filename>frame_3630_jpg.rf.6b028bc84c58549f7222c328adeed961.jpg</filename>
	<path>frame_3630_jpg.rf.6b028bc84c58549f7222c328adeed961.jpg</path>
	<source>
		<database>roboflow.ai</database>
	</source>
	<size>
		<width>416</width>
		<height>416</height>
		<depth>3</depth>
	</size>
	<segmented>0</segmented>
	<object>
		<name>motorbike</name>
		<pose>Unspecified</pose>
		<truncated>0</truncated>
		<difficult>0</difficult>
		<occluded>0</occluded>
		<bndbox>
			<xmin>175</xmin>
			<xmax>193</xmax>
			<ymin>166</ymin>
			<ymax>204</ymax>
		</bndbox>
	</object>
	<object>
		<name>motorbike</name>
		<pose>Unspecified</pose>
		<truncated>0</truncated>
		<difficult>0</difficult>
		<occluded>0</occluded>
		<bndbox>
			<xmin>150</xmin>
			<xmax>171</xmax>
			<ymin>183</ymin>
			<ymax>224</ymax>
		</bndbox>
	</object>
</annotation>
