<annotation>
	<folder></folder>
	<filename>frame_3694_jpg.rf.73d2e55437b3c6043d3654e85a0b8519.jpg</filename>
	<path>frame_3694_jpg.rf.73d2e55437b3c6043d3654e85a0b8519.jpg</path>
	<source>
		<database>roboflow.ai</database>
	</source>
	<size>
		<width>416</width>
		<height>416</height>
		<depth>3</depth>
	</size>
	<segmented>0</segmented>
	<object>
		<name>minitruck</name>
		<pose>Unspecified</pose>
		<truncated>0</truncated>
		<difficult>0</difficult>
		<occluded>0</occluded>
		<bndbox>
			<xmin>50</xmin>
			<xmax>153</xmax>
			<ymin>182</ymin>
			<ymax>355</ymax>
		</bndbox>
	</object>
	<object>
		<name>car</name>
		<pose>Unspecified</pose>
		<truncated>0</truncated>
		<difficult>0</difficult>
		<occluded>0</occluded>
		<bndbox>
			<xmin>167</xmin>
			<xmax>201</xmax>
			<ymin>155</ymin>
			<ymax>214</ymax>
		</bndbox>
	</object>
	<object>
		<name>motorbike</name>
		<pose>Unspecified</pose>
		<truncated>0</truncated>
		<difficult>0</difficult>
		<occluded>0</occluded>
		<bndbox>
			<xmin>243</xmin>
			<xmax>277</xmax>
			<ymin>215</ymin>
			<ymax>280</ymax>
		</bndbox>
	</object>
</annotation>
