<annotation>
	<folder></folder>
	<filename>frame_3699_jpg.rf.699d8f4b4360a19dd4a36bb4f563ba21.jpg</filename>
	<path>frame_3699_jpg.rf.699d8f4b4360a19dd4a36bb4f563ba21.jpg</path>
	<source>
		<database>roboflow.ai</database>
	</source>
	<size>
		<width>416</width>
		<height>416</height>
		<depth>3</depth>
	</size>
	<segmented>0</segmented>
	<object>
		<name>car</name>
		<pose>Unspecified</pose>
		<truncated>0</truncated>
		<difficult>0</difficult>
		<occluded>0</occluded>
		<bndbox>
			<xmin>169</xmin>
			<xmax>206</xmax>
			<ymin>179</ymin>
			<ymax>258</ymax>
		</bndbox>
	</object>
	<object>
		<name>car</name>
		<pose>Unspecified</pose>
		<truncated>0</truncated>
		<difficult>0</difficult>
		<occluded>0</occluded>
		<bndbox>
			<xmin>164</xmin>
			<xmax>199</xmax>
			<ymin>154</ymin>
			<ymax>203</ymax>
		</bndbox>
	</object>
</annotation>
