<annotation>
	<folder></folder>
	<filename>frame_3626_jpg.rf.54f94f011f4b28fb311c8d80130d4494.jpg</filename>
	<path>frame_3626_jpg.rf.54f94f011f4b28fb311c8d80130d4494.jpg</path>
	<source>
		<database>roboflow.ai</database>
	</source>
	<size>
		<width>416</width>
		<height>416</height>
		<depth>3</depth>
	</size>
	<segmented>0</segmented>
	<object>
		<name>car</name>
		<pose>Unspecified</pose>
		<truncated>0</truncated>
		<difficult>0</difficult>
		<occluded>0</occluded>
		<bndbox>
			<xmin>238</xmin>
			<xmax>291</xmax>
			<ymin>239</ymin>
			<ymax>315</ymax>
		</bndbox>
	</object>
	<object>
		<name>car</name>
		<pose>Unspecified</pose>
		<truncated>0</truncated>
		<difficult>0</difficult>
		<occluded>0</occluded>
		<bndbox>
			<xmin>197</xmin>
			<xmax>241</xmax>
			<ymin>214</ymin>
			<ymax>281</ymax>
		</bndbox>
	</object>
	<object>
		<name>car</name>
		<pose>Unspecified</pose>
		<truncated>0</truncated>
		<difficult>0</difficult>
		<occluded>0</occluded>
		<bndbox>
			<xmin>151</xmin>
			<xmax>208</xmax>
			<ymin>248</ymin>
			<ymax>338</ymax>
		</bndbox>
	</object>
</annotation>
