<annotation>
	<folder></folder>
	<filename>frame_3675_jpg.rf.2d0ba9e8c3375bc5c23ef20e29fee0ee.jpg</filename>
	<path>frame_3675_jpg.rf.2d0ba9e8c3375bc5c23ef20e29fee0ee.jpg</path>
	<source>
		<database>roboflow.ai</database>
	</source>
	<size>
		<width>416</width>
		<height>416</height>
		<depth>3</depth>
	</size>
	<segmented>0</segmented>
	<object>
		<name>motorbike</name>
		<pose>Unspecified</pose>
		<truncated>0</truncated>
		<difficult>0</difficult>
		<occluded>0</occluded>
		<bndbox>
			<xmin>159</xmin>
			<xmax>192</xmax>
			<ymin>273</ymin>
			<ymax>346</ymax>
		</bndbox>
	</object>
	<object>
		<name>motorbike</name>
		<pose>Unspecified</pose>
		<truncated>0</truncated>
		<difficult>0</difficult>
		<occluded>0</occluded>
		<bndbox>
			<xmin>168</xmin>
			<xmax>188</xmax>
			<ymin>184</ymin>
			<ymax>232</ymax>
		</bndbox>
	</object>
	<object>
		<name>car</name>
		<pose>Unspecified</pose>
		<truncated>0</truncated>
		<difficult>0</difficult>
		<occluded>0</occluded>
		<bndbox>
			<xmin>248</xmin>
			<xmax>290</xmax>
			<ymin>167</ymin>
			<ymax>239</ymax>
		</bndbox>
	</object>
</annotation>
