<annotation>
	<folder></folder>
	<filename>frame_3627_jpg.rf.e16e6c20d8694aa1044f0b59b494b114.jpg</filename>
	<path>frame_3627_jpg.rf.e16e6c20d8694aa1044f0b59b494b114.jpg</path>
	<source>
		<database>roboflow.ai</database>
	</source>
	<size>
		<width>416</width>
		<height>416</height>
		<depth>3</depth>
	</size>
	<segmented>0</segmented>
	<object>
		<name>car</name>
		<pose>Unspecified</pose>
		<truncated>0</truncated>
		<difficult>0</difficult>
		<occluded>0</occluded>
		<bndbox>
			<xmin>223</xmin>
			<xmax>316</xmax>
			<ymin>275</ymin>
			<ymax>414</ymax>
		</bndbox>
	</object>
	<object>
		<name>motorbike</name>
		<pose>Unspecified</pose>
		<truncated>0</truncated>
		<difficult>0</difficult>
		<occluded>0</occluded>
		<bndbox>
			<xmin>104</xmin>
			<xmax>139</xmax>
			<ymin>249</ymin>
			<ymax>333</ymax>
		</bndbox>
	</object>
</annotation>
