<annotation>
	<folder></folder>
	<filename>frame_3660_jpg.rf.d548d28686c7699724bdcbc07eb51ccc.jpg</filename>
	<path>frame_3660_jpg.rf.d548d28686c7699724bdcbc07eb51ccc.jpg</path>
	<source>
		<database>roboflow.ai</database>
	</source>
	<size>
		<width>416</width>
		<height>416</height>
		<depth>3</depth>
	</size>
	<segmented>0</segmented>
	<object>
		<name>motorbike</name>
		<pose>Unspecified</pose>
		<truncated>0</truncated>
		<difficult>0</difficult>
		<occluded>0</occluded>
		<bndbox>
			<xmin>234</xmin>
			<xmax>272</xmax>
			<ymin>279</ymin>
			<ymax>371</ymax>
		</bndbox>
	</object>
	<object>
		<name>motorbike</name>
		<pose>Unspecified</pose>
		<truncated>0</truncated>
		<difficult>0</difficult>
		<occluded>0</occluded>
		<bndbox>
			<xmin>230</xmin>
			<xmax>254</xmax>
			<ymin>188</ymin>
			<ymax>232</ymax>
		</bndbox>
	</object>
	<object>
		<name>motorbike</name>
		<pose>Unspecified</pose>
		<truncated>0</truncated>
		<difficult>0</difficult>
		<occluded>0</occluded>
		<bndbox>
			<xmin>254</xmin>
			<xmax>276</xmax>
			<ymin>188</ymin>
			<ymax>234</ymax>
		</bndbox>
	</object>
</annotation>
