<annotation>
	<folder></folder>
	<filename>frame_3627_jpg.rf.72fc6731435ff7412907bcf05bf458a0.jpg</filename>
	<path>frame_3627_jpg.rf.72fc6731435ff7412907bcf05bf458a0.jpg</path>
	<source>
		<database>roboflow.ai</database>
	</source>
	<size>
		<width>416</width>
		<height>416</height>
		<depth>3</depth>
	</size>
	<segmented>0</segmented>
	<object>
		<name>car</name>
		<pose>Unspecified</pose>
		<truncated>0</truncated>
		<difficult>0</difficult>
		<occluded>0</occluded>
		<bndbox>
			<xmin>16</xmin>
			<xmax>130</xmax>
			<ymin>277</ymin>
			<ymax>415</ymax>
		</bndbox>
	</object>
	<object>
		<name>motorbike</name>
		<pose>Unspecified</pose>
		<truncated>0</truncated>
		<difficult>0</difficult>
		<occluded>0</occluded>
		<bndbox>
			<xmin>230</xmin>
			<xmax>273</xmax>
			<ymin>250</ymin>
			<ymax>329</ymax>
		</bndbox>
	</object>
</annotation>
