<annotation>
	<folder></folder>
	<filename>frame_3699_jpg.rf.985edd936fae64f0917bf500c26ab770.jpg</filename>
	<path>frame_3699_jpg.rf.985edd936fae64f0917bf500c26ab770.jpg</path>
	<source>
		<database>roboflow.ai</database>
	</source>
	<size>
		<width>416</width>
		<height>416</height>
		<depth>3</depth>
	</size>
	<segmented>0</segmented>
	<object>
		<name>car</name>
		<pose>Unspecified</pose>
		<truncated>0</truncated>
		<difficult>0</difficult>
		<occluded>0</occluded>
		<bndbox>
			<xmin>204</xmin>
			<xmax>250</xmax>
			<ymin>180</ymin>
			<ymax>261</ymax>
		</bndbox>
	</object>
	<object>
		<name>car</name>
		<pose>Unspecified</pose>
		<truncated>0</truncated>
		<difficult>0</difficult>
		<occluded>0</occluded>
		<bndbox>
			<xmin>225</xmin>
			<xmax>263</xmax>
			<ymin>160</ymin>
			<ymax>211</ymax>
		</bndbox>
	</object>
</annotation>
