<annotation>
	<folder></folder>
	<filename>frame_3629_jpg.rf.2fe8f1c8e4e46586c0eea9dc9b7d4bcf.jpg</filename>
	<path>frame_3629_jpg.rf.2fe8f1c8e4e46586c0eea9dc9b7d4bcf.jpg</path>
	<source>
		<database>roboflow.ai</database>
	</source>
	<size>
		<width>416</width>
		<height>416</height>
		<depth>3</depth>
	</size>
	<segmented>0</segmented>
	<object>
		<name>car</name>
		<pose>Unspecified</pose>
		<truncated>0</truncated>
		<difficult>0</difficult>
		<occluded>0</occluded>
		<bndbox>
			<xmin>209</xmin>
			<xmax>243</xmax>
			<ymin>197</ymin>
			<ymax>249</ymax>
		</bndbox>
	</object>
	<object>
		<name>motorbike</name>
		<pose>Unspecified</pose>
		<truncated>0</truncated>
		<difficult>0</difficult>
		<occluded>0</occluded>
		<bndbox>
			<xmin>192</xmin>
			<xmax>219</xmax>
			<ymin>254</ymin>
			<ymax>324</ymax>
		</bndbox>
	</object>
</annotation>
