<annotation>
	<folder></folder>
	<filename>frame_3665_jpg.rf.49bee08520a4a3bfdd0aab6e843b059b.jpg</filename>
	<path>frame_3665_jpg.rf.49bee08520a4a3bfdd0aab6e843b059b.jpg</path>
	<source>
		<database>roboflow.ai</database>
	</source>
	<size>
		<width>416</width>
		<height>416</height>
		<depth>3</depth>
	</size>
	<segmented>0</segmented>
	<object>
		<name>minitruck</name>
		<pose>Unspecified</pose>
		<truncated>0</truncated>
		<difficult>0</difficult>
		<occluded>0</occluded>
		<bndbox>
			<xmin>267</xmin>
			<xmax>308</xmax>
			<ymin>203</ymin>
			<ymax>304</ymax>
		</bndbox>
	</object>
	<object>
		<name>motorbike</name>
		<pose>Unspecified</pose>
		<truncated>0</truncated>
		<difficult>0</difficult>
		<occluded>0</occluded>
		<bndbox>
			<xmin>172</xmin>
			<xmax>188</xmax>
			<ymin>179</ymin>
			<ymax>223</ymax>
		</bndbox>
	</object>
	<object>
		<name>motorbike</name>
		<pose>Unspecified</pose>
		<truncated>0</truncated>
		<difficult>0</difficult>
		<occluded>0</occluded>
		<bndbox>
			<xmin>224</xmin>
			<xmax>240</xmax>
			<ymin>180</ymin>
			<ymax>213</ymax>
		</bndbox>
	</object>
	<object>
		<name>car</name>
		<pose>Unspecified</pose>
		<truncated>0</truncated>
		<difficult>0</difficult>
		<occluded>0</occluded>
		<bndbox>
			<xmin>227</xmin>
			<xmax>251</xmax>
			<ymin>160</ymin>
			<ymax>194</ymax>
		</bndbox>
	</object>
</annotation>
