<annotation>
	<folder></folder>
	<filename>frame_3668_jpg.rf.f8c282facffcfe0d052d906aeea0de7a.jpg</filename>
	<path>frame_3668_jpg.rf.f8c282facffcfe0d052d906aeea0de7a.jpg</path>
	<source>
		<database>roboflow.ai</database>
	</source>
	<size>
		<width>416</width>
		<height>416</height>
		<depth>3</depth>
	</size>
	<segmented>0</segmented>
	<object>
		<name>car</name>
		<pose>Unspecified</pose>
		<truncated>0</truncated>
		<difficult>0</difficult>
		<occluded>0</occluded>
		<bndbox>
			<xmin>132</xmin>
			<xmax>206</xmax>
			<ymin>227</ymin>
			<ymax>343</ymax>
		</bndbox>
	</object>
	<object>
		<name>car</name>
		<pose>Unspecified</pose>
		<truncated>0</truncated>
		<difficult>0</difficult>
		<occluded>0</occluded>
		<bndbox>
			<xmin>172</xmin>
			<xmax>210</xmax>
			<ymin>151</ymin>
			<ymax>208</ymax>
		</bndbox>
	</object>
</annotation>
