<annotation>
	<folder></folder>
	<filename>frame_3629_jpg.rf.64987d080d6aa133e7af6d2c7961d46b.jpg</filename>
	<path>frame_3629_jpg.rf.64987d080d6aa133e7af6d2c7961d46b.jpg</path>
	<source>
		<database>roboflow.ai</database>
	</source>
	<size>
		<width>416</width>
		<height>416</height>
		<depth>3</depth>
	</size>
	<segmented>0</segmented>
	<object>
		<name>car</name>
		<pose>Unspecified</pose>
		<truncated>0</truncated>
		<difficult>0</difficult>
		<occluded>0</occluded>
		<bndbox>
			<xmin>204</xmin>
			<xmax>243</xmax>
			<ymin>189</ymin>
			<ymax>249</ymax>
		</bndbox>
	</object>
	<object>
		<name>motorbike</name>
		<pose>Unspecified</pose>
		<truncated>0</truncated>
		<difficult>0</difficult>
		<occluded>0</occluded>
		<bndbox>
			<xmin>176</xmin>
			<xmax>208</xmax>
			<ymin>250</ymin>
			<ymax>329</ymax>
		</bndbox>
	</object>
</annotation>
