<annotation>
	<folder></folder>
	<filename>frame_3338_jpg.rf.e83512f551f5687c00c872ca3ce06d7d.jpg</filename>
	<path>frame_3338_jpg.rf.e83512f551f5687c00c872ca3ce06d7d.jpg</path>
	<source>
		<database>roboflow.ai</database>
	</source>
	<size>
		<width>416</width>
		<height>416</height>
		<depth>3</depth>
	</size>
	<segmented>0</segmented>
	<object>
		<name>motorbike</name>
		<pose>Unspecified</pose>
		<truncated>0</truncated>
		<difficult>0</difficult>
		<occluded>0</occluded>
		<bndbox>
			<xmin>171</xmin>
			<xmax>217</xmax>
			<ymin>149</ymin>
			<ymax>249</ymax>
		</bndbox>
	</object>
</annotation>
