<annotation>
	<folder></folder>
	<filename>frame_3286_jpg.rf.e131f5fbe97234048a590822770db22b.jpg</filename>
	<path>frame_3286_jpg.rf.e131f5fbe97234048a590822770db22b.jpg</path>
	<source>
		<database>roboflow.ai</database>
	</source>
	<size>
		<width>416</width>
		<height>416</height>
		<depth>3</depth>
	</size>
	<segmented>0</segmented>
	<object>
		<name>car</name>
		<pose>Unspecified</pose>
		<truncated>0</truncated>
		<difficult>0</difficult>
		<occluded>0</occluded>
		<bndbox>
			<xmin>267</xmin>
			<xmax>415</xmax>
			<ymin>114</ymin>
			<ymax>328</ymax>
		</bndbox>
	</object>
	<object>
		<name>minitruck</name>
		<pose>Unspecified</pose>
		<truncated>0</truncated>
		<difficult>0</difficult>
		<occluded>0</occluded>
		<bndbox>
			<xmin>138</xmin>
			<xmax>264</xmax>
			<ymin>103</ymin>
			<ymax>282</ymax>
		</bndbox>
	</object>
	<object>
		<name>minitruck</name>
		<pose>Unspecified</pose>
		<truncated>0</truncated>
		<difficult>0</difficult>
		<occluded>0</occluded>
		<bndbox>
			<xmin>221</xmin>
			<xmax>346</xmax>
			<ymin>104</ymin>
			<ymax>268</ymax>
		</bndbox>
	</object>
</annotation>
