<annotation>
	<folder></folder>
	<filename>frame_3365_jpg.rf.ed643a19f27aab40f43e7f75914eb688.jpg</filename>
	<path>frame_3365_jpg.rf.ed643a19f27aab40f43e7f75914eb688.jpg</path>
	<source>
		<database>roboflow.ai</database>
	</source>
	<size>
		<width>416</width>
		<height>416</height>
		<depth>3</depth>
	</size>
	<segmented>0</segmented>
	<object>
		<name>auto</name>
		<pose>Unspecified</pose>
		<truncated>0</truncated>
		<difficult>0</difficult>
		<occluded>0</occluded>
		<bndbox>
			<xmin>213</xmin>
			<xmax>294</xmax>
			<ymin>101</ymin>
			<ymax>199</ymax>
		</bndbox>
	</object>
	<object>
		<name>minitruck</name>
		<pose>Unspecified</pose>
		<truncated>0</truncated>
		<difficult>0</difficult>
		<occluded>0</occluded>
		<bndbox>
			<xmin>124</xmin>
			<xmax>189</xmax>
			<ymin>65</ymin>
			<ymax>155</ymax>
		</bndbox>
	</object>
	<object>
		<name>motorbike</name>
		<pose>Unspecified</pose>
		<truncated>0</truncated>
		<difficult>0</difficult>
		<occluded>0</occluded>
		<bndbox>
			<xmin>83</xmin>
			<xmax>136</xmax>
			<ymin>93</ymin>
			<ymax>176</ymax>
		</bndbox>
	</object>
</annotation>
