<annotation>
	<folder></folder>
	<filename>frame_3357_jpg.rf.18ee7c062fb540dcf7d0268514559287.jpg</filename>
	<path>frame_3357_jpg.rf.18ee7c062fb540dcf7d0268514559287.jpg</path>
	<source>
		<database>roboflow.ai</database>
	</source>
	<size>
		<width>416</width>
		<height>416</height>
		<depth>3</depth>
	</size>
	<segmented>0</segmented>
	<object>
		<name>auto</name>
		<pose>Unspecified</pose>
		<truncated>0</truncated>
		<difficult>0</difficult>
		<occluded>0</occluded>
		<bndbox>
			<xmin>130</xmin>
			<xmax>159</xmax>
			<ymin>210</ymin>
			<ymax>251</ymax>
		</bndbox>
	</object>
	<object>
		<name>auto</name>
		<pose>Unspecified</pose>
		<truncated>0</truncated>
		<difficult>0</difficult>
		<occluded>0</occluded>
		<bndbox>
			<xmin>150</xmin>
			<xmax>196</xmax>
			<ymin>196</ymin>
			<ymax>269</ymax>
		</bndbox>
	</object>
	<object>
		<name>car</name>
		<pose>Unspecified</pose>
		<truncated>0</truncated>
		<difficult>0</difficult>
		<occluded>0</occluded>
		<bndbox>
			<xmin>218</xmin>
			<xmax>328</xmax>
			<ymin>192</ymin>
			<ymax>286</ymax>
		</bndbox>
	</object>
</annotation>
