<annotation>
	<folder></folder>
	<filename>frame_3287_jpg.rf.9055dded75503422d8f6ad84d16d2a6b.jpg</filename>
	<path>frame_3287_jpg.rf.9055dded75503422d8f6ad84d16d2a6b.jpg</path>
	<source>
		<database>roboflow.ai</database>
	</source>
	<size>
		<width>416</width>
		<height>416</height>
		<depth>3</depth>
	</size>
	<segmented>0</segmented>
	<object>
		<name>riksha</name>
		<pose>Unspecified</pose>
		<truncated>0</truncated>
		<difficult>0</difficult>
		<occluded>0</occluded>
		<bndbox>
			<xmin>91</xmin>
			<xmax>259</xmax>
			<ymin>95</ymin>
			<ymax>368</ymax>
		</bndbox>
	</object>
	<object>
		<name>bicycle</name>
		<pose>Unspecified</pose>
		<truncated>0</truncated>
		<difficult>0</difficult>
		<occluded>0</occluded>
		<bndbox>
			<xmin>223</xmin>
			<xmax>320</xmax>
			<ymin>44</ymin>
			<ymax>343</ymax>
		</bndbox>
	</object>
	<object>
		<name>motorbike</name>
		<pose>Unspecified</pose>
		<truncated>0</truncated>
		<difficult>0</difficult>
		<occluded>0</occluded>
		<bndbox>
			<xmin>62</xmin>
			<xmax>108</xmax>
			<ymin>169</ymin>
			<ymax>265</ymax>
		</bndbox>
	</object>
	<object>
		<name>minitruck</name>
		<pose>Unspecified</pose>
		<truncated>0</truncated>
		<difficult>0</difficult>
		<occluded>0</occluded>
		<bndbox>
			<xmin>240</xmin>
			<xmax>415</xmax>
			<ymin>0</ymin>
			<ymax>337</ymax>
		</bndbox>
	</object>
</annotation>
