<annotation>
	<folder></folder>
	<filename>frame_3295_jpg.rf.597135373e510fbd44000aae4bbd4f2c.jpg</filename>
	<path>frame_3295_jpg.rf.597135373e510fbd44000aae4bbd4f2c.jpg</path>
	<source>
		<database>roboflow.ai</database>
	</source>
	<size>
		<width>416</width>
		<height>416</height>
		<depth>3</depth>
	</size>
	<segmented>0</segmented>
	<object>
		<name>bus</name>
		<pose>Unspecified</pose>
		<truncated>0</truncated>
		<difficult>0</difficult>
		<occluded>0</occluded>
		<bndbox>
			<xmin>298</xmin>
			<xmax>415</xmax>
			<ymin>188</ymin>
			<ymax>395</ymax>
		</bndbox>
	</object>
	<object>
		<name>bus</name>
		<pose>Unspecified</pose>
		<truncated>0</truncated>
		<difficult>0</difficult>
		<occluded>0</occluded>
		<bndbox>
			<xmin>140</xmin>
			<xmax>251</xmax>
			<ymin>172</ymin>
			<ymax>377</ymax>
		</bndbox>
	</object>
	<object>
		<name>bus</name>
		<pose>Unspecified</pose>
		<truncated>0</truncated>
		<difficult>0</difficult>
		<occluded>0</occluded>
		<bndbox>
			<xmin>247</xmin>
			<xmax>388</xmax>
			<ymin>208</ymin>
			<ymax>415</ymax>
		</bndbox>
	</object>
	<object>
		<name>bus</name>
		<pose>Unspecified</pose>
		<truncated>0</truncated>
		<difficult>0</difficult>
		<occluded>0</occluded>
		<bndbox>
			<xmin>60</xmin>
			<xmax>171</xmax>
			<ymin>198</ymin>
			<ymax>412</ymax>
		</bndbox>
	</object>
</annotation>
