<annotation>
	<folder></folder>
	<filename>frame_3359_jpg.rf.770d1e942b2e44d00ae3e42cf1232bb1.jpg</filename>
	<path>frame_3359_jpg.rf.770d1e942b2e44d00ae3e42cf1232bb1.jpg</path>
	<source>
		<database>roboflow.ai</database>
	</source>
	<size>
		<width>416</width>
		<height>416</height>
		<depth>3</depth>
	</size>
	<segmented>0</segmented>
	<object>
		<name>car</name>
		<pose>Unspecified</pose>
		<truncated>0</truncated>
		<difficult>0</difficult>
		<occluded>0</occluded>
		<bndbox>
			<xmin>234</xmin>
			<xmax>314</xmax>
			<ymin>145</ymin>
			<ymax>265</ymax>
		</bndbox>
	</object>
	<object>
		<name>motorbike</name>
		<pose>Unspecified</pose>
		<truncated>0</truncated>
		<difficult>0</difficult>
		<occluded>0</occluded>
		<bndbox>
			<xmin>330</xmin>
			<xmax>385</xmax>
			<ymin>165</ymin>
			<ymax>267</ymax>
		</bndbox>
	</object>
	<object>
		<name>car</name>
		<pose>Unspecified</pose>
		<truncated>0</truncated>
		<difficult>0</difficult>
		<occluded>0</occluded>
		<bndbox>
			<xmin>62</xmin>
			<xmax>100</xmax>
			<ymin>136</ymin>
			<ymax>180</ymax>
		</bndbox>
	</object>
	<object>
		<name>auto</name>
		<pose>Unspecified</pose>
		<truncated>0</truncated>
		<difficult>0</difficult>
		<occluded>0</occluded>
		<bndbox>
			<xmin>155</xmin>
			<xmax>178</xmax>
			<ymin>143</ymin>
			<ymax>192</ymax>
		</bndbox>
	</object>
</annotation>
