<annotation>
	<folder></folder>
	<filename>frame_3320_jpg.rf.f3e56a9c137d34a5331e7b7a8f653438.jpg</filename>
	<path>frame_3320_jpg.rf.f3e56a9c137d34a5331e7b7a8f653438.jpg</path>
	<source>
		<database>roboflow.ai</database>
	</source>
	<size>
		<width>416</width>
		<height>416</height>
		<depth>3</depth>
	</size>
	<segmented>0</segmented>
	<object>
		<name>bus</name>
		<pose>Unspecified</pose>
		<truncated>0</truncated>
		<difficult>0</difficult>
		<occluded>0</occluded>
		<bndbox>
			<xmin>214</xmin>
			<xmax>368</xmax>
			<ymin>3</ymin>
			<ymax>266</ymax>
		</bndbox>
	</object>
	<object>
		<name>motorbike</name>
		<pose>Unspecified</pose>
		<truncated>0</truncated>
		<difficult>0</difficult>
		<occluded>0</occluded>
		<bndbox>
			<xmin>208</xmin>
			<xmax>279</xmax>
			<ymin>131</ymin>
			<ymax>284</ymax>
		</bndbox>
	</object>
	<object>
		<name>riksha</name>
		<pose>Unspecified</pose>
		<truncated>0</truncated>
		<difficult>0</difficult>
		<occluded>0</occluded>
		<bndbox>
			<xmin>351</xmin>
			<xmax>415</xmax>
			<ymin>83</ymin>
			<ymax>216</ymax>
		</bndbox>
	</object>
</annotation>
