<annotation>
	<folder></folder>
	<filename>frame_3363_jpg.rf.239fa6943d1cf0f2caaafb143a910a18.jpg</filename>
	<path>frame_3363_jpg.rf.239fa6943d1cf0f2caaafb143a910a18.jpg</path>
	<source>
		<database>roboflow.ai</database>
	</source>
	<size>
		<width>416</width>
		<height>416</height>
		<depth>3</depth>
	</size>
	<segmented>0</segmented>
	<object>
		<name>car</name>
		<pose>Unspecified</pose>
		<truncated>0</truncated>
		<difficult>0</difficult>
		<occluded>0</occluded>
		<bndbox>
			<xmin>55</xmin>
			<xmax>178</xmax>
			<ymin>71</ymin>
			<ymax>182</ymax>
		</bndbox>
	</object>
</annotation>
