<annotation>
	<folder></folder>
	<filename>frame_3362_jpg.rf.12d6fa27d33f03af717bad3b9fb98516.jpg</filename>
	<path>frame_3362_jpg.rf.12d6fa27d33f03af717bad3b9fb98516.jpg</path>
	<source>
		<database>roboflow.ai</database>
	</source>
	<size>
		<width>416</width>
		<height>416</height>
		<depth>3</depth>
	</size>
	<segmented>0</segmented>
	<object>
		<name>auto</name>
		<pose>Unspecified</pose>
		<truncated>0</truncated>
		<difficult>0</difficult>
		<occluded>0</occluded>
		<bndbox>
			<xmin>39</xmin>
			<xmax>157</xmax>
			<ymin>128</ymin>
			<ymax>320</ymax>
		</bndbox>
	</object>
	<object>
		<name>car</name>
		<pose>Unspecified</pose>
		<truncated>0</truncated>
		<difficult>0</difficult>
		<occluded>0</occluded>
		<bndbox>
			<xmin>218</xmin>
			<xmax>328</xmax>
			<ymin>156</ymin>
			<ymax>279</ymax>
		</bndbox>
	</object>
</annotation>
