<annotation>
	<folder></folder>
	<filename>frame_3327_jpg.rf.ec7ccd94f4560c13ab1f39ce04acdaa0.jpg</filename>
	<path>frame_3327_jpg.rf.ec7ccd94f4560c13ab1f39ce04acdaa0.jpg</path>
	<source>
		<database>roboflow.ai</database>
	</source>
	<size>
		<width>416</width>
		<height>416</height>
		<depth>3</depth>
	</size>
	<segmented>0</segmented>
	<object>
		<name>motorbike</name>
		<pose>Unspecified</pose>
		<truncated>0</truncated>
		<difficult>0</difficult>
		<occluded>0</occluded>
		<bndbox>
			<xmin>44</xmin>
			<xmax>87</xmax>
			<ymin>218</ymin>
			<ymax>309</ymax>
		</bndbox>
	</object>
	<object>
		<name>motorbike</name>
		<pose>Unspecified</pose>
		<truncated>0</truncated>
		<difficult>0</difficult>
		<occluded>0</occluded>
		<bndbox>
			<xmin>108</xmin>
			<xmax>174</xmax>
			<ymin>232</ymin>
			<ymax>353</ymax>
		</bndbox>
	</object>
</annotation>
