<annotation>
	<folder></folder>
	<filename>frame_3314_jpg.rf.417a5b0f807729cbb112b2cf1ade9267.jpg</filename>
	<path>frame_3314_jpg.rf.417a5b0f807729cbb112b2cf1ade9267.jpg</path>
	<source>
		<database>roboflow.ai</database>
	</source>
	<size>
		<width>416</width>
		<height>416</height>
		<depth>3</depth>
	</size>
	<segmented>0</segmented>
	<object>
		<name>riksha</name>
		<pose>Unspecified</pose>
		<truncated>0</truncated>
		<difficult>0</difficult>
		<occluded>0</occluded>
		<bndbox>
			<xmin>145</xmin>
			<xmax>332</xmax>
			<ymin>150</ymin>
			<ymax>400</ymax>
		</bndbox>
	</object>
</annotation>
