<annotation>
	<folder></folder>
	<filename>frame_3334_jpg.rf.b2c7b769c45e3ec3b9704899d7075494.jpg</filename>
	<path>frame_3334_jpg.rf.b2c7b769c45e3ec3b9704899d7075494.jpg</path>
	<source>
		<database>roboflow.ai</database>
	</source>
	<size>
		<width>416</width>
		<height>416</height>
		<depth>3</depth>
	</size>
	<segmented>0</segmented>
	<object>
		<name>bus</name>
		<pose>Unspecified</pose>
		<truncated>0</truncated>
		<difficult>0</difficult>
		<occluded>0</occluded>
		<bndbox>
			<xmin>39</xmin>
			<xmax>293</xmax>
			<ymin>267</ymin>
			<ymax>407</ymax>
		</bndbox>
	</object>
</annotation>
