<annotation>
	<folder></folder>
	<filename>frame_3374_jpg.rf.0ea9e426c55264d28c89c3fb752a1ed1.jpg</filename>
	<path>frame_3374_jpg.rf.0ea9e426c55264d28c89c3fb752a1ed1.jpg</path>
	<source>
		<database>roboflow.ai</database>
	</source>
	<size>
		<width>416</width>
		<height>416</height>
		<depth>3</depth>
	</size>
	<segmented>0</segmented>
	<object>
		<name>motorbike</name>
		<pose>Unspecified</pose>
		<truncated>0</truncated>
		<difficult>0</difficult>
		<occluded>0</occluded>
		<bndbox>
			<xmin>144</xmin>
			<xmax>183</xmax>
			<ymin>290</ymin>
			<ymax>400</ymax>
		</bndbox>
	</object>
	<object>
		<name>auto</name>
		<pose>Unspecified</pose>
		<truncated>0</truncated>
		<difficult>0</difficult>
		<occluded>0</occluded>
		<bndbox>
			<xmin>191</xmin>
			<xmax>271</xmax>
			<ymin>253</ymin>
			<ymax>387</ymax>
		</bndbox>
	</object>
</annotation>
