<annotation>
	<folder></folder>
	<filename>frame_3296_jpg.rf.53b315d674fe76131fbc16b94ae580c8.jpg</filename>
	<path>frame_3296_jpg.rf.53b315d674fe76131fbc16b94ae580c8.jpg</path>
	<source>
		<database>roboflow.ai</database>
	</source>
	<size>
		<width>416</width>
		<height>416</height>
		<depth>3</depth>
	</size>
	<segmented>0</segmented>
	<object>
		<name>auto</name>
		<pose>Unspecified</pose>
		<truncated>0</truncated>
		<difficult>0</difficult>
		<occluded>0</occluded>
		<bndbox>
			<xmin>140</xmin>
			<xmax>207</xmax>
			<ymin>266</ymin>
			<ymax>415</ymax>
		</bndbox>
	</object>
	<object>
		<name>car</name>
		<pose>Unspecified</pose>
		<truncated>0</truncated>
		<difficult>0</difficult>
		<occluded>0</occluded>
		<bndbox>
			<xmin>23</xmin>
			<xmax>128</xmax>
			<ymin>261</ymin>
			<ymax>400</ymax>
		</bndbox>
	</object>
</annotation>
