<annotation>
	<folder></folder>
	<filename>frame_3316_jpg.rf.867c456eac780f655a553ee7d9e45377.jpg</filename>
	<path>frame_3316_jpg.rf.867c456eac780f655a553ee7d9e45377.jpg</path>
	<source>
		<database>roboflow.ai</database>
	</source>
	<size>
		<width>416</width>
		<height>416</height>
		<depth>3</depth>
	</size>
	<segmented>0</segmented>
	<object>
		<name>auto</name>
		<pose>Unspecified</pose>
		<truncated>0</truncated>
		<difficult>0</difficult>
		<occluded>0</occluded>
		<bndbox>
			<xmin>180</xmin>
			<xmax>347</xmax>
			<ymin>168</ymin>
			<ymax>380</ymax>
		</bndbox>
	</object>
	<object>
		<name>bus</name>
		<pose>Unspecified</pose>
		<truncated>0</truncated>
		<difficult>0</difficult>
		<occluded>0</occluded>
		<bndbox>
			<xmin>37</xmin>
			<xmax>238</xmax>
			<ymin>72</ymin>
			<ymax>370</ymax>
		</bndbox>
	</object>
	<object>
		<name>bicycle</name>
		<pose>Unspecified</pose>
		<truncated>0</truncated>
		<difficult>0</difficult>
		<occluded>0</occluded>
		<bndbox>
			<xmin>172</xmin>
			<xmax>216</xmax>
			<ymin>198</ymin>
			<ymax>294</ymax>
		</bndbox>
	</object>
</annotation>
