<annotation>
	<folder></folder>
	<filename>frame_3296_jpg.rf.92cd7c5e4e8f4eeffedceb27a779eac3.jpg</filename>
	<path>frame_3296_jpg.rf.92cd7c5e4e8f4eeffedceb27a779eac3.jpg</path>
	<source>
		<database>roboflow.ai</database>
	</source>
	<size>
		<width>416</width>
		<height>416</height>
		<depth>3</depth>
	</size>
	<segmented>0</segmented>
	<object>
		<name>auto</name>
		<pose>Unspecified</pose>
		<truncated>0</truncated>
		<difficult>0</difficult>
		<occluded>0</occluded>
		<bndbox>
			<xmin>223</xmin>
			<xmax>292</xmax>
			<ymin>279</ymin>
			<ymax>415</ymax>
		</bndbox>
	</object>
	<object>
		<name>car</name>
		<pose>Unspecified</pose>
		<truncated>0</truncated>
		<difficult>0</difficult>
		<occluded>0</occluded>
		<bndbox>
			<xmin>302</xmin>
			<xmax>411</xmax>
			<ymin>309</ymin>
			<ymax>415</ymax>
		</bndbox>
	</object>
</annotation>
