<annotation>
	<folder></folder>
	<filename>frame_3321_jpg.rf.7e03d2b8ba44fde1264b1182409ca937.jpg</filename>
	<path>frame_3321_jpg.rf.7e03d2b8ba44fde1264b1182409ca937.jpg</path>
	<source>
		<database>roboflow.ai</database>
	</source>
	<size>
		<width>416</width>
		<height>416</height>
		<depth>3</depth>
	</size>
	<segmented>0</segmented>
	<object>
		<name>car</name>
		<pose>Unspecified</pose>
		<truncated>0</truncated>
		<difficult>0</difficult>
		<occluded>0</occluded>
		<bndbox>
			<xmin>114</xmin>
			<xmax>186</xmax>
			<ymin>212</ymin>
			<ymax>326</ymax>
		</bndbox>
	</object>
	<object>
		<name>motorbike</name>
		<pose>Unspecified</pose>
		<truncated>0</truncated>
		<difficult>0</difficult>
		<occluded>0</occluded>
		<bndbox>
			<xmin>171</xmin>
			<xmax>215</xmax>
			<ymin>204</ymin>
			<ymax>306</ymax>
		</bndbox>
	</object>
	<object>
		<name>bus</name>
		<pose>Unspecified</pose>
		<truncated>0</truncated>
		<difficult>0</difficult>
		<occluded>0</occluded>
		<bndbox>
			<xmin>217</xmin>
			<xmax>415</xmax>
			<ymin>31</ymin>
			<ymax>289</ymax>
		</bndbox>
	</object>
</annotation>
