<annotation>
	<folder></folder>
	<filename>frame_3312_jpg.rf.f8060275eafe425c048f0f39ec6c1520.jpg</filename>
	<path>frame_3312_jpg.rf.f8060275eafe425c048f0f39ec6c1520.jpg</path>
	<source>
		<database>roboflow.ai</database>
	</source>
	<size>
		<width>416</width>
		<height>416</height>
		<depth>3</depth>
	</size>
	<segmented>0</segmented>
	<object>
		<name>bus</name>
		<pose>Unspecified</pose>
		<truncated>0</truncated>
		<difficult>0</difficult>
		<occluded>0</occluded>
		<bndbox>
			<xmin>34</xmin>
			<xmax>217</xmax>
			<ymin>98</ymin>
			<ymax>350</ymax>
		</bndbox>
	</object>
	<object>
		<name>riksha</name>
		<pose>Unspecified</pose>
		<truncated>0</truncated>
		<difficult>0</difficult>
		<occluded>0</occluded>
		<bndbox>
			<xmin>45</xmin>
			<xmax>156</xmax>
			<ymin>191</ymin>
			<ymax>402</ymax>
		</bndbox>
	</object>
</annotation>
