<annotation>
	<folder></folder>
	<filename>frame_3341_jpg.rf.a4c2d410b4eeb33894a9c4f991f38f7d.jpg</filename>
	<path>frame_3341_jpg.rf.a4c2d410b4eeb33894a9c4f991f38f7d.jpg</path>
	<source>
		<database>roboflow.ai</database>
	</source>
	<size>
		<width>416</width>
		<height>416</height>
		<depth>3</depth>
	</size>
	<segmented>0</segmented>
	<object>
		<name>van</name>
		<pose>Unspecified</pose>
		<truncated>0</truncated>
		<difficult>0</difficult>
		<occluded>0</occluded>
		<bndbox>
			<xmin>216</xmin>
			<xmax>371</xmax>
			<ymin>135</ymin>
			<ymax>386</ymax>
		</bndbox>
	</object>
	<object>
		<name>motorbike</name>
		<pose>Unspecified</pose>
		<truncated>0</truncated>
		<difficult>0</difficult>
		<occluded>0</occluded>
		<bndbox>
			<xmin>390</xmin>
			<xmax>415</xmax>
			<ymin>236</ymin>
			<ymax>363</ymax>
		</bndbox>
	</object>
</annotation>
