<annotation>
	<folder></folder>
	<filename>frame_3327_jpg.rf.42652dddb6432090287c28235d5232ff.jpg</filename>
	<path>frame_3327_jpg.rf.42652dddb6432090287c28235d5232ff.jpg</path>
	<source>
		<database>roboflow.ai</database>
	</source>
	<size>
		<width>416</width>
		<height>416</height>
		<depth>3</depth>
	</size>
	<segmented>0</segmented>
	<object>
		<name>motorbike</name>
		<pose>Unspecified</pose>
		<truncated>0</truncated>
		<difficult>0</difficult>
		<occluded>0</occluded>
		<bndbox>
			<xmin>44</xmin>
			<xmax>88</xmax>
			<ymin>241</ymin>
			<ymax>325</ymax>
		</bndbox>
	</object>
	<object>
		<name>motorbike</name>
		<pose>Unspecified</pose>
		<truncated>0</truncated>
		<difficult>0</difficult>
		<occluded>0</occluded>
		<bndbox>
			<xmin>107</xmin>
			<xmax>173</xmax>
			<ymin>246</ymin>
			<ymax>358</ymax>
		</bndbox>
	</object>
</annotation>
