<annotation>
	<folder></folder>
	<filename>frame_3339_jpg.rf.f87ce85a794ab75633ee12bb9f38ff12.jpg</filename>
	<path>frame_3339_jpg.rf.f87ce85a794ab75633ee12bb9f38ff12.jpg</path>
	<source>
		<database>roboflow.ai</database>
	</source>
	<size>
		<width>416</width>
		<height>416</height>
		<depth>3</depth>
	</size>
	<segmented>0</segmented>
	<object>
		<name>car</name>
		<pose>Unspecified</pose>
		<truncated>0</truncated>
		<difficult>0</difficult>
		<occluded>0</occluded>
		<bndbox>
			<xmin>344</xmin>
			<xmax>415</xmax>
			<ymin>188</ymin>
			<ymax>310</ymax>
		</bndbox>
	</object>
	<object>
		<name>motorbike</name>
		<pose>Unspecified</pose>
		<truncated>0</truncated>
		<difficult>0</difficult>
		<occluded>0</occluded>
		<bndbox>
			<xmin>286</xmin>
			<xmax>370</xmax>
			<ymin>168</ymin>
			<ymax>319</ymax>
		</bndbox>
	</object>
	<object>
		<name>motorbike</name>
		<pose>Unspecified</pose>
		<truncated>0</truncated>
		<difficult>0</difficult>
		<occluded>0</occluded>
		<bndbox>
			<xmin>191</xmin>
			<xmax>247</xmax>
			<ymin>141</ymin>
			<ymax>253</ymax>
		</bndbox>
	</object>
	<object>
		<name>motorbike</name>
		<pose>Unspecified</pose>
		<truncated>0</truncated>
		<difficult>0</difficult>
		<occluded>0</occluded>
		<bndbox>
			<xmin>245</xmin>
			<xmax>301</xmax>
			<ymin>153</ymin>
			<ymax>265</ymax>
		</bndbox>
	</object>
</annotation>
