<annotation>
	<folder></folder>
	<filename>frame_3362_jpg.rf.4a9ba04caaa23bc09470547dce8b3e4c.jpg</filename>
	<path>frame_3362_jpg.rf.4a9ba04caaa23bc09470547dce8b3e4c.jpg</path>
	<source>
		<database>roboflow.ai</database>
	</source>
	<size>
		<width>416</width>
		<height>416</height>
		<depth>3</depth>
	</size>
	<segmented>0</segmented>
	<object>
		<name>auto</name>
		<pose>Unspecified</pose>
		<truncated>0</truncated>
		<difficult>0</difficult>
		<occluded>0</occluded>
		<bndbox>
			<xmin>33</xmin>
			<xmax>187</xmax>
			<ymin>108</ymin>
			<ymax>339</ymax>
		</bndbox>
	</object>
	<object>
		<name>car</name>
		<pose>Unspecified</pose>
		<truncated>0</truncated>
		<difficult>0</difficult>
		<occluded>0</occluded>
		<bndbox>
			<xmin>210</xmin>
			<xmax>342</xmax>
			<ymin>141</ymin>
			<ymax>295</ymax>
		</bndbox>
	</object>
</annotation>
