<annotation>
	<folder></folder>
	<filename>frame_3289_jpg.rf.db2a658db93af805c81012cbe61f9b07.jpg</filename>
	<path>frame_3289_jpg.rf.db2a658db93af805c81012cbe61f9b07.jpg</path>
	<source>
		<database>roboflow.ai</database>
	</source>
	<size>
		<width>416</width>
		<height>416</height>
		<depth>3</depth>
	</size>
	<segmented>0</segmented>
	<object>
		<name>bicycle</name>
		<pose>Unspecified</pose>
		<truncated>0</truncated>
		<difficult>0</difficult>
		<occluded>0</occluded>
		<bndbox>
			<xmin>142</xmin>
			<xmax>280</xmax>
			<ymin>46</ymin>
			<ymax>392</ymax>
		</bndbox>
	</object>
	<object>
		<name>motorbike</name>
		<pose>Unspecified</pose>
		<truncated>0</truncated>
		<difficult>0</difficult>
		<occluded>0</occluded>
		<bndbox>
			<xmin>42</xmin>
			<xmax>154</xmax>
			<ymin>71</ymin>
			<ymax>307</ymax>
		</bndbox>
	</object>
	<object>
		<name>motorbike</name>
		<pose>Unspecified</pose>
		<truncated>0</truncated>
		<difficult>0</difficult>
		<occluded>0</occluded>
		<bndbox>
			<xmin>132</xmin>
			<xmax>218</xmax>
			<ymin>78</ymin>
			<ymax>290</ymax>
		</bndbox>
	</object>
</annotation>
