<annotation>
	<folder></folder>
	<filename>frame_3336_jpg.rf.da0257432b00e3515e417111940af5e3.jpg</filename>
	<path>frame_3336_jpg.rf.da0257432b00e3515e417111940af5e3.jpg</path>
	<source>
		<database>roboflow.ai</database>
	</source>
	<size>
		<width>416</width>
		<height>416</height>
		<depth>3</depth>
	</size>
	<segmented>0</segmented>
	<object>
		<name>car</name>
		<pose>Unspecified</pose>
		<truncated>0</truncated>
		<difficult>0</difficult>
		<occluded>0</occluded>
		<bndbox>
			<xmin>228</xmin>
			<xmax>276</xmax>
			<ymin>257</ymin>
			<ymax>326</ymax>
		</bndbox>
	</object>
</annotation>
