<annotation>
	<folder></folder>
	<filename>frame_3291_jpg.rf.ed4d606fbcb8059a02c8bd6a43304e27.jpg</filename>
	<path>frame_3291_jpg.rf.ed4d606fbcb8059a02c8bd6a43304e27.jpg</path>
	<source>
		<database>roboflow.ai</database>
	</source>
	<size>
		<width>416</width>
		<height>416</height>
		<depth>3</depth>
	</size>
	<segmented>0</segmented>
	<object>
		<name>bus</name>
		<pose>Unspecified</pose>
		<truncated>0</truncated>
		<difficult>0</difficult>
		<occluded>0</occluded>
		<bndbox>
			<xmin>0</xmin>
			<xmax>333</xmax>
			<ymin>0</ymin>
			<ymax>415</ymax>
		</bndbox>
	</object>
	<object>
		<name>motorbike</name>
		<pose>Unspecified</pose>
		<truncated>0</truncated>
		<difficult>0</difficult>
		<occluded>0</occluded>
		<bndbox>
			<xmin>298</xmin>
			<xmax>372</xmax>
			<ymin>134</ymin>
			<ymax>277</ymax>
		</bndbox>
	</object>
</annotation>
