<annotation>
	<folder></folder>
	<filename>frame_3331_jpg.rf.616dcf6091919a41e2a5af17d42a9253.jpg</filename>
	<path>frame_3331_jpg.rf.616dcf6091919a41e2a5af17d42a9253.jpg</path>
	<source>
		<database>roboflow.ai</database>
	</source>
	<size>
		<width>416</width>
		<height>416</height>
		<depth>3</depth>
	</size>
	<segmented>0</segmented>
	<object>
		<name>motorbike</name>
		<pose>Unspecified</pose>
		<truncated>0</truncated>
		<difficult>0</difficult>
		<occluded>0</occluded>
		<bndbox>
			<xmin>162</xmin>
			<xmax>199</xmax>
			<ymin>323</ymin>
			<ymax>383</ymax>
		</bndbox>
	</object>
	<object>
		<name>auto</name>
		<pose>Unspecified</pose>
		<truncated>0</truncated>
		<difficult>0</difficult>
		<occluded>0</occluded>
		<bndbox>
			<xmin>103</xmin>
			<xmax>143</xmax>
			<ymin>317</ymin>
			<ymax>385</ymax>
		</bndbox>
	</object>
</annotation>
