<annotation>
	<folder></folder>
	<filename>frame_3321_jpg.rf.7437331b925e38a6bd01863022a448a0.jpg</filename>
	<path>frame_3321_jpg.rf.7437331b925e38a6bd01863022a448a0.jpg</path>
	<source>
		<database>roboflow.ai</database>
	</source>
	<size>
		<width>416</width>
		<height>416</height>
		<depth>3</depth>
	</size>
	<segmented>0</segmented>
	<object>
		<name>car</name>
		<pose>Unspecified</pose>
		<truncated>0</truncated>
		<difficult>0</difficult>
		<occluded>0</occluded>
		<bndbox>
			<xmin>236</xmin>
			<xmax>314</xmax>
			<ymin>163</ymin>
			<ymax>281</ymax>
		</bndbox>
	</object>
	<object>
		<name>motorbike</name>
		<pose>Unspecified</pose>
		<truncated>0</truncated>
		<difficult>0</difficult>
		<occluded>0</occluded>
		<bndbox>
			<xmin>207</xmin>
			<xmax>256</xmax>
			<ymin>187</ymin>
			<ymax>291</ymax>
		</bndbox>
	</object>
	<object>
		<name>bus</name>
		<pose>Unspecified</pose>
		<truncated>0</truncated>
		<difficult>0</difficult>
		<occluded>0</occluded>
		<bndbox>
			<xmin>0</xmin>
			<xmax>206</xmax>
			<ymin>111</ymin>
			<ymax>379</ymax>
		</bndbox>
	</object>
</annotation>
