<annotation>
	<folder></folder>
	<filename>frame_3292_jpg.rf.e3bd95bd8ed36001f8063f56a0c00b7c.jpg</filename>
	<path>frame_3292_jpg.rf.e3bd95bd8ed36001f8063f56a0c00b7c.jpg</path>
	<source>
		<database>roboflow.ai</database>
	</source>
	<size>
		<width>416</width>
		<height>416</height>
		<depth>3</depth>
	</size>
	<segmented>0</segmented>
	<object>
		<name>bus</name>
		<pose>Unspecified</pose>
		<truncated>0</truncated>
		<difficult>0</difficult>
		<occluded>0</occluded>
		<bndbox>
			<xmin>143</xmin>
			<xmax>355</xmax>
			<ymin>48</ymin>
			<ymax>305</ymax>
		</bndbox>
	</object>
	<object>
		<name>bus</name>
		<pose>Unspecified</pose>
		<truncated>0</truncated>
		<difficult>0</difficult>
		<occluded>0</occluded>
		<bndbox>
			<xmin>0</xmin>
			<xmax>180</xmax>
			<ymin>0</ymin>
			<ymax>334</ymax>
		</bndbox>
	</object>
	<object>
		<name>motorbike</name>
		<pose>Unspecified</pose>
		<truncated>0</truncated>
		<difficult>0</difficult>
		<occluded>0</occluded>
		<bndbox>
			<xmin>299</xmin>
			<xmax>367</xmax>
			<ymin>190</ymin>
			<ymax>346</ymax>
		</bndbox>
	</object>
</annotation>
