<annotation>
	<folder></folder>
	<filename>frame_3323_jpg.rf.05dad7ec1048bca7d7f1a3451b165a29.jpg</filename>
	<path>frame_3323_jpg.rf.05dad7ec1048bca7d7f1a3451b165a29.jpg</path>
	<source>
		<database>roboflow.ai</database>
	</source>
	<size>
		<width>416</width>
		<height>416</height>
		<depth>3</depth>
	</size>
	<segmented>0</segmented>
	<object>
		<name>riksha</name>
		<pose>Unspecified</pose>
		<truncated>0</truncated>
		<difficult>0</difficult>
		<occluded>0</occluded>
		<bndbox>
			<xmin>83</xmin>
			<xmax>240</xmax>
			<ymin>157</ymin>
			<ymax>415</ymax>
		</bndbox>
	</object>
	<object>
		<name>bus</name>
		<pose>Unspecified</pose>
		<truncated>0</truncated>
		<difficult>0</difficult>
		<occluded>0</occluded>
		<bndbox>
			<xmin>235</xmin>
			<xmax>377</xmax>
			<ymin>67</ymin>
			<ymax>296</ymax>
		</bndbox>
	</object>
</annotation>
