<annotation>
	<folder></folder>
	<filename>frame_3313_jpg.rf.ed4dadab125748f69d6064392bbfcdc5.jpg</filename>
	<path>frame_3313_jpg.rf.ed4dadab125748f69d6064392bbfcdc5.jpg</path>
	<source>
		<database>roboflow.ai</database>
	</source>
	<size>
		<width>416</width>
		<height>416</height>
		<depth>3</depth>
	</size>
	<segmented>0</segmented>
	<object>
		<name>riksha</name>
		<pose>Unspecified</pose>
		<truncated>0</truncated>
		<difficult>0</difficult>
		<occluded>0</occluded>
		<bndbox>
			<xmin>0</xmin>
			<xmax>182</xmax>
			<ymin>192</ymin>
			<ymax>415</ymax>
		</bndbox>
	</object>
	<object>
		<name>bus</name>
		<pose>Unspecified</pose>
		<truncated>0</truncated>
		<difficult>0</difficult>
		<occluded>0</occluded>
		<bndbox>
			<xmin>105</xmin>
			<xmax>340</xmax>
			<ymin>32</ymin>
			<ymax>332</ymax>
		</bndbox>
	</object>
	<object>
		<name>riksha</name>
		<pose>Unspecified</pose>
		<truncated>0</truncated>
		<difficult>0</difficult>
		<occluded>0</occluded>
		<bndbox>
			<xmin>331</xmin>
			<xmax>382</xmax>
			<ymin>149</ymin>
			<ymax>305</ymax>
		</bndbox>
	</object>
</annotation>
