<annotation>
	<folder></folder>
	<filename>frame_3286_jpg.rf.19b89b22027557b8bb490f63d661489f.jpg</filename>
	<path>frame_3286_jpg.rf.19b89b22027557b8bb490f63d661489f.jpg</path>
	<source>
		<database>roboflow.ai</database>
	</source>
	<size>
		<width>416</width>
		<height>416</height>
		<depth>3</depth>
	</size>
	<segmented>0</segmented>
	<object>
		<name>car</name>
		<pose>Unspecified</pose>
		<truncated>0</truncated>
		<difficult>0</difficult>
		<occluded>0</occluded>
		<bndbox>
			<xmin>5</xmin>
			<xmax>144</xmax>
			<ymin>119</ymin>
			<ymax>356</ymax>
		</bndbox>
	</object>
	<object>
		<name>minitruck</name>
		<pose>Unspecified</pose>
		<truncated>0</truncated>
		<difficult>0</difficult>
		<occluded>0</occluded>
		<bndbox>
			<xmin>158</xmin>
			<xmax>259</xmax>
			<ymin>91</ymin>
			<ymax>292</ymax>
		</bndbox>
	</object>
	<object>
		<name>minitruck</name>
		<pose>Unspecified</pose>
		<truncated>0</truncated>
		<difficult>0</difficult>
		<occluded>0</occluded>
		<bndbox>
			<xmin>76</xmin>
			<xmax>176</xmax>
			<ymin>102</ymin>
			<ymax>286</ymax>
		</bndbox>
	</object>
</annotation>
