<annotation>
	<folder></folder>
	<filename>frame_3322_jpg.rf.85581ba3ce04e0a4ae2b7d35bdd16e37.jpg</filename>
	<path>frame_3322_jpg.rf.85581ba3ce04e0a4ae2b7d35bdd16e37.jpg</path>
	<source>
		<database>roboflow.ai</database>
	</source>
	<size>
		<width>416</width>
		<height>416</height>
		<depth>3</depth>
	</size>
	<segmented>0</segmented>
	<object>
		<name>bus</name>
		<pose>Unspecified</pose>
		<truncated>0</truncated>
		<difficult>0</difficult>
		<occluded>0</occluded>
		<bndbox>
			<xmin>38</xmin>
			<xmax>390</xmax>
			<ymin>20</ymin>
			<ymax>376</ymax>
		</bndbox>
	</object>
</annotation>
