<annotation>
	<folder></folder>
	<filename>frame_3322_jpg.rf.332d00b52ed9490935a6f8c5eb79d5f3.jpg</filename>
	<path>frame_3322_jpg.rf.332d00b52ed9490935a6f8c5eb79d5f3.jpg</path>
	<source>
		<database>roboflow.ai</database>
	</source>
	<size>
		<width>416</width>
		<height>416</height>
		<depth>3</depth>
	</size>
	<segmented>0</segmented>
	<object>
		<name>bus</name>
		<pose>Unspecified</pose>
		<truncated>0</truncated>
		<difficult>0</difficult>
		<occluded>0</occluded>
		<bndbox>
			<xmin>32</xmin>
			<xmax>381</xmax>
			<ymin>31</ymin>
			<ymax>365</ymax>
		</bndbox>
	</object>
</annotation>
