<annotation>
	<folder></folder>
	<filename>frame_3327_jpg.rf.180bfb4383c2ecae41a8557b661ff124.jpg</filename>
	<path>frame_3327_jpg.rf.180bfb4383c2ecae41a8557b661ff124.jpg</path>
	<source>
		<database>roboflow.ai</database>
	</source>
	<size>
		<width>416</width>
		<height>416</height>
		<depth>3</depth>
	</size>
	<segmented>0</segmented>
	<object>
		<name>motorbike</name>
		<pose>Unspecified</pose>
		<truncated>0</truncated>
		<difficult>0</difficult>
		<occluded>0</occluded>
		<bndbox>
			<xmin>357</xmin>
			<xmax>396</xmax>
			<ymin>158</ymin>
			<ymax>251</ymax>
		</bndbox>
	</object>
	<object>
		<name>motorbike</name>
		<pose>Unspecified</pose>
		<truncated>0</truncated>
		<difficult>0</difficult>
		<occluded>0</occluded>
		<bndbox>
			<xmin>278</xmin>
			<xmax>339</xmax>
			<ymin>192</ymin>
			<ymax>317</ymax>
		</bndbox>
	</object>
</annotation>
