<annotation>
	<folder></folder>
	<filename>frame_3334_jpg.rf.ce61cb91039952d0bd4930e5cc6f938f.jpg</filename>
	<path>frame_3334_jpg.rf.ce61cb91039952d0bd4930e5cc6f938f.jpg</path>
	<source>
		<database>roboflow.ai</database>
	</source>
	<size>
		<width>416</width>
		<height>416</height>
		<depth>3</depth>
	</size>
	<segmented>0</segmented>
	<object>
		<name>bus</name>
		<pose>Unspecified</pose>
		<truncated>0</truncated>
		<difficult>0</difficult>
		<occluded>0</occluded>
		<bndbox>
			<xmin>0</xmin>
			<xmax>245</xmax>
			<ymin>247</ymin>
			<ymax>409</ymax>
		</bndbox>
	</object>
</annotation>
