<annotation>
	<folder></folder>
	<filename>frame_3316_jpg.rf.1beb316ec1a1d0b3d1b2e9d5fb39ac6d.jpg</filename>
	<path>frame_3316_jpg.rf.1beb316ec1a1d0b3d1b2e9d5fb39ac6d.jpg</path>
	<source>
		<database>roboflow.ai</database>
	</source>
	<size>
		<width>416</width>
		<height>416</height>
		<depth>3</depth>
	</size>
	<segmented>0</segmented>
	<object>
		<name>auto</name>
		<pose>Unspecified</pose>
		<truncated>0</truncated>
		<difficult>0</difficult>
		<occluded>0</occluded>
		<bndbox>
			<xmin>70</xmin>
			<xmax>246</xmax>
			<ymin>183</ymin>
			<ymax>383</ymax>
		</bndbox>
	</object>
	<object>
		<name>bus</name>
		<pose>Unspecified</pose>
		<truncated>0</truncated>
		<difficult>0</difficult>
		<occluded>0</occluded>
		<bndbox>
			<xmin>172</xmin>
			<xmax>385</xmax>
			<ymin>73</ymin>
			<ymax>352</ymax>
		</bndbox>
	</object>
	<object>
		<name>bicycle</name>
		<pose>Unspecified</pose>
		<truncated>0</truncated>
		<difficult>0</difficult>
		<occluded>0</occluded>
		<bndbox>
			<xmin>202</xmin>
			<xmax>249</xmax>
			<ymin>200</ymin>
			<ymax>289</ymax>
		</bndbox>
	</object>
</annotation>
