<annotation>
	<folder></folder>
	<filename>frame_3314_jpg.rf.c447f4322ad00711a391e03413f93ef5.jpg</filename>
	<path>frame_3314_jpg.rf.c447f4322ad00711a391e03413f93ef5.jpg</path>
	<source>
		<database>roboflow.ai</database>
	</source>
	<size>
		<width>416</width>
		<height>416</height>
		<depth>3</depth>
	</size>
	<segmented>0</segmented>
	<object>
		<name>riksha</name>
		<pose>Unspecified</pose>
		<truncated>0</truncated>
		<difficult>0</difficult>
		<occluded>0</occluded>
		<bndbox>
			<xmin>141</xmin>
			<xmax>314</xmax>
			<ymin>134</ymin>
			<ymax>402</ymax>
		</bndbox>
	</object>
</annotation>
