<annotation>
	<folder></folder>
	<filename>frame_3374_jpg.rf.0ceff31a99db67662ee0fe0965b42a64.jpg</filename>
	<path>frame_3374_jpg.rf.0ceff31a99db67662ee0fe0965b42a64.jpg</path>
	<source>
		<database>roboflow.ai</database>
	</source>
	<size>
		<width>416</width>
		<height>416</height>
		<depth>3</depth>
	</size>
	<segmented>0</segmented>
	<object>
		<name>motorbike</name>
		<pose>Unspecified</pose>
		<truncated>0</truncated>
		<difficult>0</difficult>
		<occluded>0</occluded>
		<bndbox>
			<xmin>127</xmin>
			<xmax>166</xmax>
			<ymin>287</ymin>
			<ymax>408</ymax>
		</bndbox>
	</object>
	<object>
		<name>auto</name>
		<pose>Unspecified</pose>
		<truncated>0</truncated>
		<difficult>0</difficult>
		<occluded>0</occluded>
		<bndbox>
			<xmin>174</xmin>
			<xmax>254</xmax>
			<ymin>249</ymin>
			<ymax>397</ymax>
		</bndbox>
	</object>
</annotation>
