<annotation>
	<folder></folder>
	<filename>frame_3365_jpg.rf.30f8b1a9dc8e15ca61575aa5faa5c202.jpg</filename>
	<path>frame_3365_jpg.rf.30f8b1a9dc8e15ca61575aa5faa5c202.jpg</path>
	<source>
		<database>roboflow.ai</database>
	</source>
	<size>
		<width>416</width>
		<height>416</height>
		<depth>3</depth>
	</size>
	<segmented>0</segmented>
	<object>
		<name>auto</name>
		<pose>Unspecified</pose>
		<truncated>0</truncated>
		<difficult>0</difficult>
		<occluded>0</occluded>
		<bndbox>
			<xmin>147</xmin>
			<xmax>217</xmax>
			<ymin>87</ymin>
			<ymax>185</ymax>
		</bndbox>
	</object>
	<object>
		<name>minitruck</name>
		<pose>Unspecified</pose>
		<truncated>0</truncated>
		<difficult>0</difficult>
		<occluded>0</occluded>
		<bndbox>
			<xmin>252</xmin>
			<xmax>306</xmax>
			<ymin>78</ymin>
			<ymax>168</ymax>
		</bndbox>
	</object>
	<object>
		<name>motorbike</name>
		<pose>Unspecified</pose>
		<truncated>0</truncated>
		<difficult>0</difficult>
		<occluded>0</occluded>
		<bndbox>
			<xmin>295</xmin>
			<xmax>339</xmax>
			<ymin>120</ymin>
			<ymax>204</ymax>
		</bndbox>
	</object>
</annotation>
