<annotation>
	<folder></folder>
	<filename>frame_3368_jpg.rf.4556fceef7101d6baa5b6dabf033509f.jpg</filename>
	<path>frame_3368_jpg.rf.4556fceef7101d6baa5b6dabf033509f.jpg</path>
	<source>
		<database>roboflow.ai</database>
	</source>
	<size>
		<width>416</width>
		<height>416</height>
		<depth>3</depth>
	</size>
	<segmented>0</segmented>
	<object>
		<name>auto</name>
		<pose>Unspecified</pose>
		<truncated>0</truncated>
		<difficult>0</difficult>
		<occluded>0</occluded>
		<bndbox>
			<xmin>239</xmin>
			<xmax>415</xmax>
			<ymin>152</ymin>
			<ymax>416</ymax>
		</bndbox>
	</object>
	<object>
		<name>auto</name>
		<pose>Unspecified</pose>
		<truncated>0</truncated>
		<difficult>0</difficult>
		<occluded>0</occluded>
		<bndbox>
			<xmin>138</xmin>
			<xmax>259</xmax>
			<ymin>175</ymin>
			<ymax>332</ymax>
		</bndbox>
	</object>
	<object>
		<name>auto</name>
		<pose>Unspecified</pose>
		<truncated>0</truncated>
		<difficult>0</difficult>
		<occluded>0</occluded>
		<bndbox>
			<xmin>20</xmin>
			<xmax>141</xmax>
			<ymin>168</ymin>
			<ymax>325</ymax>
		</bndbox>
	</object>
</annotation>
