<annotation>
	<folder></folder>
	<filename>frame_3285_jpg.rf.e11c4eceb77ecae929ee86120e32a922.jpg</filename>
	<path>frame_3285_jpg.rf.e11c4eceb77ecae929ee86120e32a922.jpg</path>
	<source>
		<database>roboflow.ai</database>
	</source>
	<size>
		<width>416</width>
		<height>416</height>
		<depth>3</depth>
	</size>
	<segmented>0</segmented>
	<object>
		<name>motorbike</name>
		<pose>Unspecified</pose>
		<truncated>0</truncated>
		<difficult>0</difficult>
		<occluded>0</occluded>
		<bndbox>
			<xmin>273</xmin>
			<xmax>348</xmax>
			<ymin>91</ymin>
			<ymax>295</ymax>
		</bndbox>
	</object>
	<object>
		<name>riksha</name>
		<pose>Unspecified</pose>
		<truncated>0</truncated>
		<difficult>0</difficult>
		<occluded>0</occluded>
		<bndbox>
			<xmin>124</xmin>
			<xmax>287</xmax>
			<ymin>109</ymin>
			<ymax>336</ymax>
		</bndbox>
	</object>
	<object>
		<name>car</name>
		<pose>Unspecified</pose>
		<truncated>0</truncated>
		<difficult>0</difficult>
		<occluded>0</occluded>
		<bndbox>
			<xmin>56</xmin>
			<xmax>189</xmax>
			<ymin>96</ymin>
			<ymax>247</ymax>
		</bndbox>
	</object>
	<object>
		<name>motorbike</name>
		<pose>Unspecified</pose>
		<truncated>0</truncated>
		<difficult>0</difficult>
		<occluded>0</occluded>
		<bndbox>
			<xmin>46</xmin>
			<xmax>76</xmax>
			<ymin>154</ymin>
			<ymax>233</ymax>
		</bndbox>
	</object>
</annotation>
