<annotation>
	<folder></folder>
	<filename>frame_3338_jpg.rf.da7d3de9c4190e0216927490f83a8a92.jpg</filename>
	<path>frame_3338_jpg.rf.da7d3de9c4190e0216927490f83a8a92.jpg</path>
	<source>
		<database>roboflow.ai</database>
	</source>
	<size>
		<width>416</width>
		<height>416</height>
		<depth>3</depth>
	</size>
	<segmented>0</segmented>
	<object>
		<name>motorbike</name>
		<pose>Unspecified</pose>
		<truncated>0</truncated>
		<difficult>0</difficult>
		<occluded>0</occluded>
		<bndbox>
			<xmin>176</xmin>
			<xmax>219</xmax>
			<ymin>150</ymin>
			<ymax>250</ymax>
		</bndbox>
	</object>
</annotation>
