<annotation>
	<folder></folder>
	<filename>frame_3323_jpg.rf.7fd6c5dac975c200464c52c265c5683c.jpg</filename>
	<path>frame_3323_jpg.rf.7fd6c5dac975c200464c52c265c5683c.jpg</path>
	<source>
		<database>roboflow.ai</database>
	</source>
	<size>
		<width>416</width>
		<height>416</height>
		<depth>3</depth>
	</size>
	<segmented>0</segmented>
	<object>
		<name>riksha</name>
		<pose>Unspecified</pose>
		<truncated>0</truncated>
		<difficult>0</difficult>
		<occluded>0</occluded>
		<bndbox>
			<xmin>48</xmin>
			<xmax>233</xmax>
			<ymin>152</ymin>
			<ymax>415</ymax>
		</bndbox>
	</object>
	<object>
		<name>bus</name>
		<pose>Unspecified</pose>
		<truncated>0</truncated>
		<difficult>0</difficult>
		<occluded>0</occluded>
		<bndbox>
			<xmin>220</xmin>
			<xmax>387</xmax>
			<ymin>82</ymin>
			<ymax>311</ymax>
		</bndbox>
	</object>
</annotation>
