<annotation>
	<folder></folder>
	<filename>frame_3330_jpg.rf.26b16f5a525de941907457b79e9c1a30.jpg</filename>
	<path>frame_3330_jpg.rf.26b16f5a525de941907457b79e9c1a30.jpg</path>
	<source>
		<database>roboflow.ai</database>
	</source>
	<size>
		<width>416</width>
		<height>416</height>
		<depth>3</depth>
	</size>
	<segmented>0</segmented>
	<object>
		<name>auto</name>
		<pose>Unspecified</pose>
		<truncated>0</truncated>
		<difficult>0</difficult>
		<occluded>0</occluded>
		<bndbox>
			<xmin>163</xmin>
			<xmax>210</xmax>
			<ymin>207</ymin>
			<ymax>304</ymax>
		</bndbox>
	</object>
	<object>
		<name>car</name>
		<pose>Unspecified</pose>
		<truncated>0</truncated>
		<difficult>0</difficult>
		<occluded>0</occluded>
		<bndbox>
			<xmin>187</xmin>
			<xmax>232</xmax>
			<ymin>93</ymin>
			<ymax>166</ymax>
		</bndbox>
	</object>
	<object>
		<name>motorbike</name>
		<pose>Unspecified</pose>
		<truncated>0</truncated>
		<difficult>0</difficult>
		<occluded>0</occluded>
		<bndbox>
			<xmin>132</xmin>
			<xmax>181</xmax>
			<ymin>304</ymin>
			<ymax>399</ymax>
		</bndbox>
	</object>
</annotation>
