<annotation>
	<folder></folder>
	<filename>frame_3334_jpg.rf.dd6ba4d909c6579a07e8a2365aed5493.jpg</filename>
	<path>frame_3334_jpg.rf.dd6ba4d909c6579a07e8a2365aed5493.jpg</path>
	<source>
		<database>roboflow.ai</database>
	</source>
	<size>
		<width>416</width>
		<height>416</height>
		<depth>3</depth>
	</size>
	<segmented>0</segmented>
	<object>
		<name>bus</name>
		<pose>Unspecified</pose>
		<truncated>0</truncated>
		<difficult>0</difficult>
		<occluded>0</occluded>
		<bndbox>
			<xmin>131</xmin>
			<xmax>415</xmax>
			<ymin>213</ymin>
			<ymax>404</ymax>
		</bndbox>
	</object>
</annotation>
