<annotation>
	<folder></folder>
	<filename>frame_3331_jpg.rf.b47f959543734dbeaa37c2a824620d7b.jpg</filename>
	<path>frame_3331_jpg.rf.b47f959543734dbeaa37c2a824620d7b.jpg</path>
	<source>
		<database>roboflow.ai</database>
	</source>
	<size>
		<width>416</width>
		<height>416</height>
		<depth>3</depth>
	</size>
	<segmented>0</segmented>
	<object>
		<name>motorbike</name>
		<pose>Unspecified</pose>
		<truncated>0</truncated>
		<difficult>0</difficult>
		<occluded>0</occluded>
		<bndbox>
			<xmin>173</xmin>
			<xmax>214</xmax>
			<ymin>304</ymin>
			<ymax>369</ymax>
		</bndbox>
	</object>
	<object>
		<name>auto</name>
		<pose>Unspecified</pose>
		<truncated>0</truncated>
		<difficult>0</difficult>
		<occluded>0</occluded>
		<bndbox>
			<xmin>231</xmin>
			<xmax>274</xmax>
			<ymin>326</ymin>
			<ymax>399</ymax>
		</bndbox>
	</object>
</annotation>
