<annotation>
	<folder></folder>
	<filename>frame_3374_jpg.rf.54b333c6439df63b718ed4d232ef73f0.jpg</filename>
	<path>frame_3374_jpg.rf.54b333c6439df63b718ed4d232ef73f0.jpg</path>
	<source>
		<database>roboflow.ai</database>
	</source>
	<size>
		<width>416</width>
		<height>416</height>
		<depth>3</depth>
	</size>
	<segmented>0</segmented>
	<object>
		<name>motorbike</name>
		<pose>Unspecified</pose>
		<truncated>0</truncated>
		<difficult>0</difficult>
		<occluded>0</occluded>
		<bndbox>
			<xmin>241</xmin>
			<xmax>290</xmax>
			<ymin>277</ymin>
			<ymax>380</ymax>
		</bndbox>
	</object>
	<object>
		<name>auto</name>
		<pose>Unspecified</pose>
		<truncated>0</truncated>
		<difficult>0</difficult>
		<occluded>0</occluded>
		<bndbox>
			<xmin>153</xmin>
			<xmax>243</xmax>
			<ymin>265</ymin>
			<ymax>395</ymax>
		</bndbox>
	</object>
</annotation>
