<annotation>
	<folder></folder>
	<filename>frame_3330_jpg.rf.9b5c2124dba63ec894fbd56ae604b4d8.jpg</filename>
	<path>frame_3330_jpg.rf.9b5c2124dba63ec894fbd56ae604b4d8.jpg</path>
	<source>
		<database>roboflow.ai</database>
	</source>
	<size>
		<width>416</width>
		<height>416</height>
		<depth>3</depth>
	</size>
	<segmented>0</segmented>
	<object>
		<name>auto</name>
		<pose>Unspecified</pose>
		<truncated>0</truncated>
		<difficult>0</difficult>
		<occluded>0</occluded>
		<bndbox>
			<xmin>173</xmin>
			<xmax>219</xmax>
			<ymin>197</ymin>
			<ymax>303</ymax>
		</bndbox>
	</object>
	<object>
		<name>car</name>
		<pose>Unspecified</pose>
		<truncated>0</truncated>
		<difficult>0</difficult>
		<occluded>0</occluded>
		<bndbox>
			<xmin>172</xmin>
			<xmax>215</xmax>
			<ymin>85</ymin>
			<ymax>164</ymax>
		</bndbox>
	</object>
	<object>
		<name>motorbike</name>
		<pose>Unspecified</pose>
		<truncated>0</truncated>
		<difficult>0</difficult>
		<occluded>0</occluded>
		<bndbox>
			<xmin>162</xmin>
			<xmax>209</xmax>
			<ymin>287</ymin>
			<ymax>391</ymax>
		</bndbox>
	</object>
</annotation>
