<annotation>
	<folder></folder>
	<filename>frame_3358_jpg.rf.73a07c498d69d177af0cf4f25d5014b7.jpg</filename>
	<path>frame_3358_jpg.rf.73a07c498d69d177af0cf4f25d5014b7.jpg</path>
	<source>
		<database>roboflow.ai</database>
	</source>
	<size>
		<width>416</width>
		<height>416</height>
		<depth>3</depth>
	</size>
	<segmented>0</segmented>
	<object>
		<name>car</name>
		<pose>Unspecified</pose>
		<truncated>0</truncated>
		<difficult>0</difficult>
		<occluded>0</occluded>
		<bndbox>
			<xmin>162</xmin>
			<xmax>276</xmax>
			<ymin>124</ymin>
			<ymax>224</ymax>
		</bndbox>
	</object>
	<object>
		<name>auto</name>
		<pose>Unspecified</pose>
		<truncated>0</truncated>
		<difficult>0</difficult>
		<occluded>0</occluded>
		<bndbox>
			<xmin>276</xmin>
			<xmax>355</xmax>
			<ymin>114</ymin>
			<ymax>210</ymax>
		</bndbox>
	</object>
	<object>
		<name>auto</name>
		<pose>Unspecified</pose>
		<truncated>0</truncated>
		<difficult>0</difficult>
		<occluded>0</occluded>
		<bndbox>
			<xmin>321</xmin>
			<xmax>374</xmax>
			<ymin>114</ymin>
			<ymax>194</ymax>
		</bndbox>
	</object>
</annotation>
