<annotation>
	<folder></folder>
	<filename>frame_3365_jpg.rf.c3f1b26d008106ad4b92512c2d863646.jpg</filename>
	<path>frame_3365_jpg.rf.c3f1b26d008106ad4b92512c2d863646.jpg</path>
	<source>
		<database>roboflow.ai</database>
	</source>
	<size>
		<width>416</width>
		<height>416</height>
		<depth>3</depth>
	</size>
	<segmented>0</segmented>
	<object>
		<name>auto</name>
		<pose>Unspecified</pose>
		<truncated>0</truncated>
		<difficult>0</difficult>
		<occluded>0</occluded>
		<bndbox>
			<xmin>209</xmin>
			<xmax>271</xmax>
			<ymin>93</ymin>
			<ymax>195</ymax>
		</bndbox>
	</object>
	<object>
		<name>minitruck</name>
		<pose>Unspecified</pose>
		<truncated>0</truncated>
		<difficult>0</difficult>
		<occluded>0</occluded>
		<bndbox>
			<xmin>118</xmin>
			<xmax>165</xmax>
			<ymin>66</ymin>
			<ymax>160</ymax>
		</bndbox>
	</object>
	<object>
		<name>motorbike</name>
		<pose>Unspecified</pose>
		<truncated>0</truncated>
		<difficult>0</difficult>
		<occluded>0</occluded>
		<bndbox>
			<xmin>83</xmin>
			<xmax>120</xmax>
			<ymin>100</ymin>
			<ymax>189</ymax>
		</bndbox>
	</object>
</annotation>
