<annotation>
	<folder></folder>
	<filename>frame_3325_jpg.rf.2fef99cc54a75163d109b4e16f74f9c1.jpg</filename>
	<path>frame_3325_jpg.rf.2fef99cc54a75163d109b4e16f74f9c1.jpg</path>
	<source>
		<database>roboflow.ai</database>
	</source>
	<size>
		<width>416</width>
		<height>416</height>
		<depth>3</depth>
	</size>
	<segmented>0</segmented>
	<object>
		<name>bus</name>
		<pose>Unspecified</pose>
		<truncated>0</truncated>
		<difficult>0</difficult>
		<occluded>0</occluded>
		<bndbox>
			<xmin>37</xmin>
			<xmax>193</xmax>
			<ymin>84</ymin>
			<ymax>320</ymax>
		</bndbox>
	</object>
	<object>
		<name>bus</name>
		<pose>Unspecified</pose>
		<truncated>0</truncated>
		<difficult>0</difficult>
		<occluded>0</occluded>
		<bndbox>
			<xmin>143</xmin>
			<xmax>415</xmax>
			<ymin>23</ymin>
			<ymax>338</ymax>
		</bndbox>
	</object>
</annotation>
