<annotation>
	<folder></folder>
	<filename>frame_3373_jpg.rf.f3ad91ede4073fe66973c772f6274f4c.jpg</filename>
	<path>frame_3373_jpg.rf.f3ad91ede4073fe66973c772f6274f4c.jpg</path>
	<source>
		<database>roboflow.ai</database>
	</source>
	<size>
		<width>416</width>
		<height>416</height>
		<depth>3</depth>
	</size>
	<segmented>0</segmented>
	<object>
		<name>motorbike</name>
		<pose>Unspecified</pose>
		<truncated>0</truncated>
		<difficult>0</difficult>
		<occluded>0</occluded>
		<bndbox>
			<xmin>181</xmin>
			<xmax>224</xmax>
			<ymin>267</ymin>
			<ymax>408</ymax>
		</bndbox>
	</object>
	<object>
		<name>bicycle</name>
		<pose>Unspecified</pose>
		<truncated>0</truncated>
		<difficult>0</difficult>
		<occluded>0</occluded>
		<bndbox>
			<xmin>136</xmin>
			<xmax>168</xmax>
			<ymin>272</ymin>
			<ymax>407</ymax>
		</bndbox>
	</object>
	<object>
		<name>auto</name>
		<pose>Unspecified</pose>
		<truncated>0</truncated>
		<difficult>0</difficult>
		<occluded>0</occluded>
		<bndbox>
			<xmin>249</xmin>
			<xmax>316</xmax>
			<ymin>265</ymin>
			<ymax>379</ymax>
		</bndbox>
	</object>
	<object>
		<name>motorbike</name>
		<pose>Unspecified</pose>
		<truncated>0</truncated>
		<difficult>0</difficult>
		<occluded>0</occluded>
		<bndbox>
			<xmin>214</xmin>
			<xmax>244</xmax>
			<ymin>269</ymin>
			<ymax>368</ymax>
		</bndbox>
	</object>
</annotation>
