<annotation>
	<folder></folder>
	<filename>frame_3290_jpg.rf.03587c971bb2e6aa3b360bdb644bd334.jpg</filename>
	<path>frame_3290_jpg.rf.03587c971bb2e6aa3b360bdb644bd334.jpg</path>
	<source>
		<database>roboflow.ai</database>
	</source>
	<size>
		<width>416</width>
		<height>416</height>
		<depth>3</depth>
	</size>
	<segmented>0</segmented>
	<object>
		<name>auto</name>
		<pose>Unspecified</pose>
		<truncated>0</truncated>
		<difficult>0</difficult>
		<occluded>0</occluded>
		<bndbox>
			<xmin>275</xmin>
			<xmax>411</xmax>
			<ymin>83</ymin>
			<ymax>415</ymax>
		</bndbox>
	</object>
	<object>
		<name>motorbike</name>
		<pose>Unspecified</pose>
		<truncated>0</truncated>
		<difficult>0</difficult>
		<occluded>0</occluded>
		<bndbox>
			<xmin>188</xmin>
			<xmax>224</xmax>
			<ymin>152</ymin>
			<ymax>304</ymax>
		</bndbox>
	</object>
</annotation>
