<annotation>
	<folder></folder>
	<filename>frame_3290_jpg.rf.dd3b91d12c21e6ae9f881c27999b898c.jpg</filename>
	<path>frame_3290_jpg.rf.dd3b91d12c21e6ae9f881c27999b898c.jpg</path>
	<source>
		<database>roboflow.ai</database>
	</source>
	<size>
		<width>416</width>
		<height>416</height>
		<depth>3</depth>
	</size>
	<segmented>0</segmented>
	<object>
		<name>auto</name>
		<pose>Unspecified</pose>
		<truncated>0</truncated>
		<difficult>0</difficult>
		<occluded>0</occluded>
		<bndbox>
			<xmin>0</xmin>
			<xmax>177</xmax>
			<ymin>129</ymin>
			<ymax>415</ymax>
		</bndbox>
	</object>
	<object>
		<name>motorbike</name>
		<pose>Unspecified</pose>
		<truncated>0</truncated>
		<difficult>0</difficult>
		<occluded>0</occluded>
		<bndbox>
			<xmin>186</xmin>
			<xmax>240</xmax>
			<ymin>158</ymin>
			<ymax>298</ymax>
		</bndbox>
	</object>
</annotation>
