<annotation>
	<folder></folder>
	<filename>frame_3296_jpg.rf.094e1bbf9d258f9722dc3b678acc22aa.jpg</filename>
	<path>frame_3296_jpg.rf.094e1bbf9d258f9722dc3b678acc22aa.jpg</path>
	<source>
		<database>roboflow.ai</database>
	</source>
	<size>
		<width>416</width>
		<height>416</height>
		<depth>3</depth>
	</size>
	<segmented>0</segmented>
	<object>
		<name>auto</name>
		<pose>Unspecified</pose>
		<truncated>0</truncated>
		<difficult>0</difficult>
		<occluded>0</occluded>
		<bndbox>
			<xmin>160</xmin>
			<xmax>259</xmax>
			<ymin>278</ymin>
			<ymax>415</ymax>
		</bndbox>
	</object>
	<object>
		<name>car</name>
		<pose>Unspecified</pose>
		<truncated>0</truncated>
		<difficult>0</difficult>
		<occluded>0</occluded>
		<bndbox>
			<xmin>48</xmin>
			<xmax>182</xmax>
			<ymin>302</ymin>
			<ymax>411</ymax>
		</bndbox>
	</object>
</annotation>
