<annotation>
	<folder></folder>
	<filename>frame_3363_jpg.rf.ab08521cc4fee7b9034113b038d979c6.jpg</filename>
	<path>frame_3363_jpg.rf.ab08521cc4fee7b9034113b038d979c6.jpg</path>
	<source>
		<database>roboflow.ai</database>
	</source>
	<size>
		<width>416</width>
		<height>416</height>
		<depth>3</depth>
	</size>
	<segmented>0</segmented>
	<object>
		<name>car</name>
		<pose>Unspecified</pose>
		<truncated>0</truncated>
		<difficult>0</difficult>
		<occluded>0</occluded>
		<bndbox>
			<xmin>51</xmin>
			<xmax>197</xmax>
			<ymin>97</ymin>
			<ymax>223</ymax>
		</bndbox>
	</object>
</annotation>
