<annotation>
	<folder></folder>
	<filename>frame_3317_jpg.rf.39209107efe496f4b2a8bd7c4cb0b954.jpg</filename>
	<path>frame_3317_jpg.rf.39209107efe496f4b2a8bd7c4cb0b954.jpg</path>
	<source>
		<database>roboflow.ai</database>
	</source>
	<size>
		<width>416</width>
		<height>416</height>
		<depth>3</depth>
	</size>
	<segmented>0</segmented>
	<object>
		<name>bus</name>
		<pose>Unspecified</pose>
		<truncated>0</truncated>
		<difficult>0</difficult>
		<occluded>0</occluded>
		<bndbox>
			<xmin>0</xmin>
			<xmax>348</xmax>
			<ymin>91</ymin>
			<ymax>361</ymax>
		</bndbox>
	</object>
	<object>
		<name>bicycle</name>
		<pose>Unspecified</pose>
		<truncated>0</truncated>
		<difficult>0</difficult>
		<occluded>0</occluded>
		<bndbox>
			<xmin>0</xmin>
			<xmax>91</xmax>
			<ymin>210</ymin>
			<ymax>415</ymax>
		</bndbox>
	</object>
</annotation>
