<annotation>
	<folder></folder>
	<filename>frame_3341_jpg.rf.39446d5c6b30bb440ba1ee923e0012d4.jpg</filename>
	<path>frame_3341_jpg.rf.39446d5c6b30bb440ba1ee923e0012d4.jpg</path>
	<source>
		<database>roboflow.ai</database>
	</source>
	<size>
		<width>416</width>
		<height>416</height>
		<depth>3</depth>
	</size>
	<segmented>0</segmented>
	<object>
		<name>van</name>
		<pose>Unspecified</pose>
		<truncated>0</truncated>
		<difficult>0</difficult>
		<occluded>0</occluded>
		<bndbox>
			<xmin>201</xmin>
			<xmax>374</xmax>
			<ymin>109</ymin>
			<ymax>358</ymax>
		</bndbox>
	</object>
	<object>
		<name>motorbike</name>
		<pose>Unspecified</pose>
		<truncated>0</truncated>
		<difficult>0</difficult>
		<occluded>0</occluded>
		<bndbox>
			<xmin>376</xmin>
			<xmax>412</xmax>
			<ymin>171</ymin>
			<ymax>293</ymax>
		</bndbox>
	</object>
</annotation>
