<annotation>
	<folder></folder>
	<filename>frame_3337_jpg.rf.62ee1d2d9d790ecf5c26bb38a7ec43a5.jpg</filename>
	<path>frame_3337_jpg.rf.62ee1d2d9d790ecf5c26bb38a7ec43a5.jpg</path>
	<source>
		<database>roboflow.ai</database>
	</source>
	<size>
		<width>416</width>
		<height>416</height>
		<depth>3</depth>
	</size>
	<segmented>0</segmented>
	<object>
		<name>car</name>
		<pose>Unspecified</pose>
		<truncated>0</truncated>
		<difficult>0</difficult>
		<occluded>0</occluded>
		<bndbox>
			<xmin>260</xmin>
			<xmax>359</xmax>
			<ymin>116</ymin>
			<ymax>240</ymax>
		</bndbox>
	</object>
	<object>
		<name>car</name>
		<pose>Unspecified</pose>
		<truncated>0</truncated>
		<difficult>0</difficult>
		<occluded>0</occluded>
		<bndbox>
			<xmin>222</xmin>
			<xmax>292</xmax>
			<ymin>123</ymin>
			<ymax>215</ymax>
		</bndbox>
	</object>
	<object>
		<name>car</name>
		<pose>Unspecified</pose>
		<truncated>0</truncated>
		<difficult>0</difficult>
		<occluded>0</occluded>
		<bndbox>
			<xmin>188</xmin>
			<xmax>238</xmax>
			<ymin>122</ymin>
			<ymax>206</ymax>
		</bndbox>
	</object>
</annotation>
