<annotation>
	<folder></folder>
	<filename>frame_3334_jpg.rf.210a55445f0f8bc00681b6e9d41bbeb7.jpg</filename>
	<path>frame_3334_jpg.rf.210a55445f0f8bc00681b6e9d41bbeb7.jpg</path>
	<source>
		<database>roboflow.ai</database>
	</source>
	<size>
		<width>416</width>
		<height>416</height>
		<depth>3</depth>
	</size>
	<segmented>0</segmented>
	<object>
		<name>bus</name>
		<pose>Unspecified</pose>
		<truncated>0</truncated>
		<difficult>0</difficult>
		<occluded>0</occluded>
		<bndbox>
			<xmin>15</xmin>
			<xmax>250</xmax>
			<ymin>267</ymin>
			<ymax>402</ymax>
		</bndbox>
	</object>
</annotation>
