<annotation>
	<folder></folder>
	<filename>frame_3336_jpg.rf.315b8f45e30aac7d22c96175ef39aaf7.jpg</filename>
	<path>frame_3336_jpg.rf.315b8f45e30aac7d22c96175ef39aaf7.jpg</path>
	<source>
		<database>roboflow.ai</database>
	</source>
	<size>
		<width>416</width>
		<height>416</height>
		<depth>3</depth>
	</size>
	<segmented>0</segmented>
	<object>
		<name>car</name>
		<pose>Unspecified</pose>
		<truncated>0</truncated>
		<difficult>0</difficult>
		<occluded>0</occluded>
		<bndbox>
			<xmin>173</xmin>
			<xmax>214</xmax>
			<ymin>259</ymin>
			<ymax>320</ymax>
		</bndbox>
	</object>
</annotation>
