<annotation>
	<folder></folder>
	<filename>frame_3313_jpg.rf.51c6b21e93bda6efdfa49f630c6e7614.jpg</filename>
	<path>frame_3313_jpg.rf.51c6b21e93bda6efdfa49f630c6e7614.jpg</path>
	<source>
		<database>roboflow.ai</database>
	</source>
	<size>
		<width>416</width>
		<height>416</height>
		<depth>3</depth>
	</size>
	<segmented>0</segmented>
	<object>
		<name>riksha</name>
		<pose>Unspecified</pose>
		<truncated>0</truncated>
		<difficult>0</difficult>
		<occluded>0</occluded>
		<bndbox>
			<xmin>202</xmin>
			<xmax>414</xmax>
			<ymin>146</ymin>
			<ymax>415</ymax>
		</bndbox>
	</object>
	<object>
		<name>bus</name>
		<pose>Unspecified</pose>
		<truncated>0</truncated>
		<difficult>0</difficult>
		<occluded>0</occluded>
		<bndbox>
			<xmin>70</xmin>
			<xmax>329</xmax>
			<ymin>38</ymin>
			<ymax>338</ymax>
		</bndbox>
	</object>
	<object>
		<name>riksha</name>
		<pose>Unspecified</pose>
		<truncated>0</truncated>
		<difficult>0</difficult>
		<occluded>0</occluded>
		<bndbox>
			<xmin>20</xmin>
			<xmax>77</xmax>
			<ymin>209</ymin>
			<ymax>365</ymax>
		</bndbox>
	</object>
</annotation>
