<annotation>
	<folder></folder>
	<filename>frame_3358_jpg.rf.5d372bef91c2c5c6dec14881c2f529a8.jpg</filename>
	<path>frame_3358_jpg.rf.5d372bef91c2c5c6dec14881c2f529a8.jpg</path>
	<source>
		<database>roboflow.ai</database>
	</source>
	<size>
		<width>416</width>
		<height>416</height>
		<depth>3</depth>
	</size>
	<segmented>0</segmented>
	<object>
		<name>car</name>
		<pose>Unspecified</pose>
		<truncated>0</truncated>
		<difficult>0</difficult>
		<occluded>0</occluded>
		<bndbox>
			<xmin>180</xmin>
			<xmax>274</xmax>
			<ymin>131</ymin>
			<ymax>224</ymax>
		</bndbox>
	</object>
	<object>
		<name>auto</name>
		<pose>Unspecified</pose>
		<truncated>0</truncated>
		<difficult>0</difficult>
		<occluded>0</occluded>
		<bndbox>
			<xmin>283</xmin>
			<xmax>346</xmax>
			<ymin>157</ymin>
			<ymax>250</ymax>
		</bndbox>
	</object>
	<object>
		<name>auto</name>
		<pose>Unspecified</pose>
		<truncated>0</truncated>
		<difficult>0</difficult>
		<occluded>0</occluded>
		<bndbox>
			<xmin>324</xmin>
			<xmax>364</xmax>
			<ymin>169</ymin>
			<ymax>248</ymax>
		</bndbox>
	</object>
</annotation>
