<annotation>
	<folder></folder>
	<filename>frame_3312_jpg.rf.d57183f272ce3f6b92dc8f428859238e.jpg</filename>
	<path>frame_3312_jpg.rf.d57183f272ce3f6b92dc8f428859238e.jpg</path>
	<source>
		<database>roboflow.ai</database>
	</source>
	<size>
		<width>416</width>
		<height>416</height>
		<depth>3</depth>
	</size>
	<segmented>0</segmented>
	<object>
		<name>bus</name>
		<pose>Unspecified</pose>
		<truncated>0</truncated>
		<difficult>0</difficult>
		<occluded>0</occluded>
		<bndbox>
			<xmin>213</xmin>
			<xmax>366</xmax>
			<ymin>97</ymin>
			<ymax>334</ymax>
		</bndbox>
	</object>
	<object>
		<name>riksha</name>
		<pose>Unspecified</pose>
		<truncated>0</truncated>
		<difficult>0</difficult>
		<occluded>0</occluded>
		<bndbox>
			<xmin>275</xmin>
			<xmax>363</xmax>
			<ymin>185</ymin>
			<ymax>388</ymax>
		</bndbox>
	</object>
</annotation>
