<annotation>
	<folder></folder>
	<filename>frame_3336_jpg.rf.8e8dc2c2f8ecdb909043b111e1680c00.jpg</filename>
	<path>frame_3336_jpg.rf.8e8dc2c2f8ecdb909043b111e1680c00.jpg</path>
	<source>
		<database>roboflow.ai</database>
	</source>
	<size>
		<width>416</width>
		<height>416</height>
		<depth>3</depth>
	</size>
	<segmented>0</segmented>
	<object>
		<name>car</name>
		<pose>Unspecified</pose>
		<truncated>0</truncated>
		<difficult>0</difficult>
		<occluded>0</occluded>
		<bndbox>
			<xmin>217</xmin>
			<xmax>262</xmax>
			<ymin>261</ymin>
			<ymax>332</ymax>
		</bndbox>
	</object>
</annotation>
