<annotation>
	<folder></folder>
	<filename>frame_3368_jpg.rf.09ec5bd18a7ffd2c81019eb9b469899d.jpg</filename>
	<path>frame_3368_jpg.rf.09ec5bd18a7ffd2c81019eb9b469899d.jpg</path>
	<source>
		<database>roboflow.ai</database>
	</source>
	<size>
		<width>416</width>
		<height>416</height>
		<depth>3</depth>
	</size>
	<segmented>0</segmented>
	<object>
		<name>auto</name>
		<pose>Unspecified</pose>
		<truncated>0</truncated>
		<difficult>0</difficult>
		<occluded>0</occluded>
		<bndbox>
			<xmin>239</xmin>
			<xmax>415</xmax>
			<ymin>98</ymin>
			<ymax>415</ymax>
		</bndbox>
	</object>
	<object>
		<name>auto</name>
		<pose>Unspecified</pose>
		<truncated>0</truncated>
		<difficult>0</difficult>
		<occluded>0</occluded>
		<bndbox>
			<xmin>136</xmin>
			<xmax>240</xmax>
			<ymin>168</ymin>
			<ymax>348</ymax>
		</bndbox>
	</object>
	<object>
		<name>auto</name>
		<pose>Unspecified</pose>
		<truncated>0</truncated>
		<difficult>0</difficult>
		<occluded>0</occluded>
		<bndbox>
			<xmin>19</xmin>
			<xmax>123</xmax>
			<ymin>191</ymin>
			<ymax>371</ymax>
		</bndbox>
	</object>
</annotation>
