<annotation>
	<folder></folder>
	<filename>frame_3290_jpg.rf.099e838de785a99676ef233f626191c6.jpg</filename>
	<path>frame_3290_jpg.rf.099e838de785a99676ef233f626191c6.jpg</path>
	<source>
		<database>roboflow.ai</database>
	</source>
	<size>
		<width>416</width>
		<height>416</height>
		<depth>3</depth>
	</size>
	<segmented>0</segmented>
	<object>
		<name>auto</name>
		<pose>Unspecified</pose>
		<truncated>0</truncated>
		<difficult>0</difficult>
		<occluded>0</occluded>
		<bndbox>
			<xmin>273</xmin>
			<xmax>415</xmax>
			<ymin>139</ymin>
			<ymax>415</ymax>
		</bndbox>
	</object>
	<object>
		<name>motorbike</name>
		<pose>Unspecified</pose>
		<truncated>0</truncated>
		<difficult>0</difficult>
		<occluded>0</occluded>
		<bndbox>
			<xmin>186</xmin>
			<xmax>236</xmax>
			<ymin>153</ymin>
			<ymax>304</ymax>
		</bndbox>
	</object>
</annotation>
