<annotation>
	<folder></folder>
	<filename>frame_3360_jpg.rf.aafd8b804f8dfc31914f1ee3f98422c2.jpg</filename>
	<path>frame_3360_jpg.rf.aafd8b804f8dfc31914f1ee3f98422c2.jpg</path>
	<source>
		<database>roboflow.ai</database>
	</source>
	<size>
		<width>416</width>
		<height>416</height>
		<depth>3</depth>
	</size>
	<segmented>0</segmented>
	<object>
		<name>car</name>
		<pose>Unspecified</pose>
		<truncated>0</truncated>
		<difficult>0</difficult>
		<occluded>0</occluded>
		<bndbox>
			<xmin>127</xmin>
			<xmax>171</xmax>
			<ymin>145</ymin>
			<ymax>193</ymax>
		</bndbox>
	</object>
	<object>
		<name>car</name>
		<pose>Unspecified</pose>
		<truncated>0</truncated>
		<difficult>0</difficult>
		<occluded>0</occluded>
		<bndbox>
			<xmin>222</xmin>
			<xmax>323</xmax>
			<ymin>151</ymin>
			<ymax>295</ymax>
		</bndbox>
	</object>
	<object>
		<name>motorbike</name>
		<pose>Unspecified</pose>
		<truncated>0</truncated>
		<difficult>0</difficult>
		<occluded>0</occluded>
		<bndbox>
			<xmin>313</xmin>
			<xmax>350</xmax>
			<ymin>191</ymin>
			<ymax>250</ymax>
		</bndbox>
	</object>
</annotation>
