<annotation>
	<folder></folder>
	<filename>frame_3365_jpg.rf.d448db6665b0ad13d798fec81ac6d104.jpg</filename>
	<path>frame_3365_jpg.rf.d448db6665b0ad13d798fec81ac6d104.jpg</path>
	<source>
		<database>roboflow.ai</database>
	</source>
	<size>
		<width>416</width>
		<height>416</height>
		<depth>3</depth>
	</size>
	<segmented>0</segmented>
	<object>
		<name>auto</name>
		<pose>Unspecified</pose>
		<truncated>0</truncated>
		<difficult>0</difficult>
		<occluded>0</occluded>
		<bndbox>
			<xmin>199</xmin>
			<xmax>268</xmax>
			<ymin>87</ymin>
			<ymax>195</ymax>
		</bndbox>
	</object>
	<object>
		<name>minitruck</name>
		<pose>Unspecified</pose>
		<truncated>0</truncated>
		<difficult>0</difficult>
		<occluded>0</occluded>
		<bndbox>
			<xmin>109</xmin>
			<xmax>163</xmax>
			<ymin>65</ymin>
			<ymax>164</ymax>
		</bndbox>
	</object>
	<object>
		<name>motorbike</name>
		<pose>Unspecified</pose>
		<truncated>0</truncated>
		<difficult>0</difficult>
		<occluded>0</occluded>
		<bndbox>
			<xmin>77</xmin>
			<xmax>121</xmax>
			<ymin>103</ymin>
			<ymax>196</ymax>
		</bndbox>
	</object>
</annotation>
