<annotation>
	<folder></folder>
	<filename>frame_3317_jpg.rf.05e67b861132ddc51bf7789ca69a3a3c.jpg</filename>
	<path>frame_3317_jpg.rf.05e67b861132ddc51bf7789ca69a3a3c.jpg</path>
	<source>
		<database>roboflow.ai</database>
	</source>
	<size>
		<width>416</width>
		<height>416</height>
		<depth>3</depth>
	</size>
	<segmented>0</segmented>
	<object>
		<name>bus</name>
		<pose>Unspecified</pose>
		<truncated>0</truncated>
		<difficult>0</difficult>
		<occluded>0</occluded>
		<bndbox>
			<xmin>0</xmin>
			<xmax>320</xmax>
			<ymin>100</ymin>
			<ymax>346</ymax>
		</bndbox>
	</object>
	<object>
		<name>bicycle</name>
		<pose>Unspecified</pose>
		<truncated>0</truncated>
		<difficult>0</difficult>
		<occluded>0</occluded>
		<bndbox>
			<xmin>4</xmin>
			<xmax>80</xmax>
			<ymin>201</ymin>
			<ymax>410</ymax>
		</bndbox>
	</object>
</annotation>
