<annotation>
	<folder></folder>
	<filename>frame_3320_jpg.rf.f1b06f8fb3dc6e288e6d567762d98270.jpg</filename>
	<path>frame_3320_jpg.rf.f1b06f8fb3dc6e288e6d567762d98270.jpg</path>
	<source>
		<database>roboflow.ai</database>
	</source>
	<size>
		<width>416</width>
		<height>416</height>
		<depth>3</depth>
	</size>
	<segmented>0</segmented>
	<object>
		<name>bus</name>
		<pose>Unspecified</pose>
		<truncated>0</truncated>
		<difficult>0</difficult>
		<occluded>0</occluded>
		<bndbox>
			<xmin>33</xmin>
			<xmax>200</xmax>
			<ymin>0</ymin>
			<ymax>295</ymax>
		</bndbox>
	</object>
	<object>
		<name>motorbike</name>
		<pose>Unspecified</pose>
		<truncated>0</truncated>
		<difficult>0</difficult>
		<occluded>0</occluded>
		<bndbox>
			<xmin>136</xmin>
			<xmax>216</xmax>
			<ymin>129</ymin>
			<ymax>300</ymax>
		</bndbox>
	</object>
	<object>
		<name>riksha</name>
		<pose>Unspecified</pose>
		<truncated>0</truncated>
		<difficult>0</difficult>
		<occluded>0</occluded>
		<bndbox>
			<xmin>0</xmin>
			<xmax>75</xmax>
			<ymin>107</ymin>
			<ymax>256</ymax>
		</bndbox>
	</object>
</annotation>
