<annotation>
	<folder></folder>
	<filename>frame_3337_jpg.rf.163b33d10146bde41325eb4f23812f72.jpg</filename>
	<path>frame_3337_jpg.rf.163b33d10146bde41325eb4f23812f72.jpg</path>
	<source>
		<database>roboflow.ai</database>
	</source>
	<size>
		<width>416</width>
		<height>416</height>
		<depth>3</depth>
	</size>
	<segmented>0</segmented>
	<object>
		<name>car</name>
		<pose>Unspecified</pose>
		<truncated>0</truncated>
		<difficult>0</difficult>
		<occluded>0</occluded>
		<bndbox>
			<xmin>248</xmin>
			<xmax>358</xmax>
			<ymin>103</ymin>
			<ymax>227</ymax>
		</bndbox>
	</object>
	<object>
		<name>car</name>
		<pose>Unspecified</pose>
		<truncated>0</truncated>
		<difficult>0</difficult>
		<occluded>0</occluded>
		<bndbox>
			<xmin>208</xmin>
			<xmax>286</xmax>
			<ymin>118</ymin>
			<ymax>209</ymax>
		</bndbox>
	</object>
	<object>
		<name>car</name>
		<pose>Unspecified</pose>
		<truncated>0</truncated>
		<difficult>0</difficult>
		<occluded>0</occluded>
		<bndbox>
			<xmin>171</xmin>
			<xmax>229</xmax>
			<ymin>125</ymin>
			<ymax>206</ymax>
		</bndbox>
	</object>
</annotation>
