<annotation>
	<folder></folder>
	<filename>frame_3368_jpg.rf.c63719b7ce1f1a5703eb86fdafcd15fa.jpg</filename>
	<path>frame_3368_jpg.rf.c63719b7ce1f1a5703eb86fdafcd15fa.jpg</path>
	<source>
		<database>roboflow.ai</database>
	</source>
	<size>
		<width>416</width>
		<height>416</height>
		<depth>3</depth>
	</size>
	<segmented>0</segmented>
	<object>
		<name>auto</name>
		<pose>Unspecified</pose>
		<truncated>0</truncated>
		<difficult>0</difficult>
		<occluded>0</occluded>
		<bndbox>
			<xmin>189</xmin>
			<xmax>415</xmax>
			<ymin>125</ymin>
			<ymax>415</ymax>
		</bndbox>
	</object>
	<object>
		<name>auto</name>
		<pose>Unspecified</pose>
		<truncated>0</truncated>
		<difficult>0</difficult>
		<occluded>0</occluded>
		<bndbox>
			<xmin>108</xmin>
			<xmax>245</xmax>
			<ymin>162</ymin>
			<ymax>347</ymax>
		</bndbox>
	</object>
	<object>
		<name>auto</name>
		<pose>Unspecified</pose>
		<truncated>0</truncated>
		<difficult>0</difficult>
		<occluded>0</occluded>
		<bndbox>
			<xmin>0</xmin>
			<xmax>134</xmax>
			<ymin>159</ymin>
			<ymax>345</ymax>
		</bndbox>
	</object>
</annotation>
