<annotation>
	<folder></folder>
	<filename>frame_3291_jpg.rf.a0570ab779ca8551f319430af7f58618.jpg</filename>
	<path>frame_3291_jpg.rf.a0570ab779ca8551f319430af7f58618.jpg</path>
	<source>
		<database>roboflow.ai</database>
	</source>
	<size>
		<width>416</width>
		<height>416</height>
		<depth>3</depth>
	</size>
	<segmented>0</segmented>
	<object>
		<name>bus</name>
		<pose>Unspecified</pose>
		<truncated>0</truncated>
		<difficult>0</difficult>
		<occluded>0</occluded>
		<bndbox>
			<xmin>109</xmin>
			<xmax>415</xmax>
			<ymin>0</ymin>
			<ymax>415</ymax>
		</bndbox>
	</object>
	<object>
		<name>motorbike</name>
		<pose>Unspecified</pose>
		<truncated>0</truncated>
		<difficult>0</difficult>
		<occluded>0</occluded>
		<bndbox>
			<xmin>53</xmin>
			<xmax>106</xmax>
			<ymin>165</ymin>
			<ymax>337</ymax>
		</bndbox>
	</object>
</annotation>
