<annotation>
	<folder></folder>
	<filename>frame_3364_jpg.rf.0f951732d04cc7cd4b2bcc9435648a04.jpg</filename>
	<path>frame_3364_jpg.rf.0f951732d04cc7cd4b2bcc9435648a04.jpg</path>
	<source>
		<database>roboflow.ai</database>
	</source>
	<size>
		<width>416</width>
		<height>416</height>
		<depth>3</depth>
	</size>
	<segmented>0</segmented>
	<object>
		<name>motorbike</name>
		<pose>Unspecified</pose>
		<truncated>0</truncated>
		<difficult>0</difficult>
		<occluded>0</occluded>
		<bndbox>
			<xmin>97</xmin>
			<xmax>150</xmax>
			<ymin>117</ymin>
			<ymax>195</ymax>
		</bndbox>
	</object>
	<object>
		<name>auto</name>
		<pose>Unspecified</pose>
		<truncated>0</truncated>
		<difficult>0</difficult>
		<occluded>0</occluded>
		<bndbox>
			<xmin>1</xmin>
			<xmax>107</xmax>
			<ymin>66</ymin>
			<ymax>246</ymax>
		</bndbox>
	</object>
</annotation>
