<annotation>
	<folder></folder>
	<filename>frame_3314_jpg.rf.0b1c9827b3abb7584bdc0adcd27775f3.jpg</filename>
	<path>frame_3314_jpg.rf.0b1c9827b3abb7584bdc0adcd27775f3.jpg</path>
	<source>
		<database>roboflow.ai</database>
	</source>
	<size>
		<width>416</width>
		<height>416</height>
		<depth>3</depth>
	</size>
	<segmented>0</segmented>
	<object>
		<name>riksha</name>
		<pose>Unspecified</pose>
		<truncated>0</truncated>
		<difficult>0</difficult>
		<occluded>0</occluded>
		<bndbox>
			<xmin>63</xmin>
			<xmax>260</xmax>
			<ymin>136</ymin>
			<ymax>401</ymax>
		</bndbox>
	</object>
</annotation>
