<annotation>
	<folder></folder>
	<filename>frame_3296_jpg.rf.bbcbadf0e83ced5a99fdd6ca59252640.jpg</filename>
	<path>frame_3296_jpg.rf.bbcbadf0e83ced5a99fdd6ca59252640.jpg</path>
	<source>
		<database>roboflow.ai</database>
	</source>
	<size>
		<width>416</width>
		<height>416</height>
		<depth>3</depth>
	</size>
	<segmented>0</segmented>
	<object>
		<name>auto</name>
		<pose>Unspecified</pose>
		<truncated>0</truncated>
		<difficult>0</difficult>
		<occluded>0</occluded>
		<bndbox>
			<xmin>227</xmin>
			<xmax>305</xmax>
			<ymin>264</ymin>
			<ymax>413</ymax>
		</bndbox>
	</object>
	<object>
		<name>car</name>
		<pose>Unspecified</pose>
		<truncated>0</truncated>
		<difficult>0</difficult>
		<occluded>0</occluded>
		<bndbox>
			<xmin>307</xmin>
			<xmax>415</xmax>
			<ymin>252</ymin>
			<ymax>395</ymax>
		</bndbox>
	</object>
</annotation>
