<annotation>
	<folder></folder>
	<filename>frame_3317_jpg.rf.17cc72e651d0e09137e2101687966f9c.jpg</filename>
	<path>frame_3317_jpg.rf.17cc72e651d0e09137e2101687966f9c.jpg</path>
	<source>
		<database>roboflow.ai</database>
	</source>
	<size>
		<width>416</width>
		<height>416</height>
		<depth>3</depth>
	</size>
	<segmented>0</segmented>
	<object>
		<name>bus</name>
		<pose>Unspecified</pose>
		<truncated>0</truncated>
		<difficult>0</difficult>
		<occluded>0</occluded>
		<bndbox>
			<xmin>56</xmin>
			<xmax>415</xmax>
			<ymin>57</ymin>
			<ymax>371</ymax>
		</bndbox>
	</object>
	<object>
		<name>bicycle</name>
		<pose>Unspecified</pose>
		<truncated>0</truncated>
		<difficult>0</difficult>
		<occluded>0</occluded>
		<bndbox>
			<xmin>332</xmin>
			<xmax>415</xmax>
			<ymin>164</ymin>
			<ymax>390</ymax>
		</bndbox>
	</object>
</annotation>
