<annotation>
	<folder></folder>
	<filename>frame_3363_jpg.rf.2369c8a1676e03ff80f491f132ca4ca8.jpg</filename>
	<path>frame_3363_jpg.rf.2369c8a1676e03ff80f491f132ca4ca8.jpg</path>
	<source>
		<database>roboflow.ai</database>
	</source>
	<size>
		<width>416</width>
		<height>416</height>
		<depth>3</depth>
	</size>
	<segmented>0</segmented>
	<object>
		<name>car</name>
		<pose>Unspecified</pose>
		<truncated>0</truncated>
		<difficult>0</difficult>
		<occluded>0</occluded>
		<bndbox>
			<xmin>223</xmin>
			<xmax>373</xmax>
			<ymin>93</ymin>
			<ymax>206</ymax>
		</bndbox>
	</object>
</annotation>
