<annotation>
	<folder></folder>
	<filename>frame_3291_jpg.rf.b79269df163fe9d54cafd4c6d6830346.jpg</filename>
	<path>frame_3291_jpg.rf.b79269df163fe9d54cafd4c6d6830346.jpg</path>
	<source>
		<database>roboflow.ai</database>
	</source>
	<size>
		<width>416</width>
		<height>416</height>
		<depth>3</depth>
	</size>
	<segmented>0</segmented>
	<object>
		<name>bus</name>
		<pose>Unspecified</pose>
		<truncated>0</truncated>
		<difficult>0</difficult>
		<occluded>0</occluded>
		<bndbox>
			<xmin>94</xmin>
			<xmax>415</xmax>
			<ymin>0</ymin>
			<ymax>415</ymax>
		</bndbox>
	</object>
	<object>
		<name>motorbike</name>
		<pose>Unspecified</pose>
		<truncated>0</truncated>
		<difficult>0</difficult>
		<occluded>0</occluded>
		<bndbox>
			<xmin>47</xmin>
			<xmax>116</xmax>
			<ymin>112</ymin>
			<ymax>271</ymax>
		</bndbox>
	</object>
</annotation>
