<annotation>
	<folder></folder>
	<filename>frame_3286_jpg.rf.3b1489bcc03d75d8acce9efbcf260235.jpg</filename>
	<path>frame_3286_jpg.rf.3b1489bcc03d75d8acce9efbcf260235.jpg</path>
	<source>
		<database>roboflow.ai</database>
	</source>
	<size>
		<width>416</width>
		<height>416</height>
		<depth>3</depth>
	</size>
	<segmented>0</segmented>
	<object>
		<name>car</name>
		<pose>Unspecified</pose>
		<truncated>0</truncated>
		<difficult>0</difficult>
		<occluded>0</occluded>
		<bndbox>
			<xmin>0</xmin>
			<xmax>156</xmax>
			<ymin>71</ymin>
			<ymax>317</ymax>
		</bndbox>
	</object>
	<object>
		<name>minitruck</name>
		<pose>Unspecified</pose>
		<truncated>0</truncated>
		<difficult>0</difficult>
		<occluded>0</occluded>
		<bndbox>
			<xmin>145</xmin>
			<xmax>276</xmax>
			<ymin>90</ymin>
			<ymax>296</ymax>
		</bndbox>
	</object>
	<object>
		<name>minitruck</name>
		<pose>Unspecified</pose>
		<truncated>0</truncated>
		<difficult>0</difficult>
		<occluded>0</occluded>
		<bndbox>
			<xmin>61</xmin>
			<xmax>191</xmax>
			<ymin>76</ymin>
			<ymax>264</ymax>
		</bndbox>
	</object>
</annotation>
