<annotation>
	<folder></folder>
	<filename>frame_3330_jpg.rf.3d3970ae3464c06bc6cda212e098d140.jpg</filename>
	<path>frame_3330_jpg.rf.3d3970ae3464c06bc6cda212e098d140.jpg</path>
	<source>
		<database>roboflow.ai</database>
	</source>
	<size>
		<width>416</width>
		<height>416</height>
		<depth>3</depth>
	</size>
	<segmented>0</segmented>
	<object>
		<name>auto</name>
		<pose>Unspecified</pose>
		<truncated>0</truncated>
		<difficult>0</difficult>
		<occluded>0</occluded>
		<bndbox>
			<xmin>189</xmin>
			<xmax>257</xmax>
			<ymin>194</ymin>
			<ymax>299</ymax>
		</bndbox>
	</object>
	<object>
		<name>car</name>
		<pose>Unspecified</pose>
		<truncated>0</truncated>
		<difficult>0</difficult>
		<occluded>0</occluded>
		<bndbox>
			<xmin>190</xmin>
			<xmax>250</xmax>
			<ymin>87</ymin>
			<ymax>167</ymax>
		</bndbox>
	</object>
	<object>
		<name>motorbike</name>
		<pose>Unspecified</pose>
		<truncated>0</truncated>
		<difficult>0</difficult>
		<occluded>0</occluded>
		<bndbox>
			<xmin>203</xmin>
			<xmax>273</xmax>
			<ymin>280</ymin>
			<ymax>383</ymax>
		</bndbox>
	</object>
</annotation>
