<annotation>
	<folder></folder>
	<filename>frame_3312_jpg.rf.4667baa13217fc2e3cc9775294e67c76.jpg</filename>
	<path>frame_3312_jpg.rf.4667baa13217fc2e3cc9775294e67c76.jpg</path>
	<source>
		<database>roboflow.ai</database>
	</source>
	<size>
		<width>416</width>
		<height>416</height>
		<depth>3</depth>
	</size>
	<segmented>0</segmented>
	<object>
		<name>bus</name>
		<pose>Unspecified</pose>
		<truncated>0</truncated>
		<difficult>0</difficult>
		<occluded>0</occluded>
		<bndbox>
			<xmin>34</xmin>
			<xmax>216</xmax>
			<ymin>99</ymin>
			<ymax>353</ymax>
		</bndbox>
	</object>
	<object>
		<name>riksha</name>
		<pose>Unspecified</pose>
		<truncated>0</truncated>
		<difficult>0</difficult>
		<occluded>0</occluded>
		<bndbox>
			<xmin>47</xmin>
			<xmax>159</xmax>
			<ymin>192</ymin>
			<ymax>404</ymax>
		</bndbox>
	</object>
</annotation>
