<annotation>
	<folder></folder>
	<filename>frame_3357_jpg.rf.07abe82406c3eb5e7e2fa905cc5d47a2.jpg</filename>
	<path>frame_3357_jpg.rf.07abe82406c3eb5e7e2fa905cc5d47a2.jpg</path>
	<source>
		<database>roboflow.ai</database>
	</source>
	<size>
		<width>416</width>
		<height>416</height>
		<depth>3</depth>
	</size>
	<segmented>0</segmented>
	<object>
		<name>auto</name>
		<pose>Unspecified</pose>
		<truncated>0</truncated>
		<difficult>0</difficult>
		<occluded>0</occluded>
		<bndbox>
			<xmin>265</xmin>
			<xmax>291</xmax>
			<ymin>212</ymin>
			<ymax>256</ymax>
		</bndbox>
	</object>
	<object>
		<name>auto</name>
		<pose>Unspecified</pose>
		<truncated>0</truncated>
		<difficult>0</difficult>
		<occluded>0</occluded>
		<bndbox>
			<xmin>230</xmin>
			<xmax>270</xmax>
			<ymin>196</ymin>
			<ymax>273</ymax>
		</bndbox>
	</object>
	<object>
		<name>car</name>
		<pose>Unspecified</pose>
		<truncated>0</truncated>
		<difficult>0</difficult>
		<occluded>0</occluded>
		<bndbox>
			<xmin>100</xmin>
			<xmax>206</xmax>
			<ymin>190</ymin>
			<ymax>284</ymax>
		</bndbox>
	</object>
</annotation>
