<annotation>
	<folder></folder>
	<filename>frame_3325_jpg.rf.eae8fdb2e5fa8d51a7b6d77de3b2727a.jpg</filename>
	<path>frame_3325_jpg.rf.eae8fdb2e5fa8d51a7b6d77de3b2727a.jpg</path>
	<source>
		<database>roboflow.ai</database>
	</source>
	<size>
		<width>416</width>
		<height>416</height>
		<depth>3</depth>
	</size>
	<segmented>0</segmented>
	<object>
		<name>bus</name>
		<pose>Unspecified</pose>
		<truncated>0</truncated>
		<difficult>0</difficult>
		<occluded>0</occluded>
		<bndbox>
			<xmin>30</xmin>
			<xmax>194</xmax>
			<ymin>98</ymin>
			<ymax>355</ymax>
		</bndbox>
	</object>
	<object>
		<name>bus</name>
		<pose>Unspecified</pose>
		<truncated>0</truncated>
		<difficult>0</difficult>
		<occluded>0</occluded>
		<bndbox>
			<xmin>134</xmin>
			<xmax>415</xmax>
			<ymin>0</ymin>
			<ymax>337</ymax>
		</bndbox>
	</object>
</annotation>
