<annotation>
	<folder></folder>
	<filename>frame_3338_jpg.rf.631ada88f47a226c518b0039507ae358.jpg</filename>
	<path>frame_3338_jpg.rf.631ada88f47a226c518b0039507ae358.jpg</path>
	<source>
		<database>roboflow.ai</database>
	</source>
	<size>
		<width>416</width>
		<height>416</height>
		<depth>3</depth>
	</size>
	<segmented>0</segmented>
	<object>
		<name>motorbike</name>
		<pose>Unspecified</pose>
		<truncated>0</truncated>
		<difficult>0</difficult>
		<occluded>0</occluded>
		<bndbox>
			<xmin>195</xmin>
			<xmax>248</xmax>
			<ymin>154</ymin>
			<ymax>252</ymax>
		</bndbox>
	</object>
</annotation>
