<annotation>
	<folder></folder>
	<filename>frame_3331_jpg.rf.304f2887134c8f67b2483ade8b7ce664.jpg</filename>
	<path>frame_3331_jpg.rf.304f2887134c8f67b2483ade8b7ce664.jpg</path>
	<source>
		<database>roboflow.ai</database>
	</source>
	<size>
		<width>416</width>
		<height>416</height>
		<depth>3</depth>
	</size>
	<segmented>0</segmented>
	<object>
		<name>motorbike</name>
		<pose>Unspecified</pose>
		<truncated>0</truncated>
		<difficult>0</difficult>
		<occluded>0</occluded>
		<bndbox>
			<xmin>221</xmin>
			<xmax>257</xmax>
			<ymin>325</ymin>
			<ymax>379</ymax>
		</bndbox>
	</object>
	<object>
		<name>auto</name>
		<pose>Unspecified</pose>
		<truncated>0</truncated>
		<difficult>0</difficult>
		<occluded>0</occluded>
		<bndbox>
			<xmin>277</xmin>
			<xmax>315</xmax>
			<ymin>318</ymin>
			<ymax>379</ymax>
		</bndbox>
	</object>
</annotation>
