<annotation>
	<folder></folder>
	<filename>frame_3323_jpg.rf.03bae2aa49c2b9c5490b27b4d237ad0a.jpg</filename>
	<path>frame_3323_jpg.rf.03bae2aa49c2b9c5490b27b4d237ad0a.jpg</path>
	<source>
		<database>roboflow.ai</database>
	</source>
	<size>
		<width>416</width>
		<height>416</height>
		<depth>3</depth>
	</size>
	<segmented>0</segmented>
	<object>
		<name>riksha</name>
		<pose>Unspecified</pose>
		<truncated>0</truncated>
		<difficult>0</difficult>
		<occluded>0</occluded>
		<bndbox>
			<xmin>144</xmin>
			<xmax>333</xmax>
			<ymin>138</ymin>
			<ymax>412</ymax>
		</bndbox>
	</object>
	<object>
		<name>bus</name>
		<pose>Unspecified</pose>
		<truncated>0</truncated>
		<difficult>0</difficult>
		<occluded>0</occluded>
		<bndbox>
			<xmin>28</xmin>
			<xmax>199</xmax>
			<ymin>95</ymin>
			<ymax>333</ymax>
		</bndbox>
	</object>
</annotation>
