<annotation>
	<folder></folder>
	<filename>frame_3312_jpg.rf.4418d2dbe75690d98f0d4a4645eb3d1e.jpg</filename>
	<path>frame_3312_jpg.rf.4418d2dbe75690d98f0d4a4645eb3d1e.jpg</path>
	<source>
		<database>roboflow.ai</database>
	</source>
	<size>
		<width>416</width>
		<height>416</height>
		<depth>3</depth>
	</size>
	<segmented>0</segmented>
	<object>
		<name>bus</name>
		<pose>Unspecified</pose>
		<truncated>0</truncated>
		<difficult>0</difficult>
		<occluded>0</occluded>
		<bndbox>
			<xmin>45</xmin>
			<xmax>208</xmax>
			<ymin>98</ymin>
			<ymax>333</ymax>
		</bndbox>
	</object>
	<object>
		<name>riksha</name>
		<pose>Unspecified</pose>
		<truncated>0</truncated>
		<difficult>0</difficult>
		<occluded>0</occluded>
		<bndbox>
			<xmin>48</xmin>
			<xmax>143</xmax>
			<ymin>187</ymin>
			<ymax>387</ymax>
		</bndbox>
	</object>
</annotation>
