<annotation>
	<folder></folder>
	<filename>frame_3357_jpg.rf.fcf49e1ff3c312cdd986fdf0ad224ec1.jpg</filename>
	<path>frame_3357_jpg.rf.fcf49e1ff3c312cdd986fdf0ad224ec1.jpg</path>
	<source>
		<database>roboflow.ai</database>
	</source>
	<size>
		<width>416</width>
		<height>416</height>
		<depth>3</depth>
	</size>
	<segmented>0</segmented>
	<object>
		<name>auto</name>
		<pose>Unspecified</pose>
		<truncated>0</truncated>
		<difficult>0</difficult>
		<occluded>0</occluded>
		<bndbox>
			<xmin>266</xmin>
			<xmax>291</xmax>
			<ymin>211</ymin>
			<ymax>253</ymax>
		</bndbox>
	</object>
	<object>
		<name>auto</name>
		<pose>Unspecified</pose>
		<truncated>0</truncated>
		<difficult>0</difficult>
		<occluded>0</occluded>
		<bndbox>
			<xmin>231</xmin>
			<xmax>271</xmax>
			<ymin>195</ymin>
			<ymax>271</ymax>
		</bndbox>
	</object>
	<object>
		<name>car</name>
		<pose>Unspecified</pose>
		<truncated>0</truncated>
		<difficult>0</difficult>
		<occluded>0</occluded>
		<bndbox>
			<xmin>101</xmin>
			<xmax>208</xmax>
			<ymin>193</ymin>
			<ymax>284</ymax>
		</bndbox>
	</object>
</annotation>
