<annotation>
	<folder></folder>
	<filename>frame_3362_jpg.rf.b998165d9b7c496cef635a06a266e4e4.jpg</filename>
	<path>frame_3362_jpg.rf.b998165d9b7c496cef635a06a266e4e4.jpg</path>
	<source>
		<database>roboflow.ai</database>
	</source>
	<size>
		<width>416</width>
		<height>416</height>
		<depth>3</depth>
	</size>
	<segmented>0</segmented>
	<object>
		<name>auto</name>
		<pose>Unspecified</pose>
		<truncated>0</truncated>
		<difficult>0</difficult>
		<occluded>0</occluded>
		<bndbox>
			<xmin>258</xmin>
			<xmax>376</xmax>
			<ymin>130</ymin>
			<ymax>323</ymax>
		</bndbox>
	</object>
	<object>
		<name>car</name>
		<pose>Unspecified</pose>
		<truncated>0</truncated>
		<difficult>0</difficult>
		<occluded>0</occluded>
		<bndbox>
			<xmin>88</xmin>
			<xmax>195</xmax>
			<ymin>153</ymin>
			<ymax>278</ymax>
		</bndbox>
	</object>
</annotation>
