<annotation>
	<folder></folder>
	<filename>frame_3318_jpg.rf.f0f3a314cb8bf3a40fc5f24d19292dcc.jpg</filename>
	<path>frame_3318_jpg.rf.f0f3a314cb8bf3a40fc5f24d19292dcc.jpg</path>
	<source>
		<database>roboflow.ai</database>
	</source>
	<size>
		<width>416</width>
		<height>416</height>
		<depth>3</depth>
	</size>
	<segmented>0</segmented>
	<object>
		<name>bicycle</name>
		<pose>Unspecified</pose>
		<truncated>0</truncated>
		<difficult>0</difficult>
		<occluded>0</occluded>
		<bndbox>
			<xmin>222</xmin>
			<xmax>297</xmax>
			<ymin>178</ymin>
			<ymax>365</ymax>
		</bndbox>
	</object>
	<object>
		<name>motorbike</name>
		<pose>Unspecified</pose>
		<truncated>0</truncated>
		<difficult>0</difficult>
		<occluded>0</occluded>
		<bndbox>
			<xmin>142</xmin>
			<xmax>188</xmax>
			<ymin>207</ymin>
			<ymax>351</ymax>
		</bndbox>
	</object>
	<object>
		<name>auto</name>
		<pose>Unspecified</pose>
		<truncated>0</truncated>
		<difficult>0</difficult>
		<occluded>0</occluded>
		<bndbox>
			<xmin>193</xmin>
			<xmax>233</xmax>
			<ymin>207</ymin>
			<ymax>287</ymax>
		</bndbox>
	</object>
	<object>
		<name>auto</name>
		<pose>Unspecified</pose>
		<truncated>0</truncated>
		<difficult>0</difficult>
		<occluded>0</occluded>
		<bndbox>
			<xmin>49</xmin>
			<xmax>98</xmax>
			<ymin>222</ymin>
			<ymax>313</ymax>
		</bndbox>
	</object>
</annotation>
