<annotation>
	<folder></folder>
	<filename>frame_3364_jpg.rf.8d250f9b09d2f8802721482bfd19670a.jpg</filename>
	<path>frame_3364_jpg.rf.8d250f9b09d2f8802721482bfd19670a.jpg</path>
	<source>
		<database>roboflow.ai</database>
	</source>
	<size>
		<width>416</width>
		<height>416</height>
		<depth>3</depth>
	</size>
	<segmented>0</segmented>
	<object>
		<name>motorbike</name>
		<pose>Unspecified</pose>
		<truncated>0</truncated>
		<difficult>0</difficult>
		<occluded>0</occluded>
		<bndbox>
			<xmin>267</xmin>
			<xmax>328</xmax>
			<ymin>133</ymin>
			<ymax>206</ymax>
		</bndbox>
	</object>
	<object>
		<name>auto</name>
		<pose>Unspecified</pose>
		<truncated>0</truncated>
		<difficult>0</difficult>
		<occluded>0</occluded>
		<bndbox>
			<xmin>301</xmin>
			<xmax>415</xmax>
			<ymin>99</ymin>
			<ymax>269</ymax>
		</bndbox>
	</object>
</annotation>
