<annotation>
	<folder></folder>
	<filename>frame_3288_jpg.rf.90aad05d8b8cc1b9b075ea316ae3fba0.jpg</filename>
	<path>frame_3288_jpg.rf.90aad05d8b8cc1b9b075ea316ae3fba0.jpg</path>
	<source>
		<database>roboflow.ai</database>
	</source>
	<size>
		<width>416</width>
		<height>416</height>
		<depth>3</depth>
	</size>
	<segmented>0</segmented>
	<object>
		<name>motorbike</name>
		<pose>Unspecified</pose>
		<truncated>0</truncated>
		<difficult>0</difficult>
		<occluded>0</occluded>
		<bndbox>
			<xmin>227</xmin>
			<xmax>366</xmax>
			<ymin>16</ymin>
			<ymax>383</ymax>
		</bndbox>
	</object>
	<object>
		<name>motorbike</name>
		<pose>Unspecified</pose>
		<truncated>0</truncated>
		<difficult>0</difficult>
		<occluded>0</occluded>
		<bndbox>
			<xmin>288</xmin>
			<xmax>375</xmax>
			<ymin>24</ymin>
			<ymax>247</ymax>
		</bndbox>
	</object>
	<object>
		<name>motorbike</name>
		<pose>Unspecified</pose>
		<truncated>0</truncated>
		<difficult>0</difficult>
		<occluded>0</occluded>
		<bndbox>
			<xmin>208</xmin>
			<xmax>295</xmax>
			<ymin>52</ymin>
			<ymax>275</ymax>
		</bndbox>
	</object>
	<object>
		<name>riksha</name>
		<pose>Unspecified</pose>
		<truncated>0</truncated>
		<difficult>0</difficult>
		<occluded>0</occluded>
		<bndbox>
			<xmin>90</xmin>
			<xmax>237</xmax>
			<ymin>108</ymin>
			<ymax>358</ymax>
		</bndbox>
	</object>
</annotation>
