<annotation>
	<folder></folder>
	<filename>frame_3330_jpg.rf.dc8a5f29a1733ab0dc57782619cea413.jpg</filename>
	<path>frame_3330_jpg.rf.dc8a5f29a1733ab0dc57782619cea413.jpg</path>
	<source>
		<database>roboflow.ai</database>
	</source>
	<size>
		<width>416</width>
		<height>416</height>
		<depth>3</depth>
	</size>
	<segmented>0</segmented>
	<object>
		<name>auto</name>
		<pose>Unspecified</pose>
		<truncated>0</truncated>
		<difficult>0</difficult>
		<occluded>0</occluded>
		<bndbox>
			<xmin>184</xmin>
			<xmax>237</xmax>
			<ymin>210</ymin>
			<ymax>299</ymax>
		</bndbox>
	</object>
	<object>
		<name>car</name>
		<pose>Unspecified</pose>
		<truncated>0</truncated>
		<difficult>0</difficult>
		<occluded>0</occluded>
		<bndbox>
			<xmin>218</xmin>
			<xmax>267</xmax>
			<ymin>95</ymin>
			<ymax>161</ymax>
		</bndbox>
	</object>
	<object>
		<name>motorbike</name>
		<pose>Unspecified</pose>
		<truncated>0</truncated>
		<difficult>0</difficult>
		<occluded>0</occluded>
		<bndbox>
			<xmin>172</xmin>
			<xmax>226</xmax>
			<ymin>305</ymin>
			<ymax>392</ymax>
		</bndbox>
	</object>
</annotation>
