<annotation>
	<folder></folder>
	<filename>frame_3364_jpg.rf.8bf68cd44b0f54db5e695ff7af7063f1.jpg</filename>
	<path>frame_3364_jpg.rf.8bf68cd44b0f54db5e695ff7af7063f1.jpg</path>
	<source>
		<database>roboflow.ai</database>
	</source>
	<size>
		<width>416</width>
		<height>416</height>
		<depth>3</depth>
	</size>
	<segmented>0</segmented>
	<object>
		<name>motorbike</name>
		<pose>Unspecified</pose>
		<truncated>0</truncated>
		<difficult>0</difficult>
		<occluded>0</occluded>
		<bndbox>
			<xmin>255</xmin>
			<xmax>308</xmax>
			<ymin>137</ymin>
			<ymax>205</ymax>
		</bndbox>
	</object>
	<object>
		<name>auto</name>
		<pose>Unspecified</pose>
		<truncated>0</truncated>
		<difficult>0</difficult>
		<occluded>0</occluded>
		<bndbox>
			<xmin>303</xmin>
			<xmax>407</xmax>
			<ymin>105</ymin>
			<ymax>265</ymax>
		</bndbox>
	</object>
</annotation>
