<annotation>
	<folder></folder>
	<filename>frame_3326_jpg.rf.33f0c3a72939430d5a5678f1afb90780.jpg</filename>
	<path>frame_3326_jpg.rf.33f0c3a72939430d5a5678f1afb90780.jpg</path>
	<source>
		<database>roboflow.ai</database>
	</source>
	<size>
		<width>416</width>
		<height>416</height>
		<depth>3</depth>
	</size>
	<segmented>0</segmented>
	<object>
		<name>bus</name>
		<pose>Unspecified</pose>
		<truncated>0</truncated>
		<difficult>0</difficult>
		<occluded>0</occluded>
		<bndbox>
			<xmin>24</xmin>
			<xmax>374</xmax>
			<ymin>71</ymin>
			<ymax>311</ymax>
		</bndbox>
	</object>
</annotation>
