<annotation>
	<folder></folder>
	<filename>frame_3312_jpg.rf.b64c9682df3c689c8d47d5e4213b7640.jpg</filename>
	<path>frame_3312_jpg.rf.b64c9682df3c689c8d47d5e4213b7640.jpg</path>
	<source>
		<database>roboflow.ai</database>
	</source>
	<size>
		<width>416</width>
		<height>416</height>
		<depth>3</depth>
	</size>
	<segmented>0</segmented>
	<object>
		<name>bus</name>
		<pose>Unspecified</pose>
		<truncated>0</truncated>
		<difficult>0</difficult>
		<occluded>0</occluded>
		<bndbox>
			<xmin>30</xmin>
			<xmax>219</xmax>
			<ymin>103</ymin>
			<ymax>335</ymax>
		</bndbox>
	</object>
	<object>
		<name>riksha</name>
		<pose>Unspecified</pose>
		<truncated>0</truncated>
		<difficult>0</difficult>
		<occluded>0</occluded>
		<bndbox>
			<xmin>48</xmin>
			<xmax>168</xmax>
			<ymin>194</ymin>
			<ymax>385</ymax>
		</bndbox>
	</object>
</annotation>
