<annotation>
	<folder></folder>
	<filename>frame_3322_jpg.rf.dcd0d3e4379f3c94fb059fc9b47d4223.jpg</filename>
	<path>frame_3322_jpg.rf.dcd0d3e4379f3c94fb059fc9b47d4223.jpg</path>
	<source>
		<database>roboflow.ai</database>
	</source>
	<size>
		<width>416</width>
		<height>416</height>
		<depth>3</depth>
	</size>
	<segmented>0</segmented>
	<object>
		<name>bus</name>
		<pose>Unspecified</pose>
		<truncated>0</truncated>
		<difficult>0</difficult>
		<occluded>0</occluded>
		<bndbox>
			<xmin>13</xmin>
			<xmax>405</xmax>
			<ymin>0</ymin>
			<ymax>399</ymax>
		</bndbox>
	</object>
</annotation>
