<annotation>
	<folder></folder>
	<filename>frame_3292_jpg.rf.01fcda0afd5e197a05d152a67ade1670.jpg</filename>
	<path>frame_3292_jpg.rf.01fcda0afd5e197a05d152a67ade1670.jpg</path>
	<source>
		<database>roboflow.ai</database>
	</source>
	<size>
		<width>416</width>
		<height>416</height>
		<depth>3</depth>
	</size>
	<segmented>0</segmented>
	<object>
		<name>bus</name>
		<pose>Unspecified</pose>
		<truncated>0</truncated>
		<difficult>0</difficult>
		<occluded>0</occluded>
		<bndbox>
			<xmin>63</xmin>
			<xmax>264</xmax>
			<ymin>32</ymin>
			<ymax>297</ymax>
		</bndbox>
	</object>
	<object>
		<name>bus</name>
		<pose>Unspecified</pose>
		<truncated>0</truncated>
		<difficult>0</difficult>
		<occluded>0</occluded>
		<bndbox>
			<xmin>237</xmin>
			<xmax>415</xmax>
			<ymin>0</ymin>
			<ymax>370</ymax>
		</bndbox>
	</object>
	<object>
		<name>motorbike</name>
		<pose>Unspecified</pose>
		<truncated>0</truncated>
		<difficult>0</difficult>
		<occluded>0</occluded>
		<bndbox>
			<xmin>54</xmin>
			<xmax>120</xmax>
			<ymin>156</ymin>
			<ymax>315</ymax>
		</bndbox>
	</object>
</annotation>
