<annotation>
	<folder></folder>
	<filename>frame_3314_jpg.rf.a5afe4d022c98c455f06783c6cecfdbe.jpg</filename>
	<path>frame_3314_jpg.rf.a5afe4d022c98c455f06783c6cecfdbe.jpg</path>
	<source>
		<database>roboflow.ai</database>
	</source>
	<size>
		<width>416</width>
		<height>416</height>
		<depth>3</depth>
	</size>
	<segmented>0</segmented>
	<object>
		<name>riksha</name>
		<pose>Unspecified</pose>
		<truncated>0</truncated>
		<difficult>0</difficult>
		<occluded>0</occluded>
		<bndbox>
			<xmin>165</xmin>
			<xmax>322</xmax>
			<ymin>152</ymin>
			<ymax>397</ymax>
		</bndbox>
	</object>
</annotation>
