<annotation>
	<folder></folder>
	<filename>frame_3320_jpg.rf.40180244eff895dfef2d96559de65ab8.jpg</filename>
	<path>frame_3320_jpg.rf.40180244eff895dfef2d96559de65ab8.jpg</path>
	<source>
		<database>roboflow.ai</database>
	</source>
	<size>
		<width>416</width>
		<height>416</height>
		<depth>3</depth>
	</size>
	<segmented>0</segmented>
	<object>
		<name>bus</name>
		<pose>Unspecified</pose>
		<truncated>0</truncated>
		<difficult>0</difficult>
		<occluded>0</occluded>
		<bndbox>
			<xmin>44</xmin>
			<xmax>202</xmax>
			<ymin>39</ymin>
			<ymax>334</ymax>
		</bndbox>
	</object>
	<object>
		<name>motorbike</name>
		<pose>Unspecified</pose>
		<truncated>0</truncated>
		<difficult>0</difficult>
		<occluded>0</occluded>
		<bndbox>
			<xmin>137</xmin>
			<xmax>214</xmax>
			<ymin>147</ymin>
			<ymax>316</ymax>
		</bndbox>
	</object>
	<object>
		<name>riksha</name>
		<pose>Unspecified</pose>
		<truncated>0</truncated>
		<difficult>0</difficult>
		<occluded>0</occluded>
		<bndbox>
			<xmin>0</xmin>
			<xmax>74</xmax>
			<ymin>189</ymin>
			<ymax>338</ymax>
		</bndbox>
	</object>
</annotation>
