<annotation>
	<folder></folder>
	<filename>frame_3286_jpg.rf.c623e3eca691d9771ec55bf16d847d97.jpg</filename>
	<path>frame_3286_jpg.rf.c623e3eca691d9771ec55bf16d847d97.jpg</path>
	<source>
		<database>roboflow.ai</database>
	</source>
	<size>
		<width>416</width>
		<height>416</height>
		<depth>3</depth>
	</size>
	<segmented>0</segmented>
	<object>
		<name>car</name>
		<pose>Unspecified</pose>
		<truncated>0</truncated>
		<difficult>0</difficult>
		<occluded>0</occluded>
		<bndbox>
			<xmin>266</xmin>
			<xmax>415</xmax>
			<ymin>109</ymin>
			<ymax>328</ymax>
		</bndbox>
	</object>
	<object>
		<name>minitruck</name>
		<pose>Unspecified</pose>
		<truncated>0</truncated>
		<difficult>0</difficult>
		<occluded>0</occluded>
		<bndbox>
			<xmin>152</xmin>
			<xmax>264</xmax>
			<ymin>98</ymin>
			<ymax>285</ymax>
		</bndbox>
	</object>
	<object>
		<name>minitruck</name>
		<pose>Unspecified</pose>
		<truncated>0</truncated>
		<difficult>0</difficult>
		<occluded>0</occluded>
		<bndbox>
			<xmin>236</xmin>
			<xmax>348</xmax>
			<ymin>100</ymin>
			<ymax>269</ymax>
		</bndbox>
	</object>
</annotation>
