<annotation>
	<folder></folder>
	<filename>frame_3326_jpg.rf.e539d4eee28c874e7b70f2719c4ace6b.jpg</filename>
	<path>frame_3326_jpg.rf.e539d4eee28c874e7b70f2719c4ace6b.jpg</path>
	<source>
		<database>roboflow.ai</database>
	</source>
	<size>
		<width>416</width>
		<height>416</height>
		<depth>3</depth>
	</size>
	<segmented>0</segmented>
	<object>
		<name>bus</name>
		<pose>Unspecified</pose>
		<truncated>0</truncated>
		<difficult>0</difficult>
		<occluded>0</occluded>
		<bndbox>
			<xmin>41</xmin>
			<xmax>401</xmax>
			<ymin>55</ymin>
			<ymax>338</ymax>
		</bndbox>
	</object>
</annotation>
