<annotation>
	<folder></folder>
	<filename>frame_3338_jpg.rf.bedcac7dad6bc6edd5a06764c0debcf0.jpg</filename>
	<path>frame_3338_jpg.rf.bedcac7dad6bc6edd5a06764c0debcf0.jpg</path>
	<source>
		<database>roboflow.ai</database>
	</source>
	<size>
		<width>416</width>
		<height>416</height>
		<depth>3</depth>
	</size>
	<segmented>0</segmented>
	<object>
		<name>motorbike</name>
		<pose>Unspecified</pose>
		<truncated>0</truncated>
		<difficult>0</difficult>
		<occluded>0</occluded>
		<bndbox>
			<xmin>189</xmin>
			<xmax>253</xmax>
			<ymin>149</ymin>
			<ymax>260</ymax>
		</bndbox>
	</object>
</annotation>
