<annotation>
	<folder></folder>
	<filename>frame_3291_jpg.rf.e263c7a089f3706e0c56c6d3a74afcd5.jpg</filename>
	<path>frame_3291_jpg.rf.e263c7a089f3706e0c56c6d3a74afcd5.jpg</path>
	<source>
		<database>roboflow.ai</database>
	</source>
	<size>
		<width>416</width>
		<height>416</height>
		<depth>3</depth>
	</size>
	<segmented>0</segmented>
	<object>
		<name>bus</name>
		<pose>Unspecified</pose>
		<truncated>0</truncated>
		<difficult>0</difficult>
		<occluded>0</occluded>
		<bndbox>
			<xmin>0</xmin>
			<xmax>326</xmax>
			<ymin>0</ymin>
			<ymax>389</ymax>
		</bndbox>
	</object>
	<object>
		<name>motorbike</name>
		<pose>Unspecified</pose>
		<truncated>0</truncated>
		<difficult>0</difficult>
		<occluded>0</occluded>
		<bndbox>
			<xmin>295</xmin>
			<xmax>350</xmax>
			<ymin>168</ymin>
			<ymax>312</ymax>
		</bndbox>
	</object>
</annotation>
