<annotation>
	<folder></folder>
	<filename>frame_3291_jpg.rf.93526745e015b5a79247a6eebe1658b4.jpg</filename>
	<path>frame_3291_jpg.rf.93526745e015b5a79247a6eebe1658b4.jpg</path>
	<source>
		<database>roboflow.ai</database>
	</source>
	<size>
		<width>416</width>
		<height>416</height>
		<depth>3</depth>
	</size>
	<segmented>0</segmented>
	<object>
		<name>bus</name>
		<pose>Unspecified</pose>
		<truncated>0</truncated>
		<difficult>0</difficult>
		<occluded>0</occluded>
		<bndbox>
			<xmin>114</xmin>
			<xmax>415</xmax>
			<ymin>0</ymin>
			<ymax>403</ymax>
		</bndbox>
	</object>
	<object>
		<name>motorbike</name>
		<pose>Unspecified</pose>
		<truncated>0</truncated>
		<difficult>0</difficult>
		<occluded>0</occluded>
		<bndbox>
			<xmin>56</xmin>
			<xmax>100</xmax>
			<ymin>176</ymin>
			<ymax>340</ymax>
		</bndbox>
	</object>
</annotation>
