<annotation>
	<folder></folder>
	<filename>frame_3322_jpg.rf.4137e1c53c50e0720459356063d410ff.jpg</filename>
	<path>frame_3322_jpg.rf.4137e1c53c50e0720459356063d410ff.jpg</path>
	<source>
		<database>roboflow.ai</database>
	</source>
	<size>
		<width>416</width>
		<height>416</height>
		<depth>3</depth>
	</size>
	<segmented>0</segmented>
	<object>
		<name>bus</name>
		<pose>Unspecified</pose>
		<truncated>0</truncated>
		<difficult>0</difficult>
		<occluded>0</occluded>
		<bndbox>
			<xmin>49</xmin>
			<xmax>359</xmax>
			<ymin>55</ymin>
			<ymax>341</ymax>
		</bndbox>
	</object>
</annotation>
