<annotation>
	<folder></folder>
	<filename>frame_3362_jpg.rf.27ccfe75ff4c320338830148a43c9463.jpg</filename>
	<path>frame_3362_jpg.rf.27ccfe75ff4c320338830148a43c9463.jpg</path>
	<source>
		<database>roboflow.ai</database>
	</source>
	<size>
		<width>416</width>
		<height>416</height>
		<depth>3</depth>
	</size>
	<segmented>0</segmented>
	<object>
		<name>auto</name>
		<pose>Unspecified</pose>
		<truncated>0</truncated>
		<difficult>0</difficult>
		<occluded>0</occluded>
		<bndbox>
			<xmin>42</xmin>
			<xmax>158</xmax>
			<ymin>133</ymin>
			<ymax>358</ymax>
		</bndbox>
	</object>
	<object>
		<name>car</name>
		<pose>Unspecified</pose>
		<truncated>0</truncated>
		<difficult>0</difficult>
		<occluded>0</occluded>
		<bndbox>
			<xmin>224</xmin>
			<xmax>327</xmax>
			<ymin>131</ymin>
			<ymax>277</ymax>
		</bndbox>
	</object>
</annotation>
