<annotation>
	<folder></folder>
	<filename>frame_3325_jpg.rf.df80da5cc5343abecb5d67bda6682ede.jpg</filename>
	<path>frame_3325_jpg.rf.df80da5cc5343abecb5d67bda6682ede.jpg</path>
	<source>
		<database>roboflow.ai</database>
	</source>
	<size>
		<width>416</width>
		<height>416</height>
		<depth>3</depth>
	</size>
	<segmented>0</segmented>
	<object>
		<name>bus</name>
		<pose>Unspecified</pose>
		<truncated>0</truncated>
		<difficult>0</difficult>
		<occluded>0</occluded>
		<bndbox>
			<xmin>33</xmin>
			<xmax>190</xmax>
			<ymin>95</ymin>
			<ymax>362</ymax>
		</bndbox>
	</object>
	<object>
		<name>bus</name>
		<pose>Unspecified</pose>
		<truncated>0</truncated>
		<difficult>0</difficult>
		<occluded>0</occluded>
		<bndbox>
			<xmin>140</xmin>
			<xmax>415</xmax>
			<ymin>0</ymin>
			<ymax>341</ymax>
		</bndbox>
	</object>
</annotation>
