<annotation>
	<folder></folder>
	<filename>frame_3363_jpg.rf.e8f5f6f9b25c34df9bf6039587c702d4.jpg</filename>
	<path>frame_3363_jpg.rf.e8f5f6f9b25c34df9bf6039587c702d4.jpg</path>
	<source>
		<database>roboflow.ai</database>
	</source>
	<size>
		<width>416</width>
		<height>416</height>
		<depth>3</depth>
	</size>
	<segmented>0</segmented>
	<object>
		<name>car</name>
		<pose>Unspecified</pose>
		<truncated>0</truncated>
		<difficult>0</difficult>
		<occluded>0</occluded>
		<bndbox>
			<xmin>219</xmin>
			<xmax>345</xmax>
			<ymin>90</ymin>
			<ymax>194</ymax>
		</bndbox>
	</object>
</annotation>
