<annotation>
	<folder></folder>
	<filename>frame_3369_jpg.rf.37cfba53f66b66743db42b0ea1d98d93.jpg</filename>
	<path>frame_3369_jpg.rf.37cfba53f66b66743db42b0ea1d98d93.jpg</path>
	<source>
		<database>roboflow.ai</database>
	</source>
	<size>
		<width>416</width>
		<height>416</height>
		<depth>3</depth>
	</size>
	<segmented>0</segmented>
	<object>
		<name>auto</name>
		<pose>Unspecified</pose>
		<truncated>0</truncated>
		<difficult>0</difficult>
		<occluded>0</occluded>
		<bndbox>
			<xmin>237</xmin>
			<xmax>414</xmax>
			<ymin>147</ymin>
			<ymax>413</ymax>
		</bndbox>
	</object>
	<object>
		<name>auto</name>
		<pose>Unspecified</pose>
		<truncated>0</truncated>
		<difficult>0</difficult>
		<occluded>0</occluded>
		<bndbox>
			<xmin>144</xmin>
			<xmax>233</xmax>
			<ymin>206</ymin>
			<ymax>344</ymax>
		</bndbox>
	</object>
	<object>
		<name>auto</name>
		<pose>Unspecified</pose>
		<truncated>0</truncated>
		<difficult>0</difficult>
		<occluded>0</occluded>
		<bndbox>
			<xmin>51</xmin>
			<xmax>165</xmax>
			<ymin>174</ymin>
			<ymax>365</ymax>
		</bndbox>
	</object>
	<object>
		<name>motorbike</name>
		<pose>Unspecified</pose>
		<truncated>0</truncated>
		<difficult>0</difficult>
		<occluded>0</occluded>
		<bndbox>
			<xmin>203</xmin>
			<xmax>252</xmax>
			<ymin>225</ymin>
			<ymax>327</ymax>
		</bndbox>
	</object>
</annotation>
