<annotation>
	<folder></folder>
	<filename>frame_3363_jpg.rf.e1fa4cec7ab7f80195dedf9a70b2d1a4.jpg</filename>
	<path>frame_3363_jpg.rf.e1fa4cec7ab7f80195dedf9a70b2d1a4.jpg</path>
	<source>
		<database>roboflow.ai</database>
	</source>
	<size>
		<width>416</width>
		<height>416</height>
		<depth>3</depth>
	</size>
	<segmented>0</segmented>
	<object>
		<name>car</name>
		<pose>Unspecified</pose>
		<truncated>0</truncated>
		<difficult>0</difficult>
		<occluded>0</occluded>
		<bndbox>
			<xmin>176</xmin>
			<xmax>330</xmax>
			<ymin>54</ymin>
			<ymax>177</ymax>
		</bndbox>
	</object>
</annotation>
