<annotation>
	<folder></folder>
	<filename>frame_3327_jpg.rf.2487d2d9254f6f1baa489bdf4680cd38.jpg</filename>
	<path>frame_3327_jpg.rf.2487d2d9254f6f1baa489bdf4680cd38.jpg</path>
	<source>
		<database>roboflow.ai</database>
	</source>
	<size>
		<width>416</width>
		<height>416</height>
		<depth>3</depth>
	</size>
	<segmented>0</segmented>
	<object>
		<name>motorbike</name>
		<pose>Unspecified</pose>
		<truncated>0</truncated>
		<difficult>0</difficult>
		<occluded>0</occluded>
		<bndbox>
			<xmin>360</xmin>
			<xmax>409</xmax>
			<ymin>203</ymin>
			<ymax>290</ymax>
		</bndbox>
	</object>
	<object>
		<name>motorbike</name>
		<pose>Unspecified</pose>
		<truncated>0</truncated>
		<difficult>0</difficult>
		<occluded>0</occluded>
		<bndbox>
			<xmin>292</xmin>
			<xmax>366</xmax>
			<ymin>223</ymin>
			<ymax>339</ymax>
		</bndbox>
	</object>
</annotation>
