<annotation>
	<folder></folder>
	<filename>frame_3362_jpg.rf.845025790e5d5eb3092aabdaac66e87e.jpg</filename>
	<path>frame_3362_jpg.rf.845025790e5d5eb3092aabdaac66e87e.jpg</path>
	<source>
		<database>roboflow.ai</database>
	</source>
	<size>
		<width>416</width>
		<height>416</height>
		<depth>3</depth>
	</size>
	<segmented>0</segmented>
	<object>
		<name>auto</name>
		<pose>Unspecified</pose>
		<truncated>0</truncated>
		<difficult>0</difficult>
		<occluded>0</occluded>
		<bndbox>
			<xmin>38</xmin>
			<xmax>163</xmax>
			<ymin>100</ymin>
			<ymax>306</ymax>
		</bndbox>
	</object>
	<object>
		<name>car</name>
		<pose>Unspecified</pose>
		<truncated>0</truncated>
		<difficult>0</difficult>
		<occluded>0</occluded>
		<bndbox>
			<xmin>220</xmin>
			<xmax>333</xmax>
			<ymin>163</ymin>
			<ymax>296</ymax>
		</bndbox>
	</object>
</annotation>
