<annotation>
	<folder></folder>
	<filename>frame_3290_jpg.rf.27579f193cdeab3013a240800571b2af.jpg</filename>
	<path>frame_3290_jpg.rf.27579f193cdeab3013a240800571b2af.jpg</path>
	<source>
		<database>roboflow.ai</database>
	</source>
	<size>
		<width>416</width>
		<height>416</height>
		<depth>3</depth>
	</size>
	<segmented>0</segmented>
	<object>
		<name>auto</name>
		<pose>Unspecified</pose>
		<truncated>0</truncated>
		<difficult>0</difficult>
		<occluded>0</occluded>
		<bndbox>
			<xmin>4</xmin>
			<xmax>137</xmax>
			<ymin>85</ymin>
			<ymax>415</ymax>
		</bndbox>
	</object>
	<object>
		<name>motorbike</name>
		<pose>Unspecified</pose>
		<truncated>0</truncated>
		<difficult>0</difficult>
		<occluded>0</occluded>
		<bndbox>
			<xmin>192</xmin>
			<xmax>228</xmax>
			<ymin>152</ymin>
			<ymax>305</ymax>
		</bndbox>
	</object>
</annotation>
