<annotation>
	<folder></folder>
	<filename>frame_3364_jpg.rf.930dd23435d9cf2218c1bdeb34b2462c.jpg</filename>
	<path>frame_3364_jpg.rf.930dd23435d9cf2218c1bdeb34b2462c.jpg</path>
	<source>
		<database>roboflow.ai</database>
	</source>
	<size>
		<width>416</width>
		<height>416</height>
		<depth>3</depth>
	</size>
	<segmented>0</segmented>
	<object>
		<name>motorbike</name>
		<pose>Unspecified</pose>
		<truncated>0</truncated>
		<difficult>0</difficult>
		<occluded>0</occluded>
		<bndbox>
			<xmin>93</xmin>
			<xmax>151</xmax>
			<ymin>145</ymin>
			<ymax>215</ymax>
		</bndbox>
	</object>
	<object>
		<name>auto</name>
		<pose>Unspecified</pose>
		<truncated>0</truncated>
		<difficult>0</difficult>
		<occluded>0</occluded>
		<bndbox>
			<xmin>0</xmin>
			<xmax>114</xmax>
			<ymin>122</ymin>
			<ymax>283</ymax>
		</bndbox>
	</object>
</annotation>
