<annotation>
	<folder></folder>
	<filename>frame_3295_jpg.rf.4303e7a10260de1dd3ff0cf8cb585ae4.jpg</filename>
	<path>frame_3295_jpg.rf.4303e7a10260de1dd3ff0cf8cb585ae4.jpg</path>
	<source>
		<database>roboflow.ai</database>
	</source>
	<size>
		<width>416</width>
		<height>416</height>
		<depth>3</depth>
	</size>
	<segmented>0</segmented>
	<object>
		<name>bus</name>
		<pose>Unspecified</pose>
		<truncated>0</truncated>
		<difficult>0</difficult>
		<occluded>0</occluded>
		<bndbox>
			<xmin>301</xmin>
			<xmax>415</xmax>
			<ymin>196</ymin>
			<ymax>389</ymax>
		</bndbox>
	</object>
	<object>
		<name>bus</name>
		<pose>Unspecified</pose>
		<truncated>0</truncated>
		<difficult>0</difficult>
		<occluded>0</occluded>
		<bndbox>
			<xmin>143</xmin>
			<xmax>245</xmax>
			<ymin>178</ymin>
			<ymax>371</ymax>
		</bndbox>
	</object>
	<object>
		<name>bus</name>
		<pose>Unspecified</pose>
		<truncated>0</truncated>
		<difficult>0</difficult>
		<occluded>0</occluded>
		<bndbox>
			<xmin>249</xmin>
			<xmax>382</xmax>
			<ymin>216</ymin>
			<ymax>414</ymax>
		</bndbox>
	</object>
	<object>
		<name>bus</name>
		<pose>Unspecified</pose>
		<truncated>0</truncated>
		<difficult>0</difficult>
		<occluded>0</occluded>
		<bndbox>
			<xmin>61</xmin>
			<xmax>162</xmax>
			<ymin>202</ymin>
			<ymax>405</ymax>
		</bndbox>
	</object>
</annotation>
