<annotation>
	<folder></folder>
	<filename>frame_3320_jpg.rf.0ca38d0b7850cdded9f58d77036667c3.jpg</filename>
	<path>frame_3320_jpg.rf.0ca38d0b7850cdded9f58d77036667c3.jpg</path>
	<source>
		<database>roboflow.ai</database>
	</source>
	<size>
		<width>416</width>
		<height>416</height>
		<depth>3</depth>
	</size>
	<segmented>0</segmented>
	<object>
		<name>bus</name>
		<pose>Unspecified</pose>
		<truncated>0</truncated>
		<difficult>0</difficult>
		<occluded>0</occluded>
		<bndbox>
			<xmin>80</xmin>
			<xmax>188</xmax>
			<ymin>34</ymin>
			<ymax>279</ymax>
		</bndbox>
	</object>
	<object>
		<name>motorbike</name>
		<pose>Unspecified</pose>
		<truncated>0</truncated>
		<difficult>0</difficult>
		<occluded>0</occluded>
		<bndbox>
			<xmin>149</xmin>
			<xmax>196</xmax>
			<ymin>146</ymin>
			<ymax>290</ymax>
		</bndbox>
	</object>
	<object>
		<name>riksha</name>
		<pose>Unspecified</pose>
		<truncated>0</truncated>
		<difficult>0</difficult>
		<occluded>0</occluded>
		<bndbox>
			<xmin>10</xmin>
			<xmax>59</xmax>
			<ymin>140</ymin>
			<ymax>263</ymax>
		</bndbox>
	</object>
</annotation>
