<annotation>
	<folder></folder>
	<filename>frame_3320_jpg.rf.ee1c871362b5e0555bd6e64006e6e223.jpg</filename>
	<path>frame_3320_jpg.rf.ee1c871362b5e0555bd6e64006e6e223.jpg</path>
	<source>
		<database>roboflow.ai</database>
	</source>
	<size>
		<width>416</width>
		<height>416</height>
		<depth>3</depth>
	</size>
	<segmented>0</segmented>
	<object>
		<name>bus</name>
		<pose>Unspecified</pose>
		<truncated>0</truncated>
		<difficult>0</difficult>
		<occluded>0</occluded>
		<bndbox>
			<xmin>155</xmin>
			<xmax>345</xmax>
			<ymin>0</ymin>
			<ymax>280</ymax>
		</bndbox>
	</object>
	<object>
		<name>motorbike</name>
		<pose>Unspecified</pose>
		<truncated>0</truncated>
		<difficult>0</difficult>
		<occluded>0</occluded>
		<bndbox>
			<xmin>199</xmin>
			<xmax>291</xmax>
			<ymin>131</ymin>
			<ymax>291</ymax>
		</bndbox>
	</object>
	<object>
		<name>riksha</name>
		<pose>Unspecified</pose>
		<truncated>0</truncated>
		<difficult>0</difficult>
		<occluded>0</occluded>
		<bndbox>
			<xmin>312</xmin>
			<xmax>401</xmax>
			<ymin>95</ymin>
			<ymax>234</ymax>
		</bndbox>
	</object>
</annotation>
