<annotation>
	<folder></folder>
	<filename>frame_3336_jpg.rf.c08c1125e734f2a4221bade531152488.jpg</filename>
	<path>frame_3336_jpg.rf.c08c1125e734f2a4221bade531152488.jpg</path>
	<source>
		<database>roboflow.ai</database>
	</source>
	<size>
		<width>416</width>
		<height>416</height>
		<depth>3</depth>
	</size>
	<segmented>0</segmented>
	<object>
		<name>car</name>
		<pose>Unspecified</pose>
		<truncated>0</truncated>
		<difficult>0</difficult>
		<occluded>0</occluded>
		<bndbox>
			<xmin>230</xmin>
			<xmax>275</xmax>
			<ymin>262</ymin>
			<ymax>324</ymax>
		</bndbox>
	</object>
</annotation>
