<annotation>
	<folder></folder>
	<filename>frame_3286_jpg.rf.d0e5e4fddbca52b112d5ef1ef7679b30.jpg</filename>
	<path>frame_3286_jpg.rf.d0e5e4fddbca52b112d5ef1ef7679b30.jpg</path>
	<source>
		<database>roboflow.ai</database>
	</source>
	<size>
		<width>416</width>
		<height>416</height>
		<depth>3</depth>
	</size>
	<segmented>0</segmented>
	<object>
		<name>car</name>
		<pose>Unspecified</pose>
		<truncated>0</truncated>
		<difficult>0</difficult>
		<occluded>0</occluded>
		<bndbox>
			<xmin>3</xmin>
			<xmax>157</xmax>
			<ymin>151</ymin>
			<ymax>372</ymax>
		</bndbox>
	</object>
	<object>
		<name>minitruck</name>
		<pose>Unspecified</pose>
		<truncated>0</truncated>
		<difficult>0</difficult>
		<occluded>0</occluded>
		<bndbox>
			<xmin>151</xmin>
			<xmax>264</xmax>
			<ymin>98</ymin>
			<ymax>285</ymax>
		</bndbox>
	</object>
	<object>
		<name>minitruck</name>
		<pose>Unspecified</pose>
		<truncated>0</truncated>
		<difficult>0</difficult>
		<occluded>0</occluded>
		<bndbox>
			<xmin>71</xmin>
			<xmax>183</xmax>
			<ymin>124</ymin>
			<ymax>295</ymax>
		</bndbox>
	</object>
</annotation>
