<annotation>
	<folder></folder>
	<filename>frame_3325_jpg.rf.e43018ecd65b690e3cadb821bfe4a658.jpg</filename>
	<path>frame_3325_jpg.rf.e43018ecd65b690e3cadb821bfe4a658.jpg</path>
	<source>
		<database>roboflow.ai</database>
	</source>
	<size>
		<width>416</width>
		<height>416</height>
		<depth>3</depth>
	</size>
	<segmented>0</segmented>
	<object>
		<name>bus</name>
		<pose>Unspecified</pose>
		<truncated>0</truncated>
		<difficult>0</difficult>
		<occluded>0</occluded>
		<bndbox>
			<xmin>27</xmin>
			<xmax>196</xmax>
			<ymin>98</ymin>
			<ymax>372</ymax>
		</bndbox>
	</object>
	<object>
		<name>bus</name>
		<pose>Unspecified</pose>
		<truncated>0</truncated>
		<difficult>0</difficult>
		<occluded>0</occluded>
		<bndbox>
			<xmin>132</xmin>
			<xmax>415</xmax>
			<ymin>0</ymin>
			<ymax>344</ymax>
		</bndbox>
	</object>
</annotation>
