<annotation>
	<folder></folder>
	<filename>frame_3313_jpg.rf.6eae70f5cd7d0a9a6442e0fa967329f1.jpg</filename>
	<path>frame_3313_jpg.rf.6eae70f5cd7d0a9a6442e0fa967329f1.jpg</path>
	<source>
		<database>roboflow.ai</database>
	</source>
	<size>
		<width>416</width>
		<height>416</height>
		<depth>3</depth>
	</size>
	<segmented>0</segmented>
	<object>
		<name>riksha</name>
		<pose>Unspecified</pose>
		<truncated>0</truncated>
		<difficult>0</difficult>
		<occluded>0</occluded>
		<bndbox>
			<xmin>0</xmin>
			<xmax>203</xmax>
			<ymin>158</ymin>
			<ymax>414</ymax>
		</bndbox>
	</object>
	<object>
		<name>bus</name>
		<pose>Unspecified</pose>
		<truncated>0</truncated>
		<difficult>0</difficult>
		<occluded>0</occluded>
		<bndbox>
			<xmin>87</xmin>
			<xmax>355</xmax>
			<ymin>44</ymin>
			<ymax>330</ymax>
		</bndbox>
	</object>
	<object>
		<name>riksha</name>
		<pose>Unspecified</pose>
		<truncated>0</truncated>
		<difficult>0</difficult>
		<occluded>0</occluded>
		<bndbox>
			<xmin>328</xmin>
			<xmax>394</xmax>
			<ymin>209</ymin>
			<ymax>352</ymax>
		</bndbox>
	</object>
</annotation>
