<annotation>
	<folder></folder>
	<filename>frame_3336_jpg.rf.7e71f8f7b8255a5bed39d0edb1ad4036.jpg</filename>
	<path>frame_3336_jpg.rf.7e71f8f7b8255a5bed39d0edb1ad4036.jpg</path>
	<source>
		<database>roboflow.ai</database>
	</source>
	<size>
		<width>416</width>
		<height>416</height>
		<depth>3</depth>
	</size>
	<segmented>0</segmented>
	<object>
		<name>car</name>
		<pose>Unspecified</pose>
		<truncated>0</truncated>
		<difficult>0</difficult>
		<occluded>0</occluded>
		<bndbox>
			<xmin>226</xmin>
			<xmax>272</xmax>
			<ymin>258</ymin>
			<ymax>326</ymax>
		</bndbox>
	</object>
</annotation>
