<annotation>
	<folder></folder>
	<filename>frame_3341_jpg.rf.fe467495b711ebad9468c0e3c68faec8.jpg</filename>
	<path>frame_3341_jpg.rf.fe467495b711ebad9468c0e3c68faec8.jpg</path>
	<source>
		<database>roboflow.ai</database>
	</source>
	<size>
		<width>416</width>
		<height>416</height>
		<depth>3</depth>
	</size>
	<segmented>0</segmented>
	<object>
		<name>van</name>
		<pose>Unspecified</pose>
		<truncated>0</truncated>
		<difficult>0</difficult>
		<occluded>0</occluded>
		<bndbox>
			<xmin>186</xmin>
			<xmax>386</xmax>
			<ymin>138</ymin>
			<ymax>415</ymax>
		</bndbox>
	</object>
	<object>
		<name>motorbike</name>
		<pose>Unspecified</pose>
		<truncated>0</truncated>
		<difficult>0</difficult>
		<occluded>0</occluded>
		<bndbox>
			<xmin>367</xmin>
			<xmax>415</xmax>
			<ymin>276</ymin>
			<ymax>409</ymax>
		</bndbox>
	</object>
</annotation>
