<annotation>
	<folder></folder>
	<filename>frame_3323_jpg.rf.34a18ac5110b4bc0cbce3eeec88f2a76.jpg</filename>
	<path>frame_3323_jpg.rf.34a18ac5110b4bc0cbce3eeec88f2a76.jpg</path>
	<source>
		<database>roboflow.ai</database>
	</source>
	<size>
		<width>416</width>
		<height>416</height>
		<depth>3</depth>
	</size>
	<segmented>0</segmented>
	<object>
		<name>riksha</name>
		<pose>Unspecified</pose>
		<truncated>0</truncated>
		<difficult>0</difficult>
		<occluded>0</occluded>
		<bndbox>
			<xmin>84</xmin>
			<xmax>258</xmax>
			<ymin>167</ymin>
			<ymax>404</ymax>
		</bndbox>
	</object>
	<object>
		<name>bus</name>
		<pose>Unspecified</pose>
		<truncated>0</truncated>
		<difficult>0</difficult>
		<occluded>0</occluded>
		<bndbox>
			<xmin>226</xmin>
			<xmax>382</xmax>
			<ymin>87</ymin>
			<ymax>293</ymax>
		</bndbox>
	</object>
</annotation>
