<annotation>
	<folder></folder>
	<filename>frame_3296_jpg.rf.26164623c02d6987b5d359eb235887fe.jpg</filename>
	<path>frame_3296_jpg.rf.26164623c02d6987b5d359eb235887fe.jpg</path>
	<source>
		<database>roboflow.ai</database>
	</source>
	<size>
		<width>416</width>
		<height>416</height>
		<depth>3</depth>
	</size>
	<segmented>0</segmented>
	<object>
		<name>auto</name>
		<pose>Unspecified</pose>
		<truncated>0</truncated>
		<difficult>0</difficult>
		<occluded>0</occluded>
		<bndbox>
			<xmin>147</xmin>
			<xmax>222</xmax>
			<ymin>266</ymin>
			<ymax>415</ymax>
		</bndbox>
	</object>
	<object>
		<name>car</name>
		<pose>Unspecified</pose>
		<truncated>0</truncated>
		<difficult>0</difficult>
		<occluded>0</occluded>
		<bndbox>
			<xmin>26</xmin>
			<xmax>143</xmax>
			<ymin>261</ymin>
			<ymax>400</ymax>
		</bndbox>
	</object>
</annotation>
