<annotation>
	<folder></folder>
	<filename>frame_3326_jpg.rf.7b0a27aa6eefa97c4709dfd5e50b154f.jpg</filename>
	<path>frame_3326_jpg.rf.7b0a27aa6eefa97c4709dfd5e50b154f.jpg</path>
	<source>
		<database>roboflow.ai</database>
	</source>
	<size>
		<width>416</width>
		<height>416</height>
		<depth>3</depth>
	</size>
	<segmented>0</segmented>
	<object>
		<name>bus</name>
		<pose>Unspecified</pose>
		<truncated>0</truncated>
		<difficult>0</difficult>
		<occluded>0</occluded>
		<bndbox>
			<xmin>61</xmin>
			<xmax>383</xmax>
			<ymin>60</ymin>
			<ymax>320</ymax>
		</bndbox>
	</object>
</annotation>
