<annotation>
	<folder></folder>
	<filename>frame_3334_jpg.rf.5bc351d1e86d3b5ae460b02024adaf7b.jpg</filename>
	<path>frame_3334_jpg.rf.5bc351d1e86d3b5ae460b02024adaf7b.jpg</path>
	<source>
		<database>roboflow.ai</database>
	</source>
	<size>
		<width>416</width>
		<height>416</height>
		<depth>3</depth>
	</size>
	<segmented>0</segmented>
	<object>
		<name>bus</name>
		<pose>Unspecified</pose>
		<truncated>0</truncated>
		<difficult>0</difficult>
		<occluded>0</occluded>
		<bndbox>
			<xmin>17</xmin>
			<xmax>249</xmax>
			<ymin>263</ymin>
			<ymax>402</ymax>
		</bndbox>
	</object>
</annotation>
