<annotation>
	<folder></folder>
	<filename>frame_3323_jpg.rf.b9d57002ac69a972db365f121ea34bd0.jpg</filename>
	<path>frame_3323_jpg.rf.b9d57002ac69a972db365f121ea34bd0.jpg</path>
	<source>
		<database>roboflow.ai</database>
	</source>
	<size>
		<width>416</width>
		<height>416</height>
		<depth>3</depth>
	</size>
	<segmented>0</segmented>
	<object>
		<name>riksha</name>
		<pose>Unspecified</pose>
		<truncated>0</truncated>
		<difficult>0</difficult>
		<occluded>0</occluded>
		<bndbox>
			<xmin>173</xmin>
			<xmax>391</xmax>
			<ymin>134</ymin>
			<ymax>406</ymax>
		</bndbox>
	</object>
	<object>
		<name>bus</name>
		<pose>Unspecified</pose>
		<truncated>0</truncated>
		<difficult>0</difficult>
		<occluded>0</occluded>
		<bndbox>
			<xmin>21</xmin>
			<xmax>216</xmax>
			<ymin>102</ymin>
			<ymax>339</ymax>
		</bndbox>
	</object>
</annotation>
