<annotation>
	<folder></folder>
	<filename>frame_3338_jpg.rf.28937c217269ea62bb739e0a07f801d1.jpg</filename>
	<path>frame_3338_jpg.rf.28937c217269ea62bb739e0a07f801d1.jpg</path>
	<source>
		<database>roboflow.ai</database>
	</source>
	<size>
		<width>416</width>
		<height>416</height>
		<depth>3</depth>
	</size>
	<segmented>0</segmented>
	<object>
		<name>motorbike</name>
		<pose>Unspecified</pose>
		<truncated>0</truncated>
		<difficult>0</difficult>
		<occluded>0</occluded>
		<bndbox>
			<xmin>173</xmin>
			<xmax>222</xmax>
			<ymin>151</ymin>
			<ymax>244</ymax>
		</bndbox>
	</object>
</annotation>
