<annotation>
	<folder></folder>
	<filename>frame_3322_jpg.rf.e96631230c5f0e8f6b0cb91dbcd4ff40.jpg</filename>
	<path>frame_3322_jpg.rf.e96631230c5f0e8f6b0cb91dbcd4ff40.jpg</path>
	<source>
		<database>roboflow.ai</database>
	</source>
	<size>
		<width>416</width>
		<height>416</height>
		<depth>3</depth>
	</size>
	<segmented>0</segmented>
	<object>
		<name>bus</name>
		<pose>Unspecified</pose>
		<truncated>0</truncated>
		<difficult>0</difficult>
		<occluded>0</occluded>
		<bndbox>
			<xmin>26</xmin>
			<xmax>397</xmax>
			<ymin>46</ymin>
			<ymax>352</ymax>
		</bndbox>
	</object>
</annotation>
