<annotation>
	<folder></folder>
	<filename>frame_3358_jpg.rf.7dfb4ef08bf5f5f3836a4b61a3a1de69.jpg</filename>
	<path>frame_3358_jpg.rf.7dfb4ef08bf5f5f3836a4b61a3a1de69.jpg</path>
	<source>
		<database>roboflow.ai</database>
	</source>
	<size>
		<width>416</width>
		<height>416</height>
		<depth>3</depth>
	</size>
	<segmented>0</segmented>
	<object>
		<name>car</name>
		<pose>Unspecified</pose>
		<truncated>0</truncated>
		<difficult>0</difficult>
		<occluded>0</occluded>
		<bndbox>
			<xmin>159</xmin>
			<xmax>251</xmax>
			<ymin>122</ymin>
			<ymax>229</ymax>
		</bndbox>
	</object>
	<object>
		<name>auto</name>
		<pose>Unspecified</pose>
		<truncated>0</truncated>
		<difficult>0</difficult>
		<occluded>0</occluded>
		<bndbox>
			<xmin>77</xmin>
			<xmax>140</xmax>
			<ymin>140</ymin>
			<ymax>245</ymax>
		</bndbox>
	</object>
	<object>
		<name>auto</name>
		<pose>Unspecified</pose>
		<truncated>0</truncated>
		<difficult>0</difficult>
		<occluded>0</occluded>
		<bndbox>
			<xmin>57</xmin>
			<xmax>98</xmax>
			<ymin>149</ymin>
			<ymax>237</ymax>
		</bndbox>
	</object>
</annotation>
