<annotation>
	<folder></folder>
	<filename>frame_3331_jpg.rf.52d48836b4b6cd7146b6a63d73d894d1.jpg</filename>
	<path>frame_3331_jpg.rf.52d48836b4b6cd7146b6a63d73d894d1.jpg</path>
	<source>
		<database>roboflow.ai</database>
	</source>
	<size>
		<width>416</width>
		<height>416</height>
		<depth>3</depth>
	</size>
	<segmented>0</segmented>
	<object>
		<name>motorbike</name>
		<pose>Unspecified</pose>
		<truncated>0</truncated>
		<difficult>0</difficult>
		<occluded>0</occluded>
		<bndbox>
			<xmin>185</xmin>
			<xmax>225</xmax>
			<ymin>315</ymin>
			<ymax>380</ymax>
		</bndbox>
	</object>
	<object>
		<name>auto</name>
		<pose>Unspecified</pose>
		<truncated>0</truncated>
		<difficult>0</difficult>
		<occluded>0</occluded>
		<bndbox>
			<xmin>125</xmin>
			<xmax>168</xmax>
			<ymin>289</ymin>
			<ymax>361</ymax>
		</bndbox>
	</object>
</annotation>
