<annotation>
	<folder></folder>
	<filename>frame_3341_jpg.rf.15d87379b71035b4ed638b78942a8111.jpg</filename>
	<path>frame_3341_jpg.rf.15d87379b71035b4ed638b78942a8111.jpg</path>
	<source>
		<database>roboflow.ai</database>
	</source>
	<size>
		<width>416</width>
		<height>416</height>
		<depth>3</depth>
	</size>
	<segmented>0</segmented>
	<object>
		<name>van</name>
		<pose>Unspecified</pose>
		<truncated>0</truncated>
		<difficult>0</difficult>
		<occluded>0</occluded>
		<bndbox>
			<xmin>207</xmin>
			<xmax>384</xmax>
			<ymin>125</ymin>
			<ymax>364</ymax>
		</bndbox>
	</object>
	<object>
		<name>motorbike</name>
		<pose>Unspecified</pose>
		<truncated>0</truncated>
		<difficult>0</difficult>
		<occluded>0</occluded>
		<bndbox>
			<xmin>386</xmin>
			<xmax>415</xmax>
			<ymin>198</ymin>
			<ymax>316</ymax>
		</bndbox>
	</object>
</annotation>
