<annotation>
	<folder></folder>
	<filename>frame_3317_jpg.rf.e39893da0cc68f2c951afcb818bc9442.jpg</filename>
	<path>frame_3317_jpg.rf.e39893da0cc68f2c951afcb818bc9442.jpg</path>
	<source>
		<database>roboflow.ai</database>
	</source>
	<size>
		<width>416</width>
		<height>416</height>
		<depth>3</depth>
	</size>
	<segmented>0</segmented>
	<object>
		<name>bus</name>
		<pose>Unspecified</pose>
		<truncated>0</truncated>
		<difficult>0</difficult>
		<occluded>0</occluded>
		<bndbox>
			<xmin>75</xmin>
			<xmax>415</xmax>
			<ymin>100</ymin>
			<ymax>347</ymax>
		</bndbox>
	</object>
	<object>
		<name>bicycle</name>
		<pose>Unspecified</pose>
		<truncated>0</truncated>
		<difficult>0</difficult>
		<occluded>0</occluded>
		<bndbox>
			<xmin>340</xmin>
			<xmax>415</xmax>
			<ymin>201</ymin>
			<ymax>408</ymax>
		</bndbox>
	</object>
</annotation>
