<annotation>
	<folder></folder>
	<filename>frame_3290_jpg.rf.1fad54d660da73a08d752833e89c26a5.jpg</filename>
	<path>frame_3290_jpg.rf.1fad54d660da73a08d752833e89c26a5.jpg</path>
	<source>
		<database>roboflow.ai</database>
	</source>
	<size>
		<width>416</width>
		<height>416</height>
		<depth>3</depth>
	</size>
	<segmented>0</segmented>
	<object>
		<name>auto</name>
		<pose>Unspecified</pose>
		<truncated>0</truncated>
		<difficult>0</difficult>
		<occluded>0</occluded>
		<bndbox>
			<xmin>270</xmin>
			<xmax>415</xmax>
			<ymin>142</ymin>
			<ymax>415</ymax>
		</bndbox>
	</object>
	<object>
		<name>motorbike</name>
		<pose>Unspecified</pose>
		<truncated>0</truncated>
		<difficult>0</difficult>
		<occluded>0</occluded>
		<bndbox>
			<xmin>184</xmin>
			<xmax>237</xmax>
			<ymin>160</ymin>
			<ymax>297</ymax>
		</bndbox>
	</object>
</annotation>
