<annotation>
	<folder></folder>
	<filename>frame_3313_jpg.rf.b4cee08ac1bae52bb7d13e437180f9c2.jpg</filename>
	<path>frame_3313_jpg.rf.b4cee08ac1bae52bb7d13e437180f9c2.jpg</path>
	<source>
		<database>roboflow.ai</database>
	</source>
	<size>
		<width>416</width>
		<height>416</height>
		<depth>3</depth>
	</size>
	<segmented>0</segmented>
	<object>
		<name>riksha</name>
		<pose>Unspecified</pose>
		<truncated>0</truncated>
		<difficult>0</difficult>
		<occluded>0</occluded>
		<bndbox>
			<xmin>0</xmin>
			<xmax>187</xmax>
			<ymin>167</ymin>
			<ymax>413</ymax>
		</bndbox>
	</object>
	<object>
		<name>bus</name>
		<pose>Unspecified</pose>
		<truncated>0</truncated>
		<difficult>0</difficult>
		<occluded>0</occluded>
		<bndbox>
			<xmin>101</xmin>
			<xmax>343</xmax>
			<ymin>49</ymin>
			<ymax>326</ymax>
		</bndbox>
	</object>
	<object>
		<name>riksha</name>
		<pose>Unspecified</pose>
		<truncated>0</truncated>
		<difficult>0</difficult>
		<occluded>0</occluded>
		<bndbox>
			<xmin>328</xmin>
			<xmax>385</xmax>
			<ymin>205</ymin>
			<ymax>344</ymax>
		</bndbox>
	</object>
</annotation>
