<annotation>
	<folder></folder>
	<filename>frame_3321_jpg.rf.216cf3fbcd924367d7af201761d7effb.jpg</filename>
	<path>frame_3321_jpg.rf.216cf3fbcd924367d7af201761d7effb.jpg</path>
	<source>
		<database>roboflow.ai</database>
	</source>
	<size>
		<width>416</width>
		<height>416</height>
		<depth>3</depth>
	</size>
	<segmented>0</segmented>
	<object>
		<name>car</name>
		<pose>Unspecified</pose>
		<truncated>0</truncated>
		<difficult>0</difficult>
		<occluded>0</occluded>
		<bndbox>
			<xmin>232</xmin>
			<xmax>295</xmax>
			<ymin>194</ymin>
			<ymax>306</ymax>
		</bndbox>
	</object>
	<object>
		<name>motorbike</name>
		<pose>Unspecified</pose>
		<truncated>0</truncated>
		<difficult>0</difficult>
		<occluded>0</occluded>
		<bndbox>
			<xmin>202</xmin>
			<xmax>239</xmax>
			<ymin>199</ymin>
			<ymax>301</ymax>
		</bndbox>
	</object>
	<object>
		<name>bus</name>
		<pose>Unspecified</pose>
		<truncated>0</truncated>
		<difficult>0</difficult>
		<occluded>0</occluded>
		<bndbox>
			<xmin>3</xmin>
			<xmax>191</xmax>
			<ymin>74</ymin>
			<ymax>324</ymax>
		</bndbox>
	</object>
</annotation>
