<annotation>
	<folder></folder>
	<filename>frame_3313_jpg.rf.c93aa9d45b8888ee2bbe01f4cc63658d.jpg</filename>
	<path>frame_3313_jpg.rf.c93aa9d45b8888ee2bbe01f4cc63658d.jpg</path>
	<source>
		<database>roboflow.ai</database>
	</source>
	<size>
		<width>416</width>
		<height>416</height>
		<depth>3</depth>
	</size>
	<segmented>0</segmented>
	<object>
		<name>riksha</name>
		<pose>Unspecified</pose>
		<truncated>0</truncated>
		<difficult>0</difficult>
		<occluded>0</occluded>
		<bndbox>
			<xmin>234</xmin>
			<xmax>415</xmax>
			<ymin>184</ymin>
			<ymax>415</ymax>
		</bndbox>
	</object>
	<object>
		<name>bus</name>
		<pose>Unspecified</pose>
		<truncated>0</truncated>
		<difficult>0</difficult>
		<occluded>0</occluded>
		<bndbox>
			<xmin>74</xmin>
			<xmax>313</xmax>
			<ymin>40</ymin>
			<ymax>327</ymax>
		</bndbox>
	</object>
	<object>
		<name>riksha</name>
		<pose>Unspecified</pose>
		<truncated>0</truncated>
		<difficult>0</difficult>
		<occluded>0</occluded>
		<bndbox>
			<xmin>34</xmin>
			<xmax>88</xmax>
			<ymin>172</ymin>
			<ymax>319</ymax>
		</bndbox>
	</object>
</annotation>
