<annotation>
	<folder></folder>
	<filename>frame_3327_jpg.rf.09ce423d67b6df9d15296a36e58c9b4f.jpg</filename>
	<path>frame_3327_jpg.rf.09ce423d67b6df9d15296a36e58c9b4f.jpg</path>
	<source>
		<database>roboflow.ai</database>
	</source>
	<size>
		<width>416</width>
		<height>416</height>
		<depth>3</depth>
	</size>
	<segmented>0</segmented>
	<object>
		<name>motorbike</name>
		<pose>Unspecified</pose>
		<truncated>0</truncated>
		<difficult>0</difficult>
		<occluded>0</occluded>
		<bndbox>
			<xmin>357</xmin>
			<xmax>392</xmax>
			<ymin>176</ymin>
			<ymax>266</ymax>
		</bndbox>
	</object>
	<object>
		<name>motorbike</name>
		<pose>Unspecified</pose>
		<truncated>0</truncated>
		<difficult>0</difficult>
		<occluded>0</occluded>
		<bndbox>
			<xmin>278</xmin>
			<xmax>332</xmax>
			<ymin>207</ymin>
			<ymax>325</ymax>
		</bndbox>
	</object>
</annotation>
