<annotation>
	<folder></folder>
	<filename>frame_3331_jpg.rf.d1ee3c88e544dbf020b55a51403a061d.jpg</filename>
	<path>frame_3331_jpg.rf.d1ee3c88e544dbf020b55a51403a061d.jpg</path>
	<source>
		<database>roboflow.ai</database>
	</source>
	<size>
		<width>416</width>
		<height>416</height>
		<depth>3</depth>
	</size>
	<segmented>0</segmented>
	<object>
		<name>motorbike</name>
		<pose>Unspecified</pose>
		<truncated>0</truncated>
		<difficult>0</difficult>
		<occluded>0</occluded>
		<bndbox>
			<xmin>166</xmin>
			<xmax>201</xmax>
			<ymin>322</ymin>
			<ymax>382</ymax>
		</bndbox>
	</object>
	<object>
		<name>auto</name>
		<pose>Unspecified</pose>
		<truncated>0</truncated>
		<difficult>0</difficult>
		<occluded>0</occluded>
		<bndbox>
			<xmin>107</xmin>
			<xmax>144</xmax>
			<ymin>323</ymin>
			<ymax>390</ymax>
		</bndbox>
	</object>
</annotation>
