<annotation>
	<folder></folder>
	<filename>frame_3317_jpg.rf.22df90eb27daef9b13b2e2888fd845d5.jpg</filename>
	<path>frame_3317_jpg.rf.22df90eb27daef9b13b2e2888fd845d5.jpg</path>
	<source>
		<database>roboflow.ai</database>
	</source>
	<size>
		<width>416</width>
		<height>416</height>
		<depth>3</depth>
	</size>
	<segmented>0</segmented>
	<object>
		<name>bus</name>
		<pose>Unspecified</pose>
		<truncated>0</truncated>
		<difficult>0</difficult>
		<occluded>0</occluded>
		<bndbox>
			<xmin>0</xmin>
			<xmax>371</xmax>
			<ymin>50</ymin>
			<ymax>385</ymax>
		</bndbox>
	</object>
	<object>
		<name>bicycle</name>
		<pose>Unspecified</pose>
		<truncated>0</truncated>
		<difficult>0</difficult>
		<occluded>0</occluded>
		<bndbox>
			<xmin>18</xmin>
			<xmax>139</xmax>
			<ymin>159</ymin>
			<ymax>405</ymax>
		</bndbox>
	</object>
</annotation>
