<annotation>
	<folder></folder>
	<filename>frame_3321_jpg.rf.41a3c78520a2d53ebe6fb2d806586c94.jpg</filename>
	<path>frame_3321_jpg.rf.41a3c78520a2d53ebe6fb2d806586c94.jpg</path>
	<source>
		<database>roboflow.ai</database>
	</source>
	<size>
		<width>416</width>
		<height>416</height>
		<depth>3</depth>
	</size>
	<segmented>0</segmented>
	<object>
		<name>car</name>
		<pose>Unspecified</pose>
		<truncated>0</truncated>
		<difficult>0</difficult>
		<occluded>0</occluded>
		<bndbox>
			<xmin>214</xmin>
			<xmax>292</xmax>
			<ymin>209</ymin>
			<ymax>310</ymax>
		</bndbox>
	</object>
	<object>
		<name>motorbike</name>
		<pose>Unspecified</pose>
		<truncated>0</truncated>
		<difficult>0</difficult>
		<occluded>0</occluded>
		<bndbox>
			<xmin>188</xmin>
			<xmax>235</xmax>
			<ymin>208</ymin>
			<ymax>298</ymax>
		</bndbox>
	</object>
	<object>
		<name>bus</name>
		<pose>Unspecified</pose>
		<truncated>0</truncated>
		<difficult>0</difficult>
		<occluded>0</occluded>
		<bndbox>
			<xmin>0</xmin>
			<xmax>218</xmax>
			<ymin>68</ymin>
			<ymax>294</ymax>
		</bndbox>
	</object>
</annotation>
