<annotation>
	<folder></folder>
	<filename>frame_3117_jpg.rf.230a4d9217b2ae035a6399ddc013036f.jpg</filename>
	<path>frame_3117_jpg.rf.230a4d9217b2ae035a6399ddc013036f.jpg</path>
	<source>
		<database>roboflow.ai</database>
	</source>
	<size>
		<width>416</width>
		<height>416</height>
		<depth>3</depth>
	</size>
	<segmented>0</segmented>
	<object>
		<name>auto</name>
		<pose>Unspecified</pose>
		<truncated>0</truncated>
		<difficult>0</difficult>
		<occluded>0</occluded>
		<bndbox>
			<xmin>313</xmin>
			<xmax>383</xmax>
			<ymin>256</ymin>
			<ymax>378</ymax>
		</bndbox>
	</object>
</annotation>
