<annotation>
	<folder></folder>
	<filename>frame_3126_jpg.rf.f4078af912df33a81eab95907094a2eb.jpg</filename>
	<path>frame_3126_jpg.rf.f4078af912df33a81eab95907094a2eb.jpg</path>
	<source>
		<database>roboflow.ai</database>
	</source>
	<size>
		<width>416</width>
		<height>416</height>
		<depth>3</depth>
	</size>
	<segmented>0</segmented>
	<object>
		<name>auto</name>
		<pose>Unspecified</pose>
		<truncated>0</truncated>
		<difficult>0</difficult>
		<occluded>0</occluded>
		<bndbox>
			<xmin>2</xmin>
			<xmax>61</xmax>
			<ymin>260</ymin>
			<ymax>395</ymax>
		</bndbox>
	</object>
	<object>
		<name>motorbike</name>
		<pose>Unspecified</pose>
		<truncated>0</truncated>
		<difficult>0</difficult>
		<occluded>0</occluded>
		<bndbox>
			<xmin>96</xmin>
			<xmax>130</xmax>
			<ymin>252</ymin>
			<ymax>367</ymax>
		</bndbox>
	</object>
	<object>
		<name>motorbike</name>
		<pose>Unspecified</pose>
		<truncated>0</truncated>
		<difficult>0</difficult>
		<occluded>0</occluded>
		<bndbox>
			<xmin>90</xmin>
			<xmax>124</xmax>
			<ymin>222</ymin>
			<ymax>337</ymax>
		</bndbox>
	</object>
</annotation>
