<annotation>
	<folder></folder>
	<filename>frame_3182_jpg.rf.9b6c360da70a5ea97dc8794076fda550.jpg</filename>
	<path>frame_3182_jpg.rf.9b6c360da70a5ea97dc8794076fda550.jpg</path>
	<source>
		<database>roboflow.ai</database>
	</source>
	<size>
		<width>416</width>
		<height>416</height>
		<depth>3</depth>
	</size>
	<segmented>0</segmented>
	<object>
		<name>motorbike</name>
		<pose>Unspecified</pose>
		<truncated>0</truncated>
		<difficult>0</difficult>
		<occluded>0</occluded>
		<bndbox>
			<xmin>283</xmin>
			<xmax>347</xmax>
			<ymin>209</ymin>
			<ymax>349</ymax>
		</bndbox>
	</object>
</annotation>
