<annotation>
	<folder></folder>
	<filename>frame_3141_jpg.rf.5d2e1d16922c7680a586d5a9240443df.jpg</filename>
	<path>frame_3141_jpg.rf.5d2e1d16922c7680a586d5a9240443df.jpg</path>
	<source>
		<database>roboflow.ai</database>
	</source>
	<size>
		<width>416</width>
		<height>416</height>
		<depth>3</depth>
	</size>
	<segmented>0</segmented>
	<object>
		<name>bicycle</name>
		<pose>Unspecified</pose>
		<truncated>0</truncated>
		<difficult>0</difficult>
		<occluded>0</occluded>
		<bndbox>
			<xmin>79</xmin>
			<xmax>138</xmax>
			<ymin>244</ymin>
			<ymax>354</ymax>
		</bndbox>
	</object>
</annotation>
