<annotation>
	<folder></folder>
	<filename>frame_3192_jpg.rf.85c02af4b6d7885b35b8ae72c15a1927.jpg</filename>
	<path>frame_3192_jpg.rf.85c02af4b6d7885b35b8ae72c15a1927.jpg</path>
	<source>
		<database>roboflow.ai</database>
	</source>
	<size>
		<width>416</width>
		<height>416</height>
		<depth>3</depth>
	</size>
	<segmented>0</segmented>
	<object>
		<name>bicycle</name>
		<pose>Unspecified</pose>
		<truncated>0</truncated>
		<difficult>0</difficult>
		<occluded>0</occluded>
		<bndbox>
			<xmin>326</xmin>
			<xmax>354</xmax>
			<ymin>199</ymin>
			<ymax>302</ymax>
		</bndbox>
	</object>
</annotation>
