<annotation>
	<folder></folder>
	<filename>frame_3196_jpg.rf.e3a026d952470aaac4ff5f008fc4b905.jpg</filename>
	<path>frame_3196_jpg.rf.e3a026d952470aaac4ff5f008fc4b905.jpg</path>
	<source>
		<database>roboflow.ai</database>
	</source>
	<size>
		<width>416</width>
		<height>416</height>
		<depth>3</depth>
	</size>
	<segmented>0</segmented>
	<object>
		<name>motorbike</name>
		<pose>Unspecified</pose>
		<truncated>0</truncated>
		<difficult>0</difficult>
		<occluded>0</occluded>
		<bndbox>
			<xmin>104</xmin>
			<xmax>157</xmax>
			<ymin>239</ymin>
			<ymax>366</ymax>
		</bndbox>
	</object>
	<object>
		<name>motorbike</name>
		<pose>Unspecified</pose>
		<truncated>0</truncated>
		<difficult>0</difficult>
		<occluded>0</occluded>
		<bndbox>
			<xmin>124</xmin>
			<xmax>177</xmax>
			<ymin>196</ymin>
			<ymax>323</ymax>
		</bndbox>
	</object>
</annotation>
