<annotation>
	<folder></folder>
	<filename>frame_3140_jpg.rf.650564a241e7c4ed2d1e9dcd227bf8af.jpg</filename>
	<path>frame_3140_jpg.rf.650564a241e7c4ed2d1e9dcd227bf8af.jpg</path>
	<source>
		<database>roboflow.ai</database>
	</source>
	<size>
		<width>416</width>
		<height>416</height>
		<depth>3</depth>
	</size>
	<segmented>0</segmented>
	<object>
		<name>bicycle</name>
		<pose>Unspecified</pose>
		<truncated>0</truncated>
		<difficult>0</difficult>
		<occluded>0</occluded>
		<bndbox>
			<xmin>8</xmin>
			<xmax>38</xmax>
			<ymin>242</ymin>
			<ymax>361</ymax>
		</bndbox>
	</object>
</annotation>
