<annotation>
	<folder></folder>
	<filename>frame_3129_jpg.rf.77bbf3f15223a618510ca60933dd62c1.jpg</filename>
	<path>frame_3129_jpg.rf.77bbf3f15223a618510ca60933dd62c1.jpg</path>
	<source>
		<database>roboflow.ai</database>
	</source>
	<size>
		<width>416</width>
		<height>416</height>
		<depth>3</depth>
	</size>
	<segmented>0</segmented>
	<object>
		<name>motorbike</name>
		<pose>Unspecified</pose>
		<truncated>0</truncated>
		<difficult>0</difficult>
		<occluded>0</occluded>
		<bndbox>
			<xmin>271</xmin>
			<xmax>331</xmax>
			<ymin>278</ymin>
			<ymax>393</ymax>
		</bndbox>
	</object>
	<object>
		<name>auto</name>
		<pose>Unspecified</pose>
		<truncated>0</truncated>
		<difficult>0</difficult>
		<occluded>0</occluded>
		<bndbox>
			<xmin>334</xmin>
			<xmax>406</xmax>
			<ymin>275</ymin>
			<ymax>405</ymax>
		</bndbox>
	</object>
</annotation>
