<annotation>
	<folder></folder>
	<filename>frame_3168_jpg.rf.c19a90197f789a5e68d87001a0175663.jpg</filename>
	<path>frame_3168_jpg.rf.c19a90197f789a5e68d87001a0175663.jpg</path>
	<source>
		<database>roboflow.ai</database>
	</source>
	<size>
		<width>416</width>
		<height>416</height>
		<depth>3</depth>
	</size>
	<segmented>0</segmented>
	<object>
		<name>auto</name>
		<pose>Unspecified</pose>
		<truncated>0</truncated>
		<difficult>0</difficult>
		<occluded>0</occluded>
		<bndbox>
			<xmin>257</xmin>
			<xmax>341</xmax>
			<ymin>178</ymin>
			<ymax>308</ymax>
		</bndbox>
	</object>
	<object>
		<name>bicycle</name>
		<pose>Unspecified</pose>
		<truncated>0</truncated>
		<difficult>0</difficult>
		<occluded>0</occluded>
		<bndbox>
			<xmin>325</xmin>
			<xmax>373</xmax>
			<ymin>178</ymin>
			<ymax>290</ymax>
		</bndbox>
	</object>
</annotation>
