<annotation>
	<folder></folder>
	<filename>frame_3099_jpg.rf.53fd6c270eacb43a48c4e6c3be46c16f.jpg</filename>
	<path>frame_3099_jpg.rf.53fd6c270eacb43a48c4e6c3be46c16f.jpg</path>
	<source>
		<database>roboflow.ai</database>
	</source>
	<size>
		<width>416</width>
		<height>416</height>
		<depth>3</depth>
	</size>
	<segmented>0</segmented>
	<object>
		<name>motorbike</name>
		<pose>Unspecified</pose>
		<truncated>0</truncated>
		<difficult>0</difficult>
		<occluded>0</occluded>
		<bndbox>
			<xmin>266</xmin>
			<xmax>291</xmax>
			<ymin>238</ymin>
			<ymax>332</ymax>
		</bndbox>
	</object>
	<object>
		<name>auto</name>
		<pose>Unspecified</pose>
		<truncated>0</truncated>
		<difficult>0</difficult>
		<occluded>0</occluded>
		<bndbox>
			<xmin>331</xmin>
			<xmax>389</xmax>
			<ymin>240</ymin>
			<ymax>373</ymax>
		</bndbox>
	</object>
</annotation>
