<annotation>
	<folder></folder>
	<filename>frame_3177_jpg.rf.f31a546d276b7158a698558191e747d3.jpg</filename>
	<path>frame_3177_jpg.rf.f31a546d276b7158a698558191e747d3.jpg</path>
	<source>
		<database>roboflow.ai</database>
	</source>
	<size>
		<width>416</width>
		<height>416</height>
		<depth>3</depth>
	</size>
	<segmented>0</segmented>
	<object>
		<name>car</name>
		<pose>Unspecified</pose>
		<truncated>0</truncated>
		<difficult>0</difficult>
		<occluded>0</occluded>
		<bndbox>
			<xmin>117</xmin>
			<xmax>203</xmax>
			<ymin>184</ymin>
			<ymax>321</ymax>
		</bndbox>
	</object>
	<object>
		<name>bicycle</name>
		<pose>Unspecified</pose>
		<truncated>0</truncated>
		<difficult>0</difficult>
		<occluded>0</occluded>
		<bndbox>
			<xmin>17</xmin>
			<xmax>48</xmax>
			<ymin>277</ymin>
			<ymax>389</ymax>
		</bndbox>
	</object>
	<object>
		<name>bicycle</name>
		<pose>Unspecified</pose>
		<truncated>0</truncated>
		<difficult>0</difficult>
		<occluded>0</occluded>
		<bndbox>
			<xmin>29</xmin>
			<xmax>60</xmax>
			<ymin>232</ymin>
			<ymax>344</ymax>
		</bndbox>
	</object>
</annotation>
