<annotation>
	<folder></folder>
	<filename>frame_3191_jpg.rf.346c682f3ca41dc4b43b7b0688373848.jpg</filename>
	<path>frame_3191_jpg.rf.346c682f3ca41dc4b43b7b0688373848.jpg</path>
	<source>
		<database>roboflow.ai</database>
	</source>
	<size>
		<width>416</width>
		<height>416</height>
		<depth>3</depth>
	</size>
	<segmented>0</segmented>
	<object>
		<name>bicycle</name>
		<pose>Unspecified</pose>
		<truncated>0</truncated>
		<difficult>0</difficult>
		<occluded>0</occluded>
		<bndbox>
			<xmin>340</xmin>
			<xmax>370</xmax>
			<ymin>263</ymin>
			<ymax>374</ymax>
		</bndbox>
	</object>
</annotation>
