<annotation>
	<folder></folder>
	<filename>frame_3103_jpg.rf.d1cd7c36cc74470dc81e2944ddbb29aa.jpg</filename>
	<path>frame_3103_jpg.rf.d1cd7c36cc74470dc81e2944ddbb29aa.jpg</path>
	<source>
		<database>roboflow.ai</database>
	</source>
	<size>
		<width>416</width>
		<height>416</height>
		<depth>3</depth>
	</size>
	<segmented>0</segmented>
	<object>
		<name>auto</name>
		<pose>Unspecified</pose>
		<truncated>0</truncated>
		<difficult>0</difficult>
		<occluded>0</occluded>
		<bndbox>
			<xmin>295</xmin>
			<xmax>372</xmax>
			<ymin>224</ymin>
			<ymax>378</ymax>
		</bndbox>
	</object>
</annotation>
