<annotation>
	<folder></folder>
	<filename>frame_3155_jpg.rf.91183b457204ed5cef1601152253740e.jpg</filename>
	<path>frame_3155_jpg.rf.91183b457204ed5cef1601152253740e.jpg</path>
	<source>
		<database>roboflow.ai</database>
	</source>
	<size>
		<width>416</width>
		<height>416</height>
		<depth>3</depth>
	</size>
	<segmented>0</segmented>
	<object>
		<name>motorbike</name>
		<pose>Unspecified</pose>
		<truncated>0</truncated>
		<difficult>0</difficult>
		<occluded>0</occluded>
		<bndbox>
			<xmin>248</xmin>
			<xmax>303</xmax>
			<ymin>276</ymin>
			<ymax>404</ymax>
		</bndbox>
	</object>
	<object>
		<name>motorbike</name>
		<pose>Unspecified</pose>
		<truncated>0</truncated>
		<difficult>0</difficult>
		<occluded>0</occluded>
		<bndbox>
			<xmin>210</xmin>
			<xmax>265</xmax>
			<ymin>204</ymin>
			<ymax>332</ymax>
		</bndbox>
	</object>
</annotation>
