<annotation>
	<folder></folder>
	<filename>frame_3192_jpg.rf.dd3f47c38c39c362d1d3d86a097850b2.jpg</filename>
	<path>frame_3192_jpg.rf.dd3f47c38c39c362d1d3d86a097850b2.jpg</path>
	<source>
		<database>roboflow.ai</database>
	</source>
	<size>
		<width>416</width>
		<height>416</height>
		<depth>3</depth>
	</size>
	<segmented>0</segmented>
	<object>
		<name>bicycle</name>
		<pose>Unspecified</pose>
		<truncated>0</truncated>
		<difficult>0</difficult>
		<occluded>0</occluded>
		<bndbox>
			<xmin>351</xmin>
			<xmax>373</xmax>
			<ymin>226</ymin>
			<ymax>321</ymax>
		</bndbox>
	</object>
</annotation>
