<annotation>
	<folder></folder>
	<filename>frame_3127_jpg.rf.ea39600d49830606c775a6df62d55891.jpg</filename>
	<path>frame_3127_jpg.rf.ea39600d49830606c775a6df62d55891.jpg</path>
	<source>
		<database>roboflow.ai</database>
	</source>
	<size>
		<width>416</width>
		<height>416</height>
		<depth>3</depth>
	</size>
	<segmented>0</segmented>
	<object>
		<name>auto</name>
		<pose>Unspecified</pose>
		<truncated>0</truncated>
		<difficult>0</difficult>
		<occluded>0</occluded>
		<bndbox>
			<xmin>342</xmin>
			<xmax>403</xmax>
			<ymin>232</ymin>
			<ymax>355</ymax>
		</bndbox>
	</object>
</annotation>
