<annotation>
	<folder></folder>
	<filename>frame_3192_jpg.rf.79746d819fa59ad9c284ade10f7646f7.jpg</filename>
	<path>frame_3192_jpg.rf.79746d819fa59ad9c284ade10f7646f7.jpg</path>
	<source>
		<database>roboflow.ai</database>
	</source>
	<size>
		<width>416</width>
		<height>416</height>
		<depth>3</depth>
	</size>
	<segmented>0</segmented>
	<object>
		<name>bicycle</name>
		<pose>Unspecified</pose>
		<truncated>0</truncated>
		<difficult>0</difficult>
		<occluded>0</occluded>
		<bndbox>
			<xmin>64</xmin>
			<xmax>95</xmax>
			<ymin>231</ymin>
			<ymax>321</ymax>
		</bndbox>
	</object>
</annotation>
