<annotation>
	<folder></folder>
	<filename>frame_3197_jpg.rf.4e33ef2bdcbc0b591df20d0b5f600176.jpg</filename>
	<path>frame_3197_jpg.rf.4e33ef2bdcbc0b591df20d0b5f600176.jpg</path>
	<source>
		<database>roboflow.ai</database>
	</source>
	<size>
		<width>416</width>
		<height>416</height>
		<depth>3</depth>
	</size>
	<segmented>0</segmented>
	<object>
		<name>motorbike</name>
		<pose>Unspecified</pose>
		<truncated>0</truncated>
		<difficult>0</difficult>
		<occluded>0</occluded>
		<bndbox>
			<xmin>140</xmin>
			<xmax>181</xmax>
			<ymin>247</ymin>
			<ymax>388</ymax>
		</bndbox>
	</object>
</annotation>
