<annotation>
	<folder></folder>
	<filename>frame_3109_jpg.rf.d15d3c4d46abb90141753f761b5efb2d.jpg</filename>
	<path>frame_3109_jpg.rf.d15d3c4d46abb90141753f761b5efb2d.jpg</path>
	<source>
		<database>roboflow.ai</database>
	</source>
	<size>
		<width>416</width>
		<height>416</height>
		<depth>3</depth>
	</size>
	<segmented>0</segmented>
	<object>
		<name>motorbike</name>
		<pose>Unspecified</pose>
		<truncated>0</truncated>
		<difficult>0</difficult>
		<occluded>0</occluded>
		<bndbox>
			<xmin>294</xmin>
			<xmax>350</xmax>
			<ymin>270</ymin>
			<ymax>393</ymax>
		</bndbox>
	</object>
	<object>
		<name>auto</name>
		<pose>Unspecified</pose>
		<truncated>0</truncated>
		<difficult>0</difficult>
		<occluded>0</occluded>
		<bndbox>
			<xmin>354</xmin>
			<xmax>415</xmax>
			<ymin>237</ymin>
			<ymax>363</ymax>
		</bndbox>
	</object>
</annotation>
