<annotation>
	<folder></folder>
	<filename>frame_3193_jpg.rf.be7557c0331735790dfc3600278b7c4d.jpg</filename>
	<path>frame_3193_jpg.rf.be7557c0331735790dfc3600278b7c4d.jpg</path>
	<source>
		<database>roboflow.ai</database>
	</source>
	<size>
		<width>416</width>
		<height>416</height>
		<depth>3</depth>
	</size>
	<segmented>0</segmented>
	<object>
		<name>motorbike</name>
		<pose>Unspecified</pose>
		<truncated>0</truncated>
		<difficult>0</difficult>
		<occluded>0</occluded>
		<bndbox>
			<xmin>131</xmin>
			<xmax>198</xmax>
			<ymin>265</ymin>
			<ymax>375</ymax>
		</bndbox>
	</object>
	<object>
		<name>motorbike</name>
		<pose>Unspecified</pose>
		<truncated>0</truncated>
		<difficult>0</difficult>
		<occluded>0</occluded>
		<bndbox>
			<xmin>86</xmin>
			<xmax>153</xmax>
			<ymin>254</ymin>
			<ymax>364</ymax>
		</bndbox>
	</object>
	<object>
		<name>motorbike</name>
		<pose>Unspecified</pose>
		<truncated>0</truncated>
		<difficult>0</difficult>
		<occluded>0</occluded>
		<bndbox>
			<xmin>57</xmin>
			<xmax>124</xmax>
			<ymin>275</ymin>
			<ymax>385</ymax>
		</bndbox>
	</object>
	<object>
		<name>bicycle</name>
		<pose>Unspecified</pose>
		<truncated>0</truncated>
		<difficult>0</difficult>
		<occluded>0</occluded>
		<bndbox>
			<xmin>15</xmin>
			<xmax>47</xmax>
			<ymin>261</ymin>
			<ymax>371</ymax>
		</bndbox>
	</object>
</annotation>
