<annotation>
	<folder></folder>
	<filename>frame_3194_jpg.rf.7520d2b166e59f03e637a10283af561e.jpg</filename>
	<path>frame_3194_jpg.rf.7520d2b166e59f03e637a10283af561e.jpg</path>
	<source>
		<database>roboflow.ai</database>
	</source>
	<size>
		<width>416</width>
		<height>416</height>
		<depth>3</depth>
	</size>
	<segmented>0</segmented>
	<object>
		<name>bicycle</name>
		<pose>Unspecified</pose>
		<truncated>0</truncated>
		<difficult>0</difficult>
		<occluded>0</occluded>
		<bndbox>
			<xmin>28</xmin>
			<xmax>69</xmax>
			<ymin>265</ymin>
			<ymax>384</ymax>
		</bndbox>
	</object>
</annotation>
