<annotation>
	<folder></folder>
	<filename>frame_3128_jpg.rf.50d40e5255ba3ef19ef62156728038cb.jpg</filename>
	<path>frame_3128_jpg.rf.50d40e5255ba3ef19ef62156728038cb.jpg</path>
	<source>
		<database>roboflow.ai</database>
	</source>
	<size>
		<width>416</width>
		<height>416</height>
		<depth>3</depth>
	</size>
	<segmented>0</segmented>
	<object>
		<name>auto</name>
		<pose>Unspecified</pose>
		<truncated>0</truncated>
		<difficult>0</difficult>
		<occluded>0</occluded>
		<bndbox>
			<xmin>283</xmin>
			<xmax>361</xmax>
			<ymin>256</ymin>
			<ymax>396</ymax>
		</bndbox>
	</object>
	<object>
		<name>car</name>
		<pose>Unspecified</pose>
		<truncated>0</truncated>
		<difficult>0</difficult>
		<occluded>0</occluded>
		<bndbox>
			<xmin>171</xmin>
			<xmax>266</xmax>
			<ymin>219</ymin>
			<ymax>372</ymax>
		</bndbox>
	</object>
</annotation>
