<annotation>
	<folder></folder>
	<filename>frame_3198_jpg.rf.3a203e846c35eda2c3aeb1eceb7027ca.jpg</filename>
	<path>frame_3198_jpg.rf.3a203e846c35eda2c3aeb1eceb7027ca.jpg</path>
	<source>
		<database>roboflow.ai</database>
	</source>
	<size>
		<width>416</width>
		<height>416</height>
		<depth>3</depth>
	</size>
	<segmented>0</segmented>
	<object>
		<name>motorbike</name>
		<pose>Unspecified</pose>
		<truncated>0</truncated>
		<difficult>0</difficult>
		<occluded>0</occluded>
		<bndbox>
			<xmin>249</xmin>
			<xmax>312</xmax>
			<ymin>289</ymin>
			<ymax>399</ymax>
		</bndbox>
	</object>
	<object>
		<name>bicycle</name>
		<pose>Unspecified</pose>
		<truncated>0</truncated>
		<difficult>0</difficult>
		<occluded>0</occluded>
		<bndbox>
			<xmin>288</xmin>
			<xmax>326</xmax>
			<ymin>225</ymin>
			<ymax>314</ymax>
		</bndbox>
	</object>
	<object>
		<name>bicycle</name>
		<pose>Unspecified</pose>
		<truncated>0</truncated>
		<difficult>0</difficult>
		<occluded>0</occluded>
		<bndbox>
			<xmin>312</xmin>
			<xmax>350</xmax>
			<ymin>235</ymin>
			<ymax>324</ymax>
		</bndbox>
	</object>
</annotation>
