<annotation>
	<folder></folder>
	<filename>frame_3106_jpg.rf.45374f3fb81a78a4238e941621e21455.jpg</filename>
	<path>frame_3106_jpg.rf.45374f3fb81a78a4238e941621e21455.jpg</path>
	<source>
		<database>roboflow.ai</database>
	</source>
	<size>
		<width>416</width>
		<height>416</height>
		<depth>3</depth>
	</size>
	<segmented>0</segmented>
	<object>
		<name>auto</name>
		<pose>Unspecified</pose>
		<truncated>0</truncated>
		<difficult>0</difficult>
		<occluded>0</occluded>
		<bndbox>
			<xmin>355</xmin>
			<xmax>409</xmax>
			<ymin>250</ymin>
			<ymax>396</ymax>
		</bndbox>
	</object>
</annotation>
