<annotation>
	<folder></folder>
	<filename>frame_3142_jpg.rf.084bb3f4ec9c234be31aab53c618d0f5.jpg</filename>
	<path>frame_3142_jpg.rf.084bb3f4ec9c234be31aab53c618d0f5.jpg</path>
	<source>
		<database>roboflow.ai</database>
	</source>
	<size>
		<width>416</width>
		<height>416</height>
		<depth>3</depth>
	</size>
	<segmented>0</segmented>
	<object>
		<name>car</name>
		<pose>Unspecified</pose>
		<truncated>0</truncated>
		<difficult>0</difficult>
		<occluded>0</occluded>
		<bndbox>
			<xmin>190</xmin>
			<xmax>283</xmax>
			<ymin>244</ymin>
			<ymax>408</ymax>
		</bndbox>
	</object>
</annotation>
