<annotation>
	<folder></folder>
	<filename>frame_3118_jpg.rf.28a6cf1e43ea501ef967c6c23911b88f.jpg</filename>
	<path>frame_3118_jpg.rf.28a6cf1e43ea501ef967c6c23911b88f.jpg</path>
	<source>
		<database>roboflow.ai</database>
	</source>
	<size>
		<width>416</width>
		<height>416</height>
		<depth>3</depth>
	</size>
	<segmented>0</segmented>
	<object>
		<name>auto</name>
		<pose>Unspecified</pose>
		<truncated>0</truncated>
		<difficult>0</difficult>
		<occluded>0</occluded>
		<bndbox>
			<xmin>348</xmin>
			<xmax>413</xmax>
			<ymin>247</ymin>
			<ymax>376</ymax>
		</bndbox>
	</object>
</annotation>
