<annotation>
	<folder></folder>
	<filename>frame_3162_jpg.rf.a75d0c401b663a36b3cb55ef2e5f65a4.jpg</filename>
	<path>frame_3162_jpg.rf.a75d0c401b663a36b3cb55ef2e5f65a4.jpg</path>
	<source>
		<database>roboflow.ai</database>
	</source>
	<size>
		<width>416</width>
		<height>416</height>
		<depth>3</depth>
	</size>
	<segmented>0</segmented>
	<object>
		<name>car</name>
		<pose>Unspecified</pose>
		<truncated>0</truncated>
		<difficult>0</difficult>
		<occluded>0</occluded>
		<bndbox>
			<xmin>76</xmin>
			<xmax>179</xmax>
			<ymin>235</ymin>
			<ymax>372</ymax>
		</bndbox>
	</object>
	<object>
		<name>bicycle</name>
		<pose>Unspecified</pose>
		<truncated>0</truncated>
		<difficult>0</difficult>
		<occluded>0</occluded>
		<bndbox>
			<xmin>32</xmin>
			<xmax>93</xmax>
			<ymin>176</ymin>
			<ymax>287</ymax>
		</bndbox>
	</object>
	<object>
		<name>bicycle</name>
		<pose>Unspecified</pose>
		<truncated>0</truncated>
		<difficult>0</difficult>
		<occluded>0</occluded>
		<bndbox>
			<xmin>38</xmin>
			<xmax>99</xmax>
			<ymin>202</ymin>
			<ymax>313</ymax>
		</bndbox>
	</object>
</annotation>
