<annotation>
	<folder></folder>
	<filename>frame_3120_jpg.rf.92bd80a0654f3d6009c5bc0f7126aec0.jpg</filename>
	<path>frame_3120_jpg.rf.92bd80a0654f3d6009c5bc0f7126aec0.jpg</path>
	<source>
		<database>roboflow.ai</database>
	</source>
	<size>
		<width>416</width>
		<height>416</height>
		<depth>3</depth>
	</size>
	<segmented>0</segmented>
	<object>
		<name>auto</name>
		<pose>Unspecified</pose>
		<truncated>0</truncated>
		<difficult>0</difficult>
		<occluded>0</occluded>
		<bndbox>
			<xmin>346</xmin>
			<xmax>415</xmax>
			<ymin>235</ymin>
			<ymax>387</ymax>
		</bndbox>
	</object>
</annotation>
