<annotation>
	<folder></folder>
	<filename>frame_3141_jpg.rf.ba64851e5d431859f03691089d8e422b.jpg</filename>
	<path>frame_3141_jpg.rf.ba64851e5d431859f03691089d8e422b.jpg</path>
	<source>
		<database>roboflow.ai</database>
	</source>
	<size>
		<width>416</width>
		<height>416</height>
		<depth>3</depth>
	</size>
	<segmented>0</segmented>
	<object>
		<name>bicycle</name>
		<pose>Unspecified</pose>
		<truncated>0</truncated>
		<difficult>0</difficult>
		<occluded>0</occluded>
		<bndbox>
			<xmin>31</xmin>
			<xmax>90</xmax>
			<ymin>211</ymin>
			<ymax>328</ymax>
		</bndbox>
	</object>
</annotation>
