<annotation>
	<folder></folder>
	<filename>frame_3212_jpg.rf.b4436b37bf32ba9787c95f6b6316faf2.jpg</filename>
	<path>frame_3212_jpg.rf.b4436b37bf32ba9787c95f6b6316faf2.jpg</path>
	<source>
		<database>roboflow.ai</database>
	</source>
	<size>
		<width>416</width>
		<height>416</height>
		<depth>3</depth>
	</size>
	<segmented>0</segmented>
	<object>
		<name>car</name>
		<pose>Unspecified</pose>
		<truncated>0</truncated>
		<difficult>0</difficult>
		<occluded>0</occluded>
		<bndbox>
			<xmin>156</xmin>
			<xmax>254</xmax>
			<ymin>131</ymin>
			<ymax>243</ymax>
		</bndbox>
	</object>
</annotation>
