<annotation>
	<folder></folder>
	<filename>frame_3106_jpg.rf.37605522a3a6b5e15b458510944ac6c2.jpg</filename>
	<path>frame_3106_jpg.rf.37605522a3a6b5e15b458510944ac6c2.jpg</path>
	<source>
		<database>roboflow.ai</database>
	</source>
	<size>
		<width>416</width>
		<height>416</height>
		<depth>3</depth>
	</size>
	<segmented>0</segmented>
	<object>
		<name>auto</name>
		<pose>Unspecified</pose>
		<truncated>0</truncated>
		<difficult>0</difficult>
		<occluded>0</occluded>
		<bndbox>
			<xmin>353</xmin>
			<xmax>415</xmax>
			<ymin>197</ymin>
			<ymax>343</ymax>
		</bndbox>
	</object>
</annotation>
