<annotation>
	<folder></folder>
	<filename>frame_3122_jpg.rf.e5a87023589d3644e50c54d7147b3441.jpg</filename>
	<path>frame_3122_jpg.rf.e5a87023589d3644e50c54d7147b3441.jpg</path>
	<source>
		<database>roboflow.ai</database>
	</source>
	<size>
		<width>416</width>
		<height>416</height>
		<depth>3</depth>
	</size>
	<segmented>0</segmented>
	<object>
		<name>auto</name>
		<pose>Unspecified</pose>
		<truncated>0</truncated>
		<difficult>0</difficult>
		<occluded>0</occluded>
		<bndbox>
			<xmin>336</xmin>
			<xmax>415</xmax>
			<ymin>258</ymin>
			<ymax>398</ymax>
		</bndbox>
	</object>
</annotation>
