<annotation>
	<folder></folder>
	<filename>frame_3140_jpg.rf.9c91657e5ad4f1abb7fc998c048cd378.jpg</filename>
	<path>frame_3140_jpg.rf.9c91657e5ad4f1abb7fc998c048cd378.jpg</path>
	<source>
		<database>roboflow.ai</database>
	</source>
	<size>
		<width>416</width>
		<height>416</height>
		<depth>3</depth>
	</size>
	<segmented>0</segmented>
	<object>
		<name>bicycle</name>
		<pose>Unspecified</pose>
		<truncated>0</truncated>
		<difficult>0</difficult>
		<occluded>0</occluded>
		<bndbox>
			<xmin>367</xmin>
			<xmax>412</xmax>
			<ymin>325</ymin>
			<ymax>415</ymax>
		</bndbox>
	</object>
</annotation>
