<annotation>
	<folder></folder>
	<filename>frame_3109_jpg.rf.9add79bf00ba1cce50197aa3923358ac.jpg</filename>
	<path>frame_3109_jpg.rf.9add79bf00ba1cce50197aa3923358ac.jpg</path>
	<source>
		<database>roboflow.ai</database>
	</source>
	<size>
		<width>416</width>
		<height>416</height>
		<depth>3</depth>
	</size>
	<segmented>0</segmented>
	<object>
		<name>motorbike</name>
		<pose>Unspecified</pose>
		<truncated>0</truncated>
		<difficult>0</difficult>
		<occluded>0</occluded>
		<bndbox>
			<xmin>107</xmin>
			<xmax>168</xmax>
			<ymin>296</ymin>
			<ymax>415</ymax>
		</bndbox>
	</object>
	<object>
		<name>auto</name>
		<pose>Unspecified</pose>
		<truncated>0</truncated>
		<difficult>0</difficult>
		<occluded>0</occluded>
		<bndbox>
			<xmin>32</xmin>
			<xmax>96</xmax>
			<ymin>289</ymin>
			<ymax>412</ymax>
		</bndbox>
	</object>
</annotation>
