<annotation>
	<folder></folder>
	<filename>frame_3105_jpg.rf.07c08f395bfc7125c3423885fca67b2d.jpg</filename>
	<path>frame_3105_jpg.rf.07c08f395bfc7125c3423885fca67b2d.jpg</path>
	<source>
		<database>roboflow.ai</database>
	</source>
	<size>
		<width>416</width>
		<height>416</height>
		<depth>3</depth>
	</size>
	<segmented>0</segmented>
	<object>
		<name>auto</name>
		<pose>Unspecified</pose>
		<truncated>0</truncated>
		<difficult>0</difficult>
		<occluded>0</occluded>
		<bndbox>
			<xmin>352</xmin>
			<xmax>415</xmax>
			<ymin>218</ymin>
			<ymax>366</ymax>
		</bndbox>
	</object>
</annotation>
