<annotation>
	<folder></folder>
	<filename>frame_3158_jpg.rf.4122420de8a239d898c2120451558cd2.jpg</filename>
	<path>frame_3158_jpg.rf.4122420de8a239d898c2120451558cd2.jpg</path>
	<source>
		<database>roboflow.ai</database>
	</source>
	<size>
		<width>416</width>
		<height>416</height>
		<depth>3</depth>
	</size>
	<segmented>0</segmented>
	<object>
		<name>motorbike</name>
		<pose>Unspecified</pose>
		<truncated>0</truncated>
		<difficult>0</difficult>
		<occluded>0</occluded>
		<bndbox>
			<xmin>274</xmin>
			<xmax>324</xmax>
			<ymin>228</ymin>
			<ymax>336</ymax>
		</bndbox>
	</object>
	<object>
		<name>motorbike</name>
		<pose>Unspecified</pose>
		<truncated>0</truncated>
		<difficult>0</difficult>
		<occluded>0</occluded>
		<bndbox>
			<xmin>279</xmin>
			<xmax>329</xmax>
			<ymin>174</ymin>
			<ymax>282</ymax>
		</bndbox>
	</object>
</annotation>
