<annotation>
	<folder></folder>
	<filename>frame_3121_jpg.rf.c2df981eaa59205610859f2145732d81.jpg</filename>
	<path>frame_3121_jpg.rf.c2df981eaa59205610859f2145732d81.jpg</path>
	<source>
		<database>roboflow.ai</database>
	</source>
	<size>
		<width>416</width>
		<height>416</height>
		<depth>3</depth>
	</size>
	<segmented>0</segmented>
	<object>
		<name>auto</name>
		<pose>Unspecified</pose>
		<truncated>0</truncated>
		<difficult>0</difficult>
		<occluded>0</occluded>
		<bndbox>
			<xmin>312</xmin>
			<xmax>404</xmax>
			<ymin>283</ymin>
			<ymax>415</ymax>
		</bndbox>
	</object>
</annotation>
