<annotation>
	<folder></folder>
	<filename>frame_3166_jpg.rf.f96ad338be3a13ac43a428249d7f7ee1.jpg</filename>
	<path>frame_3166_jpg.rf.f96ad338be3a13ac43a428249d7f7ee1.jpg</path>
	<source>
		<database>roboflow.ai</database>
	</source>
	<size>
		<width>416</width>
		<height>416</height>
		<depth>3</depth>
	</size>
	<segmented>0</segmented>
	<object>
		<name>motorbike</name>
		<pose>Unspecified</pose>
		<truncated>0</truncated>
		<difficult>0</difficult>
		<occluded>0</occluded>
		<bndbox>
			<xmin>328</xmin>
			<xmax>370</xmax>
			<ymin>262</ymin>
			<ymax>377</ymax>
		</bndbox>
	</object>
	<object>
		<name>auto</name>
		<pose>Unspecified</pose>
		<truncated>0</truncated>
		<difficult>0</difficult>
		<occluded>0</occluded>
		<bndbox>
			<xmin>265</xmin>
			<xmax>329</xmax>
			<ymin>177</ymin>
			<ymax>303</ymax>
		</bndbox>
	</object>
</annotation>
