<annotation>
	<folder></folder>
	<filename>frame_3200_jpg.rf.ad3f39da2fd4aacd759c84c6d1ae8e86.jpg</filename>
	<path>frame_3200_jpg.rf.ad3f39da2fd4aacd759c84c6d1ae8e86.jpg</path>
	<source>
		<database>roboflow.ai</database>
	</source>
	<size>
		<width>416</width>
		<height>416</height>
		<depth>3</depth>
	</size>
	<segmented>0</segmented>
	<object>
		<name>car</name>
		<pose>Unspecified</pose>
		<truncated>0</truncated>
		<difficult>0</difficult>
		<occluded>0</occluded>
		<bndbox>
			<xmin>70</xmin>
			<xmax>138</xmax>
			<ymin>217</ymin>
			<ymax>349</ymax>
		</bndbox>
	</object>
	<object>
		<name>motorbike</name>
		<pose>Unspecified</pose>
		<truncated>0</truncated>
		<difficult>0</difficult>
		<occluded>0</occluded>
		<bndbox>
			<xmin>156</xmin>
			<xmax>190</xmax>
			<ymin>205</ymin>
			<ymax>314</ymax>
		</bndbox>
	</object>
</annotation>
