<annotation>
	<folder></folder>
	<filename>frame_3124_jpg.rf.fddcec0e9a46daf26a966625e8c16c31.jpg</filename>
	<path>frame_3124_jpg.rf.fddcec0e9a46daf26a966625e8c16c31.jpg</path>
	<source>
		<database>roboflow.ai</database>
	</source>
	<size>
		<width>416</width>
		<height>416</height>
		<depth>3</depth>
	</size>
	<segmented>0</segmented>
	<object>
		<name>auto</name>
		<pose>Unspecified</pose>
		<truncated>0</truncated>
		<difficult>0</difficult>
		<occluded>0</occluded>
		<bndbox>
			<xmin>334</xmin>
			<xmax>400</xmax>
			<ymin>191</ymin>
			<ymax>336</ymax>
		</bndbox>
	</object>
	<object>
		<name>motorbike</name>
		<pose>Unspecified</pose>
		<truncated>0</truncated>
		<difficult>0</difficult>
		<occluded>0</occluded>
		<bndbox>
			<xmin>267</xmin>
			<xmax>310</xmax>
			<ymin>210</ymin>
			<ymax>323</ymax>
		</bndbox>
	</object>
</annotation>
