<annotation>
	<folder></folder>
	<filename>frame_3108_jpg.rf.972f5cacde37d6e04f124476732e812b.jpg</filename>
	<path>frame_3108_jpg.rf.972f5cacde37d6e04f124476732e812b.jpg</path>
	<source>
		<database>roboflow.ai</database>
	</source>
	<size>
		<width>416</width>
		<height>416</height>
		<depth>3</depth>
	</size>
	<segmented>0</segmented>
	<object>
		<name>car</name>
		<pose>Unspecified</pose>
		<truncated>0</truncated>
		<difficult>0</difficult>
		<occluded>0</occluded>
		<bndbox>
			<xmin>147</xmin>
			<xmax>204</xmax>
			<ymin>269</ymin>
			<ymax>408</ymax>
		</bndbox>
	</object>
	<object>
		<name>motorbike</name>
		<pose>Unspecified</pose>
		<truncated>0</truncated>
		<difficult>0</difficult>
		<occluded>0</occluded>
		<bndbox>
			<xmin>120</xmin>
			<xmax>143</xmax>
			<ymin>218</ymin>
			<ymax>288</ymax>
		</bndbox>
	</object>
</annotation>
