<annotation>
	<folder></folder>
	<filename>frame_3099_jpg.rf.ae27dc9e6dd9419ffa5969a188992c02.jpg</filename>
	<path>frame_3099_jpg.rf.ae27dc9e6dd9419ffa5969a188992c02.jpg</path>
	<source>
		<database>roboflow.ai</database>
	</source>
	<size>
		<width>416</width>
		<height>416</height>
		<depth>3</depth>
	</size>
	<segmented>0</segmented>
	<object>
		<name>motorbike</name>
		<pose>Unspecified</pose>
		<truncated>0</truncated>
		<difficult>0</difficult>
		<occluded>0</occluded>
		<bndbox>
			<xmin>283</xmin>
			<xmax>328</xmax>
			<ymin>233</ymin>
			<ymax>341</ymax>
		</bndbox>
	</object>
	<object>
		<name>auto</name>
		<pose>Unspecified</pose>
		<truncated>0</truncated>
		<difficult>0</difficult>
		<occluded>0</occluded>
		<bndbox>
			<xmin>346</xmin>
			<xmax>415</xmax>
			<ymin>230</ymin>
			<ymax>391</ymax>
		</bndbox>
	</object>
</annotation>
