<annotation>
	<folder></folder>
	<filename>frame_3189_jpg.rf.992992f16a47105f963dc55a5f69102e.jpg</filename>
	<path>frame_3189_jpg.rf.992992f16a47105f963dc55a5f69102e.jpg</path>
	<source>
		<database>roboflow.ai</database>
	</source>
	<size>
		<width>416</width>
		<height>416</height>
		<depth>3</depth>
	</size>
	<segmented>0</segmented>
	<object>
		<name>bicycle</name>
		<pose>Unspecified</pose>
		<truncated>0</truncated>
		<difficult>0</difficult>
		<occluded>0</occluded>
		<bndbox>
			<xmin>285</xmin>
			<xmax>333</xmax>
			<ymin>262</ymin>
			<ymax>400</ymax>
		</bndbox>
	</object>
	<object>
		<name>bicycle</name>
		<pose>Unspecified</pose>
		<truncated>0</truncated>
		<difficult>0</difficult>
		<occluded>0</occluded>
		<bndbox>
			<xmin>335</xmin>
			<xmax>383</xmax>
			<ymin>259</ymin>
			<ymax>397</ymax>
		</bndbox>
	</object>
	<object>
		<name>bicycle</name>
		<pose>Unspecified</pose>
		<truncated>0</truncated>
		<difficult>0</difficult>
		<occluded>0</occluded>
		<bndbox>
			<xmin>315</xmin>
			<xmax>349</xmax>
			<ymin>155</ymin>
			<ymax>258</ymax>
		</bndbox>
	</object>
</annotation>
