<annotation>
	<folder></folder>
	<filename>frame_3191_jpg.rf.2ba2c07820f81e375740a85508d013f5.jpg</filename>
	<path>frame_3191_jpg.rf.2ba2c07820f81e375740a85508d013f5.jpg</path>
	<source>
		<database>roboflow.ai</database>
	</source>
	<size>
		<width>416</width>
		<height>416</height>
		<depth>3</depth>
	</size>
	<segmented>0</segmented>
	<object>
		<name>bicycle</name>
		<pose>Unspecified</pose>
		<truncated>0</truncated>
		<difficult>0</difficult>
		<occluded>0</occluded>
		<bndbox>
			<xmin>271</xmin>
			<xmax>325</xmax>
			<ymin>270</ymin>
			<ymax>383</ymax>
		</bndbox>
	</object>
</annotation>
