<annotation>
	<folder></folder>
	<filename>frame_3100_jpg.rf.37d6af407960801f2e31564e330b24ae.jpg</filename>
	<path>frame_3100_jpg.rf.37d6af407960801f2e31564e330b24ae.jpg</path>
	<source>
		<database>roboflow.ai</database>
	</source>
	<size>
		<width>416</width>
		<height>416</height>
		<depth>3</depth>
	</size>
	<segmented>0</segmented>
	<object>
		<name>auto</name>
		<pose>Unspecified</pose>
		<truncated>0</truncated>
		<difficult>0</difficult>
		<occluded>0</occluded>
		<bndbox>
			<xmin>327</xmin>
			<xmax>401</xmax>
			<ymin>285</ymin>
			<ymax>415</ymax>
		</bndbox>
	</object>
</annotation>
