<annotation>
	<folder></folder>
	<filename>frame_3121_jpg.rf.ef166cdb40686d562bcbc3241ce96bab.jpg</filename>
	<path>frame_3121_jpg.rf.ef166cdb40686d562bcbc3241ce96bab.jpg</path>
	<source>
		<database>roboflow.ai</database>
	</source>
	<size>
		<width>416</width>
		<height>416</height>
		<depth>3</depth>
	</size>
	<segmented>0</segmented>
	<object>
		<name>auto</name>
		<pose>Unspecified</pose>
		<truncated>0</truncated>
		<difficult>0</difficult>
		<occluded>0</occluded>
		<bndbox>
			<xmin>340</xmin>
			<xmax>415</xmax>
			<ymin>226</ymin>
			<ymax>362</ymax>
		</bndbox>
	</object>
</annotation>
