<annotation>
	<folder></folder>
	<filename>frame_3155_jpg.rf.ae2deaf906ff61ef381872b645b45485.jpg</filename>
	<path>frame_3155_jpg.rf.ae2deaf906ff61ef381872b645b45485.jpg</path>
	<source>
		<database>roboflow.ai</database>
	</source>
	<size>
		<width>416</width>
		<height>416</height>
		<depth>3</depth>
	</size>
	<segmented>0</segmented>
	<object>
		<name>motorbike</name>
		<pose>Unspecified</pose>
		<truncated>0</truncated>
		<difficult>0</difficult>
		<occluded>0</occluded>
		<bndbox>
			<xmin>78</xmin>
			<xmax>131</xmax>
			<ymin>292</ymin>
			<ymax>415</ymax>
		</bndbox>
	</object>
	<object>
		<name>motorbike</name>
		<pose>Unspecified</pose>
		<truncated>0</truncated>
		<difficult>0</difficult>
		<occluded>0</occluded>
		<bndbox>
			<xmin>138</xmin>
			<xmax>190</xmax>
			<ymin>209</ymin>
			<ymax>345</ymax>
		</bndbox>
	</object>
</annotation>
