<annotation>
	<folder></folder>
	<filename>frame_3106_jpg.rf.2b1ea70624de98c47540eb9142920055.jpg</filename>
	<path>frame_3106_jpg.rf.2b1ea70624de98c47540eb9142920055.jpg</path>
	<source>
		<database>roboflow.ai</database>
	</source>
	<size>
		<width>416</width>
		<height>416</height>
		<depth>3</depth>
	</size>
	<segmented>0</segmented>
	<object>
		<name>auto</name>
		<pose>Unspecified</pose>
		<truncated>0</truncated>
		<difficult>0</difficult>
		<occluded>0</occluded>
		<bndbox>
			<xmin>277</xmin>
			<xmax>367</xmax>
			<ymin>268</ymin>
			<ymax>412</ymax>
		</bndbox>
	</object>
</annotation>
