<annotation>
	<folder></folder>
	<filename>frame_3144_jpg.rf.9a4d4157ed20259a511caeebd3e2ccdf.jpg</filename>
	<path>frame_3144_jpg.rf.9a4d4157ed20259a511caeebd3e2ccdf.jpg</path>
	<source>
		<database>roboflow.ai</database>
	</source>
	<size>
		<width>416</width>
		<height>416</height>
		<depth>3</depth>
	</size>
	<segmented>0</segmented>
	<object>
		<name>motorbike</name>
		<pose>Unspecified</pose>
		<truncated>0</truncated>
		<difficult>0</difficult>
		<occluded>0</occluded>
		<bndbox>
			<xmin>222</xmin>
			<xmax>281</xmax>
			<ymin>286</ymin>
			<ymax>412</ymax>
		</bndbox>
	</object>
	<object>
		<name>motorbike</name>
		<pose>Unspecified</pose>
		<truncated>0</truncated>
		<difficult>0</difficult>
		<occluded>0</occluded>
		<bndbox>
			<xmin>262</xmin>
			<xmax>312</xmax>
			<ymin>211</ymin>
			<ymax>331</ymax>
		</bndbox>
	</object>
</annotation>
