<annotation>
	<folder></folder>
	<filename>frame_3104_jpg.rf.ffc4ec5f6be5a34264388a74e9c0ab63.jpg</filename>
	<path>frame_3104_jpg.rf.ffc4ec5f6be5a34264388a74e9c0ab63.jpg</path>
	<source>
		<database>roboflow.ai</database>
	</source>
	<size>
		<width>416</width>
		<height>416</height>
		<depth>3</depth>
	</size>
	<segmented>0</segmented>
	<object>
		<name>auto</name>
		<pose>Unspecified</pose>
		<truncated>0</truncated>
		<difficult>0</difficult>
		<occluded>0</occluded>
		<bndbox>
			<xmin>34</xmin>
			<xmax>126</xmax>
			<ymin>241</ymin>
			<ymax>395</ymax>
		</bndbox>
	</object>
</annotation>
