<annotation>
	<folder></folder>
	<filename>frame_3100_jpg.rf.34083ead68d9a7cb2f5392ba322cb228.jpg</filename>
	<path>frame_3100_jpg.rf.34083ead68d9a7cb2f5392ba322cb228.jpg</path>
	<source>
		<database>roboflow.ai</database>
	</source>
	<size>
		<width>416</width>
		<height>416</height>
		<depth>3</depth>
	</size>
	<segmented>0</segmented>
	<object>
		<name>auto</name>
		<pose>Unspecified</pose>
		<truncated>0</truncated>
		<difficult>0</difficult>
		<occluded>0</occluded>
		<bndbox>
			<xmin>0</xmin>
			<xmax>70</xmax>
			<ymin>209</ymin>
			<ymax>338</ymax>
		</bndbox>
	</object>
</annotation>
