<annotation>
	<folder></folder>
	<filename>frame_3191_jpg.rf.d28e381f78f60404cc4cbd82177cce16.jpg</filename>
	<path>frame_3191_jpg.rf.d28e381f78f60404cc4cbd82177cce16.jpg</path>
	<source>
		<database>roboflow.ai</database>
	</source>
	<size>
		<width>416</width>
		<height>416</height>
		<depth>3</depth>
	</size>
	<segmented>0</segmented>
	<object>
		<name>bicycle</name>
		<pose>Unspecified</pose>
		<truncated>0</truncated>
		<difficult>0</difficult>
		<occluded>0</occluded>
		<bndbox>
			<xmin>278</xmin>
			<xmax>330</xmax>
			<ymin>268</ymin>
			<ymax>384</ymax>
		</bndbox>
	</object>
</annotation>
