<annotation>
	<folder></folder>
	<filename>frame_3184_jpg.rf.f8f68d85a0992f3eff5c2801da2713ac.jpg</filename>
	<path>frame_3184_jpg.rf.f8f68d85a0992f3eff5c2801da2713ac.jpg</path>
	<source>
		<database>roboflow.ai</database>
	</source>
	<size>
		<width>416</width>
		<height>416</height>
		<depth>3</depth>
	</size>
	<segmented>0</segmented>
	<object>
		<name>motorbike</name>
		<pose>Unspecified</pose>
		<truncated>0</truncated>
		<difficult>0</difficult>
		<occluded>0</occluded>
		<bndbox>
			<xmin>47</xmin>
			<xmax>107</xmax>
			<ymin>190</ymin>
			<ymax>312</ymax>
		</bndbox>
	</object>
</annotation>
