<annotation>
	<folder></folder>
	<filename>frame_3107_jpg.rf.7a239a43a114ef210d0c3b5d91152e4e.jpg</filename>
	<path>frame_3107_jpg.rf.7a239a43a114ef210d0c3b5d91152e4e.jpg</path>
	<source>
		<database>roboflow.ai</database>
	</source>
	<size>
		<width>416</width>
		<height>416</height>
		<depth>3</depth>
	</size>
	<segmented>0</segmented>
	<object>
		<name>motorbike</name>
		<pose>Unspecified</pose>
		<truncated>0</truncated>
		<difficult>0</difficult>
		<occluded>0</occluded>
		<bndbox>
			<xmin>279</xmin>
			<xmax>321</xmax>
			<ymin>232</ymin>
			<ymax>349</ymax>
		</bndbox>
	</object>
	<object>
		<name>motorbike</name>
		<pose>Unspecified</pose>
		<truncated>0</truncated>
		<difficult>0</difficult>
		<occluded>0</occluded>
		<bndbox>
			<xmin>254</xmin>
			<xmax>296</xmax>
			<ymin>201</ymin>
			<ymax>318</ymax>
		</bndbox>
	</object>
	<object>
		<name>auto</name>
		<pose>Unspecified</pose>
		<truncated>0</truncated>
		<difficult>0</difficult>
		<occluded>0</occluded>
		<bndbox>
			<xmin>337</xmin>
			<xmax>396</xmax>
			<ymin>223</ymin>
			<ymax>349</ymax>
		</bndbox>
	</object>
</annotation>
