<annotation>
	<folder></folder>
	<filename>frame_3101_jpg.rf.e1c5fa3c55b89f1129958291075efb56.jpg</filename>
	<path>frame_3101_jpg.rf.e1c5fa3c55b89f1129958291075efb56.jpg</path>
	<source>
		<database>roboflow.ai</database>
	</source>
	<size>
		<width>416</width>
		<height>416</height>
		<depth>3</depth>
	</size>
	<segmented>0</segmented>
	<object>
		<name>auto</name>
		<pose>Unspecified</pose>
		<truncated>0</truncated>
		<difficult>0</difficult>
		<occluded>0</occluded>
		<bndbox>
			<xmin>21</xmin>
			<xmax>89</xmax>
			<ymin>248</ymin>
			<ymax>377</ymax>
		</bndbox>
	</object>
</annotation>
