<annotation>
	<folder></folder>
	<filename>frame_3160_jpg.rf.0e99fb938d6942a1d0926d963b4b2c4a.jpg</filename>
	<path>frame_3160_jpg.rf.0e99fb938d6942a1d0926d963b4b2c4a.jpg</path>
	<source>
		<database>roboflow.ai</database>
	</source>
	<size>
		<width>416</width>
		<height>416</height>
		<depth>3</depth>
	</size>
	<segmented>0</segmented>
	<object>
		<name>motorbike</name>
		<pose>Unspecified</pose>
		<truncated>0</truncated>
		<difficult>0</difficult>
		<occluded>0</occluded>
		<bndbox>
			<xmin>70</xmin>
			<xmax>127</xmax>
			<ymin>302</ymin>
			<ymax>409</ymax>
		</bndbox>
	</object>
	<object>
		<name>motorbike</name>
		<pose>Unspecified</pose>
		<truncated>0</truncated>
		<difficult>0</difficult>
		<occluded>0</occluded>
		<bndbox>
			<xmin>120</xmin>
			<xmax>176</xmax>
			<ymin>224</ymin>
			<ymax>348</ymax>
		</bndbox>
	</object>
	<object>
		<name>car</name>
		<pose>Unspecified</pose>
		<truncated>0</truncated>
		<difficult>0</difficult>
		<occluded>0</occluded>
		<bndbox>
			<xmin>166</xmin>
			<xmax>260</xmax>
			<ymin>308</ymin>
			<ymax>415</ymax>
		</bndbox>
	</object>
</annotation>
