<annotation>
	<folder></folder>
	<filename>frame_3165_jpg.rf.adc4bdf8c3b0a90c7d936902306ae176.jpg</filename>
	<path>frame_3165_jpg.rf.adc4bdf8c3b0a90c7d936902306ae176.jpg</path>
	<source>
		<database>roboflow.ai</database>
	</source>
	<size>
		<width>416</width>
		<height>416</height>
		<depth>3</depth>
	</size>
	<segmented>0</segmented>
	<object>
		<name>motorbike</name>
		<pose>Unspecified</pose>
		<truncated>0</truncated>
		<difficult>0</difficult>
		<occluded>0</occluded>
		<bndbox>
			<xmin>164</xmin>
			<xmax>213</xmax>
			<ymin>241</ymin>
			<ymax>369</ymax>
		</bndbox>
	</object>
	<object>
		<name>motorbike</name>
		<pose>Unspecified</pose>
		<truncated>0</truncated>
		<difficult>0</difficult>
		<occluded>0</occluded>
		<bndbox>
			<xmin>80</xmin>
			<xmax>129</xmax>
			<ymin>240</ymin>
			<ymax>368</ymax>
		</bndbox>
	</object>
</annotation>
