<annotation>
	<folder></folder>
	<filename>frame_3190_jpg.rf.bfc59b4384026c21c8d2e10e89420624.jpg</filename>
	<path>frame_3190_jpg.rf.bfc59b4384026c21c8d2e10e89420624.jpg</path>
	<source>
		<database>roboflow.ai</database>
	</source>
	<size>
		<width>416</width>
		<height>416</height>
		<depth>3</depth>
	</size>
	<segmented>0</segmented>
	<object>
		<name>bicycle</name>
		<pose>Unspecified</pose>
		<truncated>0</truncated>
		<difficult>0</difficult>
		<occluded>0</occluded>
		<bndbox>
			<xmin>357</xmin>
			<xmax>387</xmax>
			<ymin>273</ymin>
			<ymax>390</ymax>
		</bndbox>
	</object>
	<object>
		<name>bicycle</name>
		<pose>Unspecified</pose>
		<truncated>0</truncated>
		<difficult>0</difficult>
		<occluded>0</occluded>
		<bndbox>
			<xmin>298</xmin>
			<xmax>328</xmax>
			<ymin>183</ymin>
			<ymax>300</ymax>
		</bndbox>
	</object>
</annotation>
