<annotation>
	<folder></folder>
	<filename>frame_3132_jpg.rf.77f237b2b4efe4831afcec19e1a684e4.jpg</filename>
	<path>frame_3132_jpg.rf.77f237b2b4efe4831afcec19e1a684e4.jpg</path>
	<source>
		<database>roboflow.ai</database>
	</source>
	<size>
		<width>416</width>
		<height>416</height>
		<depth>3</depth>
	</size>
	<segmented>0</segmented>
	<object>
		<name>motorbike</name>
		<pose>Unspecified</pose>
		<truncated>0</truncated>
		<difficult>0</difficult>
		<occluded>0</occluded>
		<bndbox>
			<xmin>288</xmin>
			<xmax>324</xmax>
			<ymin>205</ymin>
			<ymax>312</ymax>
		</bndbox>
	</object>
	<object>
		<name>auto</name>
		<pose>Unspecified</pose>
		<truncated>0</truncated>
		<difficult>0</difficult>
		<occluded>0</occluded>
		<bndbox>
			<xmin>342</xmin>
			<xmax>398</xmax>
			<ymin>204</ymin>
			<ymax>341</ymax>
		</bndbox>
	</object>
</annotation>
