<annotation>
	<folder></folder>
	<filename>frame_3179_jpg.rf.62230cf4c8b253ad5c3a21c8282bb625.jpg</filename>
	<path>frame_3179_jpg.rf.62230cf4c8b253ad5c3a21c8282bb625.jpg</path>
	<source>
		<database>roboflow.ai</database>
	</source>
	<size>
		<width>416</width>
		<height>416</height>
		<depth>3</depth>
	</size>
	<segmented>0</segmented>
	<object>
		<name>bus</name>
		<pose>Unspecified</pose>
		<truncated>0</truncated>
		<difficult>0</difficult>
		<occluded>0</occluded>
		<bndbox>
			<xmin>181</xmin>
			<xmax>331</xmax>
			<ymin>134</ymin>
			<ymax>415</ymax>
		</bndbox>
	</object>
	<object>
		<name>bicycle</name>
		<pose>Unspecified</pose>
		<truncated>0</truncated>
		<difficult>0</difficult>
		<occluded>0</occluded>
		<bndbox>
			<xmin>348</xmin>
			<xmax>382</xmax>
			<ymin>256</ymin>
			<ymax>364</ymax>
		</bndbox>
	</object>
</annotation>
