<annotation>
	<folder></folder>
	<filename>frame_3142_jpg.rf.f75ab54623f90bae47aaa154b54cc548.jpg</filename>
	<path>frame_3142_jpg.rf.f75ab54623f90bae47aaa154b54cc548.jpg</path>
	<source>
		<database>roboflow.ai</database>
	</source>
	<size>
		<width>416</width>
		<height>416</height>
		<depth>3</depth>
	</size>
	<segmented>0</segmented>
	<object>
		<name>car</name>
		<pose>Unspecified</pose>
		<truncated>0</truncated>
		<difficult>0</difficult>
		<occluded>0</occluded>
		<bndbox>
			<xmin>69</xmin>
			<xmax>155</xmax>
			<ymin>242</ymin>
			<ymax>387</ymax>
		</bndbox>
	</object>
</annotation>
