<annotation>
	<folder></folder>
	<filename>frame_3120_jpg.rf.0759aaa854c4251bbe41a7e9e114552c.jpg</filename>
	<path>frame_3120_jpg.rf.0759aaa854c4251bbe41a7e9e114552c.jpg</path>
	<source>
		<database>roboflow.ai</database>
	</source>
	<size>
		<width>416</width>
		<height>416</height>
		<depth>3</depth>
	</size>
	<segmented>0</segmented>
	<object>
		<name>auto</name>
		<pose>Unspecified</pose>
		<truncated>0</truncated>
		<difficult>0</difficult>
		<occluded>0</occluded>
		<bndbox>
			<xmin>338</xmin>
			<xmax>407</xmax>
			<ymin>263</ymin>
			<ymax>390</ymax>
		</bndbox>
	</object>
</annotation>
