<annotation>
	<folder></folder>
	<filename>frame_3164_jpg.rf.110109d7cc3ff77e943d677516ea0648.jpg</filename>
	<path>frame_3164_jpg.rf.110109d7cc3ff77e943d677516ea0648.jpg</path>
	<source>
		<database>roboflow.ai</database>
	</source>
	<size>
		<width>416</width>
		<height>416</height>
		<depth>3</depth>
	</size>
	<segmented>0</segmented>
	<object>
		<name>motorbike</name>
		<pose>Unspecified</pose>
		<truncated>0</truncated>
		<difficult>0</difficult>
		<occluded>0</occluded>
		<bndbox>
			<xmin>89</xmin>
			<xmax>147</xmax>
			<ymin>200</ymin>
			<ymax>308</ymax>
		</bndbox>
	</object>
	<object>
		<name>motorbike</name>
		<pose>Unspecified</pose>
		<truncated>0</truncated>
		<difficult>0</difficult>
		<occluded>0</occluded>
		<bndbox>
			<xmin>66</xmin>
			<xmax>124</xmax>
			<ymin>242</ymin>
			<ymax>350</ymax>
		</bndbox>
	</object>
	<object>
		<name>bicycle</name>
		<pose>Unspecified</pose>
		<truncated>0</truncated>
		<difficult>0</difficult>
		<occluded>0</occluded>
		<bndbox>
			<xmin>37</xmin>
			<xmax>87</xmax>
			<ymin>174</ymin>
			<ymax>283</ymax>
		</bndbox>
	</object>
</annotation>
