<annotation>
	<folder></folder>
	<filename>frame_3162_jpg.rf.db2120594e40c24c480d332bec521c08.jpg</filename>
	<path>frame_3162_jpg.rf.db2120594e40c24c480d332bec521c08.jpg</path>
	<source>
		<database>roboflow.ai</database>
	</source>
	<size>
		<width>416</width>
		<height>416</height>
		<depth>3</depth>
	</size>
	<segmented>0</segmented>
	<object>
		<name>car</name>
		<pose>Unspecified</pose>
		<truncated>0</truncated>
		<difficult>0</difficult>
		<occluded>0</occluded>
		<bndbox>
			<xmin>232</xmin>
			<xmax>322</xmax>
			<ymin>241</ymin>
			<ymax>380</ymax>
		</bndbox>
	</object>
	<object>
		<name>bicycle</name>
		<pose>Unspecified</pose>
		<truncated>0</truncated>
		<difficult>0</difficult>
		<occluded>0</occluded>
		<bndbox>
			<xmin>328</xmin>
			<xmax>378</xmax>
			<ymin>189</ymin>
			<ymax>305</ymax>
		</bndbox>
	</object>
	<object>
		<name>bicycle</name>
		<pose>Unspecified</pose>
		<truncated>0</truncated>
		<difficult>0</difficult>
		<occluded>0</occluded>
		<bndbox>
			<xmin>318</xmin>
			<xmax>368</xmax>
			<ymin>215</ymin>
			<ymax>331</ymax>
		</bndbox>
	</object>
</annotation>
