<annotation>
	<folder></folder>
	<filename>frame_3155_jpg.rf.89c39beba0cd0371bfe6f13e6e89c258.jpg</filename>
	<path>frame_3155_jpg.rf.89c39beba0cd0371bfe6f13e6e89c258.jpg</path>
	<source>
		<database>roboflow.ai</database>
	</source>
	<size>
		<width>416</width>
		<height>416</height>
		<depth>3</depth>
	</size>
	<segmented>0</segmented>
	<object>
		<name>motorbike</name>
		<pose>Unspecified</pose>
		<truncated>0</truncated>
		<difficult>0</difficult>
		<occluded>0</occluded>
		<bndbox>
			<xmin>108</xmin>
			<xmax>171</xmax>
			<ymin>296</ymin>
			<ymax>415</ymax>
		</bndbox>
	</object>
	<object>
		<name>motorbike</name>
		<pose>Unspecified</pose>
		<truncated>0</truncated>
		<difficult>0</difficult>
		<occluded>0</occluded>
		<bndbox>
			<xmin>148</xmin>
			<xmax>210</xmax>
			<ymin>215</ymin>
			<ymax>336</ymax>
		</bndbox>
	</object>
</annotation>
