<annotation>
	<folder></folder>
	<filename>frame_3103_jpg.rf.8048a8b3d9a62482d7441f050c807939.jpg</filename>
	<path>frame_3103_jpg.rf.8048a8b3d9a62482d7441f050c807939.jpg</path>
	<source>
		<database>roboflow.ai</database>
	</source>
	<size>
		<width>416</width>
		<height>416</height>
		<depth>3</depth>
	</size>
	<segmented>0</segmented>
	<object>
		<name>auto</name>
		<pose>Unspecified</pose>
		<truncated>0</truncated>
		<difficult>0</difficult>
		<occluded>0</occluded>
		<bndbox>
			<xmin>358</xmin>
			<xmax>415</xmax>
			<ymin>258</ymin>
			<ymax>386</ymax>
		</bndbox>
	</object>
</annotation>
