<annotation>
	<folder></folder>
	<filename>frame_3183_jpg.rf.fedfbaa79908f9ba1ae42103f7bf558e.jpg</filename>
	<path>frame_3183_jpg.rf.fedfbaa79908f9ba1ae42103f7bf558e.jpg</path>
	<source>
		<database>roboflow.ai</database>
	</source>
	<size>
		<width>416</width>
		<height>416</height>
		<depth>3</depth>
	</size>
	<segmented>0</segmented>
	<object>
		<name>motorbike</name>
		<pose>Unspecified</pose>
		<truncated>0</truncated>
		<difficult>0</difficult>
		<occluded>0</occluded>
		<bndbox>
			<xmin>78</xmin>
			<xmax>149</xmax>
			<ymin>222</ymin>
			<ymax>346</ymax>
		</bndbox>
	</object>
	<object>
		<name>bicycle</name>
		<pose>Unspecified</pose>
		<truncated>0</truncated>
		<difficult>0</difficult>
		<occluded>0</occluded>
		<bndbox>
			<xmin>27</xmin>
			<xmax>70</xmax>
			<ymin>201</ymin>
			<ymax>333</ymax>
		</bndbox>
	</object>
</annotation>
