<annotation>
	<folder></folder>
	<filename>frame_3135_jpg.rf.c8ebad79b41c6ae57f164b8572fdf846.jpg</filename>
	<path>frame_3135_jpg.rf.c8ebad79b41c6ae57f164b8572fdf846.jpg</path>
	<source>
		<database>roboflow.ai</database>
	</source>
	<size>
		<width>416</width>
		<height>416</height>
		<depth>3</depth>
	</size>
	<segmented>0</segmented>
	<object>
		<name>motorbike</name>
		<pose>Unspecified</pose>
		<truncated>0</truncated>
		<difficult>0</difficult>
		<occluded>0</occluded>
		<bndbox>
			<xmin>265</xmin>
			<xmax>305</xmax>
			<ymin>252</ymin>
			<ymax>358</ymax>
		</bndbox>
	</object>
	<object>
		<name>motorbike</name>
		<pose>Unspecified</pose>
		<truncated>0</truncated>
		<difficult>0</difficult>
		<occluded>0</occluded>
		<bndbox>
			<xmin>294</xmin>
			<xmax>338</xmax>
			<ymin>279</ymin>
			<ymax>386</ymax>
		</bndbox>
	</object>
</annotation>
