<annotation>
	<folder></folder>
	<filename>frame_3178_jpg.rf.873942de0186a667f4c6eeaa22fa5d09.jpg</filename>
	<path>frame_3178_jpg.rf.873942de0186a667f4c6eeaa22fa5d09.jpg</path>
	<source>
		<database>roboflow.ai</database>
	</source>
	<size>
		<width>416</width>
		<height>416</height>
		<depth>3</depth>
	</size>
	<segmented>0</segmented>
	<object>
		<name>motorbike</name>
		<pose>Unspecified</pose>
		<truncated>0</truncated>
		<difficult>0</difficult>
		<occluded>0</occluded>
		<bndbox>
			<xmin>265</xmin>
			<xmax>316</xmax>
			<ymin>272</ymin>
			<ymax>397</ymax>
		</bndbox>
	</object>
	<object>
		<name>motorbike</name>
		<pose>Unspecified</pose>
		<truncated>0</truncated>
		<difficult>0</difficult>
		<occluded>0</occluded>
		<bndbox>
			<xmin>254</xmin>
			<xmax>305</xmax>
			<ymin>199</ymin>
			<ymax>324</ymax>
		</bndbox>
	</object>
</annotation>
