<annotation>
	<folder></folder>
	<filename>frame_3106_jpg.rf.18da5bd50ee58b7bad3a2f238199fb49.jpg</filename>
	<path>frame_3106_jpg.rf.18da5bd50ee58b7bad3a2f238199fb49.jpg</path>
	<source>
		<database>roboflow.ai</database>
	</source>
	<size>
		<width>416</width>
		<height>416</height>
		<depth>3</depth>
	</size>
	<segmented>0</segmented>
	<object>
		<name>auto</name>
		<pose>Unspecified</pose>
		<truncated>0</truncated>
		<difficult>0</difficult>
		<occluded>0</occluded>
		<bndbox>
			<xmin>340</xmin>
			<xmax>402</xmax>
			<ymin>268</ymin>
			<ymax>415</ymax>
		</bndbox>
	</object>
</annotation>
