<annotation>
	<folder></folder>
	<filename>frame_3196_jpg.rf.ac36f0a12c11300373059104bc2a1e03.jpg</filename>
	<path>frame_3196_jpg.rf.ac36f0a12c11300373059104bc2a1e03.jpg</path>
	<source>
		<database>roboflow.ai</database>
	</source>
	<size>
		<width>416</width>
		<height>416</height>
		<depth>3</depth>
	</size>
	<segmented>0</segmented>
	<object>
		<name>motorbike</name>
		<pose>Unspecified</pose>
		<truncated>0</truncated>
		<difficult>0</difficult>
		<occluded>0</occluded>
		<bndbox>
			<xmin>96</xmin>
			<xmax>134</xmax>
			<ymin>224</ymin>
			<ymax>342</ymax>
		</bndbox>
	</object>
	<object>
		<name>motorbike</name>
		<pose>Unspecified</pose>
		<truncated>0</truncated>
		<difficult>0</difficult>
		<occluded>0</occluded>
		<bndbox>
			<xmin>125</xmin>
			<xmax>163</xmax>
			<ymin>185</ymin>
			<ymax>303</ymax>
		</bndbox>
	</object>
</annotation>
