<annotation>
	<folder></folder>
	<filename>frame_3182_jpg.rf.339ac983ed5bfc56f4228652ba2f593f.jpg</filename>
	<path>frame_3182_jpg.rf.339ac983ed5bfc56f4228652ba2f593f.jpg</path>
	<source>
		<database>roboflow.ai</database>
	</source>
	<size>
		<width>416</width>
		<height>416</height>
		<depth>3</depth>
	</size>
	<segmented>0</segmented>
	<object>
		<name>motorbike</name>
		<pose>Unspecified</pose>
		<truncated>0</truncated>
		<difficult>0</difficult>
		<occluded>0</occluded>
		<bndbox>
			<xmin>66</xmin>
			<xmax>124</xmax>
			<ymin>274</ymin>
			<ymax>403</ymax>
		</bndbox>
	</object>
</annotation>
