<annotation>
	<folder></folder>
	<filename>frame_3109_jpg.rf.3a8a8e5a673f43c9ef0a623c6b8a10fc.jpg</filename>
	<path>frame_3109_jpg.rf.3a8a8e5a673f43c9ef0a623c6b8a10fc.jpg</path>
	<source>
		<database>roboflow.ai</database>
	</source>
	<size>
		<width>416</width>
		<height>416</height>
		<depth>3</depth>
	</size>
	<segmented>0</segmented>
	<object>
		<name>motorbike</name>
		<pose>Unspecified</pose>
		<truncated>0</truncated>
		<difficult>0</difficult>
		<occluded>0</occluded>
		<bndbox>
			<xmin>60</xmin>
			<xmax>120</xmax>
			<ymin>269</ymin>
			<ymax>395</ymax>
		</bndbox>
	</object>
	<object>
		<name>auto</name>
		<pose>Unspecified</pose>
		<truncated>0</truncated>
		<difficult>0</difficult>
		<occluded>0</occluded>
		<bndbox>
			<xmin>0</xmin>
			<xmax>61</xmax>
			<ymin>237</ymin>
			<ymax>366</ymax>
		</bndbox>
	</object>
</annotation>
