<annotation>
	<folder></folder>
	<filename>frame_3143_jpg.rf.af205fac6ddce990a91ea5d6d4f1bec8.jpg</filename>
	<path>frame_3143_jpg.rf.af205fac6ddce990a91ea5d6d4f1bec8.jpg</path>
	<source>
		<database>roboflow.ai</database>
	</source>
	<size>
		<width>416</width>
		<height>416</height>
		<depth>3</depth>
	</size>
	<segmented>0</segmented>
	<object>
		<name>motorbike</name>
		<pose>Unspecified</pose>
		<truncated>0</truncated>
		<difficult>0</difficult>
		<occluded>0</occluded>
		<bndbox>
			<xmin>100</xmin>
			<xmax>152</xmax>
			<ymin>247</ymin>
			<ymax>380</ymax>
		</bndbox>
	</object>
</annotation>
