<annotation>
	<folder></folder>
	<filename>frame_3102_jpg.rf.8e2744bff6d2176e334c07805e226c9e.jpg</filename>
	<path>frame_3102_jpg.rf.8e2744bff6d2176e334c07805e226c9e.jpg</path>
	<source>
		<database>roboflow.ai</database>
	</source>
	<size>
		<width>416</width>
		<height>416</height>
		<depth>3</depth>
	</size>
	<segmented>0</segmented>
	<object>
		<name>auto</name>
		<pose>Unspecified</pose>
		<truncated>0</truncated>
		<difficult>0</difficult>
		<occluded>0</occluded>
		<bndbox>
			<xmin>53</xmin>
			<xmax>154</xmax>
			<ymin>262</ymin>
			<ymax>401</ymax>
		</bndbox>
	</object>
</annotation>
