<annotation>
	<folder></folder>
	<filename>frame_3157_jpg.rf.c52e6d7ba20153304cfd4f447a911bb9.jpg</filename>
	<path>frame_3157_jpg.rf.c52e6d7ba20153304cfd4f447a911bb9.jpg</path>
	<source>
		<database>roboflow.ai</database>
	</source>
	<size>
		<width>416</width>
		<height>416</height>
		<depth>3</depth>
	</size>
	<segmented>0</segmented>
	<object>
		<name>bicycle</name>
		<pose>Unspecified</pose>
		<truncated>0</truncated>
		<difficult>0</difficult>
		<occluded>0</occluded>
		<bndbox>
			<xmin>353</xmin>
			<xmax>397</xmax>
			<ymin>182</ymin>
			<ymax>315</ymax>
		</bndbox>
	</object>
</annotation>
