<annotation>
	<folder></folder>
	<filename>frame_3190_jpg.rf.142c77f51c285c5297f9c66e0ced3fde.jpg</filename>
	<path>frame_3190_jpg.rf.142c77f51c285c5297f9c66e0ced3fde.jpg</path>
	<source>
		<database>roboflow.ai</database>
	</source>
	<size>
		<width>416</width>
		<height>416</height>
		<depth>3</depth>
	</size>
	<segmented>0</segmented>
	<object>
		<name>bicycle</name>
		<pose>Unspecified</pose>
		<truncated>0</truncated>
		<difficult>0</difficult>
		<occluded>0</occluded>
		<bndbox>
			<xmin>359</xmin>
			<xmax>383</xmax>
			<ymin>274</ymin>
			<ymax>396</ymax>
		</bndbox>
	</object>
	<object>
		<name>bicycle</name>
		<pose>Unspecified</pose>
		<truncated>0</truncated>
		<difficult>0</difficult>
		<occluded>0</occluded>
		<bndbox>
			<xmin>300</xmin>
			<xmax>324</xmax>
			<ymin>182</ymin>
			<ymax>304</ymax>
		</bndbox>
	</object>
</annotation>
