<annotation>
	<folder></folder>
	<filename>frame_3105_jpg.rf.31a624cba2cc749161fcc423815c844e.jpg</filename>
	<path>frame_3105_jpg.rf.31a624cba2cc749161fcc423815c844e.jpg</path>
	<source>
		<database>roboflow.ai</database>
	</source>
	<size>
		<width>416</width>
		<height>416</height>
		<depth>3</depth>
	</size>
	<segmented>0</segmented>
	<object>
		<name>auto</name>
		<pose>Unspecified</pose>
		<truncated>0</truncated>
		<difficult>0</difficult>
		<occluded>0</occluded>
		<bndbox>
			<xmin>10</xmin>
			<xmax>80</xmax>
			<ymin>207</ymin>
			<ymax>340</ymax>
		</bndbox>
	</object>
</annotation>
