<annotation>
	<folder></folder>
	<filename>frame_3135_jpg.rf.58b56f096b41656721231cbc04cd8c6c.jpg</filename>
	<path>frame_3135_jpg.rf.58b56f096b41656721231cbc04cd8c6c.jpg</path>
	<source>
		<database>roboflow.ai</database>
	</source>
	<size>
		<width>416</width>
		<height>416</height>
		<depth>3</depth>
	</size>
	<segmented>0</segmented>
	<object>
		<name>motorbike</name>
		<pose>Unspecified</pose>
		<truncated>0</truncated>
		<difficult>0</difficult>
		<occluded>0</occluded>
		<bndbox>
			<xmin>94</xmin>
			<xmax>122</xmax>
			<ymin>266</ymin>
			<ymax>377</ymax>
		</bndbox>
	</object>
	<object>
		<name>motorbike</name>
		<pose>Unspecified</pose>
		<truncated>0</truncated>
		<difficult>0</difficult>
		<occluded>0</occluded>
		<bndbox>
			<xmin>53</xmin>
			<xmax>85</xmax>
			<ymin>301</ymin>
			<ymax>412</ymax>
		</bndbox>
	</object>
</annotation>
