<annotation>
	<folder></folder>
	<filename>frame_3158_jpg.rf.d085b55d7580589a98edb7d0d865399c.jpg</filename>
	<path>frame_3158_jpg.rf.d085b55d7580589a98edb7d0d865399c.jpg</path>
	<source>
		<database>roboflow.ai</database>
	</source>
	<size>
		<width>416</width>
		<height>416</height>
		<depth>3</depth>
	</size>
	<segmented>0</segmented>
	<object>
		<name>motorbike</name>
		<pose>Unspecified</pose>
		<truncated>0</truncated>
		<difficult>0</difficult>
		<occluded>0</occluded>
		<bndbox>
			<xmin>235</xmin>
			<xmax>286</xmax>
			<ymin>249</ymin>
			<ymax>364</ymax>
		</bndbox>
	</object>
	<object>
		<name>motorbike</name>
		<pose>Unspecified</pose>
		<truncated>0</truncated>
		<difficult>0</difficult>
		<occluded>0</occluded>
		<bndbox>
			<xmin>259</xmin>
			<xmax>310</xmax>
			<ymin>195</ymin>
			<ymax>310</ymax>
		</bndbox>
	</object>
</annotation>
