<annotation>
	<folder></folder>
	<filename>frame_3123_jpg.rf.0e0102e8e79aab007a0af963df60cd13.jpg</filename>
	<path>frame_3123_jpg.rf.0e0102e8e79aab007a0af963df60cd13.jpg</path>
	<source>
		<database>roboflow.ai</database>
	</source>
	<size>
		<width>416</width>
		<height>416</height>
		<depth>3</depth>
	</size>
	<segmented>0</segmented>
	<object>
		<name>auto</name>
		<pose>Unspecified</pose>
		<truncated>0</truncated>
		<difficult>0</difficult>
		<occluded>0</occluded>
		<bndbox>
			<xmin>331</xmin>
			<xmax>388</xmax>
			<ymin>214</ymin>
			<ymax>367</ymax>
		</bndbox>
	</object>
</annotation>
