<annotation>
	<folder></folder>
	<filename>frame_3166_jpg.rf.837a8dbae11aa329235791218a3742c2.jpg</filename>
	<path>frame_3166_jpg.rf.837a8dbae11aa329235791218a3742c2.jpg</path>
	<source>
		<database>roboflow.ai</database>
	</source>
	<size>
		<width>416</width>
		<height>416</height>
		<depth>3</depth>
	</size>
	<segmented>0</segmented>
	<object>
		<name>motorbike</name>
		<pose>Unspecified</pose>
		<truncated>0</truncated>
		<difficult>0</difficult>
		<occluded>0</occluded>
		<bndbox>
			<xmin>59</xmin>
			<xmax>95</xmax>
			<ymin>267</ymin>
			<ymax>385</ymax>
		</bndbox>
	</object>
	<object>
		<name>auto</name>
		<pose>Unspecified</pose>
		<truncated>0</truncated>
		<difficult>0</difficult>
		<occluded>0</occluded>
		<bndbox>
			<xmin>93</xmin>
			<xmax>150</xmax>
			<ymin>182</ymin>
			<ymax>309</ymax>
		</bndbox>
	</object>
</annotation>
