<annotation>
	<folder></folder>
	<filename>frame_3179_jpg.rf.d953b76800272fbce71695d2ad195e24.jpg</filename>
	<path>frame_3179_jpg.rf.d953b76800272fbce71695d2ad195e24.jpg</path>
	<source>
		<database>roboflow.ai</database>
	</source>
	<size>
		<width>416</width>
		<height>416</height>
		<depth>3</depth>
	</size>
	<segmented>0</segmented>
	<object>
		<name>bus</name>
		<pose>Unspecified</pose>
		<truncated>0</truncated>
		<difficult>0</difficult>
		<occluded>0</occluded>
		<bndbox>
			<xmin>194</xmin>
			<xmax>355</xmax>
			<ymin>112</ymin>
			<ymax>415</ymax>
		</bndbox>
	</object>
	<object>
		<name>bicycle</name>
		<pose>Unspecified</pose>
		<truncated>0</truncated>
		<difficult>0</difficult>
		<occluded>0</occluded>
		<bndbox>
			<xmin>372</xmin>
			<xmax>406</xmax>
			<ymin>254</ymin>
			<ymax>380</ymax>
		</bndbox>
	</object>
</annotation>
