<annotation>
	<folder></folder>
	<filename>frame_3132_jpg.rf.23882d843cf12771459234ebd2d29d26.jpg</filename>
	<path>frame_3132_jpg.rf.23882d843cf12771459234ebd2d29d26.jpg</path>
	<source>
		<database>roboflow.ai</database>
	</source>
	<size>
		<width>416</width>
		<height>416</height>
		<depth>3</depth>
	</size>
	<segmented>0</segmented>
	<object>
		<name>motorbike</name>
		<pose>Unspecified</pose>
		<truncated>0</truncated>
		<difficult>0</difficult>
		<occluded>0</occluded>
		<bndbox>
			<xmin>112</xmin>
			<xmax>165</xmax>
			<ymin>217</ymin>
			<ymax>329</ymax>
		</bndbox>
	</object>
	<object>
		<name>auto</name>
		<pose>Unspecified</pose>
		<truncated>0</truncated>
		<difficult>0</difficult>
		<occluded>0</occluded>
		<bndbox>
			<xmin>47</xmin>
			<xmax>126</xmax>
			<ymin>225</ymin>
			<ymax>368</ymax>
		</bndbox>
	</object>
</annotation>
