<annotation>
	<folder></folder>
	<filename>frame_3178_jpg.rf.6f716d2d38fc9cb732f45f466b33e30d.jpg</filename>
	<path>frame_3178_jpg.rf.6f716d2d38fc9cb732f45f466b33e30d.jpg</path>
	<source>
		<database>roboflow.ai</database>
	</source>
	<size>
		<width>416</width>
		<height>416</height>
		<depth>3</depth>
	</size>
	<segmented>0</segmented>
	<object>
		<name>motorbike</name>
		<pose>Unspecified</pose>
		<truncated>0</truncated>
		<difficult>0</difficult>
		<occluded>0</occluded>
		<bndbox>
			<xmin>298</xmin>
			<xmax>367</xmax>
			<ymin>215</ymin>
			<ymax>353</ymax>
		</bndbox>
	</object>
	<object>
		<name>motorbike</name>
		<pose>Unspecified</pose>
		<truncated>0</truncated>
		<difficult>0</difficult>
		<occluded>0</occluded>
		<bndbox>
			<xmin>263</xmin>
			<xmax>332</xmax>
			<ymin>157</ymin>
			<ymax>295</ymax>
		</bndbox>
	</object>
</annotation>
