<annotation>
	<folder></folder>
	<filename>frame_3195_jpg.rf.0e15479144281929e5f3d57563dca3b4.jpg</filename>
	<path>frame_3195_jpg.rf.0e15479144281929e5f3d57563dca3b4.jpg</path>
	<source>
		<database>roboflow.ai</database>
	</source>
	<size>
		<width>416</width>
		<height>416</height>
		<depth>3</depth>
	</size>
	<segmented>0</segmented>
	<object>
		<name>car</name>
		<pose>Unspecified</pose>
		<truncated>0</truncated>
		<difficult>0</difficult>
		<occluded>0</occluded>
		<bndbox>
			<xmin>193</xmin>
			<xmax>273</xmax>
			<ymin>175</ymin>
			<ymax>303</ymax>
		</bndbox>
	</object>
	<object>
		<name>motorbike</name>
		<pose>Unspecified</pose>
		<truncated>0</truncated>
		<difficult>0</difficult>
		<occluded>0</occluded>
		<bndbox>
			<xmin>249</xmin>
			<xmax>312</xmax>
			<ymin>227</ymin>
			<ymax>359</ymax>
		</bndbox>
	</object>
</annotation>
