<annotation>
	<folder></folder>
	<filename>frame_3143_jpg.rf.b4dc971a35dd3b9e0c1357aff546c7cf.jpg</filename>
	<path>frame_3143_jpg.rf.b4dc971a35dd3b9e0c1357aff546c7cf.jpg</path>
	<source>
		<database>roboflow.ai</database>
	</source>
	<size>
		<width>416</width>
		<height>416</height>
		<depth>3</depth>
	</size>
	<segmented>0</segmented>
	<object>
		<name>motorbike</name>
		<pose>Unspecified</pose>
		<truncated>0</truncated>
		<difficult>0</difficult>
		<occluded>0</occluded>
		<bndbox>
			<xmin>178</xmin>
			<xmax>253</xmax>
			<ymin>275</ymin>
			<ymax>409</ymax>
		</bndbox>
	</object>
</annotation>
