<annotation>
	<folder></folder>
	<filename>frame_3177_jpg.rf.4f5b70a200694f69de9c22aedcec1976.jpg</filename>
	<path>frame_3177_jpg.rf.4f5b70a200694f69de9c22aedcec1976.jpg</path>
	<source>
		<database>roboflow.ai</database>
	</source>
	<size>
		<width>416</width>
		<height>416</height>
		<depth>3</depth>
	</size>
	<segmented>0</segmented>
	<object>
		<name>car</name>
		<pose>Unspecified</pose>
		<truncated>0</truncated>
		<difficult>0</difficult>
		<occluded>0</occluded>
		<bndbox>
			<xmin>201</xmin>
			<xmax>294</xmax>
			<ymin>190</ymin>
			<ymax>317</ymax>
		</bndbox>
	</object>
	<object>
		<name>bicycle</name>
		<pose>Unspecified</pose>
		<truncated>0</truncated>
		<difficult>0</difficult>
		<occluded>0</occluded>
		<bndbox>
			<xmin>340</xmin>
			<xmax>380</xmax>
			<ymin>290</ymin>
			<ymax>391</ymax>
		</bndbox>
	</object>
	<object>
		<name>bicycle</name>
		<pose>Unspecified</pose>
		<truncated>0</truncated>
		<difficult>0</difficult>
		<occluded>0</occluded>
		<bndbox>
			<xmin>340</xmin>
			<xmax>380</xmax>
			<ymin>247</ymin>
			<ymax>348</ymax>
		</bndbox>
	</object>
</annotation>
