<annotation>
	<folder></folder>
	<filename>frame_3127_jpg.rf.33d4444c92010514cd3e32c39256543a.jpg</filename>
	<path>frame_3127_jpg.rf.33d4444c92010514cd3e32c39256543a.jpg</path>
	<source>
		<database>roboflow.ai</database>
	</source>
	<size>
		<width>416</width>
		<height>416</height>
		<depth>3</depth>
	</size>
	<segmented>0</segmented>
	<object>
		<name>auto</name>
		<pose>Unspecified</pose>
		<truncated>0</truncated>
		<difficult>0</difficult>
		<occluded>0</occluded>
		<bndbox>
			<xmin>5</xmin>
			<xmax>85</xmax>
			<ymin>200</ymin>
			<ymax>332</ymax>
		</bndbox>
	</object>
</annotation>
