<annotation>
	<folder></folder>
	<filename>frame_3148_jpg.rf.be1bb3cc71ff4d748f4913370eb44542.jpg</filename>
	<path>frame_3148_jpg.rf.be1bb3cc71ff4d748f4913370eb44542.jpg</path>
	<source>
		<database>roboflow.ai</database>
	</source>
	<size>
		<width>416</width>
		<height>416</height>
		<depth>3</depth>
	</size>
	<segmented>0</segmented>
	<object>
		<name>motorbike</name>
		<pose>Unspecified</pose>
		<truncated>0</truncated>
		<difficult>0</difficult>
		<occluded>0</occluded>
		<bndbox>
			<xmin>115</xmin>
			<xmax>156</xmax>
			<ymin>201</ymin>
			<ymax>290</ymax>
		</bndbox>
	</object>
	<object>
		<name>motorbike</name>
		<pose>Unspecified</pose>
		<truncated>0</truncated>
		<difficult>0</difficult>
		<occluded>0</occluded>
		<bndbox>
			<xmin>63</xmin>
			<xmax>104</xmax>
			<ymin>238</ymin>
			<ymax>327</ymax>
		</bndbox>
	</object>
</annotation>
