<annotation>
	<folder></folder>
	<filename>frame_3148_jpg.rf.5f86d214a510aaad8ef8cd7ff162049b.jpg</filename>
	<path>frame_3148_jpg.rf.5f86d214a510aaad8ef8cd7ff162049b.jpg</path>
	<source>
		<database>roboflow.ai</database>
	</source>
	<size>
		<width>416</width>
		<height>416</height>
		<depth>3</depth>
	</size>
	<segmented>0</segmented>
	<object>
		<name>motorbike</name>
		<pose>Unspecified</pose>
		<truncated>0</truncated>
		<difficult>0</difficult>
		<occluded>0</occluded>
		<bndbox>
			<xmin>134</xmin>
			<xmax>167</xmax>
			<ymin>196</ymin>
			<ymax>286</ymax>
		</bndbox>
	</object>
	<object>
		<name>motorbike</name>
		<pose>Unspecified</pose>
		<truncated>0</truncated>
		<difficult>0</difficult>
		<occluded>0</occluded>
		<bndbox>
			<xmin>97</xmin>
			<xmax>130</xmax>
			<ymin>230</ymin>
			<ymax>320</ymax>
		</bndbox>
	</object>
</annotation>
