<annotation>
	<folder></folder>
	<filename>frame_3116_jpg.rf.9ddfbc0342f680a7511c8613292fd052.jpg</filename>
	<path>frame_3116_jpg.rf.9ddfbc0342f680a7511c8613292fd052.jpg</path>
	<source>
		<database>roboflow.ai</database>
	</source>
	<size>
		<width>416</width>
		<height>416</height>
		<depth>3</depth>
	</size>
	<segmented>0</segmented>
	<object>
		<name>auto</name>
		<pose>Unspecified</pose>
		<truncated>0</truncated>
		<difficult>0</difficult>
		<occluded>0</occluded>
		<bndbox>
			<xmin>1</xmin>
			<xmax>78</xmax>
			<ymin>246</ymin>
			<ymax>402</ymax>
		</bndbox>
	</object>
</annotation>
