<annotation>
	<folder></folder>
	<filename>frame_3179_jpg.rf.a9d33845a3bd77850adb13a0ba167a4b.jpg</filename>
	<path>frame_3179_jpg.rf.a9d33845a3bd77850adb13a0ba167a4b.jpg</path>
	<source>
		<database>roboflow.ai</database>
	</source>
	<size>
		<width>416</width>
		<height>416</height>
		<depth>3</depth>
	</size>
	<segmented>0</segmented>
	<object>
		<name>bus</name>
		<pose>Unspecified</pose>
		<truncated>0</truncated>
		<difficult>0</difficult>
		<occluded>0</occluded>
		<bndbox>
			<xmin>97</xmin>
			<xmax>249</xmax>
			<ymin>97</ymin>
			<ymax>415</ymax>
		</bndbox>
	</object>
	<object>
		<name>bicycle</name>
		<pose>Unspecified</pose>
		<truncated>0</truncated>
		<difficult>0</difficult>
		<occluded>0</occluded>
		<bndbox>
			<xmin>54</xmin>
			<xmax>86</xmax>
			<ymin>210</ymin>
			<ymax>338</ymax>
		</bndbox>
	</object>
</annotation>
