<annotation>
	<folder></folder>
	<filename>frame_3103_jpg.rf.d2d1afec7bd48360b7fd17edf06c02e2.jpg</filename>
	<path>frame_3103_jpg.rf.d2d1afec7bd48360b7fd17edf06c02e2.jpg</path>
	<source>
		<database>roboflow.ai</database>
	</source>
	<size>
		<width>416</width>
		<height>416</height>
		<depth>3</depth>
	</size>
	<segmented>0</segmented>
	<object>
		<name>auto</name>
		<pose>Unspecified</pose>
		<truncated>0</truncated>
		<difficult>0</difficult>
		<occluded>0</occluded>
		<bndbox>
			<xmin>354</xmin>
			<xmax>415</xmax>
			<ymin>253</ymin>
			<ymax>401</ymax>
		</bndbox>
	</object>
</annotation>
