<annotation>
	<folder></folder>
	<filename>frame_3157_jpg.rf.9895b662f57a231421a06f4c5c064bba.jpg</filename>
	<path>frame_3157_jpg.rf.9895b662f57a231421a06f4c5c064bba.jpg</path>
	<source>
		<database>roboflow.ai</database>
	</source>
	<size>
		<width>416</width>
		<height>416</height>
		<depth>3</depth>
	</size>
	<segmented>0</segmented>
	<object>
		<name>bicycle</name>
		<pose>Unspecified</pose>
		<truncated>0</truncated>
		<difficult>0</difficult>
		<occluded>0</occluded>
		<bndbox>
			<xmin>47</xmin>
			<xmax>78</xmax>
			<ymin>227</ymin>
			<ymax>347</ymax>
		</bndbox>
	</object>
</annotation>
