<annotation>
	<folder></folder>
	<filename>frame_3166_jpg.rf.5b90b6288472b27834ed5292f1572852.jpg</filename>
	<path>frame_3166_jpg.rf.5b90b6288472b27834ed5292f1572852.jpg</path>
	<source>
		<database>roboflow.ai</database>
	</source>
	<size>
		<width>416</width>
		<height>416</height>
		<depth>3</depth>
	</size>
	<segmented>0</segmented>
	<object>
		<name>motorbike</name>
		<pose>Unspecified</pose>
		<truncated>0</truncated>
		<difficult>0</difficult>
		<occluded>0</occluded>
		<bndbox>
			<xmin>301</xmin>
			<xmax>348</xmax>
			<ymin>285</ymin>
			<ymax>390</ymax>
		</bndbox>
	</object>
	<object>
		<name>auto</name>
		<pose>Unspecified</pose>
		<truncated>0</truncated>
		<difficult>0</difficult>
		<occluded>0</occluded>
		<bndbox>
			<xmin>258</xmin>
			<xmax>328</xmax>
			<ymin>199</ymin>
			<ymax>313</ymax>
		</bndbox>
	</object>
</annotation>
