<annotation>
	<folder></folder>
	<filename>frame_3174_jpg.rf.bca4bee79213d8c120fad6102f72105e.jpg</filename>
	<path>frame_3174_jpg.rf.bca4bee79213d8c120fad6102f72105e.jpg</path>
	<source>
		<database>roboflow.ai</database>
	</source>
	<size>
		<width>416</width>
		<height>416</height>
		<depth>3</depth>
	</size>
	<segmented>0</segmented>
	<object>
		<name>bicycle</name>
		<pose>Unspecified</pose>
		<truncated>0</truncated>
		<difficult>0</difficult>
		<occluded>0</occluded>
		<bndbox>
			<xmin>285</xmin>
			<xmax>347</xmax>
			<ymin>201</ymin>
			<ymax>327</ymax>
		</bndbox>
	</object>
</annotation>
