<annotation>
	<folder></folder>
	<filename>frame_3128_jpg.rf.b41e1d9f6ae978c57e1ff010dea9910d.jpg</filename>
	<path>frame_3128_jpg.rf.b41e1d9f6ae978c57e1ff010dea9910d.jpg</path>
	<source>
		<database>roboflow.ai</database>
	</source>
	<size>
		<width>416</width>
		<height>416</height>
		<depth>3</depth>
	</size>
	<segmented>0</segmented>
	<object>
		<name>auto</name>
		<pose>Unspecified</pose>
		<truncated>0</truncated>
		<difficult>0</difficult>
		<occluded>0</occluded>
		<bndbox>
			<xmin>300</xmin>
			<xmax>368</xmax>
			<ymin>271</ymin>
			<ymax>391</ymax>
		</bndbox>
	</object>
	<object>
		<name>car</name>
		<pose>Unspecified</pose>
		<truncated>0</truncated>
		<difficult>0</difficult>
		<occluded>0</occluded>
		<bndbox>
			<xmin>184</xmin>
			<xmax>268</xmax>
			<ymin>230</ymin>
			<ymax>360</ymax>
		</bndbox>
	</object>
</annotation>
