<annotation>
	<folder></folder>
	<filename>frame_3148_jpg.rf.e37701f7aa9e43e295cd66210cb61988.jpg</filename>
	<path>frame_3148_jpg.rf.e37701f7aa9e43e295cd66210cb61988.jpg</path>
	<source>
		<database>roboflow.ai</database>
	</source>
	<size>
		<width>416</width>
		<height>416</height>
		<depth>3</depth>
	</size>
	<segmented>0</segmented>
	<object>
		<name>motorbike</name>
		<pose>Unspecified</pose>
		<truncated>0</truncated>
		<difficult>0</difficult>
		<occluded>0</occluded>
		<bndbox>
			<xmin>255</xmin>
			<xmax>301</xmax>
			<ymin>180</ymin>
			<ymax>268</ymax>
		</bndbox>
	</object>
	<object>
		<name>motorbike</name>
		<pose>Unspecified</pose>
		<truncated>0</truncated>
		<difficult>0</difficult>
		<occluded>0</occluded>
		<bndbox>
			<xmin>302</xmin>
			<xmax>348</xmax>
			<ymin>203</ymin>
			<ymax>291</ymax>
		</bndbox>
	</object>
</annotation>
