<annotation>
	<folder></folder>
	<filename>frame_3131_jpg.rf.2e07d421cfa50d2d481e3c320b9cbac8.jpg</filename>
	<path>frame_3131_jpg.rf.2e07d421cfa50d2d481e3c320b9cbac8.jpg</path>
	<source>
		<database>roboflow.ai</database>
	</source>
	<size>
		<width>416</width>
		<height>416</height>
		<depth>3</depth>
	</size>
	<segmented>0</segmented>
	<object>
		<name>car</name>
		<pose>Unspecified</pose>
		<truncated>0</truncated>
		<difficult>0</difficult>
		<occluded>0</occluded>
		<bndbox>
			<xmin>202</xmin>
			<xmax>264</xmax>
			<ymin>212</ymin>
			<ymax>316</ymax>
		</bndbox>
	</object>
	<object>
		<name>motorbike</name>
		<pose>Unspecified</pose>
		<truncated>0</truncated>
		<difficult>0</difficult>
		<occluded>0</occluded>
		<bndbox>
			<xmin>263</xmin>
			<xmax>301</xmax>
			<ymin>281</ymin>
			<ymax>385</ymax>
		</bndbox>
	</object>
	<object>
		<name>auto</name>
		<pose>Unspecified</pose>
		<truncated>0</truncated>
		<difficult>0</difficult>
		<occluded>0</occluded>
		<bndbox>
			<xmin>318</xmin>
			<xmax>382</xmax>
			<ymin>280</ymin>
			<ymax>415</ymax>
		</bndbox>
	</object>
</annotation>
