<annotation>
	<folder></folder>
	<filename>frame_3195_jpg.rf.b2c2819716536f939599d91688e95115.jpg</filename>
	<path>frame_3195_jpg.rf.b2c2819716536f939599d91688e95115.jpg</path>
	<source>
		<database>roboflow.ai</database>
	</source>
	<size>
		<width>416</width>
		<height>416</height>
		<depth>3</depth>
	</size>
	<segmented>0</segmented>
	<object>
		<name>car</name>
		<pose>Unspecified</pose>
		<truncated>0</truncated>
		<difficult>0</difficult>
		<occluded>0</occluded>
		<bndbox>
			<xmin>145</xmin>
			<xmax>206</xmax>
			<ymin>175</ymin>
			<ymax>289</ymax>
		</bndbox>
	</object>
	<object>
		<name>motorbike</name>
		<pose>Unspecified</pose>
		<truncated>0</truncated>
		<difficult>0</difficult>
		<occluded>0</occluded>
		<bndbox>
			<xmin>96</xmin>
			<xmax>138</xmax>
			<ymin>213</ymin>
			<ymax>334</ymax>
		</bndbox>
	</object>
</annotation>
