<annotation>
	<folder></folder>
	<filename>frame_3135_jpg.rf.2d7da9f5dbef3f2d91ab8027537506a7.jpg</filename>
	<path>frame_3135_jpg.rf.2d7da9f5dbef3f2d91ab8027537506a7.jpg</path>
	<source>
		<database>roboflow.ai</database>
	</source>
	<size>
		<width>416</width>
		<height>416</height>
		<depth>3</depth>
	</size>
	<segmented>0</segmented>
	<object>
		<name>motorbike</name>
		<pose>Unspecified</pose>
		<truncated>0</truncated>
		<difficult>0</difficult>
		<occluded>0</occluded>
		<bndbox>
			<xmin>73</xmin>
			<xmax>110</xmax>
			<ymin>237</ymin>
			<ymax>340</ymax>
		</bndbox>
	</object>
	<object>
		<name>motorbike</name>
		<pose>Unspecified</pose>
		<truncated>0</truncated>
		<difficult>0</difficult>
		<occluded>0</occluded>
		<bndbox>
			<xmin>29</xmin>
			<xmax>69</xmax>
			<ymin>258</ymin>
			<ymax>363</ymax>
		</bndbox>
	</object>
</annotation>
