<annotation>
	<folder></folder>
	<filename>frame_3120_jpg.rf.7b20135c1c381e5f5019b8b9b798afae.jpg</filename>
	<path>frame_3120_jpg.rf.7b20135c1c381e5f5019b8b9b798afae.jpg</path>
	<source>
		<database>roboflow.ai</database>
	</source>
	<size>
		<width>416</width>
		<height>416</height>
		<depth>3</depth>
	</size>
	<segmented>0</segmented>
	<object>
		<name>auto</name>
		<pose>Unspecified</pose>
		<truncated>0</truncated>
		<difficult>0</difficult>
		<occluded>0</occluded>
		<bndbox>
			<xmin>315</xmin>
			<xmax>394</xmax>
			<ymin>283</ymin>
			<ymax>415</ymax>
		</bndbox>
	</object>
</annotation>
