<annotation>
	<folder></folder>
	<filename>frame_3162_jpg.rf.7fadd4cb721415e174dd7f87688d246a.jpg</filename>
	<path>frame_3162_jpg.rf.7fadd4cb721415e174dd7f87688d246a.jpg</path>
	<source>
		<database>roboflow.ai</database>
	</source>
	<size>
		<width>416</width>
		<height>416</height>
		<depth>3</depth>
	</size>
	<segmented>0</segmented>
	<object>
		<name>car</name>
		<pose>Unspecified</pose>
		<truncated>0</truncated>
		<difficult>0</difficult>
		<occluded>0</occluded>
		<bndbox>
			<xmin>230</xmin>
			<xmax>302</xmax>
			<ymin>253</ymin>
			<ymax>379</ymax>
		</bndbox>
	</object>
	<object>
		<name>bicycle</name>
		<pose>Unspecified</pose>
		<truncated>0</truncated>
		<difficult>0</difficult>
		<occluded>0</occluded>
		<bndbox>
			<xmin>333</xmin>
			<xmax>366</xmax>
			<ymin>213</ymin>
			<ymax>323</ymax>
		</bndbox>
	</object>
	<object>
		<name>bicycle</name>
		<pose>Unspecified</pose>
		<truncated>0</truncated>
		<difficult>0</difficult>
		<occluded>0</occluded>
		<bndbox>
			<xmin>321</xmin>
			<xmax>354</xmax>
			<ymin>236</ymin>
			<ymax>346</ymax>
		</bndbox>
	</object>
</annotation>
