<annotation>
	<folder></folder>
	<filename>frame_3108_jpg.rf.693f5fb1f139af535e6fb64aa0615b4b.jpg</filename>
	<path>frame_3108_jpg.rf.693f5fb1f139af535e6fb64aa0615b4b.jpg</path>
	<source>
		<database>roboflow.ai</database>
	</source>
	<size>
		<width>416</width>
		<height>416</height>
		<depth>3</depth>
	</size>
	<segmented>0</segmented>
	<object>
		<name>car</name>
		<pose>Unspecified</pose>
		<truncated>0</truncated>
		<difficult>0</difficult>
		<occluded>0</occluded>
		<bndbox>
			<xmin>112</xmin>
			<xmax>188</xmax>
			<ymin>269</ymin>
			<ymax>414</ymax>
		</bndbox>
	</object>
	<object>
		<name>motorbike</name>
		<pose>Unspecified</pose>
		<truncated>0</truncated>
		<difficult>0</difficult>
		<occluded>0</occluded>
		<bndbox>
			<xmin>106</xmin>
			<xmax>137</xmax>
			<ymin>223</ymin>
			<ymax>296</ymax>
		</bndbox>
	</object>
</annotation>
