<annotation>
	<folder></folder>
	<filename>frame_3144_jpg.rf.e1eb41e2cf17220e577623e984938671.jpg</filename>
	<path>frame_3144_jpg.rf.e1eb41e2cf17220e577623e984938671.jpg</path>
	<source>
		<database>roboflow.ai</database>
	</source>
	<size>
		<width>416</width>
		<height>416</height>
		<depth>3</depth>
	</size>
	<segmented>0</segmented>
	<object>
		<name>motorbike</name>
		<pose>Unspecified</pose>
		<truncated>0</truncated>
		<difficult>0</difficult>
		<occluded>0</occluded>
		<bndbox>
			<xmin>282</xmin>
			<xmax>325</xmax>
			<ymin>263</ymin>
			<ymax>395</ymax>
		</bndbox>
	</object>
	<object>
		<name>motorbike</name>
		<pose>Unspecified</pose>
		<truncated>0</truncated>
		<difficult>0</difficult>
		<occluded>0</occluded>
		<bndbox>
			<xmin>295</xmin>
			<xmax>332</xmax>
			<ymin>188</ymin>
			<ymax>303</ymax>
		</bndbox>
	</object>
</annotation>
