<annotation>
	<folder></folder>
	<filename>frame_3155_jpg.rf.6b6e750ff6f24b78f06412ec8c1cfb06.jpg</filename>
	<path>frame_3155_jpg.rf.6b6e750ff6f24b78f06412ec8c1cfb06.jpg</path>
	<source>
		<database>roboflow.ai</database>
	</source>
	<size>
		<width>416</width>
		<height>416</height>
		<depth>3</depth>
	</size>
	<segmented>0</segmented>
	<object>
		<name>motorbike</name>
		<pose>Unspecified</pose>
		<truncated>0</truncated>
		<difficult>0</difficult>
		<occluded>0</occluded>
		<bndbox>
			<xmin>258</xmin>
			<xmax>322</xmax>
			<ymin>297</ymin>
			<ymax>415</ymax>
		</bndbox>
	</object>
	<object>
		<name>motorbike</name>
		<pose>Unspecified</pose>
		<truncated>0</truncated>
		<difficult>0</difficult>
		<occluded>0</occluded>
		<bndbox>
			<xmin>211</xmin>
			<xmax>274</xmax>
			<ymin>210</ymin>
			<ymax>348</ymax>
		</bndbox>
	</object>
</annotation>
