<annotation>
	<folder></folder>
	<filename>frame_3192_jpg.rf.e14db6211d35f9037429ae80865c442d.jpg</filename>
	<path>frame_3192_jpg.rf.e14db6211d35f9037429ae80865c442d.jpg</path>
	<source>
		<database>roboflow.ai</database>
	</source>
	<size>
		<width>416</width>
		<height>416</height>
		<depth>3</depth>
	</size>
	<segmented>0</segmented>
	<object>
		<name>bicycle</name>
		<pose>Unspecified</pose>
		<truncated>0</truncated>
		<difficult>0</difficult>
		<occluded>0</occluded>
		<bndbox>
			<xmin>51</xmin>
			<xmax>68</xmax>
			<ymin>235</ymin>
			<ymax>333</ymax>
		</bndbox>
	</object>
</annotation>
