<annotation>
	<folder></folder>
	<filename>frame_3212_jpg.rf.2fe2b3272d8ce6b59a915d10329abb23.jpg</filename>
	<path>frame_3212_jpg.rf.2fe2b3272d8ce6b59a915d10329abb23.jpg</path>
	<source>
		<database>roboflow.ai</database>
	</source>
	<size>
		<width>416</width>
		<height>416</height>
		<depth>3</depth>
	</size>
	<segmented>0</segmented>
	<object>
		<name>car</name>
		<pose>Unspecified</pose>
		<truncated>0</truncated>
		<difficult>0</difficult>
		<occluded>0</occluded>
		<bndbox>
			<xmin>156</xmin>
			<xmax>260</xmax>
			<ymin>130</ymin>
			<ymax>245</ymax>
		</bndbox>
	</object>
</annotation>
