<annotation>
	<folder></folder>
	<filename>frame_3168_jpg.rf.bde63d3b84ffc890276016862101abdd.jpg</filename>
	<path>frame_3168_jpg.rf.bde63d3b84ffc890276016862101abdd.jpg</path>
	<source>
		<database>roboflow.ai</database>
	</source>
	<size>
		<width>416</width>
		<height>416</height>
		<depth>3</depth>
	</size>
	<segmented>0</segmented>
	<object>
		<name>auto</name>
		<pose>Unspecified</pose>
		<truncated>0</truncated>
		<difficult>0</difficult>
		<occluded>0</occluded>
		<bndbox>
			<xmin>246</xmin>
			<xmax>322</xmax>
			<ymin>202</ymin>
			<ymax>345</ymax>
		</bndbox>
	</object>
	<object>
		<name>bicycle</name>
		<pose>Unspecified</pose>
		<truncated>0</truncated>
		<difficult>0</difficult>
		<occluded>0</occluded>
		<bndbox>
			<xmin>317</xmin>
			<xmax>361</xmax>
			<ymin>226</ymin>
			<ymax>350</ymax>
		</bndbox>
	</object>
</annotation>
