<annotation>
	<folder></folder>
	<filename>frame_3121_jpg.rf.2e46ba53edec1b2fabd4bb04fcd087c9.jpg</filename>
	<path>frame_3121_jpg.rf.2e46ba53edec1b2fabd4bb04fcd087c9.jpg</path>
	<source>
		<database>roboflow.ai</database>
	</source>
	<size>
		<width>416</width>
		<height>416</height>
		<depth>3</depth>
	</size>
	<segmented>0</segmented>
	<object>
		<name>auto</name>
		<pose>Unspecified</pose>
		<truncated>0</truncated>
		<difficult>0</difficult>
		<occluded>0</occluded>
		<bndbox>
			<xmin>8</xmin>
			<xmax>94</xmax>
			<ymin>261</ymin>
			<ymax>385</ymax>
		</bndbox>
	</object>
</annotation>
