<annotation>
	<folder></folder>
	<filename>frame_3175_jpg.rf.b2574c2c307f2bc3ea3d6b3dc8352fa8.jpg</filename>
	<path>frame_3175_jpg.rf.b2574c2c307f2bc3ea3d6b3dc8352fa8.jpg</path>
	<source>
		<database>roboflow.ai</database>
	</source>
	<size>
		<width>416</width>
		<height>416</height>
		<depth>3</depth>
	</size>
	<segmented>0</segmented>
	<object>
		<name>motorbike</name>
		<pose>Unspecified</pose>
		<truncated>0</truncated>
		<difficult>0</difficult>
		<occluded>0</occluded>
		<bndbox>
			<xmin>201</xmin>
			<xmax>254</xmax>
			<ymin>270</ymin>
			<ymax>406</ymax>
		</bndbox>
	</object>
</annotation>
