<annotation>
	<folder></folder>
	<filename>frame_3197_jpg.rf.ba13ccb2de413f134d7a6094b9b4cbca.jpg</filename>
	<path>frame_3197_jpg.rf.ba13ccb2de413f134d7a6094b9b4cbca.jpg</path>
	<source>
		<database>roboflow.ai</database>
	</source>
	<size>
		<width>416</width>
		<height>416</height>
		<depth>3</depth>
	</size>
	<segmented>0</segmented>
	<object>
		<name>motorbike</name>
		<pose>Unspecified</pose>
		<truncated>0</truncated>
		<difficult>0</difficult>
		<occluded>0</occluded>
		<bndbox>
			<xmin>244</xmin>
			<xmax>298</xmax>
			<ymin>274</ymin>
			<ymax>414</ymax>
		</bndbox>
	</object>
</annotation>
