<annotation>
	<folder></folder>
	<filename>frame_3124_jpg.rf.e28f22ebbf4fb50026b748ad9c1b68a7.jpg</filename>
	<path>frame_3124_jpg.rf.e28f22ebbf4fb50026b748ad9c1b68a7.jpg</path>
	<source>
		<database>roboflow.ai</database>
	</source>
	<size>
		<width>416</width>
		<height>416</height>
		<depth>3</depth>
	</size>
	<segmented>0</segmented>
	<object>
		<name>auto</name>
		<pose>Unspecified</pose>
		<truncated>0</truncated>
		<difficult>0</difficult>
		<occluded>0</occluded>
		<bndbox>
			<xmin>342</xmin>
			<xmax>389</xmax>
			<ymin>232</ymin>
			<ymax>362</ymax>
		</bndbox>
	</object>
	<object>
		<name>motorbike</name>
		<pose>Unspecified</pose>
		<truncated>0</truncated>
		<difficult>0</difficult>
		<occluded>0</occluded>
		<bndbox>
			<xmin>274</xmin>
			<xmax>303</xmax>
			<ymin>232</ymin>
			<ymax>334</ymax>
		</bndbox>
	</object>
</annotation>
