<annotation>
	<folder></folder>
	<filename>frame_3141_jpg.rf.a20ae32cdb140a03d15067d9e5bec2fb.jpg</filename>
	<path>frame_3141_jpg.rf.a20ae32cdb140a03d15067d9e5bec2fb.jpg</path>
	<source>
		<database>roboflow.ai</database>
	</source>
	<size>
		<width>416</width>
		<height>416</height>
		<depth>3</depth>
	</size>
	<segmented>0</segmented>
	<object>
		<name>bicycle</name>
		<pose>Unspecified</pose>
		<truncated>0</truncated>
		<difficult>0</difficult>
		<occluded>0</occluded>
		<bndbox>
			<xmin>71</xmin>
			<xmax>127</xmax>
			<ymin>222</ymin>
			<ymax>348</ymax>
		</bndbox>
	</object>
</annotation>
