<annotation>
	<folder></folder>
	<filename>frame_3132_jpg.rf.61491738e08646cc3efd6e353b3a4920.jpg</filename>
	<path>frame_3132_jpg.rf.61491738e08646cc3efd6e353b3a4920.jpg</path>
	<source>
		<database>roboflow.ai</database>
	</source>
	<size>
		<width>416</width>
		<height>416</height>
		<depth>3</depth>
	</size>
	<segmented>0</segmented>
	<object>
		<name>motorbike</name>
		<pose>Unspecified</pose>
		<truncated>0</truncated>
		<difficult>0</difficult>
		<occluded>0</occluded>
		<bndbox>
			<xmin>295</xmin>
			<xmax>337</xmax>
			<ymin>241</ymin>
			<ymax>341</ymax>
		</bndbox>
	</object>
	<object>
		<name>auto</name>
		<pose>Unspecified</pose>
		<truncated>0</truncated>
		<difficult>0</difficult>
		<occluded>0</occluded>
		<bndbox>
			<xmin>352</xmin>
			<xmax>415</xmax>
			<ymin>263</ymin>
			<ymax>392</ymax>
		</bndbox>
	</object>
</annotation>
