<annotation>
	<folder></folder>
	<filename>frame_3157_jpg.rf.026840ab116d143f50935cd7444b2e62.jpg</filename>
	<path>frame_3157_jpg.rf.026840ab116d143f50935cd7444b2e62.jpg</path>
	<source>
		<database>roboflow.ai</database>
	</source>
	<size>
		<width>416</width>
		<height>416</height>
		<depth>3</depth>
	</size>
	<segmented>0</segmented>
	<object>
		<name>bicycle</name>
		<pose>Unspecified</pose>
		<truncated>0</truncated>
		<difficult>0</difficult>
		<occluded>0</occluded>
		<bndbox>
			<xmin>355</xmin>
			<xmax>410</xmax>
			<ymin>207</ymin>
			<ymax>338</ymax>
		</bndbox>
	</object>
</annotation>
