<annotation>
	<folder></folder>
	<filename>frame_3124_jpg.rf.02f033b4488613c7f737ccb7bf41923e.jpg</filename>
	<path>frame_3124_jpg.rf.02f033b4488613c7f737ccb7bf41923e.jpg</path>
	<source>
		<database>roboflow.ai</database>
	</source>
	<size>
		<width>416</width>
		<height>416</height>
		<depth>3</depth>
	</size>
	<segmented>0</segmented>
	<object>
		<name>auto</name>
		<pose>Unspecified</pose>
		<truncated>0</truncated>
		<difficult>0</difficult>
		<occluded>0</occluded>
		<bndbox>
			<xmin>353</xmin>
			<xmax>413</xmax>
			<ymin>245</ymin>
			<ymax>392</ymax>
		</bndbox>
	</object>
	<object>
		<name>motorbike</name>
		<pose>Unspecified</pose>
		<truncated>0</truncated>
		<difficult>0</difficult>
		<occluded>0</occluded>
		<bndbox>
			<xmin>284</xmin>
			<xmax>323</xmax>
			<ymin>238</ymin>
			<ymax>352</ymax>
		</bndbox>
	</object>
</annotation>
