<annotation>
	<folder></folder>
	<filename>frame_3194_jpg.rf.d419036bf983373e7ad12113d2b3f153.jpg</filename>
	<path>frame_3194_jpg.rf.d419036bf983373e7ad12113d2b3f153.jpg</path>
	<source>
		<database>roboflow.ai</database>
	</source>
	<size>
		<width>416</width>
		<height>416</height>
		<depth>3</depth>
	</size>
	<segmented>0</segmented>
	<object>
		<name>bicycle</name>
		<pose>Unspecified</pose>
		<truncated>0</truncated>
		<difficult>0</difficult>
		<occluded>0</occluded>
		<bndbox>
			<xmin>47</xmin>
			<xmax>106</xmax>
			<ymin>241</ymin>
			<ymax>372</ymax>
		</bndbox>
	</object>
</annotation>
