<annotation>
	<folder></folder>
	<filename>frame_3117_jpg.rf.14e53a6e0557e17409942e11fe5d492d.jpg</filename>
	<path>frame_3117_jpg.rf.14e53a6e0557e17409942e11fe5d492d.jpg</path>
	<source>
		<database>roboflow.ai</database>
	</source>
	<size>
		<width>416</width>
		<height>416</height>
		<depth>3</depth>
	</size>
	<segmented>0</segmented>
	<object>
		<name>auto</name>
		<pose>Unspecified</pose>
		<truncated>0</truncated>
		<difficult>0</difficult>
		<occluded>0</occluded>
		<bndbox>
			<xmin>28</xmin>
			<xmax>100</xmax>
			<ymin>219</ymin>
			<ymax>353</ymax>
		</bndbox>
	</object>
</annotation>
