<annotation>
	<folder></folder>
	<filename>frame_3125_jpg.rf.8316f0a8a3b199c5f53e0e487416aaaa.jpg</filename>
	<path>frame_3125_jpg.rf.8316f0a8a3b199c5f53e0e487416aaaa.jpg</path>
	<source>
		<database>roboflow.ai</database>
	</source>
	<size>
		<width>416</width>
		<height>416</height>
		<depth>3</depth>
	</size>
	<segmented>0</segmented>
	<object>
		<name>auto</name>
		<pose>Unspecified</pose>
		<truncated>0</truncated>
		<difficult>0</difficult>
		<occluded>0</occluded>
		<bndbox>
			<xmin>324</xmin>
			<xmax>399</xmax>
			<ymin>282</ymin>
			<ymax>415</ymax>
		</bndbox>
	</object>
	<object>
		<name>car</name>
		<pose>Unspecified</pose>
		<truncated>0</truncated>
		<difficult>0</difficult>
		<occluded>0</occluded>
		<bndbox>
			<xmin>216</xmin>
			<xmax>282</xmax>
			<ymin>182</ymin>
			<ymax>314</ymax>
		</bndbox>
	</object>
</annotation>
