<annotation>
	<folder></folder>
	<filename>frame_3212_jpg.rf.8d133c117def344a2c8c40e3f68edd3d.jpg</filename>
	<path>frame_3212_jpg.rf.8d133c117def344a2c8c40e3f68edd3d.jpg</path>
	<source>
		<database>roboflow.ai</database>
	</source>
	<size>
		<width>416</width>
		<height>416</height>
		<depth>3</depth>
	</size>
	<segmented>0</segmented>
	<object>
		<name>car</name>
		<pose>Unspecified</pose>
		<truncated>0</truncated>
		<difficult>0</difficult>
		<occluded>0</occluded>
		<bndbox>
			<xmin>168</xmin>
			<xmax>257</xmax>
			<ymin>133</ymin>
			<ymax>241</ymax>
		</bndbox>
	</object>
</annotation>
