<annotation>
	<folder></folder>
	<filename>frame_3194_jpg.rf.602472887e849cfbdb26d24eefa841ee.jpg</filename>
	<path>frame_3194_jpg.rf.602472887e849cfbdb26d24eefa841ee.jpg</path>
	<source>
		<database>roboflow.ai</database>
	</source>
	<size>
		<width>416</width>
		<height>416</height>
		<depth>3</depth>
	</size>
	<segmented>0</segmented>
	<object>
		<name>bicycle</name>
		<pose>Unspecified</pose>
		<truncated>0</truncated>
		<difficult>0</difficult>
		<occluded>0</occluded>
		<bndbox>
			<xmin>348</xmin>
			<xmax>405</xmax>
			<ymin>161</ymin>
			<ymax>293</ymax>
		</bndbox>
	</object>
</annotation>
