<annotation>
	<folder></folder>
	<filename>frame_3190_jpg.rf.9376ee2a2cbe95775acb5c2f147d9a33.jpg</filename>
	<path>frame_3190_jpg.rf.9376ee2a2cbe95775acb5c2f147d9a33.jpg</path>
	<source>
		<database>roboflow.ai</database>
	</source>
	<size>
		<width>416</width>
		<height>416</height>
		<depth>3</depth>
	</size>
	<segmented>0</segmented>
	<object>
		<name>bicycle</name>
		<pose>Unspecified</pose>
		<truncated>0</truncated>
		<difficult>0</difficult>
		<occluded>0</occluded>
		<bndbox>
			<xmin>335</xmin>
			<xmax>381</xmax>
			<ymin>290</ymin>
			<ymax>405</ymax>
		</bndbox>
	</object>
	<object>
		<name>bicycle</name>
		<pose>Unspecified</pose>
		<truncated>0</truncated>
		<difficult>0</difficult>
		<occluded>0</occluded>
		<bndbox>
			<xmin>287</xmin>
			<xmax>333</xmax>
			<ymin>196</ymin>
			<ymax>311</ymax>
		</bndbox>
	</object>
</annotation>
