<annotation>
	<folder></folder>
	<filename>frame_3188_jpg.rf.4b34c81bc85b049746aa40215f3a42a8.jpg</filename>
	<path>frame_3188_jpg.rf.4b34c81bc85b049746aa40215f3a42a8.jpg</path>
	<source>
		<database>roboflow.ai</database>
	</source>
	<size>
		<width>416</width>
		<height>416</height>
		<depth>3</depth>
	</size>
	<segmented>0</segmented>
	<object>
		<name>bicycle</name>
		<pose>Unspecified</pose>
		<truncated>0</truncated>
		<difficult>0</difficult>
		<occluded>0</occluded>
		<bndbox>
			<xmin>88</xmin>
			<xmax>115</xmax>
			<ymin>138</ymin>
			<ymax>241</ymax>
		</bndbox>
	</object>
	<object>
		<name>bicycle</name>
		<pose>Unspecified</pose>
		<truncated>0</truncated>
		<difficult>0</difficult>
		<occluded>0</occluded>
		<bndbox>
			<xmin>69</xmin>
			<xmax>96</xmax>
			<ymin>133</ymin>
			<ymax>236</ymax>
		</bndbox>
	</object>
</annotation>
