<annotation>
	<folder></folder>
	<filename>frame_3147_jpg.rf.835a209494ba81cbf307cbd28afde448.jpg</filename>
	<path>frame_3147_jpg.rf.835a209494ba81cbf307cbd28afde448.jpg</path>
	<source>
		<database>roboflow.ai</database>
	</source>
	<size>
		<width>416</width>
		<height>416</height>
		<depth>3</depth>
	</size>
	<segmented>0</segmented>
	<object>
		<name>bicycle</name>
		<pose>Unspecified</pose>
		<truncated>0</truncated>
		<difficult>0</difficult>
		<occluded>0</occluded>
		<bndbox>
			<xmin>310</xmin>
			<xmax>355</xmax>
			<ymin>221</ymin>
			<ymax>339</ymax>
		</bndbox>
	</object>
</annotation>
