<annotation>
	<folder></folder>
	<filename>frame_3107_jpg.rf.231d319c165daefa6ab6411e442de960.jpg</filename>
	<path>frame_3107_jpg.rf.231d319c165daefa6ab6411e442de960.jpg</path>
	<source>
		<database>roboflow.ai</database>
	</source>
	<size>
		<width>416</width>
		<height>416</height>
		<depth>3</depth>
	</size>
	<segmented>0</segmented>
	<object>
		<name>motorbike</name>
		<pose>Unspecified</pose>
		<truncated>0</truncated>
		<difficult>0</difficult>
		<occluded>0</occluded>
		<bndbox>
			<xmin>267</xmin>
			<xmax>300</xmax>
			<ymin>225</ymin>
			<ymax>355</ymax>
		</bndbox>
	</object>
	<object>
		<name>motorbike</name>
		<pose>Unspecified</pose>
		<truncated>0</truncated>
		<difficult>0</difficult>
		<occluded>0</occluded>
		<bndbox>
			<xmin>247</xmin>
			<xmax>280</xmax>
			<ymin>194</ymin>
			<ymax>324</ymax>
		</bndbox>
	</object>
	<object>
		<name>auto</name>
		<pose>Unspecified</pose>
		<truncated>0</truncated>
		<difficult>0</difficult>
		<occluded>0</occluded>
		<bndbox>
			<xmin>322</xmin>
			<xmax>371</xmax>
			<ymin>216</ymin>
			<ymax>355</ymax>
		</bndbox>
	</object>
</annotation>
