<annotation>
	<folder></folder>
	<filename>frame_3124_jpg.rf.af499fc960842b742c987f9316943afd.jpg</filename>
	<path>frame_3124_jpg.rf.af499fc960842b742c987f9316943afd.jpg</path>
	<source>
		<database>roboflow.ai</database>
	</source>
	<size>
		<width>416</width>
		<height>416</height>
		<depth>3</depth>
	</size>
	<segmented>0</segmented>
	<object>
		<name>auto</name>
		<pose>Unspecified</pose>
		<truncated>0</truncated>
		<difficult>0</difficult>
		<occluded>0</occluded>
		<bndbox>
			<xmin>7</xmin>
			<xmax>72</xmax>
			<ymin>205</ymin>
			<ymax>340</ymax>
		</bndbox>
	</object>
	<object>
		<name>motorbike</name>
		<pose>Unspecified</pose>
		<truncated>0</truncated>
		<difficult>0</difficult>
		<occluded>0</occluded>
		<bndbox>
			<xmin>98</xmin>
			<xmax>141</xmax>
			<ymin>219</ymin>
			<ymax>323</ymax>
		</bndbox>
	</object>
</annotation>
