<annotation>
	<folder></folder>
	<filename>frame_3148_jpg.rf.935b41c6a1f817f963783a4bfc64a84b.jpg</filename>
	<path>frame_3148_jpg.rf.935b41c6a1f817f963783a4bfc64a84b.jpg</path>
	<source>
		<database>roboflow.ai</database>
	</source>
	<size>
		<width>416</width>
		<height>416</height>
		<depth>3</depth>
	</size>
	<segmented>0</segmented>
	<object>
		<name>motorbike</name>
		<pose>Unspecified</pose>
		<truncated>0</truncated>
		<difficult>0</difficult>
		<occluded>0</occluded>
		<bndbox>
			<xmin>256</xmin>
			<xmax>297</xmax>
			<ymin>174</ymin>
			<ymax>269</ymax>
		</bndbox>
	</object>
	<object>
		<name>motorbike</name>
		<pose>Unspecified</pose>
		<truncated>0</truncated>
		<difficult>0</difficult>
		<occluded>0</occluded>
		<bndbox>
			<xmin>303</xmin>
			<xmax>344</xmax>
			<ymin>195</ymin>
			<ymax>290</ymax>
		</bndbox>
	</object>
</annotation>
