<annotation>
	<folder></folder>
	<filename>frame_3115_jpg.rf.4531ed6ec83b721ec0e897165b8bfa63.jpg</filename>
	<path>frame_3115_jpg.rf.4531ed6ec83b721ec0e897165b8bfa63.jpg</path>
	<source>
		<database>roboflow.ai</database>
	</source>
	<size>
		<width>416</width>
		<height>416</height>
		<depth>3</depth>
	</size>
	<segmented>0</segmented>
	<object>
		<name>auto</name>
		<pose>Unspecified</pose>
		<truncated>0</truncated>
		<difficult>0</difficult>
		<occluded>0</occluded>
		<bndbox>
			<xmin>60</xmin>
			<xmax>138</xmax>
			<ymin>245</ymin>
			<ymax>383</ymax>
		</bndbox>
	</object>
	<object>
		<name>auto</name>
		<pose>Unspecified</pose>
		<truncated>0</truncated>
		<difficult>0</difficult>
		<occluded>0</occluded>
		<bndbox>
			<xmin>86</xmin>
			<xmax>164</xmax>
			<ymin>178</ymin>
			<ymax>316</ymax>
		</bndbox>
	</object>
	<object>
		<name>motorbike</name>
		<pose>Unspecified</pose>
		<truncated>0</truncated>
		<difficult>0</difficult>
		<occluded>0</occluded>
		<bndbox>
			<xmin>164</xmin>
			<xmax>218</xmax>
			<ymin>282</ymin>
			<ymax>401</ymax>
		</bndbox>
	</object>
	<object>
		<name>motorbike</name>
		<pose>Unspecified</pose>
		<truncated>0</truncated>
		<difficult>0</difficult>
		<occluded>0</occluded>
		<bndbox>
			<xmin>222</xmin>
			<xmax>276</xmax>
			<ymin>284</ymin>
			<ymax>403</ymax>
		</bndbox>
	</object>
</annotation>
