<annotation>
	<folder></folder>
	<filename>frame_3125_jpg.rf.6d0cff9112773d287a98512247e33b61.jpg</filename>
	<path>frame_3125_jpg.rf.6d0cff9112773d287a98512247e33b61.jpg</path>
	<source>
		<database>roboflow.ai</database>
	</source>
	<size>
		<width>416</width>
		<height>416</height>
		<depth>3</depth>
	</size>
	<segmented>0</segmented>
	<object>
		<name>auto</name>
		<pose>Unspecified</pose>
		<truncated>0</truncated>
		<difficult>0</difficult>
		<occluded>0</occluded>
		<bndbox>
			<xmin>0</xmin>
			<xmax>64</xmax>
			<ymin>220</ymin>
			<ymax>353</ymax>
		</bndbox>
	</object>
	<object>
		<name>car</name>
		<pose>Unspecified</pose>
		<truncated>0</truncated>
		<difficult>0</difficult>
		<occluded>0</occluded>
		<bndbox>
			<xmin>119</xmin>
			<xmax>196</xmax>
			<ymin>171</ymin>
			<ymax>286</ymax>
		</bndbox>
	</object>
</annotation>
