<annotation>
	<folder></folder>
	<filename>frame_3200_jpg.rf.46281927b653809d7f32f3628055b0f4.jpg</filename>
	<path>frame_3200_jpg.rf.46281927b653809d7f32f3628055b0f4.jpg</path>
	<source>
		<database>roboflow.ai</database>
	</source>
	<size>
		<width>416</width>
		<height>416</height>
		<depth>3</depth>
	</size>
	<segmented>0</segmented>
	<object>
		<name>car</name>
		<pose>Unspecified</pose>
		<truncated>0</truncated>
		<difficult>0</difficult>
		<occluded>0</occluded>
		<bndbox>
			<xmin>241</xmin>
			<xmax>333</xmax>
			<ymin>216</ymin>
			<ymax>348</ymax>
		</bndbox>
	</object>
	<object>
		<name>motorbike</name>
		<pose>Unspecified</pose>
		<truncated>0</truncated>
		<difficult>0</difficult>
		<occluded>0</occluded>
		<bndbox>
			<xmin>199</xmin>
			<xmax>252</xmax>
			<ymin>207</ymin>
			<ymax>311</ymax>
		</bndbox>
	</object>
</annotation>
