<annotation>
	<folder></folder>
	<filename>frame_3109_jpg.rf.83d77531fee41828b0c98ab2fc908472.jpg</filename>
	<path>frame_3109_jpg.rf.83d77531fee41828b0c98ab2fc908472.jpg</path>
	<source>
		<database>roboflow.ai</database>
	</source>
	<size>
		<width>416</width>
		<height>416</height>
		<depth>3</depth>
	</size>
	<segmented>0</segmented>
	<object>
		<name>motorbike</name>
		<pose>Unspecified</pose>
		<truncated>0</truncated>
		<difficult>0</difficult>
		<occluded>0</occluded>
		<bndbox>
			<xmin>249</xmin>
			<xmax>295</xmax>
			<ymin>261</ymin>
			<ymax>387</ymax>
		</bndbox>
	</object>
	<object>
		<name>auto</name>
		<pose>Unspecified</pose>
		<truncated>0</truncated>
		<difficult>0</difficult>
		<occluded>0</occluded>
		<bndbox>
			<xmin>320</xmin>
			<xmax>371</xmax>
			<ymin>225</ymin>
			<ymax>353</ymax>
		</bndbox>
	</object>
</annotation>
