<annotation>
	<folder></folder>
	<filename>frame_3108_jpg.rf.5436961471a9bc954c73f784c12d3f28.jpg</filename>
	<path>frame_3108_jpg.rf.5436961471a9bc954c73f784c12d3f28.jpg</path>
	<source>
		<database>roboflow.ai</database>
	</source>
	<size>
		<width>416</width>
		<height>416</height>
		<depth>3</depth>
	</size>
	<segmented>0</segmented>
	<object>
		<name>car</name>
		<pose>Unspecified</pose>
		<truncated>0</truncated>
		<difficult>0</difficult>
		<occluded>0</occluded>
		<bndbox>
			<xmin>139</xmin>
			<xmax>204</xmax>
			<ymin>249</ymin>
			<ymax>409</ymax>
		</bndbox>
	</object>
	<object>
		<name>motorbike</name>
		<pose>Unspecified</pose>
		<truncated>0</truncated>
		<difficult>0</difficult>
		<occluded>0</occluded>
		<bndbox>
			<xmin>117</xmin>
			<xmax>144</xmax>
			<ymin>197</ymin>
			<ymax>277</ymax>
		</bndbox>
	</object>
</annotation>
