<annotation>
	<folder></folder>
	<filename>frame_3174_jpg.rf.f6ff813556ce4d36c1d020be70d941b3.jpg</filename>
	<path>frame_3174_jpg.rf.f6ff813556ce4d36c1d020be70d941b3.jpg</path>
	<source>
		<database>roboflow.ai</database>
	</source>
	<size>
		<width>416</width>
		<height>416</height>
		<depth>3</depth>
	</size>
	<segmented>0</segmented>
	<object>
		<name>bicycle</name>
		<pose>Unspecified</pose>
		<truncated>0</truncated>
		<difficult>0</difficult>
		<occluded>0</occluded>
		<bndbox>
			<xmin>294</xmin>
			<xmax>348</xmax>
			<ymin>205</ymin>
			<ymax>319</ymax>
		</bndbox>
	</object>
</annotation>
