<annotation>
	<folder></folder>
	<filename>frame_3200_jpg.rf.f5c6fefeca6cb9aaa24e4d37e0422368.jpg</filename>
	<path>frame_3200_jpg.rf.f5c6fefeca6cb9aaa24e4d37e0422368.jpg</path>
	<source>
		<database>roboflow.ai</database>
	</source>
	<size>
		<width>416</width>
		<height>416</height>
		<depth>3</depth>
	</size>
	<segmented>0</segmented>
	<object>
		<name>car</name>
		<pose>Unspecified</pose>
		<truncated>0</truncated>
		<difficult>0</difficult>
		<occluded>0</occluded>
		<bndbox>
			<xmin>253</xmin>
			<xmax>347</xmax>
			<ymin>228</ymin>
			<ymax>365</ymax>
		</bndbox>
	</object>
	<object>
		<name>motorbike</name>
		<pose>Unspecified</pose>
		<truncated>0</truncated>
		<difficult>0</difficult>
		<occluded>0</occluded>
		<bndbox>
			<xmin>207</xmin>
			<xmax>263</xmax>
			<ymin>209</ymin>
			<ymax>317</ymax>
		</bndbox>
	</object>
</annotation>
