<annotation>
	<folder></folder>
	<filename>frame_3131_jpg.rf.2ab30c0ae24e0d7a3d6027898f88d9ab.jpg</filename>
	<path>frame_3131_jpg.rf.2ab30c0ae24e0d7a3d6027898f88d9ab.jpg</path>
	<source>
		<database>roboflow.ai</database>
	</source>
	<size>
		<width>416</width>
		<height>416</height>
		<depth>3</depth>
	</size>
	<segmented>0</segmented>
	<object>
		<name>car</name>
		<pose>Unspecified</pose>
		<truncated>0</truncated>
		<difficult>0</difficult>
		<occluded>0</occluded>
		<bndbox>
			<xmin>207</xmin>
			<xmax>283</xmax>
			<ymin>200</ymin>
			<ymax>295</ymax>
		</bndbox>
	</object>
	<object>
		<name>motorbike</name>
		<pose>Unspecified</pose>
		<truncated>0</truncated>
		<difficult>0</difficult>
		<occluded>0</occluded>
		<bndbox>
			<xmin>285</xmin>
			<xmax>334</xmax>
			<ymin>240</ymin>
			<ymax>334</ymax>
		</bndbox>
	</object>
	<object>
		<name>auto</name>
		<pose>Unspecified</pose>
		<truncated>0</truncated>
		<difficult>0</difficult>
		<occluded>0</occluded>
		<bndbox>
			<xmin>338</xmin>
			<xmax>411</xmax>
			<ymin>206</ymin>
			<ymax>331</ymax>
		</bndbox>
	</object>
</annotation>
