<annotation>
	<folder></folder>
	<filename>frame_3108_jpg.rf.ef08c4425825750fd840121d07fbd1c3.jpg</filename>
	<path>frame_3108_jpg.rf.ef08c4425825750fd840121d07fbd1c3.jpg</path>
	<source>
		<database>roboflow.ai</database>
	</source>
	<size>
		<width>416</width>
		<height>416</height>
		<depth>3</depth>
	</size>
	<segmented>0</segmented>
	<object>
		<name>car</name>
		<pose>Unspecified</pose>
		<truncated>0</truncated>
		<difficult>0</difficult>
		<occluded>0</occluded>
		<bndbox>
			<xmin>205</xmin>
			<xmax>271</xmax>
			<ymin>263</ymin>
			<ymax>415</ymax>
		</bndbox>
	</object>
	<object>
		<name>motorbike</name>
		<pose>Unspecified</pose>
		<truncated>0</truncated>
		<difficult>0</difficult>
		<occluded>0</occluded>
		<bndbox>
			<xmin>270</xmin>
			<xmax>297</xmax>
			<ymin>229</ymin>
			<ymax>309</ymax>
		</bndbox>
	</object>
</annotation>
