<annotation>
	<folder></folder>
	<filename>frame_3128_jpg.rf.100d3420f09bfedfe6400a00f3472168.jpg</filename>
	<path>frame_3128_jpg.rf.100d3420f09bfedfe6400a00f3472168.jpg</path>
	<source>
		<database>roboflow.ai</database>
	</source>
	<size>
		<width>416</width>
		<height>416</height>
		<depth>3</depth>
	</size>
	<segmented>0</segmented>
	<object>
		<name>auto</name>
		<pose>Unspecified</pose>
		<truncated>0</truncated>
		<difficult>0</difficult>
		<occluded>0</occluded>
		<bndbox>
			<xmin>30</xmin>
			<xmax>93</xmax>
			<ymin>279</ymin>
			<ymax>403</ymax>
		</bndbox>
	</object>
	<object>
		<name>car</name>
		<pose>Unspecified</pose>
		<truncated>0</truncated>
		<difficult>0</difficult>
		<occluded>0</occluded>
		<bndbox>
			<xmin>137</xmin>
			<xmax>214</xmax>
			<ymin>231</ymin>
			<ymax>365</ymax>
		</bndbox>
	</object>
</annotation>
