<annotation>
	<folder></folder>
	<filename>frame_3189_jpg.rf.e5a532faa0602e3ac3e66601a1f71b59.jpg</filename>
	<path>frame_3189_jpg.rf.e5a532faa0602e3ac3e66601a1f71b59.jpg</path>
	<source>
		<database>roboflow.ai</database>
	</source>
	<size>
		<width>416</width>
		<height>416</height>
		<depth>3</depth>
	</size>
	<segmented>0</segmented>
	<object>
		<name>bicycle</name>
		<pose>Unspecified</pose>
		<truncated>0</truncated>
		<difficult>0</difficult>
		<occluded>0</occluded>
		<bndbox>
			<xmin>94</xmin>
			<xmax>146</xmax>
			<ymin>255</ymin>
			<ymax>398</ymax>
		</bndbox>
	</object>
	<object>
		<name>bicycle</name>
		<pose>Unspecified</pose>
		<truncated>0</truncated>
		<difficult>0</difficult>
		<occluded>0</occluded>
		<bndbox>
			<xmin>44</xmin>
			<xmax>96</xmax>
			<ymin>249</ymin>
			<ymax>392</ymax>
		</bndbox>
	</object>
	<object>
		<name>bicycle</name>
		<pose>Unspecified</pose>
		<truncated>0</truncated>
		<difficult>0</difficult>
		<occluded>0</occluded>
		<bndbox>
			<xmin>67</xmin>
			<xmax>104</xmax>
			<ymin>148</ymin>
			<ymax>255</ymax>
		</bndbox>
	</object>
</annotation>
