<annotation>
	<folder></folder>
	<filename>frame_3121_jpg.rf.9ce5711a8604dd8d7b5b55a5d1bcd4c7.jpg</filename>
	<path>frame_3121_jpg.rf.9ce5711a8604dd8d7b5b55a5d1bcd4c7.jpg</path>
	<source>
		<database>roboflow.ai</database>
	</source>
	<size>
		<width>416</width>
		<height>416</height>
		<depth>3</depth>
	</size>
	<segmented>0</segmented>
	<object>
		<name>auto</name>
		<pose>Unspecified</pose>
		<truncated>0</truncated>
		<difficult>0</difficult>
		<occluded>0</occluded>
		<bndbox>
			<xmin>322</xmin>
			<xmax>406</xmax>
			<ymin>266</ymin>
			<ymax>398</ymax>
		</bndbox>
	</object>
</annotation>
