<annotation>
	<folder></folder>
	<filename>frame_3105_jpg.rf.081ffa98247425b4f59cf071f0a109a0.jpg</filename>
	<path>frame_3105_jpg.rf.081ffa98247425b4f59cf071f0a109a0.jpg</path>
	<source>
		<database>roboflow.ai</database>
	</source>
	<size>
		<width>416</width>
		<height>416</height>
		<depth>3</depth>
	</size>
	<segmented>0</segmented>
	<object>
		<name>auto</name>
		<pose>Unspecified</pose>
		<truncated>0</truncated>
		<difficult>0</difficult>
		<occluded>0</occluded>
		<bndbox>
			<xmin>0</xmin>
			<xmax>64</xmax>
			<ymin>247</ymin>
			<ymax>388</ymax>
		</bndbox>
	</object>
</annotation>
