<annotation>
	<folder></folder>
	<filename>frame_3147_jpg.rf.34f726693f9d01310c63affa2f912c71.jpg</filename>
	<path>frame_3147_jpg.rf.34f726693f9d01310c63affa2f912c71.jpg</path>
	<source>
		<database>roboflow.ai</database>
	</source>
	<size>
		<width>416</width>
		<height>416</height>
		<depth>3</depth>
	</size>
	<segmented>0</segmented>
	<object>
		<name>bicycle</name>
		<pose>Unspecified</pose>
		<truncated>0</truncated>
		<difficult>0</difficult>
		<occluded>0</occluded>
		<bndbox>
			<xmin>40</xmin>
			<xmax>108</xmax>
			<ymin>250</ymin>
			<ymax>376</ymax>
		</bndbox>
	</object>
</annotation>
