<annotation>
	<folder></folder>
	<filename>frame_3168_jpg.rf.58d14bb95fddde956cbe577e0709ab5d.jpg</filename>
	<path>frame_3168_jpg.rf.58d14bb95fddde956cbe577e0709ab5d.jpg</path>
	<source>
		<database>roboflow.ai</database>
	</source>
	<size>
		<width>416</width>
		<height>416</height>
		<depth>3</depth>
	</size>
	<segmented>0</segmented>
	<object>
		<name>auto</name>
		<pose>Unspecified</pose>
		<truncated>0</truncated>
		<difficult>0</difficult>
		<occluded>0</occluded>
		<bndbox>
			<xmin>239</xmin>
			<xmax>327</xmax>
			<ymin>204</ymin>
			<ymax>326</ymax>
		</bndbox>
	</object>
	<object>
		<name>bicycle</name>
		<pose>Unspecified</pose>
		<truncated>0</truncated>
		<difficult>0</difficult>
		<occluded>0</occluded>
		<bndbox>
			<xmin>310</xmin>
			<xmax>366</xmax>
			<ymin>221</ymin>
			<ymax>325</ymax>
		</bndbox>
	</object>
</annotation>
