<annotation>
	<folder></folder>
	<filename>frame_3166_jpg.rf.50c4742ac8d1de19b6d2482c35d79ddc.jpg</filename>
	<path>frame_3166_jpg.rf.50c4742ac8d1de19b6d2482c35d79ddc.jpg</path>
	<source>
		<database>roboflow.ai</database>
	</source>
	<size>
		<width>416</width>
		<height>416</height>
		<depth>3</depth>
	</size>
	<segmented>0</segmented>
	<object>
		<name>motorbike</name>
		<pose>Unspecified</pose>
		<truncated>0</truncated>
		<difficult>0</difficult>
		<occluded>0</occluded>
		<bndbox>
			<xmin>77</xmin>
			<xmax>105</xmax>
			<ymin>271</ymin>
			<ymax>370</ymax>
		</bndbox>
	</object>
	<object>
		<name>auto</name>
		<pose>Unspecified</pose>
		<truncated>0</truncated>
		<difficult>0</difficult>
		<occluded>0</occluded>
		<bndbox>
			<xmin>100</xmin>
			<xmax>148</xmax>
			<ymin>190</ymin>
			<ymax>295</ymax>
		</bndbox>
	</object>
</annotation>
