<annotation>
	<folder></folder>
	<filename>frame_3190_jpg.rf.bf6c20ea89e45d271fbda0cb4169f900.jpg</filename>
	<path>frame_3190_jpg.rf.bf6c20ea89e45d271fbda0cb4169f900.jpg</path>
	<source>
		<database>roboflow.ai</database>
	</source>
	<size>
		<width>416</width>
		<height>416</height>
		<depth>3</depth>
	</size>
	<segmented>0</segmented>
	<object>
		<name>bicycle</name>
		<pose>Unspecified</pose>
		<truncated>0</truncated>
		<difficult>0</difficult>
		<occluded>0</occluded>
		<bndbox>
			<xmin>358</xmin>
			<xmax>405</xmax>
			<ymin>186</ymin>
			<ymax>307</ymax>
		</bndbox>
	</object>
	<object>
		<name>bicycle</name>
		<pose>Unspecified</pose>
		<truncated>0</truncated>
		<difficult>0</difficult>
		<occluded>0</occluded>
		<bndbox>
			<xmin>290</xmin>
			<xmax>337</xmax>
			<ymin>128</ymin>
			<ymax>249</ymax>
		</bndbox>
	</object>
</annotation>
