<annotation>
	<folder></folder>
	<filename>frame_3158_jpg.rf.b427efb9745c38e8b3d4495c45215800.jpg</filename>
	<path>frame_3158_jpg.rf.b427efb9745c38e8b3d4495c45215800.jpg</path>
	<source>
		<database>roboflow.ai</database>
	</source>
	<size>
		<width>416</width>
		<height>416</height>
		<depth>3</depth>
	</size>
	<segmented>0</segmented>
	<object>
		<name>motorbike</name>
		<pose>Unspecified</pose>
		<truncated>0</truncated>
		<difficult>0</difficult>
		<occluded>0</occluded>
		<bndbox>
			<xmin>111</xmin>
			<xmax>144</xmax>
			<ymin>267</ymin>
			<ymax>375</ymax>
		</bndbox>
	</object>
	<object>
		<name>motorbike</name>
		<pose>Unspecified</pose>
		<truncated>0</truncated>
		<difficult>0</difficult>
		<occluded>0</occluded>
		<bndbox>
			<xmin>101</xmin>
			<xmax>134</xmax>
			<ymin>217</ymin>
			<ymax>325</ymax>
		</bndbox>
	</object>
</annotation>
