<annotation>
	<folder></folder>
	<filename>frame_3142_jpg.rf.bfa66ad7c93a4437119af24cec494613.jpg</filename>
	<path>frame_3142_jpg.rf.bfa66ad7c93a4437119af24cec494613.jpg</path>
	<source>
		<database>roboflow.ai</database>
	</source>
	<size>
		<width>416</width>
		<height>416</height>
		<depth>3</depth>
	</size>
	<segmented>0</segmented>
	<object>
		<name>car</name>
		<pose>Unspecified</pose>
		<truncated>0</truncated>
		<difficult>0</difficult>
		<occluded>0</occluded>
		<bndbox>
			<xmin>257</xmin>
			<xmax>348</xmax>
			<ymin>234</ymin>
			<ymax>395</ymax>
		</bndbox>
	</object>
</annotation>
