<annotation>
	<folder></folder>
	<filename>frame_3191_jpg.rf.3256f04b5705ebf73933b1b2ff74bb3b.jpg</filename>
	<path>frame_3191_jpg.rf.3256f04b5705ebf73933b1b2ff74bb3b.jpg</path>
	<source>
		<database>roboflow.ai</database>
	</source>
	<size>
		<width>416</width>
		<height>416</height>
		<depth>3</depth>
	</size>
	<segmented>0</segmented>
	<object>
		<name>bicycle</name>
		<pose>Unspecified</pose>
		<truncated>0</truncated>
		<difficult>0</difficult>
		<occluded>0</occluded>
		<bndbox>
			<xmin>29</xmin>
			<xmax>75</xmax>
			<ymin>230</ymin>
			<ymax>332</ymax>
		</bndbox>
	</object>
</annotation>
