<annotation>
	<folder></folder>
	<filename>frame_3146_jpg.rf.a08f6336f80f3b9da001a5807bb81c05.jpg</filename>
	<path>frame_3146_jpg.rf.a08f6336f80f3b9da001a5807bb81c05.jpg</path>
	<source>
		<database>roboflow.ai</database>
	</source>
	<size>
		<width>416</width>
		<height>416</height>
		<depth>3</depth>
	</size>
	<segmented>0</segmented>
	<object>
		<name>auto</name>
		<pose>Unspecified</pose>
		<truncated>0</truncated>
		<difficult>0</difficult>
		<occluded>0</occluded>
		<bndbox>
			<xmin>270</xmin>
			<xmax>370</xmax>
			<ymin>222</ymin>
			<ymax>390</ymax>
		</bndbox>
	</object>
	<object>
		<name>bicycle</name>
		<pose>Unspecified</pose>
		<truncated>0</truncated>
		<difficult>0</difficult>
		<occluded>0</occluded>
		<bndbox>
			<xmin>361</xmin>
			<xmax>404</xmax>
			<ymin>234</ymin>
			<ymax>360</ymax>
		</bndbox>
	</object>
	<object>
		<name>motorbike</name>
		<pose>Unspecified</pose>
		<truncated>0</truncated>
		<difficult>0</difficult>
		<occluded>0</occluded>
		<bndbox>
			<xmin>220</xmin>
			<xmax>273</xmax>
			<ymin>293</ymin>
			<ymax>407</ymax>
		</bndbox>
	</object>
</annotation>
