<annotation>
	<folder></folder>
	<filename>frame_3122_jpg.rf.5182e745fd242db1f58dc97aadac11a7.jpg</filename>
	<path>frame_3122_jpg.rf.5182e745fd242db1f58dc97aadac11a7.jpg</path>
	<source>
		<database>roboflow.ai</database>
	</source>
	<size>
		<width>416</width>
		<height>416</height>
		<depth>3</depth>
	</size>
	<segmented>0</segmented>
	<object>
		<name>auto</name>
		<pose>Unspecified</pose>
		<truncated>0</truncated>
		<difficult>0</difficult>
		<occluded>0</occluded>
		<bndbox>
			<xmin>0</xmin>
			<xmax>61</xmax>
			<ymin>236</ymin>
			<ymax>383</ymax>
		</bndbox>
	</object>
</annotation>
