<annotation>
	<folder></folder>
	<filename>frame_3144_jpg.rf.c0e32343dc45798a227eec9da5c52a8d.jpg</filename>
	<path>frame_3144_jpg.rf.c0e32343dc45798a227eec9da5c52a8d.jpg</path>
	<source>
		<database>roboflow.ai</database>
	</source>
	<size>
		<width>416</width>
		<height>416</height>
		<depth>3</depth>
	</size>
	<segmented>0</segmented>
	<object>
		<name>motorbike</name>
		<pose>Unspecified</pose>
		<truncated>0</truncated>
		<difficult>0</difficult>
		<occluded>0</occluded>
		<bndbox>
			<xmin>66</xmin>
			<xmax>116</xmax>
			<ymin>308</ymin>
			<ymax>415</ymax>
		</bndbox>
	</object>
	<object>
		<name>motorbike</name>
		<pose>Unspecified</pose>
		<truncated>0</truncated>
		<difficult>0</difficult>
		<occluded>0</occluded>
		<bndbox>
			<xmin>72</xmin>
			<xmax>112</xmax>
			<ymin>238</ymin>
			<ymax>345</ymax>
		</bndbox>
	</object>
</annotation>
