<annotation>
	<folder></folder>
	<filename>frame_3184_jpg.rf.18b702b3b85587ee2ee5f1bd2669d46f.jpg</filename>
	<path>frame_3184_jpg.rf.18b702b3b85587ee2ee5f1bd2669d46f.jpg</path>
	<source>
		<database>roboflow.ai</database>
	</source>
	<size>
		<width>416</width>
		<height>416</height>
		<depth>3</depth>
	</size>
	<segmented>0</segmented>
	<object>
		<name>motorbike</name>
		<pose>Unspecified</pose>
		<truncated>0</truncated>
		<difficult>0</difficult>
		<occluded>0</occluded>
		<bndbox>
			<xmin>318</xmin>
			<xmax>367</xmax>
			<ymin>264</ymin>
			<ymax>371</ymax>
		</bndbox>
	</object>
</annotation>
