<annotation>
	<folder></folder>
	<filename>frame_3183_jpg.rf.14c68670bf929b3b1ebf0df02683f3ff.jpg</filename>
	<path>frame_3183_jpg.rf.14c68670bf929b3b1ebf0df02683f3ff.jpg</path>
	<source>
		<database>roboflow.ai</database>
	</source>
	<size>
		<width>416</width>
		<height>416</height>
		<depth>3</depth>
	</size>
	<segmented>0</segmented>
	<object>
		<name>motorbike</name>
		<pose>Unspecified</pose>
		<truncated>0</truncated>
		<difficult>0</difficult>
		<occluded>0</occluded>
		<bndbox>
			<xmin>271</xmin>
			<xmax>328</xmax>
			<ymin>260</ymin>
			<ymax>396</ymax>
		</bndbox>
	</object>
	<object>
		<name>bicycle</name>
		<pose>Unspecified</pose>
		<truncated>0</truncated>
		<difficult>0</difficult>
		<occluded>0</occluded>
		<bndbox>
			<xmin>351</xmin>
			<xmax>379</xmax>
			<ymin>268</ymin>
			<ymax>416</ymax>
		</bndbox>
	</object>
</annotation>
