<annotation>
	<folder></folder>
	<filename>frame_3116_jpg.rf.d73807145fd2f859e2af4a4e82c9d6cd.jpg</filename>
	<path>frame_3116_jpg.rf.d73807145fd2f859e2af4a4e82c9d6cd.jpg</path>
	<source>
		<database>roboflow.ai</database>
	</source>
	<size>
		<width>416</width>
		<height>416</height>
		<depth>3</depth>
	</size>
	<segmented>0</segmented>
	<object>
		<name>auto</name>
		<pose>Unspecified</pose>
		<truncated>0</truncated>
		<difficult>0</difficult>
		<occluded>0</occluded>
		<bndbox>
			<xmin>25</xmin>
			<xmax>105</xmax>
			<ymin>191</ymin>
			<ymax>343</ymax>
		</bndbox>
	</object>
</annotation>
