<annotation>
	<folder></folder>
	<filename>frame_3104_jpg.rf.5deedd9d6b5ff941a4d93610c1bda6e2.jpg</filename>
	<path>frame_3104_jpg.rf.5deedd9d6b5ff941a4d93610c1bda6e2.jpg</path>
	<source>
		<database>roboflow.ai</database>
	</source>
	<size>
		<width>416</width>
		<height>416</height>
		<depth>3</depth>
	</size>
	<segmented>0</segmented>
	<object>
		<name>auto</name>
		<pose>Unspecified</pose>
		<truncated>0</truncated>
		<difficult>0</difficult>
		<occluded>0</occluded>
		<bndbox>
			<xmin>3</xmin>
			<xmax>92</xmax>
			<ymin>182</ymin>
			<ymax>331</ymax>
		</bndbox>
	</object>
</annotation>
