<annotation>
	<folder></folder>
	<filename>frame_3145_jpg.rf.e6ec1e9b1522d52219db68664650f225.jpg</filename>
	<path>frame_3145_jpg.rf.e6ec1e9b1522d52219db68664650f225.jpg</path>
	<source>
		<database>roboflow.ai</database>
	</source>
	<size>
		<width>416</width>
		<height>416</height>
		<depth>3</depth>
	</size>
	<segmented>0</segmented>
	<object>
		<name>bicycle</name>
		<pose>Unspecified</pose>
		<truncated>0</truncated>
		<difficult>0</difficult>
		<occluded>0</occluded>
		<bndbox>
			<xmin>310</xmin>
			<xmax>359</xmax>
			<ymin>235</ymin>
			<ymax>361</ymax>
		</bndbox>
	</object>
	<object>
		<name>bicycle</name>
		<pose>Unspecified</pose>
		<truncated>0</truncated>
		<difficult>0</difficult>
		<occluded>0</occluded>
		<bndbox>
			<xmin>336</xmin>
			<xmax>385</xmax>
			<ymin>212</ymin>
			<ymax>338</ymax>
		</bndbox>
	</object>
	<object>
		<name>motorbike</name>
		<pose>Unspecified</pose>
		<truncated>0</truncated>
		<difficult>0</difficult>
		<occluded>0</occluded>
		<bndbox>
			<xmin>266</xmin>
			<xmax>310</xmax>
			<ymin>196</ymin>
			<ymax>282</ymax>
		</bndbox>
	</object>
</annotation>
