<annotation>
	<folder></folder>
	<filename>frame_3123_jpg.rf.57ddf9eb02bd8663bfcd2d50f5b080b0.jpg</filename>
	<path>frame_3123_jpg.rf.57ddf9eb02bd8663bfcd2d50f5b080b0.jpg</path>
	<source>
		<database>roboflow.ai</database>
	</source>
	<size>
		<width>416</width>
		<height>416</height>
		<depth>3</depth>
	</size>
	<segmented>0</segmented>
	<object>
		<name>auto</name>
		<pose>Unspecified</pose>
		<truncated>0</truncated>
		<difficult>0</difficult>
		<occluded>0</occluded>
		<bndbox>
			<xmin>355</xmin>
			<xmax>415</xmax>
			<ymin>248</ymin>
			<ymax>404</ymax>
		</bndbox>
	</object>
</annotation>
