<annotation>
	<folder></folder>
	<filename>frame_3183_jpg.rf.62a0d2feabd72ce888c5a95b5b78d3ed.jpg</filename>
	<path>frame_3183_jpg.rf.62a0d2feabd72ce888c5a95b5b78d3ed.jpg</path>
	<source>
		<database>roboflow.ai</database>
	</source>
	<size>
		<width>416</width>
		<height>416</height>
		<depth>3</depth>
	</size>
	<segmented>0</segmented>
	<object>
		<name>motorbike</name>
		<pose>Unspecified</pose>
		<truncated>0</truncated>
		<difficult>0</difficult>
		<occluded>0</occluded>
		<bndbox>
			<xmin>77</xmin>
			<xmax>136</xmax>
			<ymin>243</ymin>
			<ymax>360</ymax>
		</bndbox>
	</object>
	<object>
		<name>bicycle</name>
		<pose>Unspecified</pose>
		<truncated>0</truncated>
		<difficult>0</difficult>
		<occluded>0</occluded>
		<bndbox>
			<xmin>26</xmin>
			<xmax>56</xmax>
			<ymin>234</ymin>
			<ymax>360</ymax>
		</bndbox>
	</object>
</annotation>
