<annotation>
	<folder></folder>
	<filename>frame_3104_jpg.rf.e2f436bd44270b73bd8f59f9e17e648a.jpg</filename>
	<path>frame_3104_jpg.rf.e2f436bd44270b73bd8f59f9e17e648a.jpg</path>
	<source>
		<database>roboflow.ai</database>
	</source>
	<size>
		<width>416</width>
		<height>416</height>
		<depth>3</depth>
	</size>
	<segmented>0</segmented>
	<object>
		<name>auto</name>
		<pose>Unspecified</pose>
		<truncated>0</truncated>
		<difficult>0</difficult>
		<occluded>0</occluded>
		<bndbox>
			<xmin>3</xmin>
			<xmax>103</xmax>
			<ymin>274</ymin>
			<ymax>415</ymax>
		</bndbox>
	</object>
</annotation>
