<annotation>
	<folder></folder>
	<filename>frame_3117_jpg.rf.aa82703e5172e1f5da4886fb40c19a80.jpg</filename>
	<path>frame_3117_jpg.rf.aa82703e5172e1f5da4886fb40c19a80.jpg</path>
	<source>
		<database>roboflow.ai</database>
	</source>
	<size>
		<width>416</width>
		<height>416</height>
		<depth>3</depth>
	</size>
	<segmented>0</segmented>
	<object>
		<name>auto</name>
		<pose>Unspecified</pose>
		<truncated>0</truncated>
		<difficult>0</difficult>
		<occluded>0</occluded>
		<bndbox>
			<xmin>300</xmin>
			<xmax>387</xmax>
			<ymin>280</ymin>
			<ymax>415</ymax>
		</bndbox>
	</object>
</annotation>
