<annotation>
	<folder></folder>
	<filename>frame_3165_jpg.rf.bb1e4eb7c45d86013b51117298a99558.jpg</filename>
	<path>frame_3165_jpg.rf.bb1e4eb7c45d86013b51117298a99558.jpg</path>
	<source>
		<database>roboflow.ai</database>
	</source>
	<size>
		<width>416</width>
		<height>416</height>
		<depth>3</depth>
	</size>
	<segmented>0</segmented>
	<object>
		<name>motorbike</name>
		<pose>Unspecified</pose>
		<truncated>0</truncated>
		<difficult>0</difficult>
		<occluded>0</occluded>
		<bndbox>
			<xmin>197</xmin>
			<xmax>237</xmax>
			<ymin>249</ymin>
			<ymax>360</ymax>
		</bndbox>
	</object>
	<object>
		<name>motorbike</name>
		<pose>Unspecified</pose>
		<truncated>0</truncated>
		<difficult>0</difficult>
		<occluded>0</occluded>
		<bndbox>
			<xmin>108</xmin>
			<xmax>148</xmax>
			<ymin>225</ymin>
			<ymax>336</ymax>
		</bndbox>
	</object>
</annotation>
