<annotation>
	<folder></folder>
	<filename>frame_3196_jpg.rf.e8b06ec68915473e4f0a96d0a4769cad.jpg</filename>
	<path>frame_3196_jpg.rf.e8b06ec68915473e4f0a96d0a4769cad.jpg</path>
	<source>
		<database>roboflow.ai</database>
	</source>
	<size>
		<width>416</width>
		<height>416</height>
		<depth>3</depth>
	</size>
	<segmented>0</segmented>
	<object>
		<name>motorbike</name>
		<pose>Unspecified</pose>
		<truncated>0</truncated>
		<difficult>0</difficult>
		<occluded>0</occluded>
		<bndbox>
			<xmin>246</xmin>
			<xmax>296</xmax>
			<ymin>240</ymin>
			<ymax>349</ymax>
		</bndbox>
	</object>
	<object>
		<name>motorbike</name>
		<pose>Unspecified</pose>
		<truncated>0</truncated>
		<difficult>0</difficult>
		<occluded>0</occluded>
		<bndbox>
			<xmin>234</xmin>
			<xmax>284</xmax>
			<ymin>198</ymin>
			<ymax>307</ymax>
		</bndbox>
	</object>
</annotation>
