<annotation>
	<folder></folder>
	<filename>frame_3177_jpg.rf.2d496963be581d000e368fa58f0b6325.jpg</filename>
	<path>frame_3177_jpg.rf.2d496963be581d000e368fa58f0b6325.jpg</path>
	<source>
		<database>roboflow.ai</database>
	</source>
	<size>
		<width>416</width>
		<height>416</height>
		<depth>3</depth>
	</size>
	<segmented>0</segmented>
	<object>
		<name>car</name>
		<pose>Unspecified</pose>
		<truncated>0</truncated>
		<difficult>0</difficult>
		<occluded>0</occluded>
		<bndbox>
			<xmin>211</xmin>
			<xmax>307</xmax>
			<ymin>178</ymin>
			<ymax>316</ymax>
		</bndbox>
	</object>
	<object>
		<name>bicycle</name>
		<pose>Unspecified</pose>
		<truncated>0</truncated>
		<difficult>0</difficult>
		<occluded>0</occluded>
		<bndbox>
			<xmin>368</xmin>
			<xmax>408</xmax>
			<ymin>258</ymin>
			<ymax>368</ymax>
		</bndbox>
	</object>
	<object>
		<name>bicycle</name>
		<pose>Unspecified</pose>
		<truncated>0</truncated>
		<difficult>0</difficult>
		<occluded>0</occluded>
		<bndbox>
			<xmin>352</xmin>
			<xmax>392</xmax>
			<ymin>213</ymin>
			<ymax>323</ymax>
		</bndbox>
	</object>
</annotation>
