<annotation>
	<folder></folder>
	<filename>frame_3147_jpg.rf.016f8e80d5deffe18cb80a19fb346792.jpg</filename>
	<path>frame_3147_jpg.rf.016f8e80d5deffe18cb80a19fb346792.jpg</path>
	<source>
		<database>roboflow.ai</database>
	</source>
	<size>
		<width>416</width>
		<height>416</height>
		<depth>3</depth>
	</size>
	<segmented>0</segmented>
	<object>
		<name>bicycle</name>
		<pose>Unspecified</pose>
		<truncated>0</truncated>
		<difficult>0</difficult>
		<occluded>0</occluded>
		<bndbox>
			<xmin>307</xmin>
			<xmax>379</xmax>
			<ymin>253</ymin>
			<ymax>381</ymax>
		</bndbox>
	</object>
</annotation>
