<annotation>
	<folder></folder>
	<filename>frame_3196_jpg.rf.4300eb25c73e6953285c3f521cd3b6c3.jpg</filename>
	<path>frame_3196_jpg.rf.4300eb25c73e6953285c3f521cd3b6c3.jpg</path>
	<source>
		<database>roboflow.ai</database>
	</source>
	<size>
		<width>416</width>
		<height>416</height>
		<depth>3</depth>
	</size>
	<segmented>0</segmented>
	<object>
		<name>motorbike</name>
		<pose>Unspecified</pose>
		<truncated>0</truncated>
		<difficult>0</difficult>
		<occluded>0</occluded>
		<bndbox>
			<xmin>242</xmin>
			<xmax>288</xmax>
			<ymin>231</ymin>
			<ymax>342</ymax>
		</bndbox>
	</object>
	<object>
		<name>motorbike</name>
		<pose>Unspecified</pose>
		<truncated>0</truncated>
		<difficult>0</difficult>
		<occluded>0</occluded>
		<bndbox>
			<xmin>233</xmin>
			<xmax>279</xmax>
			<ymin>191</ymin>
			<ymax>302</ymax>
		</bndbox>
	</object>
</annotation>
