<annotation>
	<folder></folder>
	<filename>frame_3118_jpg.rf.828c0d0bd81324dbd01fe60aacfc8026.jpg</filename>
	<path>frame_3118_jpg.rf.828c0d0bd81324dbd01fe60aacfc8026.jpg</path>
	<source>
		<database>roboflow.ai</database>
	</source>
	<size>
		<width>416</width>
		<height>416</height>
		<depth>3</depth>
	</size>
	<segmented>0</segmented>
	<object>
		<name>auto</name>
		<pose>Unspecified</pose>
		<truncated>0</truncated>
		<difficult>0</difficult>
		<occluded>0</occluded>
		<bndbox>
			<xmin>326</xmin>
			<xmax>408</xmax>
			<ymin>203</ymin>
			<ymax>328</ymax>
		</bndbox>
	</object>
</annotation>
