<annotation>
	<folder></folder>
	<filename>frame_3162_jpg.rf.87a4263d63216eba1a2ba856fa351e1b.jpg</filename>
	<path>frame_3162_jpg.rf.87a4263d63216eba1a2ba856fa351e1b.jpg</path>
	<source>
		<database>roboflow.ai</database>
	</source>
	<size>
		<width>416</width>
		<height>416</height>
		<depth>3</depth>
	</size>
	<segmented>0</segmented>
	<object>
		<name>car</name>
		<pose>Unspecified</pose>
		<truncated>0</truncated>
		<difficult>0</difficult>
		<occluded>0</occluded>
		<bndbox>
			<xmin>146</xmin>
			<xmax>230</xmax>
			<ymin>253</ymin>
			<ymax>380</ymax>
		</bndbox>
	</object>
	<object>
		<name>bicycle</name>
		<pose>Unspecified</pose>
		<truncated>0</truncated>
		<difficult>0</difficult>
		<occluded>0</occluded>
		<bndbox>
			<xmin>63</xmin>
			<xmax>108</xmax>
			<ymin>214</ymin>
			<ymax>322</ymax>
		</bndbox>
	</object>
	<object>
		<name>bicycle</name>
		<pose>Unspecified</pose>
		<truncated>0</truncated>
		<difficult>0</difficult>
		<occluded>0</occluded>
		<bndbox>
			<xmin>84</xmin>
			<xmax>129</xmax>
			<ymin>237</ymin>
			<ymax>345</ymax>
		</bndbox>
	</object>
</annotation>
