<annotation>
	<folder></folder>
	<filename>frame_3164_jpg.rf.cab1e7f6c1a4ee050ddf2d3cc86cf98f.jpg</filename>
	<path>frame_3164_jpg.rf.cab1e7f6c1a4ee050ddf2d3cc86cf98f.jpg</path>
	<source>
		<database>roboflow.ai</database>
	</source>
	<size>
		<width>416</width>
		<height>416</height>
		<depth>3</depth>
	</size>
	<segmented>0</segmented>
	<object>
		<name>motorbike</name>
		<pose>Unspecified</pose>
		<truncated>0</truncated>
		<difficult>0</difficult>
		<occluded>0</occluded>
		<bndbox>
			<xmin>69</xmin>
			<xmax>126</xmax>
			<ymin>222</ymin>
			<ymax>325</ymax>
		</bndbox>
	</object>
	<object>
		<name>motorbike</name>
		<pose>Unspecified</pose>
		<truncated>0</truncated>
		<difficult>0</difficult>
		<occluded>0</occluded>
		<bndbox>
			<xmin>31</xmin>
			<xmax>88</xmax>
			<ymin>269</ymin>
			<ymax>372</ymax>
		</bndbox>
	</object>
	<object>
		<name>bicycle</name>
		<pose>Unspecified</pose>
		<truncated>0</truncated>
		<difficult>0</difficult>
		<occluded>0</occluded>
		<bndbox>
			<xmin>23</xmin>
			<xmax>73</xmax>
			<ymin>206</ymin>
			<ymax>311</ymax>
		</bndbox>
	</object>
</annotation>
