<annotation>
	<folder></folder>
	<filename>frame_3116_jpg.rf.77ccc4b306fda5dda768567b37cacd92.jpg</filename>
	<path>frame_3116_jpg.rf.77ccc4b306fda5dda768567b37cacd92.jpg</path>
	<source>
		<database>roboflow.ai</database>
	</source>
	<size>
		<width>416</width>
		<height>416</height>
		<depth>3</depth>
	</size>
	<segmented>0</segmented>
	<object>
		<name>auto</name>
		<pose>Unspecified</pose>
		<truncated>0</truncated>
		<difficult>0</difficult>
		<occluded>0</occluded>
		<bndbox>
			<xmin>312</xmin>
			<xmax>413</xmax>
			<ymin>275</ymin>
			<ymax>411</ymax>
		</bndbox>
	</object>
</annotation>
