<annotation>
	<folder></folder>
	<filename>frame_3188_jpg.rf.932b7b750bc36226ea3bb7270ffccdd7.jpg</filename>
	<path>frame_3188_jpg.rf.932b7b750bc36226ea3bb7270ffccdd7.jpg</path>
	<source>
		<database>roboflow.ai</database>
	</source>
	<size>
		<width>416</width>
		<height>416</height>
		<depth>3</depth>
	</size>
	<segmented>0</segmented>
	<object>
		<name>bicycle</name>
		<pose>Unspecified</pose>
		<truncated>0</truncated>
		<difficult>0</difficult>
		<occluded>0</occluded>
		<bndbox>
			<xmin>89</xmin>
			<xmax>112</xmax>
			<ymin>181</ymin>
			<ymax>285</ymax>
		</bndbox>
	</object>
	<object>
		<name>bicycle</name>
		<pose>Unspecified</pose>
		<truncated>0</truncated>
		<difficult>0</difficult>
		<occluded>0</occluded>
		<bndbox>
			<xmin>70</xmin>
			<xmax>93</xmax>
			<ymin>183</ymin>
			<ymax>287</ymax>
		</bndbox>
	</object>
</annotation>
