<annotation>
	<folder></folder>
	<filename>frame_3184_jpg.rf.bb3f29d2fb2bb8deaa6d6aa5bcda63fd.jpg</filename>
	<path>frame_3184_jpg.rf.bb3f29d2fb2bb8deaa6d6aa5bcda63fd.jpg</path>
	<source>
		<database>roboflow.ai</database>
	</source>
	<size>
		<width>416</width>
		<height>416</height>
		<depth>3</depth>
	</size>
	<segmented>0</segmented>
	<object>
		<name>motorbike</name>
		<pose>Unspecified</pose>
		<truncated>0</truncated>
		<difficult>0</difficult>
		<occluded>0</occluded>
		<bndbox>
			<xmin>323</xmin>
			<xmax>364</xmax>
			<ymin>253</ymin>
			<ymax>363</ymax>
		</bndbox>
	</object>
</annotation>
