<annotation>
	<folder></folder>
	<filename>frame_3123_jpg.rf.839de083bdb56d3a9da6e1edd43546d5.jpg</filename>
	<path>frame_3123_jpg.rf.839de083bdb56d3a9da6e1edd43546d5.jpg</path>
	<source>
		<database>roboflow.ai</database>
	</source>
	<size>
		<width>416</width>
		<height>416</height>
		<depth>3</depth>
	</size>
	<segmented>0</segmented>
	<object>
		<name>auto</name>
		<pose>Unspecified</pose>
		<truncated>0</truncated>
		<difficult>0</difficult>
		<occluded>0</occluded>
		<bndbox>
			<xmin>353</xmin>
			<xmax>415</xmax>
			<ymin>205</ymin>
			<ymax>346</ymax>
		</bndbox>
	</object>
</annotation>
