<annotation>
	<folder></folder>
	<filename>frame_3200_jpg.rf.376944aa2f0eeb6c1859c73b9c168b18.jpg</filename>
	<path>frame_3200_jpg.rf.376944aa2f0eeb6c1859c73b9c168b18.jpg</path>
	<source>
		<database>roboflow.ai</database>
	</source>
	<size>
		<width>416</width>
		<height>416</height>
		<depth>3</depth>
	</size>
	<segmented>0</segmented>
	<object>
		<name>car</name>
		<pose>Unspecified</pose>
		<truncated>0</truncated>
		<difficult>0</difficult>
		<occluded>0</occluded>
		<bndbox>
			<xmin>267</xmin>
			<xmax>360</xmax>
			<ymin>144</ymin>
			<ymax>297</ymax>
		</bndbox>
	</object>
	<object>
		<name>motorbike</name>
		<pose>Unspecified</pose>
		<truncated>0</truncated>
		<difficult>0</difficult>
		<occluded>0</occluded>
		<bndbox>
			<xmin>217</xmin>
			<xmax>270</xmax>
			<ymin>177</ymin>
			<ymax>299</ymax>
		</bndbox>
	</object>
</annotation>
