<annotation>
	<folder></folder>
	<filename>frame_3182_jpg.rf.43da6f04f5d130b580cd98d563007ec6.jpg</filename>
	<path>frame_3182_jpg.rf.43da6f04f5d130b580cd98d563007ec6.jpg</path>
	<source>
		<database>roboflow.ai</database>
	</source>
	<size>
		<width>416</width>
		<height>416</height>
		<depth>3</depth>
	</size>
	<segmented>0</segmented>
	<object>
		<name>motorbike</name>
		<pose>Unspecified</pose>
		<truncated>0</truncated>
		<difficult>0</difficult>
		<occluded>0</occluded>
		<bndbox>
			<xmin>295</xmin>
			<xmax>334</xmax>
			<ymin>267</ymin>
			<ymax>395</ymax>
		</bndbox>
	</object>
</annotation>
