<annotation>
	<folder></folder>
	<filename>frame_3141_jpg.rf.f094672b7a8475f0309697ed9dd0c799.jpg</filename>
	<path>frame_3141_jpg.rf.f094672b7a8475f0309697ed9dd0c799.jpg</path>
	<source>
		<database>roboflow.ai</database>
	</source>
	<size>
		<width>416</width>
		<height>416</height>
		<depth>3</depth>
	</size>
	<segmented>0</segmented>
	<object>
		<name>bicycle</name>
		<pose>Unspecified</pose>
		<truncated>0</truncated>
		<difficult>0</difficult>
		<occluded>0</occluded>
		<bndbox>
			<xmin>326</xmin>
			<xmax>364</xmax>
			<ymin>236</ymin>
			<ymax>339</ymax>
		</bndbox>
	</object>
</annotation>
