<annotation>
	<folder></folder>
	<filename>frame_3133_jpg.rf.c4482024652332e68df31c38bf431e49.jpg</filename>
	<path>frame_3133_jpg.rf.c4482024652332e68df31c38bf431e49.jpg</path>
	<source>
		<database>roboflow.ai</database>
	</source>
	<size>
		<width>416</width>
		<height>416</height>
		<depth>3</depth>
	</size>
	<segmented>0</segmented>
	<object>
		<name>auto</name>
		<pose>Unspecified</pose>
		<truncated>0</truncated>
		<difficult>0</difficult>
		<occluded>0</occluded>
		<bndbox>
			<xmin>333</xmin>
			<xmax>415</xmax>
			<ymin>273</ymin>
			<ymax>415</ymax>
		</bndbox>
	</object>
</annotation>
