<annotation>
	<folder></folder>
	<filename>frame_3100_jpg.rf.f08eb4ac6bab04ebe511a561bd07e9ca.jpg</filename>
	<path>frame_3100_jpg.rf.f08eb4ac6bab04ebe511a561bd07e9ca.jpg</path>
	<source>
		<database>roboflow.ai</database>
	</source>
	<size>
		<width>416</width>
		<height>416</height>
		<depth>3</depth>
	</size>
	<segmented>0</segmented>
	<object>
		<name>auto</name>
		<pose>Unspecified</pose>
		<truncated>0</truncated>
		<difficult>0</difficult>
		<occluded>0</occluded>
		<bndbox>
			<xmin>4</xmin>
			<xmax>83</xmax>
			<ymin>181</ymin>
			<ymax>318</ymax>
		</bndbox>
	</object>
</annotation>
