<annotation>
	<folder></folder>
	<filename>frame_3141_jpg.rf.1de6f2439c8f30c82d55d19a40e1ef25.jpg</filename>
	<path>frame_3141_jpg.rf.1de6f2439c8f30c82d55d19a40e1ef25.jpg</path>
	<source>
		<database>roboflow.ai</database>
	</source>
	<size>
		<width>416</width>
		<height>416</height>
		<depth>3</depth>
	</size>
	<segmented>0</segmented>
	<object>
		<name>bicycle</name>
		<pose>Unspecified</pose>
		<truncated>0</truncated>
		<difficult>0</difficult>
		<occluded>0</occluded>
		<bndbox>
			<xmin>334</xmin>
			<xmax>382</xmax>
			<ymin>234</ymin>
			<ymax>353</ymax>
		</bndbox>
	</object>
</annotation>
