<annotation>
	<folder></folder>
	<filename>frame_3120_jpg.rf.cea7d0f3fb895aab7a60fe6d71afaa1b.jpg</filename>
	<path>frame_3120_jpg.rf.cea7d0f3fb895aab7a60fe6d71afaa1b.jpg</path>
	<source>
		<database>roboflow.ai</database>
	</source>
	<size>
		<width>416</width>
		<height>416</height>
		<depth>3</depth>
	</size>
	<segmented>0</segmented>
	<object>
		<name>auto</name>
		<pose>Unspecified</pose>
		<truncated>0</truncated>
		<difficult>0</difficult>
		<occluded>0</occluded>
		<bndbox>
			<xmin>344</xmin>
			<xmax>415</xmax>
			<ymin>213</ymin>
			<ymax>356</ymax>
		</bndbox>
	</object>
</annotation>
