<annotation>
	<folder></folder>
	<filename>frame_3197_jpg.rf.8a3ffe4c12f5894bc7975976fed834c4.jpg</filename>
	<path>frame_3197_jpg.rf.8a3ffe4c12f5894bc7975976fed834c4.jpg</path>
	<source>
		<database>roboflow.ai</database>
	</source>
	<size>
		<width>416</width>
		<height>416</height>
		<depth>3</depth>
	</size>
	<segmented>0</segmented>
	<object>
		<name>motorbike</name>
		<pose>Unspecified</pose>
		<truncated>0</truncated>
		<difficult>0</difficult>
		<occluded>0</occluded>
		<bndbox>
			<xmin>123</xmin>
			<xmax>156</xmax>
			<ymin>270</ymin>
			<ymax>409</ymax>
		</bndbox>
	</object>
</annotation>
