<annotation>
	<folder></folder>
	<filename>frame_3123_jpg.rf.baf653c828375827d53d18099ba1ce64.jpg</filename>
	<path>frame_3123_jpg.rf.baf653c828375827d53d18099ba1ce64.jpg</path>
	<source>
		<database>roboflow.ai</database>
	</source>
	<size>
		<width>416</width>
		<height>416</height>
		<depth>3</depth>
	</size>
	<segmented>0</segmented>
	<object>
		<name>auto</name>
		<pose>Unspecified</pose>
		<truncated>0</truncated>
		<difficult>0</difficult>
		<occluded>0</occluded>
		<bndbox>
			<xmin>323</xmin>
			<xmax>410</xmax>
			<ymin>281</ymin>
			<ymax>415</ymax>
		</bndbox>
	</object>
</annotation>
