<annotation>
	<folder></folder>
	<filename>frame_3162_jpg.rf.c4ba566f82522669d1bea14db5b219cc.jpg</filename>
	<path>frame_3162_jpg.rf.c4ba566f82522669d1bea14db5b219cc.jpg</path>
	<source>
		<database>roboflow.ai</database>
	</source>
	<size>
		<width>416</width>
		<height>416</height>
		<depth>3</depth>
	</size>
	<segmented>0</segmented>
	<object>
		<name>car</name>
		<pose>Unspecified</pose>
		<truncated>0</truncated>
		<difficult>0</difficult>
		<occluded>0</occluded>
		<bndbox>
			<xmin>193</xmin>
			<xmax>272</xmax>
			<ymin>246</ymin>
			<ymax>378</ymax>
		</bndbox>
	</object>
	<object>
		<name>bicycle</name>
		<pose>Unspecified</pose>
		<truncated>0</truncated>
		<difficult>0</difficult>
		<occluded>0</occluded>
		<bndbox>
			<xmin>313</xmin>
			<xmax>352</xmax>
			<ymin>196</ymin>
			<ymax>309</ymax>
		</bndbox>
	</object>
	<object>
		<name>bicycle</name>
		<pose>Unspecified</pose>
		<truncated>0</truncated>
		<difficult>0</difficult>
		<occluded>0</occluded>
		<bndbox>
			<xmin>294</xmin>
			<xmax>333</xmax>
			<ymin>221</ymin>
			<ymax>334</ymax>
		</bndbox>
	</object>
</annotation>
