<annotation>
	<folder></folder>
	<filename>frame_3143_jpg.rf.c1671f4be9645d0e6fb0cc1893f4f39d.jpg</filename>
	<path>frame_3143_jpg.rf.c1671f4be9645d0e6fb0cc1893f4f39d.jpg</path>
	<source>
		<database>roboflow.ai</database>
	</source>
	<size>
		<width>416</width>
		<height>416</height>
		<depth>3</depth>
	</size>
	<segmented>0</segmented>
	<object>
		<name>motorbike</name>
		<pose>Unspecified</pose>
		<truncated>0</truncated>
		<difficult>0</difficult>
		<occluded>0</occluded>
		<bndbox>
			<xmin>96</xmin>
			<xmax>146</xmax>
			<ymin>237</ymin>
			<ymax>378</ymax>
		</bndbox>
	</object>
</annotation>
