<annotation>
	<folder></folder>
	<filename>frame_3129_jpg.rf.569016b59ac866a57df13712812a370b.jpg</filename>
	<path>frame_3129_jpg.rf.569016b59ac866a57df13712812a370b.jpg</path>
	<source>
		<database>roboflow.ai</database>
	</source>
	<size>
		<width>416</width>
		<height>416</height>
		<depth>3</depth>
	</size>
	<segmented>0</segmented>
	<object>
		<name>motorbike</name>
		<pose>Unspecified</pose>
		<truncated>0</truncated>
		<difficult>0</difficult>
		<occluded>0</occluded>
		<bndbox>
			<xmin>76</xmin>
			<xmax>152</xmax>
			<ymin>209</ymin>
			<ymax>339</ymax>
		</bndbox>
	</object>
	<object>
		<name>auto</name>
		<pose>Unspecified</pose>
		<truncated>0</truncated>
		<difficult>0</difficult>
		<occluded>0</occluded>
		<bndbox>
			<xmin>6</xmin>
			<xmax>88</xmax>
			<ymin>163</ymin>
			<ymax>311</ymax>
		</bndbox>
	</object>
</annotation>
