<annotation>
	<folder></folder>
	<filename>frame_3102_jpg.rf.5a9414249c58a6879a1100ca8c9f0587.jpg</filename>
	<path>frame_3102_jpg.rf.5a9414249c58a6879a1100ca8c9f0587.jpg</path>
	<source>
		<database>roboflow.ai</database>
	</source>
	<size>
		<width>416</width>
		<height>416</height>
		<depth>3</depth>
	</size>
	<segmented>0</segmented>
	<object>
		<name>auto</name>
		<pose>Unspecified</pose>
		<truncated>0</truncated>
		<difficult>0</difficult>
		<occluded>0</occluded>
		<bndbox>
			<xmin>5</xmin>
			<xmax>107</xmax>
			<ymin>285</ymin>
			<ymax>415</ymax>
		</bndbox>
	</object>
</annotation>
