<annotation>
	<folder></folder>
	<filename>frame_3099_jpg.rf.424eef2bc162ecf74f570ccd42d244cc.jpg</filename>
	<path>frame_3099_jpg.rf.424eef2bc162ecf74f570ccd42d244cc.jpg</path>
	<source>
		<database>roboflow.ai</database>
	</source>
	<size>
		<width>416</width>
		<height>416</height>
		<depth>3</depth>
	</size>
	<segmented>0</segmented>
	<object>
		<name>motorbike</name>
		<pose>Unspecified</pose>
		<truncated>0</truncated>
		<difficult>0</difficult>
		<occluded>0</occluded>
		<bndbox>
			<xmin>87</xmin>
			<xmax>133</xmax>
			<ymin>232</ymin>
			<ymax>338</ymax>
		</bndbox>
	</object>
	<object>
		<name>auto</name>
		<pose>Unspecified</pose>
		<truncated>0</truncated>
		<difficult>0</difficult>
		<occluded>0</occluded>
		<bndbox>
			<xmin>0</xmin>
			<xmax>69</xmax>
			<ymin>228</ymin>
			<ymax>386</ymax>
		</bndbox>
	</object>
</annotation>
