<annotation>
	<folder></folder>
	<filename>frame_3142_jpg.rf.287cf61fd16c53eb95fd7c3dc215bd23.jpg</filename>
	<path>frame_3142_jpg.rf.287cf61fd16c53eb95fd7c3dc215bd23.jpg</path>
	<source>
		<database>roboflow.ai</database>
	</source>
	<size>
		<width>416</width>
		<height>416</height>
		<depth>3</depth>
	</size>
	<segmented>0</segmented>
	<object>
		<name>car</name>
		<pose>Unspecified</pose>
		<truncated>0</truncated>
		<difficult>0</difficult>
		<occluded>0</occluded>
		<bndbox>
			<xmin>216</xmin>
			<xmax>291</xmax>
			<ymin>231</ymin>
			<ymax>396</ymax>
		</bndbox>
	</object>
</annotation>
