<annotation>
	<folder></folder>
	<filename>frame_3192_jpg.rf.676bdbcad4c752d49bff9ba381b4eb73.jpg</filename>
	<path>frame_3192_jpg.rf.676bdbcad4c752d49bff9ba381b4eb73.jpg</path>
	<source>
		<database>roboflow.ai</database>
	</source>
	<size>
		<width>416</width>
		<height>416</height>
		<depth>3</depth>
	</size>
	<segmented>0</segmented>
	<object>
		<name>bicycle</name>
		<pose>Unspecified</pose>
		<truncated>0</truncated>
		<difficult>0</difficult>
		<occluded>0</occluded>
		<bndbox>
			<xmin>355</xmin>
			<xmax>374</xmax>
			<ymin>230</ymin>
			<ymax>324</ymax>
		</bndbox>
	</object>
</annotation>
