<annotation>
	<folder></folder>
	<filename>frame_3199_jpg.rf.6424ce405cffa5ce0ebe239eaad1704a.jpg</filename>
	<path>frame_3199_jpg.rf.6424ce405cffa5ce0ebe239eaad1704a.jpg</path>
	<source>
		<database>roboflow.ai</database>
	</source>
	<size>
		<width>416</width>
		<height>416</height>
		<depth>3</depth>
	</size>
	<segmented>0</segmented>
	<object>
		<name>motorbike</name>
		<pose>Unspecified</pose>
		<truncated>0</truncated>
		<difficult>0</difficult>
		<occluded>0</occluded>
		<bndbox>
			<xmin>267</xmin>
			<xmax>319</xmax>
			<ymin>246</ymin>
			<ymax>373</ymax>
		</bndbox>
	</object>
	<object>
		<name>motorbike</name>
		<pose>Unspecified</pose>
		<truncated>0</truncated>
		<difficult>0</difficult>
		<occluded>0</occluded>
		<bndbox>
			<xmin>302</xmin>
			<xmax>355</xmax>
			<ymin>301</ymin>
			<ymax>415</ymax>
		</bndbox>
	</object>
	<object>
		<name>motorbike</name>
		<pose>Unspecified</pose>
		<truncated>0</truncated>
		<difficult>0</difficult>
		<occluded>0</occluded>
		<bndbox>
			<xmin>229</xmin>
			<xmax>281</xmax>
			<ymin>151</ymin>
			<ymax>278</ymax>
		</bndbox>
	</object>
</annotation>
