<annotation>
	<folder></folder>
	<filename>frame_3105_jpg.rf.1fdac3caad1a987dc0aad62cdf6a77f2.jpg</filename>
	<path>frame_3105_jpg.rf.1fdac3caad1a987dc0aad62cdf6a77f2.jpg</path>
	<source>
		<database>roboflow.ai</database>
	</source>
	<size>
		<width>416</width>
		<height>416</height>
		<depth>3</depth>
	</size>
	<segmented>0</segmented>
	<object>
		<name>auto</name>
		<pose>Unspecified</pose>
		<truncated>0</truncated>
		<difficult>0</difficult>
		<occluded>0</occluded>
		<bndbox>
			<xmin>327</xmin>
			<xmax>402</xmax>
			<ymin>197</ymin>
			<ymax>335</ymax>
		</bndbox>
	</object>
</annotation>
