<annotation>
	<folder></folder>
	<filename>frame_3122_jpg.rf.d45e13c09bb7491ed7679092269a542f.jpg</filename>
	<path>frame_3122_jpg.rf.d45e13c09bb7491ed7679092269a542f.jpg</path>
	<source>
		<database>roboflow.ai</database>
	</source>
	<size>
		<width>416</width>
		<height>416</height>
		<depth>3</depth>
	</size>
	<segmented>0</segmented>
	<object>
		<name>auto</name>
		<pose>Unspecified</pose>
		<truncated>0</truncated>
		<difficult>0</difficult>
		<occluded>0</occluded>
		<bndbox>
			<xmin>347</xmin>
			<xmax>415</xmax>
			<ymin>251</ymin>
			<ymax>389</ymax>
		</bndbox>
	</object>
</annotation>
