<annotation>
	<folder></folder>
	<filename>frame_3143_jpg.rf.0746bd87eede200d83e3d889a7a4ab84.jpg</filename>
	<path>frame_3143_jpg.rf.0746bd87eede200d83e3d889a7a4ab84.jpg</path>
	<source>
		<database>roboflow.ai</database>
	</source>
	<size>
		<width>416</width>
		<height>416</height>
		<depth>3</depth>
	</size>
	<segmented>0</segmented>
	<object>
		<name>motorbike</name>
		<pose>Unspecified</pose>
		<truncated>0</truncated>
		<difficult>0</difficult>
		<occluded>0</occluded>
		<bndbox>
			<xmin>285</xmin>
			<xmax>351</xmax>
			<ymin>246</ymin>
			<ymax>380</ymax>
		</bndbox>
	</object>
</annotation>
