<annotation>
	<folder></folder>
	<filename>frame_3175_jpg.rf.8a209c18c3b37756dc2e1dccd715910b.jpg</filename>
	<path>frame_3175_jpg.rf.8a209c18c3b37756dc2e1dccd715910b.jpg</path>
	<source>
		<database>roboflow.ai</database>
	</source>
	<size>
		<width>416</width>
		<height>416</height>
		<depth>3</depth>
	</size>
	<segmented>0</segmented>
	<object>
		<name>motorbike</name>
		<pose>Unspecified</pose>
		<truncated>0</truncated>
		<difficult>0</difficult>
		<occluded>0</occluded>
		<bndbox>
			<xmin>206</xmin>
			<xmax>273</xmax>
			<ymin>287</ymin>
			<ymax>415</ymax>
		</bndbox>
	</object>
</annotation>
