<annotation>
	<folder></folder>
	<filename>frame_3100_jpg.rf.e4e6a8457d29ed6a30456ae634a2a1f4.jpg</filename>
	<path>frame_3100_jpg.rf.e4e6a8457d29ed6a30456ae634a2a1f4.jpg</path>
	<source>
		<database>roboflow.ai</database>
	</source>
	<size>
		<width>416</width>
		<height>416</height>
		<depth>3</depth>
	</size>
	<segmented>0</segmented>
	<object>
		<name>auto</name>
		<pose>Unspecified</pose>
		<truncated>0</truncated>
		<difficult>0</difficult>
		<occluded>0</occluded>
		<bndbox>
			<xmin>49</xmin>
			<xmax>132</xmax>
			<ymin>240</ymin>
			<ymax>386</ymax>
		</bndbox>
	</object>
</annotation>
