<annotation>
	<folder></folder>
	<filename>frame_3175_jpg.rf.76a3bcb4d7839578fac458408fdc7c64.jpg</filename>
	<path>frame_3175_jpg.rf.76a3bcb4d7839578fac458408fdc7c64.jpg</path>
	<source>
		<database>roboflow.ai</database>
	</source>
	<size>
		<width>416</width>
		<height>416</height>
		<depth>3</depth>
	</size>
	<segmented>0</segmented>
	<object>
		<name>motorbike</name>
		<pose>Unspecified</pose>
		<truncated>0</truncated>
		<difficult>0</difficult>
		<occluded>0</occluded>
		<bndbox>
			<xmin>234</xmin>
			<xmax>278</xmax>
			<ymin>289</ymin>
			<ymax>414</ymax>
		</bndbox>
	</object>
</annotation>
