<annotation>
	<folder></folder>
	<filename>frame_3165_jpg.rf.daab9ce2864806cc9fd36d599abc6f7b.jpg</filename>
	<path>frame_3165_jpg.rf.daab9ce2864806cc9fd36d599abc6f7b.jpg</path>
	<source>
		<database>roboflow.ai</database>
	</source>
	<size>
		<width>416</width>
		<height>416</height>
		<depth>3</depth>
	</size>
	<segmented>0</segmented>
	<object>
		<name>motorbike</name>
		<pose>Unspecified</pose>
		<truncated>0</truncated>
		<difficult>0</difficult>
		<occluded>0</occluded>
		<bndbox>
			<xmin>190</xmin>
			<xmax>232</xmax>
			<ymin>239</ymin>
			<ymax>370</ymax>
		</bndbox>
	</object>
	<object>
		<name>motorbike</name>
		<pose>Unspecified</pose>
		<truncated>0</truncated>
		<difficult>0</difficult>
		<occluded>0</occluded>
		<bndbox>
			<xmin>277</xmin>
			<xmax>319</xmax>
			<ymin>241</ymin>
			<ymax>372</ymax>
		</bndbox>
	</object>
</annotation>
