<annotation>
	<folder></folder>
	<filename>frame_3183_jpg.rf.0b7f79784c41de967a25b28971f48ebb.jpg</filename>
	<path>frame_3183_jpg.rf.0b7f79784c41de967a25b28971f48ebb.jpg</path>
	<source>
		<database>roboflow.ai</database>
	</source>
	<size>
		<width>416</width>
		<height>416</height>
		<depth>3</depth>
	</size>
	<segmented>0</segmented>
	<object>
		<name>motorbike</name>
		<pose>Unspecified</pose>
		<truncated>0</truncated>
		<difficult>0</difficult>
		<occluded>0</occluded>
		<bndbox>
			<xmin>106</xmin>
			<xmax>165</xmax>
			<ymin>232</ymin>
			<ymax>363</ymax>
		</bndbox>
	</object>
	<object>
		<name>bicycle</name>
		<pose>Unspecified</pose>
		<truncated>0</truncated>
		<difficult>0</difficult>
		<occluded>0</occluded>
		<bndbox>
			<xmin>56</xmin>
			<xmax>85</xmax>
			<ymin>218</ymin>
			<ymax>360</ymax>
		</bndbox>
	</object>
</annotation>
