<annotation>
	<folder></folder>
	<filename>frame_3102_jpg.rf.b58a4ce5df96cd125a515fa8b9ed0bd1.jpg</filename>
	<path>frame_3102_jpg.rf.b58a4ce5df96cd125a515fa8b9ed0bd1.jpg</path>
	<source>
		<database>roboflow.ai</database>
	</source>
	<size>
		<width>416</width>
		<height>416</height>
		<depth>3</depth>
	</size>
	<segmented>0</segmented>
	<object>
		<name>auto</name>
		<pose>Unspecified</pose>
		<truncated>0</truncated>
		<difficult>0</difficult>
		<occluded>0</occluded>
		<bndbox>
			<xmin>0</xmin>
			<xmax>69</xmax>
			<ymin>228</ymin>
			<ymax>356</ymax>
		</bndbox>
	</object>
</annotation>
