<annotation>
	<folder></folder>
	<filename>frame_3178_jpg.rf.a947c553ca467924526a4a7075d94cbb.jpg</filename>
	<path>frame_3178_jpg.rf.a947c553ca467924526a4a7075d94cbb.jpg</path>
	<source>
		<database>roboflow.ai</database>
	</source>
	<size>
		<width>416</width>
		<height>416</height>
		<depth>3</depth>
	</size>
	<segmented>0</segmented>
	<object>
		<name>motorbike</name>
		<pose>Unspecified</pose>
		<truncated>0</truncated>
		<difficult>0</difficult>
		<occluded>0</occluded>
		<bndbox>
			<xmin>103</xmin>
			<xmax>164</xmax>
			<ymin>287</ymin>
			<ymax>412</ymax>
		</bndbox>
	</object>
	<object>
		<name>motorbike</name>
		<pose>Unspecified</pose>
		<truncated>0</truncated>
		<difficult>0</difficult>
		<occluded>0</occluded>
		<bndbox>
			<xmin>110</xmin>
			<xmax>171</xmax>
			<ymin>211</ymin>
			<ymax>336</ymax>
		</bndbox>
	</object>
</annotation>
