<annotation>
	<folder></folder>
	<filename>frame_3132_jpg.rf.329f116209d09bed8f4c6f74307bff3f.jpg</filename>
	<path>frame_3132_jpg.rf.329f116209d09bed8f4c6f74307bff3f.jpg</path>
	<source>
		<database>roboflow.ai</database>
	</source>
	<size>
		<width>416</width>
		<height>416</height>
		<depth>3</depth>
	</size>
	<segmented>0</segmented>
	<object>
		<name>motorbike</name>
		<pose>Unspecified</pose>
		<truncated>0</truncated>
		<difficult>0</difficult>
		<occluded>0</occluded>
		<bndbox>
			<xmin>297</xmin>
			<xmax>353</xmax>
			<ymin>221</ymin>
			<ymax>323</ymax>
		</bndbox>
	</object>
	<object>
		<name>auto</name>
		<pose>Unspecified</pose>
		<truncated>0</truncated>
		<difficult>0</difficult>
		<occluded>0</occluded>
		<bndbox>
			<xmin>353</xmin>
			<xmax>415</xmax>
			<ymin>230</ymin>
			<ymax>363</ymax>
		</bndbox>
	</object>
</annotation>
