<annotation>
	<folder></folder>
	<filename>frame_3168_jpg.rf.3d988ebc74e40a20cb1f57eab1cf0744.jpg</filename>
	<path>frame_3168_jpg.rf.3d988ebc74e40a20cb1f57eab1cf0744.jpg</path>
	<source>
		<database>roboflow.ai</database>
	</source>
	<size>
		<width>416</width>
		<height>416</height>
		<depth>3</depth>
	</size>
	<segmented>0</segmented>
	<object>
		<name>auto</name>
		<pose>Unspecified</pose>
		<truncated>0</truncated>
		<difficult>0</difficult>
		<occluded>0</occluded>
		<bndbox>
			<xmin>254</xmin>
			<xmax>330</xmax>
			<ymin>150</ymin>
			<ymax>290</ymax>
		</bndbox>
	</object>
	<object>
		<name>bicycle</name>
		<pose>Unspecified</pose>
		<truncated>0</truncated>
		<difficult>0</difficult>
		<occluded>0</occluded>
		<bndbox>
			<xmin>324</xmin>
			<xmax>368</xmax>
			<ymin>137</ymin>
			<ymax>258</ymax>
		</bndbox>
	</object>
</annotation>
