<annotation>
	<folder></folder>
	<filename>frame_3132_jpg.rf.e8baff2282ea369abb5fd47397c0a479.jpg</filename>
	<path>frame_3132_jpg.rf.e8baff2282ea369abb5fd47397c0a479.jpg</path>
	<source>
		<database>roboflow.ai</database>
	</source>
	<size>
		<width>416</width>
		<height>416</height>
		<depth>3</depth>
	</size>
	<segmented>0</segmented>
	<object>
		<name>motorbike</name>
		<pose>Unspecified</pose>
		<truncated>0</truncated>
		<difficult>0</difficult>
		<occluded>0</occluded>
		<bndbox>
			<xmin>109</xmin>
			<xmax>155</xmax>
			<ymin>234</ymin>
			<ymax>330</ymax>
		</bndbox>
	</object>
	<object>
		<name>auto</name>
		<pose>Unspecified</pose>
		<truncated>0</truncated>
		<difficult>0</difficult>
		<occluded>0</occluded>
		<bndbox>
			<xmin>42</xmin>
			<xmax>113</xmax>
			<ymin>250</ymin>
			<ymax>372</ymax>
		</bndbox>
	</object>
</annotation>
