<annotation>
	<folder></folder>
	<filename>frame_3191_jpg.rf.f329ed363073810aad1f20b7385779d1.jpg</filename>
	<path>frame_3191_jpg.rf.f329ed363073810aad1f20b7385779d1.jpg</path>
	<source>
		<database>roboflow.ai</database>
	</source>
	<size>
		<width>416</width>
		<height>416</height>
		<depth>3</depth>
	</size>
	<segmented>0</segmented>
	<object>
		<name>bicycle</name>
		<pose>Unspecified</pose>
		<truncated>0</truncated>
		<difficult>0</difficult>
		<occluded>0</occluded>
		<bndbox>
			<xmin>52</xmin>
			<xmax>101</xmax>
			<ymin>195</ymin>
			<ymax>317</ymax>
		</bndbox>
	</object>
</annotation>
