<annotation>
	<folder></folder>
	<filename>frame_3195_jpg.rf.d775cd2b1c9f77361cfaddb92089e0a9.jpg</filename>
	<path>frame_3195_jpg.rf.d775cd2b1c9f77361cfaddb92089e0a9.jpg</path>
	<source>
		<database>roboflow.ai</database>
	</source>
	<size>
		<width>416</width>
		<height>416</height>
		<depth>3</depth>
	</size>
	<segmented>0</segmented>
	<object>
		<name>car</name>
		<pose>Unspecified</pose>
		<truncated>0</truncated>
		<difficult>0</difficult>
		<occluded>0</occluded>
		<bndbox>
			<xmin>135</xmin>
			<xmax>208</xmax>
			<ymin>160</ymin>
			<ymax>289</ymax>
		</bndbox>
	</object>
	<object>
		<name>motorbike</name>
		<pose>Unspecified</pose>
		<truncated>0</truncated>
		<difficult>0</difficult>
		<occluded>0</occluded>
		<bndbox>
			<xmin>75</xmin>
			<xmax>131</xmax>
			<ymin>182</ymin>
			<ymax>316</ymax>
		</bndbox>
	</object>
</annotation>
