<annotation>
	<folder></folder>
	<filename>frame_3104_jpg.rf.3d676a184dd948f84c857257ec34075a.jpg</filename>
	<path>frame_3104_jpg.rf.3d676a184dd948f84c857257ec34075a.jpg</path>
	<source>
		<database>roboflow.ai</database>
	</source>
	<size>
		<width>416</width>
		<height>416</height>
		<depth>3</depth>
	</size>
	<segmented>0</segmented>
	<object>
		<name>auto</name>
		<pose>Unspecified</pose>
		<truncated>0</truncated>
		<difficult>0</difficult>
		<occluded>0</occluded>
		<bndbox>
			<xmin>320</xmin>
			<xmax>390</xmax>
			<ymin>221</ymin>
			<ymax>365</ymax>
		</bndbox>
	</object>
</annotation>
