<annotation>
	<folder></folder>
	<filename>frame_3142_jpg.rf.c7be40668b4156d0c4a6599317f9893f.jpg</filename>
	<path>frame_3142_jpg.rf.c7be40668b4156d0c4a6599317f9893f.jpg</path>
	<source>
		<database>roboflow.ai</database>
	</source>
	<size>
		<width>416</width>
		<height>416</height>
		<depth>3</depth>
	</size>
	<segmented>0</segmented>
	<object>
		<name>car</name>
		<pose>Unspecified</pose>
		<truncated>0</truncated>
		<difficult>0</difficult>
		<occluded>0</occluded>
		<bndbox>
			<xmin>101</xmin>
			<xmax>176</xmax>
			<ymin>219</ymin>
			<ymax>378</ymax>
		</bndbox>
	</object>
</annotation>
