<annotation>
	<folder></folder>
	<filename>frame_3127_jpg.rf.f387ed279eed045dae021c06d6f295fa.jpg</filename>
	<path>frame_3127_jpg.rf.f387ed279eed045dae021c06d6f295fa.jpg</path>
	<source>
		<database>roboflow.ai</database>
	</source>
	<size>
		<width>416</width>
		<height>416</height>
		<depth>3</depth>
	</size>
	<segmented>0</segmented>
	<object>
		<name>auto</name>
		<pose>Unspecified</pose>
		<truncated>0</truncated>
		<difficult>0</difficult>
		<occluded>0</occluded>
		<bndbox>
			<xmin>14</xmin>
			<xmax>92</xmax>
			<ymin>202</ymin>
			<ymax>339</ymax>
		</bndbox>
	</object>
</annotation>
