<annotation>
	<folder></folder>
	<filename>frame_3147_jpg.rf.45fc7c59f20d3a16bc9b0ec4adda3a90.jpg</filename>
	<path>frame_3147_jpg.rf.45fc7c59f20d3a16bc9b0ec4adda3a90.jpg</path>
	<source>
		<database>roboflow.ai</database>
	</source>
	<size>
		<width>416</width>
		<height>416</height>
		<depth>3</depth>
	</size>
	<segmented>0</segmented>
	<object>
		<name>bicycle</name>
		<pose>Unspecified</pose>
		<truncated>0</truncated>
		<difficult>0</difficult>
		<occluded>0</occluded>
		<bndbox>
			<xmin>65</xmin>
			<xmax>127</xmax>
			<ymin>234</ymin>
			<ymax>357</ymax>
		</bndbox>
	</object>
</annotation>
