<annotation>
	<folder></folder>
	<filename>frame_3101_jpg.rf.f16c497c0ce70ea05437edb8eedf3831.jpg</filename>
	<path>frame_3101_jpg.rf.f16c497c0ce70ea05437edb8eedf3831.jpg</path>
	<source>
		<database>roboflow.ai</database>
	</source>
	<size>
		<width>416</width>
		<height>416</height>
		<depth>3</depth>
	</size>
	<segmented>0</segmented>
	<object>
		<name>auto</name>
		<pose>Unspecified</pose>
		<truncated>0</truncated>
		<difficult>0</difficult>
		<occluded>0</occluded>
		<bndbox>
			<xmin>346</xmin>
			<xmax>415</xmax>
			<ymin>207</ymin>
			<ymax>352</ymax>
		</bndbox>
	</object>
</annotation>
