<annotation>
	<folder></folder>
	<filename>frame_3101_jpg.rf.861b66caa80de337281ec5eed7dbdc7f.jpg</filename>
	<path>frame_3101_jpg.rf.861b66caa80de337281ec5eed7dbdc7f.jpg</path>
	<source>
		<database>roboflow.ai</database>
	</source>
	<size>
		<width>416</width>
		<height>416</height>
		<depth>3</depth>
	</size>
	<segmented>0</segmented>
	<object>
		<name>auto</name>
		<pose>Unspecified</pose>
		<truncated>0</truncated>
		<difficult>0</difficult>
		<occluded>0</occluded>
		<bndbox>
			<xmin>307</xmin>
			<xmax>409</xmax>
			<ymin>279</ymin>
			<ymax>415</ymax>
		</bndbox>
	</object>
</annotation>
