<annotation>
	<folder></folder>
	<filename>frame_3125_jpg.rf.8d88a65a66a0135b9d0b27e366d60396.jpg</filename>
	<path>frame_3125_jpg.rf.8d88a65a66a0135b9d0b27e366d60396.jpg</path>
	<source>
		<database>roboflow.ai</database>
	</source>
	<size>
		<width>416</width>
		<height>416</height>
		<depth>3</depth>
	</size>
	<segmented>0</segmented>
	<object>
		<name>auto</name>
		<pose>Unspecified</pose>
		<truncated>0</truncated>
		<difficult>0</difficult>
		<occluded>0</occluded>
		<bndbox>
			<xmin>331</xmin>
			<xmax>406</xmax>
			<ymin>182</ymin>
			<ymax>324</ymax>
		</bndbox>
	</object>
	<object>
		<name>car</name>
		<pose>Unspecified</pose>
		<truncated>0</truncated>
		<difficult>0</difficult>
		<occluded>0</occluded>
		<bndbox>
			<xmin>217</xmin>
			<xmax>284</xmax>
			<ymin>159</ymin>
			<ymax>283</ymax>
		</bndbox>
	</object>
</annotation>
