<annotation>
	<folder></folder>
	<filename>frame_3135_jpg.rf.6c3c4cc9e3a3d735266ae7051cf72bec.jpg</filename>
	<path>frame_3135_jpg.rf.6c3c4cc9e3a3d735266ae7051cf72bec.jpg</path>
	<source>
		<database>roboflow.ai</database>
	</source>
	<size>
		<width>416</width>
		<height>416</height>
		<depth>3</depth>
	</size>
	<segmented>0</segmented>
	<object>
		<name>motorbike</name>
		<pose>Unspecified</pose>
		<truncated>0</truncated>
		<difficult>0</difficult>
		<occluded>0</occluded>
		<bndbox>
			<xmin>256</xmin>
			<xmax>299</xmax>
			<ymin>261</ymin>
			<ymax>360</ymax>
		</bndbox>
	</object>
	<object>
		<name>motorbike</name>
		<pose>Unspecified</pose>
		<truncated>0</truncated>
		<difficult>0</difficult>
		<occluded>0</occluded>
		<bndbox>
			<xmin>284</xmin>
			<xmax>330</xmax>
			<ymin>291</ymin>
			<ymax>391</ymax>
		</bndbox>
	</object>
</annotation>
