<annotation>
	<folder></folder>
	<filename>frame_3198_jpg.rf.ea00448833c7be06f5efa43c8430ad20.jpg</filename>
	<path>frame_3198_jpg.rf.ea00448833c7be06f5efa43c8430ad20.jpg</path>
	<source>
		<database>roboflow.ai</database>
	</source>
	<size>
		<width>416</width>
		<height>416</height>
		<depth>3</depth>
	</size>
	<segmented>0</segmented>
	<object>
		<name>motorbike</name>
		<pose>Unspecified</pose>
		<truncated>0</truncated>
		<difficult>0</difficult>
		<occluded>0</occluded>
		<bndbox>
			<xmin>111</xmin>
			<xmax>172</xmax>
			<ymin>291</ymin>
			<ymax>415</ymax>
		</bndbox>
	</object>
	<object>
		<name>bicycle</name>
		<pose>Unspecified</pose>
		<truncated>0</truncated>
		<difficult>0</difficult>
		<occluded>0</occluded>
		<bndbox>
			<xmin>94</xmin>
			<xmax>131</xmax>
			<ymin>234</ymin>
			<ymax>338</ymax>
		</bndbox>
	</object>
	<object>
		<name>bicycle</name>
		<pose>Unspecified</pose>
		<truncated>0</truncated>
		<difficult>0</difficult>
		<occluded>0</occluded>
		<bndbox>
			<xmin>70</xmin>
			<xmax>107</xmax>
			<ymin>249</ymin>
			<ymax>353</ymax>
		</bndbox>
	</object>
</annotation>
