<annotation>
	<folder></folder>
	<filename>frame_3135_jpg.rf.ff72a2a2739736a114f2f8614d4b8bbb.jpg</filename>
	<path>frame_3135_jpg.rf.ff72a2a2739736a114f2f8614d4b8bbb.jpg</path>
	<source>
		<database>roboflow.ai</database>
	</source>
	<size>
		<width>416</width>
		<height>416</height>
		<depth>3</depth>
	</size>
	<segmented>0</segmented>
	<object>
		<name>motorbike</name>
		<pose>Unspecified</pose>
		<truncated>0</truncated>
		<difficult>0</difficult>
		<occluded>0</occluded>
		<bndbox>
			<xmin>307</xmin>
			<xmax>338</xmax>
			<ymin>263</ymin>
			<ymax>368</ymax>
		</bndbox>
	</object>
	<object>
		<name>motorbike</name>
		<pose>Unspecified</pose>
		<truncated>0</truncated>
		<difficult>0</difficult>
		<occluded>0</occluded>
		<bndbox>
			<xmin>349</xmin>
			<xmax>383</xmax>
			<ymin>295</ymin>
			<ymax>402</ymax>
		</bndbox>
	</object>
</annotation>
