<annotation>
	<folder></folder>
	<filename>frame_3113_jpg.rf.2d80dac5dc19077af980514dc1e017cf.jpg</filename>
	<path>frame_3113_jpg.rf.2d80dac5dc19077af980514dc1e017cf.jpg</path>
	<source>
		<database>roboflow.ai</database>
	</source>
	<size>
		<width>416</width>
		<height>416</height>
		<depth>3</depth>
	</size>
	<segmented>0</segmented>
	<object>
		<name>auto</name>
		<pose>Unspecified</pose>
		<truncated>0</truncated>
		<difficult>0</difficult>
		<occluded>0</occluded>
		<bndbox>
			<xmin>340</xmin>
			<xmax>411</xmax>
			<ymin>209</ymin>
			<ymax>336</ymax>
		</bndbox>
	</object>
	<object>
		<name>motorbike</name>
		<pose>Unspecified</pose>
		<truncated>0</truncated>
		<difficult>0</difficult>
		<occluded>0</occluded>
		<bndbox>
			<xmin>206</xmin>
			<xmax>257</xmax>
			<ymin>276</ymin>
			<ymax>398</ymax>
		</bndbox>
	</object>
	<object>
		<name>motorbike</name>
		<pose>Unspecified</pose>
		<truncated>0</truncated>
		<difficult>0</difficult>
		<occluded>0</occluded>
		<bndbox>
			<xmin>245</xmin>
			<xmax>296</xmax>
			<ymin>282</ymin>
			<ymax>404</ymax>
		</bndbox>
	</object>
	<object>
		<name>motorbike</name>
		<pose>Unspecified</pose>
		<truncated>0</truncated>
		<difficult>0</difficult>
		<occluded>0</occluded>
		<bndbox>
			<xmin>291</xmin>
			<xmax>342</xmax>
			<ymin>247</ymin>
			<ymax>369</ymax>
		</bndbox>
	</object>
</annotation>
