<annotation>
	<folder></folder>
	<filename>frame_3178_jpg.rf.90d55343d124dd3355c674e641df8522.jpg</filename>
	<path>frame_3178_jpg.rf.90d55343d124dd3355c674e641df8522.jpg</path>
	<source>
		<database>roboflow.ai</database>
	</source>
	<size>
		<width>416</width>
		<height>416</height>
		<depth>3</depth>
	</size>
	<segmented>0</segmented>
	<object>
		<name>motorbike</name>
		<pose>Unspecified</pose>
		<truncated>0</truncated>
		<difficult>0</difficult>
		<occluded>0</occluded>
		<bndbox>
			<xmin>80</xmin>
			<xmax>122</xmax>
			<ymin>284</ymin>
			<ymax>415</ymax>
		</bndbox>
	</object>
	<object>
		<name>motorbike</name>
		<pose>Unspecified</pose>
		<truncated>0</truncated>
		<difficult>0</difficult>
		<occluded>0</occluded>
		<bndbox>
			<xmin>106</xmin>
			<xmax>147</xmax>
			<ymin>207</ymin>
			<ymax>339</ymax>
		</bndbox>
	</object>
</annotation>
