<annotation>
	<folder></folder>
	<filename>frame_3116_jpg.rf.57cad4a8f8444a4032c294c878ea29a3.jpg</filename>
	<path>frame_3116_jpg.rf.57cad4a8f8444a4032c294c878ea29a3.jpg</path>
	<source>
		<database>roboflow.ai</database>
	</source>
	<size>
		<width>416</width>
		<height>416</height>
		<depth>3</depth>
	</size>
	<segmented>0</segmented>
	<object>
		<name>auto</name>
		<pose>Unspecified</pose>
		<truncated>0</truncated>
		<difficult>0</difficult>
		<occluded>0</occluded>
		<bndbox>
			<xmin>302</xmin>
			<xmax>408</xmax>
			<ymin>283</ymin>
			<ymax>415</ymax>
		</bndbox>
	</object>
</annotation>
