<annotation>
	<folder></folder>
	<filename>frame_3125_jpg.rf.7a6abfeed68cefb8ea81c7fcfca8adc1.jpg</filename>
	<path>frame_3125_jpg.rf.7a6abfeed68cefb8ea81c7fcfca8adc1.jpg</path>
	<source>
		<database>roboflow.ai</database>
	</source>
	<size>
		<width>416</width>
		<height>416</height>
		<depth>3</depth>
	</size>
	<segmented>0</segmented>
	<object>
		<name>auto</name>
		<pose>Unspecified</pose>
		<truncated>0</truncated>
		<difficult>0</difficult>
		<occluded>0</occluded>
		<bndbox>
			<xmin>344</xmin>
			<xmax>415</xmax>
			<ymin>263</ymin>
			<ymax>396</ymax>
		</bndbox>
	</object>
	<object>
		<name>car</name>
		<pose>Unspecified</pose>
		<truncated>0</truncated>
		<difficult>0</difficult>
		<occluded>0</occluded>
		<bndbox>
			<xmin>221</xmin>
			<xmax>287</xmax>
			<ymin>184</ymin>
			<ymax>299</ymax>
		</bndbox>
	</object>
</annotation>
