<annotation>
	<folder></folder>
	<filename>frame_3144_jpg.rf.33b3b643185a2800d6a6cb453935210b.jpg</filename>
	<path>frame_3144_jpg.rf.33b3b643185a2800d6a6cb453935210b.jpg</path>
	<source>
		<database>roboflow.ai</database>
	</source>
	<size>
		<width>416</width>
		<height>416</height>
		<depth>3</depth>
	</size>
	<segmented>0</segmented>
	<object>
		<name>motorbike</name>
		<pose>Unspecified</pose>
		<truncated>0</truncated>
		<difficult>0</difficult>
		<occluded>0</occluded>
		<bndbox>
			<xmin>314</xmin>
			<xmax>363</xmax>
			<ymin>297</ymin>
			<ymax>408</ymax>
		</bndbox>
	</object>
	<object>
		<name>motorbike</name>
		<pose>Unspecified</pose>
		<truncated>0</truncated>
		<difficult>0</difficult>
		<occluded>0</occluded>
		<bndbox>
			<xmin>309</xmin>
			<xmax>349</xmax>
			<ymin>223</ymin>
			<ymax>321</ymax>
		</bndbox>
	</object>
</annotation>
