<annotation>
	<folder></folder>
	<filename>frame_3184_jpg.rf.d91d7ec40441c0f400ac857895744bc9.jpg</filename>
	<path>frame_3184_jpg.rf.d91d7ec40441c0f400ac857895744bc9.jpg</path>
	<source>
		<database>roboflow.ai</database>
	</source>
	<size>
		<width>416</width>
		<height>416</height>
		<depth>3</depth>
	</size>
	<segmented>0</segmented>
	<object>
		<name>motorbike</name>
		<pose>Unspecified</pose>
		<truncated>0</truncated>
		<difficult>0</difficult>
		<occluded>0</occluded>
		<bndbox>
			<xmin>51</xmin>
			<xmax>111</xmax>
			<ymin>188</ymin>
			<ymax>313</ymax>
		</bndbox>
	</object>
</annotation>
