<annotation>
	<folder></folder>
	<filename>frame_3118_jpg.rf.704ddcce551356de389a9c462cb99fb6.jpg</filename>
	<path>frame_3118_jpg.rf.704ddcce551356de389a9c462cb99fb6.jpg</path>
	<source>
		<database>roboflow.ai</database>
	</source>
	<size>
		<width>416</width>
		<height>416</height>
		<depth>3</depth>
	</size>
	<segmented>0</segmented>
	<object>
		<name>auto</name>
		<pose>Unspecified</pose>
		<truncated>0</truncated>
		<difficult>0</difficult>
		<occluded>0</occluded>
		<bndbox>
			<xmin>15</xmin>
			<xmax>69</xmax>
			<ymin>260</ymin>
			<ymax>374</ymax>
		</bndbox>
	</object>
</annotation>
