<annotation>
	<folder></folder>
	<filename>frame_3174_jpg.rf.f7d749120a9f502f260dac7a0ae95875.jpg</filename>
	<path>frame_3174_jpg.rf.f7d749120a9f502f260dac7a0ae95875.jpg</path>
	<source>
		<database>roboflow.ai</database>
	</source>
	<size>
		<width>416</width>
		<height>416</height>
		<depth>3</depth>
	</size>
	<segmented>0</segmented>
	<object>
		<name>bicycle</name>
		<pose>Unspecified</pose>
		<truncated>0</truncated>
		<difficult>0</difficult>
		<occluded>0</occluded>
		<bndbox>
			<xmin>321</xmin>
			<xmax>360</xmax>
			<ymin>187</ymin>
			<ymax>299</ymax>
		</bndbox>
	</object>
</annotation>
