<annotation>
	<folder></folder>
	<filename>frame_3127_jpg.rf.1f3c13e0286889618bcafbeced0272cb.jpg</filename>
	<path>frame_3127_jpg.rf.1f3c13e0286889618bcafbeced0272cb.jpg</path>
	<source>
		<database>roboflow.ai</database>
	</source>
	<size>
		<width>416</width>
		<height>416</height>
		<depth>3</depth>
	</size>
	<segmented>0</segmented>
	<object>
		<name>auto</name>
		<pose>Unspecified</pose>
		<truncated>0</truncated>
		<difficult>0</difficult>
		<occluded>0</occluded>
		<bndbox>
			<xmin>339</xmin>
			<xmax>400</xmax>
			<ymin>260</ymin>
			<ymax>384</ymax>
		</bndbox>
	</object>
</annotation>
