<annotation>
	<folder></folder>
	<filename>frame_3184_jpg.rf.dff01e4f2e94eef704459afb029a2755.jpg</filename>
	<path>frame_3184_jpg.rf.dff01e4f2e94eef704459afb029a2755.jpg</path>
	<source>
		<database>roboflow.ai</database>
	</source>
	<size>
		<width>416</width>
		<height>416</height>
		<depth>3</depth>
	</size>
	<segmented>0</segmented>
	<object>
		<name>motorbike</name>
		<pose>Unspecified</pose>
		<truncated>0</truncated>
		<difficult>0</difficult>
		<occluded>0</occluded>
		<bndbox>
			<xmin>330</xmin>
			<xmax>373</xmax>
			<ymin>258</ymin>
			<ymax>372</ymax>
		</bndbox>
	</object>
</annotation>
