<annotation>
	<folder></folder>
	<filename>frame_3144_jpg.rf.38cd08f4330a120b9811c69439934148.jpg</filename>
	<path>frame_3144_jpg.rf.38cd08f4330a120b9811c69439934148.jpg</path>
	<source>
		<database>roboflow.ai</database>
	</source>
	<size>
		<width>416</width>
		<height>416</height>
		<depth>3</depth>
	</size>
	<segmented>0</segmented>
	<object>
		<name>motorbike</name>
		<pose>Unspecified</pose>
		<truncated>0</truncated>
		<difficult>0</difficult>
		<occluded>0</occluded>
		<bndbox>
			<xmin>225</xmin>
			<xmax>280</xmax>
			<ymin>288</ymin>
			<ymax>412</ymax>
		</bndbox>
	</object>
	<object>
		<name>motorbike</name>
		<pose>Unspecified</pose>
		<truncated>0</truncated>
		<difficult>0</difficult>
		<occluded>0</occluded>
		<bndbox>
			<xmin>266</xmin>
			<xmax>312</xmax>
			<ymin>215</ymin>
			<ymax>327</ymax>
		</bndbox>
	</object>
</annotation>
