<annotation>
	<folder></folder>
	<filename>frame_3121_jpg.rf.259fdd3a991d6c6d4156270877d9f34a.jpg</filename>
	<path>frame_3121_jpg.rf.259fdd3a991d6c6d4156270877d9f34a.jpg</path>
	<source>
		<database>roboflow.ai</database>
	</source>
	<size>
		<width>416</width>
		<height>416</height>
		<depth>3</depth>
	</size>
	<segmented>0</segmented>
	<object>
		<name>auto</name>
		<pose>Unspecified</pose>
		<truncated>0</truncated>
		<difficult>0</difficult>
		<occluded>0</occluded>
		<bndbox>
			<xmin>5</xmin>
			<xmax>78</xmax>
			<ymin>270</ymin>
			<ymax>414</ymax>
		</bndbox>
	</object>
</annotation>
