<annotation>
	<folder></folder>
	<filename>frame_3157_jpg.rf.c2cd7a8641d70f9f8c8f8e083cddd88d.jpg</filename>
	<path>frame_3157_jpg.rf.c2cd7a8641d70f9f8c8f8e083cddd88d.jpg</path>
	<source>
		<database>roboflow.ai</database>
	</source>
	<size>
		<width>416</width>
		<height>416</height>
		<depth>3</depth>
	</size>
	<segmented>0</segmented>
	<object>
		<name>bicycle</name>
		<pose>Unspecified</pose>
		<truncated>0</truncated>
		<difficult>0</difficult>
		<occluded>0</occluded>
		<bndbox>
			<xmin>12</xmin>
			<xmax>60</xmax>
			<ymin>221</ymin>
			<ymax>355</ymax>
		</bndbox>
	</object>
</annotation>
