<annotation>
	<folder></folder>
	<filename>frame_3168_jpg.rf.5c0a1f12c0ed8d75d7a7e47add84cb69.jpg</filename>
	<path>frame_3168_jpg.rf.5c0a1f12c0ed8d75d7a7e47add84cb69.jpg</path>
	<source>
		<database>roboflow.ai</database>
	</source>
	<size>
		<width>416</width>
		<height>416</height>
		<depth>3</depth>
	</size>
	<segmented>0</segmented>
	<object>
		<name>auto</name>
		<pose>Unspecified</pose>
		<truncated>0</truncated>
		<difficult>0</difficult>
		<occluded>0</occluded>
		<bndbox>
			<xmin>67</xmin>
			<xmax>166</xmax>
			<ymin>165</ymin>
			<ymax>287</ymax>
		</bndbox>
	</object>
	<object>
		<name>bicycle</name>
		<pose>Unspecified</pose>
		<truncated>0</truncated>
		<difficult>0</difficult>
		<occluded>0</occluded>
		<bndbox>
			<xmin>38</xmin>
			<xmax>100</xmax>
			<ymin>155</ymin>
			<ymax>259</ymax>
		</bndbox>
	</object>
</annotation>
