<annotation>
	<folder></folder>
	<filename>frame_3118_jpg.rf.be96b6199dba599b6fe8ef30fad05f7a.jpg</filename>
	<path>frame_3118_jpg.rf.be96b6199dba599b6fe8ef30fad05f7a.jpg</path>
	<source>
		<database>roboflow.ai</database>
	</source>
	<size>
		<width>416</width>
		<height>416</height>
		<depth>3</depth>
	</size>
	<segmented>0</segmented>
	<object>
		<name>auto</name>
		<pose>Unspecified</pose>
		<truncated>0</truncated>
		<difficult>0</difficult>
		<occluded>0</occluded>
		<bndbox>
			<xmin>0</xmin>
			<xmax>62</xmax>
			<ymin>262</ymin>
			<ymax>391</ymax>
		</bndbox>
	</object>
</annotation>
