<annotation>
	<folder></folder>
	<filename>frame_3174_jpg.rf.878a57f1b1366dcdb0fa4679e517157a.jpg</filename>
	<path>frame_3174_jpg.rf.878a57f1b1366dcdb0fa4679e517157a.jpg</path>
	<source>
		<database>roboflow.ai</database>
	</source>
	<size>
		<width>416</width>
		<height>416</height>
		<depth>3</depth>
	</size>
	<segmented>0</segmented>
	<object>
		<name>bicycle</name>
		<pose>Unspecified</pose>
		<truncated>0</truncated>
		<difficult>0</difficult>
		<occluded>0</occluded>
		<bndbox>
			<xmin>46</xmin>
			<xmax>95</xmax>
			<ymin>149</ymin>
			<ymax>276</ymax>
		</bndbox>
	</object>
</annotation>
