<annotation>
	<folder></folder>
	<filename>frame_3175_jpg.rf.b0e3f6c361e5746e46442285cbc92def.jpg</filename>
	<path>frame_3175_jpg.rf.b0e3f6c361e5746e46442285cbc92def.jpg</path>
	<source>
		<database>roboflow.ai</database>
	</source>
	<size>
		<width>416</width>
		<height>416</height>
		<depth>3</depth>
	</size>
	<segmented>0</segmented>
	<object>
		<name>motorbike</name>
		<pose>Unspecified</pose>
		<truncated>0</truncated>
		<difficult>0</difficult>
		<occluded>0</occluded>
		<bndbox>
			<xmin>225</xmin>
			<xmax>276</xmax>
			<ymin>280</ymin>
			<ymax>404</ymax>
		</bndbox>
	</object>
</annotation>
