<annotation>
	<folder></folder>
	<filename>frame_3182_jpg.rf.a9d488a13ce2c9678556f371a17ee389.jpg</filename>
	<path>frame_3182_jpg.rf.a9d488a13ce2c9678556f371a17ee389.jpg</path>
	<source>
		<database>roboflow.ai</database>
	</source>
	<size>
		<width>416</width>
		<height>416</height>
		<depth>3</depth>
	</size>
	<segmented>0</segmented>
	<object>
		<name>motorbike</name>
		<pose>Unspecified</pose>
		<truncated>0</truncated>
		<difficult>0</difficult>
		<occluded>0</occluded>
		<bndbox>
			<xmin>64</xmin>
			<xmax>112</xmax>
			<ymin>225</ymin>
			<ymax>358</ymax>
		</bndbox>
	</object>
</annotation>
