<annotation>
	<folder></folder>
	<filename>frame_3145_jpg.rf.f94620b06a2a61a606867d9283f0630b.jpg</filename>
	<path>frame_3145_jpg.rf.f94620b06a2a61a606867d9283f0630b.jpg</path>
	<source>
		<database>roboflow.ai</database>
	</source>
	<size>
		<width>416</width>
		<height>416</height>
		<depth>3</depth>
	</size>
	<segmented>0</segmented>
	<object>
		<name>bicycle</name>
		<pose>Unspecified</pose>
		<truncated>0</truncated>
		<difficult>0</difficult>
		<occluded>0</occluded>
		<bndbox>
			<xmin>346</xmin>
			<xmax>379</xmax>
			<ymin>263</ymin>
			<ymax>386</ymax>
		</bndbox>
	</object>
	<object>
		<name>bicycle</name>
		<pose>Unspecified</pose>
		<truncated>0</truncated>
		<difficult>0</difficult>
		<occluded>0</occluded>
		<bndbox>
			<xmin>367</xmin>
			<xmax>400</xmax>
			<ymin>244</ymin>
			<ymax>367</ymax>
		</bndbox>
	</object>
	<object>
		<name>motorbike</name>
		<pose>Unspecified</pose>
		<truncated>0</truncated>
		<difficult>0</difficult>
		<occluded>0</occluded>
		<bndbox>
			<xmin>282</xmin>
			<xmax>315</xmax>
			<ymin>214</ymin>
			<ymax>298</ymax>
		</bndbox>
	</object>
</annotation>
