<annotation>
	<folder></folder>
	<filename>frame_3158_jpg.rf.f05900ba39eeaa17b22c817a0503b48d.jpg</filename>
	<path>frame_3158_jpg.rf.f05900ba39eeaa17b22c817a0503b48d.jpg</path>
	<source>
		<database>roboflow.ai</database>
	</source>
	<size>
		<width>416</width>
		<height>416</height>
		<depth>3</depth>
	</size>
	<segmented>0</segmented>
	<object>
		<name>motorbike</name>
		<pose>Unspecified</pose>
		<truncated>0</truncated>
		<difficult>0</difficult>
		<occluded>0</occluded>
		<bndbox>
			<xmin>101</xmin>
			<xmax>166</xmax>
			<ymin>274</ymin>
			<ymax>374</ymax>
		</bndbox>
	</object>
	<object>
		<name>motorbike</name>
		<pose>Unspecified</pose>
		<truncated>0</truncated>
		<difficult>0</difficult>
		<occluded>0</occluded>
		<bndbox>
			<xmin>86</xmin>
			<xmax>151</xmax>
			<ymin>228</ymin>
			<ymax>328</ymax>
		</bndbox>
	</object>
</annotation>
