<annotation>
	<folder></folder>
	<filename>frame_3197_jpg.rf.42b18e2bd2584e4a59d034b1c2989368.jpg</filename>
	<path>frame_3197_jpg.rf.42b18e2bd2584e4a59d034b1c2989368.jpg</path>
	<source>
		<database>roboflow.ai</database>
	</source>
	<size>
		<width>416</width>
		<height>416</height>
		<depth>3</depth>
	</size>
	<segmented>0</segmented>
	<object>
		<name>motorbike</name>
		<pose>Unspecified</pose>
		<truncated>0</truncated>
		<difficult>0</difficult>
		<occluded>0</occluded>
		<bndbox>
			<xmin>265</xmin>
			<xmax>310</xmax>
			<ymin>270</ymin>
			<ymax>415</ymax>
		</bndbox>
	</object>
</annotation>
