<annotation>
	<folder></folder>
	<filename>frame_3128_jpg.rf.ea5c2d4f56af0f1e2e0945c0c3514879.jpg</filename>
	<path>frame_3128_jpg.rf.ea5c2d4f56af0f1e2e0945c0c3514879.jpg</path>
	<source>
		<database>roboflow.ai</database>
	</source>
	<size>
		<width>416</width>
		<height>416</height>
		<depth>3</depth>
	</size>
	<segmented>0</segmented>
	<object>
		<name>auto</name>
		<pose>Unspecified</pose>
		<truncated>0</truncated>
		<difficult>0</difficult>
		<occluded>0</occluded>
		<bndbox>
			<xmin>33</xmin>
			<xmax>101</xmax>
			<ymin>285</ymin>
			<ymax>410</ymax>
		</bndbox>
	</object>
	<object>
		<name>car</name>
		<pose>Unspecified</pose>
		<truncated>0</truncated>
		<difficult>0</difficult>
		<occluded>0</occluded>
		<bndbox>
			<xmin>138</xmin>
			<xmax>222</xmax>
			<ymin>231</ymin>
			<ymax>368</ymax>
		</bndbox>
	</object>
</annotation>
