<annotation>
	<folder></folder>
	<filename>frame_3124_jpg.rf.acccd2cb17f6c27af41b0827d1b13bb3.jpg</filename>
	<path>frame_3124_jpg.rf.acccd2cb17f6c27af41b0827d1b13bb3.jpg</path>
	<source>
		<database>roboflow.ai</database>
	</source>
	<size>
		<width>416</width>
		<height>416</height>
		<depth>3</depth>
	</size>
	<segmented>0</segmented>
	<object>
		<name>auto</name>
		<pose>Unspecified</pose>
		<truncated>0</truncated>
		<difficult>0</difficult>
		<occluded>0</occluded>
		<bndbox>
			<xmin>294</xmin>
			<xmax>366</xmax>
			<ymin>252</ymin>
			<ymax>390</ymax>
		</bndbox>
	</object>
	<object>
		<name>motorbike</name>
		<pose>Unspecified</pose>
		<truncated>0</truncated>
		<difficult>0</difficult>
		<occluded>0</occluded>
		<bndbox>
			<xmin>238</xmin>
			<xmax>285</xmax>
			<ymin>243</ymin>
			<ymax>350</ymax>
		</bndbox>
	</object>
</annotation>
