<annotation>
	<folder></folder>
	<filename>frame_3195_jpg.rf.ecaadbc39751de67b746d237e4e48572.jpg</filename>
	<path>frame_3195_jpg.rf.ecaadbc39751de67b746d237e4e48572.jpg</path>
	<source>
		<database>roboflow.ai</database>
	</source>
	<size>
		<width>416</width>
		<height>416</height>
		<depth>3</depth>
	</size>
	<segmented>0</segmented>
	<object>
		<name>car</name>
		<pose>Unspecified</pose>
		<truncated>0</truncated>
		<difficult>0</difficult>
		<occluded>0</occluded>
		<bndbox>
			<xmin>216</xmin>
			<xmax>280</xmax>
			<ymin>180</ymin>
			<ymax>296</ymax>
		</bndbox>
	</object>
	<object>
		<name>motorbike</name>
		<pose>Unspecified</pose>
		<truncated>0</truncated>
		<difficult>0</difficult>
		<occluded>0</occluded>
		<bndbox>
			<xmin>295</xmin>
			<xmax>340</xmax>
			<ymin>227</ymin>
			<ymax>349</ymax>
		</bndbox>
	</object>
</annotation>
