<annotation>
	<folder></folder>
	<filename>frame_3148_jpg.rf.286ad730e4a6071bf8d6968adc7502c8.jpg</filename>
	<path>frame_3148_jpg.rf.286ad730e4a6071bf8d6968adc7502c8.jpg</path>
	<source>
		<database>roboflow.ai</database>
	</source>
	<size>
		<width>416</width>
		<height>416</height>
		<depth>3</depth>
	</size>
	<segmented>0</segmented>
	<object>
		<name>motorbike</name>
		<pose>Unspecified</pose>
		<truncated>0</truncated>
		<difficult>0</difficult>
		<occluded>0</occluded>
		<bndbox>
			<xmin>135</xmin>
			<xmax>174</xmax>
			<ymin>203</ymin>
			<ymax>290</ymax>
		</bndbox>
	</object>
	<object>
		<name>motorbike</name>
		<pose>Unspecified</pose>
		<truncated>0</truncated>
		<difficult>0</difficult>
		<occluded>0</occluded>
		<bndbox>
			<xmin>103</xmin>
			<xmax>142</xmax>
			<ymin>241</ymin>
			<ymax>328</ymax>
		</bndbox>
	</object>
</annotation>
