<annotation>
	<folder></folder>
	<filename>frame_3164_jpg.rf.4e5bbc20c88aeee1ad6e397ca18c4aaa.jpg</filename>
	<path>frame_3164_jpg.rf.4e5bbc20c88aeee1ad6e397ca18c4aaa.jpg</path>
	<source>
		<database>roboflow.ai</database>
	</source>
	<size>
		<width>416</width>
		<height>416</height>
		<depth>3</depth>
	</size>
	<segmented>0</segmented>
	<object>
		<name>motorbike</name>
		<pose>Unspecified</pose>
		<truncated>0</truncated>
		<difficult>0</difficult>
		<occluded>0</occluded>
		<bndbox>
			<xmin>275</xmin>
			<xmax>326</xmax>
			<ymin>192</ymin>
			<ymax>307</ymax>
		</bndbox>
	</object>
	<object>
		<name>motorbike</name>
		<pose>Unspecified</pose>
		<truncated>0</truncated>
		<difficult>0</difficult>
		<occluded>0</occluded>
		<bndbox>
			<xmin>298</xmin>
			<xmax>349</xmax>
			<ymin>232</ymin>
			<ymax>347</ymax>
		</bndbox>
	</object>
	<object>
		<name>bicycle</name>
		<pose>Unspecified</pose>
		<truncated>0</truncated>
		<difficult>0</difficult>
		<occluded>0</occluded>
		<bndbox>
			<xmin>333</xmin>
			<xmax>377</xmax>
			<ymin>162</ymin>
			<ymax>279</ymax>
		</bndbox>
	</object>
</annotation>
