<annotation>
	<folder></folder>
	<filename>frame_3212_jpg.rf.60c6a78773a08e9dcbc782e3e40f2b71.jpg</filename>
	<path>frame_3212_jpg.rf.60c6a78773a08e9dcbc782e3e40f2b71.jpg</path>
	<source>
		<database>roboflow.ai</database>
	</source>
	<size>
		<width>416</width>
		<height>416</height>
		<depth>3</depth>
	</size>
	<segmented>0</segmented>
	<object>
		<name>car</name>
		<pose>Unspecified</pose>
		<truncated>0</truncated>
		<difficult>0</difficult>
		<occluded>0</occluded>
		<bndbox>
			<xmin>166</xmin>
			<xmax>259</xmax>
			<ymin>132</ymin>
			<ymax>244</ymax>
		</bndbox>
	</object>
</annotation>
