<annotation>
	<folder></folder>
	<filename>frame_3175_jpg.rf.8bfe9fa2704f7404a0572c8caaf714e9.jpg</filename>
	<path>frame_3175_jpg.rf.8bfe9fa2704f7404a0572c8caaf714e9.jpg</path>
	<source>
		<database>roboflow.ai</database>
	</source>
	<size>
		<width>416</width>
		<height>416</height>
		<depth>3</depth>
	</size>
	<segmented>0</segmented>
	<object>
		<name>motorbike</name>
		<pose>Unspecified</pose>
		<truncated>0</truncated>
		<difficult>0</difficult>
		<occluded>0</occluded>
		<bndbox>
			<xmin>198</xmin>
			<xmax>246</xmax>
			<ymin>286</ymin>
			<ymax>406</ymax>
		</bndbox>
	</object>
</annotation>
