<annotation>
	<folder></folder>
	<filename>frame_3179_jpg.rf.a4df627fde0052ee87be94c7547b7c18.jpg</filename>
	<path>frame_3179_jpg.rf.a4df627fde0052ee87be94c7547b7c18.jpg</path>
	<source>
		<database>roboflow.ai</database>
	</source>
	<size>
		<width>416</width>
		<height>416</height>
		<depth>3</depth>
	</size>
	<segmented>0</segmented>
	<object>
		<name>bus</name>
		<pose>Unspecified</pose>
		<truncated>0</truncated>
		<difficult>0</difficult>
		<occluded>0</occluded>
		<bndbox>
			<xmin>82</xmin>
			<xmax>248</xmax>
			<ymin>121</ymin>
			<ymax>415</ymax>
		</bndbox>
	</object>
	<object>
		<name>bicycle</name>
		<pose>Unspecified</pose>
		<truncated>0</truncated>
		<difficult>0</difficult>
		<occluded>0</occluded>
		<bndbox>
			<xmin>37</xmin>
			<xmax>75</xmax>
			<ymin>224</ymin>
			<ymax>334</ymax>
		</bndbox>
	</object>
</annotation>
