<annotation>
	<folder></folder>
	<filename>frame_3133_jpg.rf.0634755c3066cd8858d411b97648fb3a.jpg</filename>
	<path>frame_3133_jpg.rf.0634755c3066cd8858d411b97648fb3a.jpg</path>
	<source>
		<database>roboflow.ai</database>
	</source>
	<size>
		<width>416</width>
		<height>416</height>
		<depth>3</depth>
	</size>
	<segmented>0</segmented>
	<object>
		<name>auto</name>
		<pose>Unspecified</pose>
		<truncated>0</truncated>
		<difficult>0</difficult>
		<occluded>0</occluded>
		<bndbox>
			<xmin>342</xmin>
			<xmax>415</xmax>
			<ymin>241</ymin>
			<ymax>399</ymax>
		</bndbox>
	</object>
</annotation>
