<annotation>
	<folder></folder>
	<filename>frame_3195_jpg.rf.9b73a4f5d58e807f3562cdd46bec3243.jpg</filename>
	<path>frame_3195_jpg.rf.9b73a4f5d58e807f3562cdd46bec3243.jpg</path>
	<source>
		<database>roboflow.ai</database>
	</source>
	<size>
		<width>416</width>
		<height>416</height>
		<depth>3</depth>
	</size>
	<segmented>0</segmented>
	<object>
		<name>car</name>
		<pose>Unspecified</pose>
		<truncated>0</truncated>
		<difficult>0</difficult>
		<occluded>0</occluded>
		<bndbox>
			<xmin>222</xmin>
			<xmax>274</xmax>
			<ymin>176</ymin>
			<ymax>310</ymax>
		</bndbox>
	</object>
	<object>
		<name>motorbike</name>
		<pose>Unspecified</pose>
		<truncated>0</truncated>
		<difficult>0</difficult>
		<occluded>0</occluded>
		<bndbox>
			<xmin>302</xmin>
			<xmax>335</xmax>
			<ymin>230</ymin>
			<ymax>374</ymax>
		</bndbox>
	</object>
</annotation>
