<annotation>
	<folder></folder>
	<filename>frame_3188_jpg.rf.029a8da4cc32a4c3ed82057ed7dd25a2.jpg</filename>
	<path>frame_3188_jpg.rf.029a8da4cc32a4c3ed82057ed7dd25a2.jpg</path>
	<source>
		<database>roboflow.ai</database>
	</source>
	<size>
		<width>416</width>
		<height>416</height>
		<depth>3</depth>
	</size>
	<segmented>0</segmented>
	<object>
		<name>bicycle</name>
		<pose>Unspecified</pose>
		<truncated>0</truncated>
		<difficult>0</difficult>
		<occluded>0</occluded>
		<bndbox>
			<xmin>300</xmin>
			<xmax>329</xmax>
			<ymin>153</ymin>
			<ymax>246</ymax>
		</bndbox>
	</object>
	<object>
		<name>bicycle</name>
		<pose>Unspecified</pose>
		<truncated>0</truncated>
		<difficult>0</difficult>
		<occluded>0</occluded>
		<bndbox>
			<xmin>321</xmin>
			<xmax>350</xmax>
			<ymin>150</ymin>
			<ymax>243</ymax>
		</bndbox>
	</object>
</annotation>
