<annotation>
	<folder></folder>
	<filename>frame_3165_jpg.rf.fced3d536e97bfcd9225260adaee19e4.jpg</filename>
	<path>frame_3165_jpg.rf.fced3d536e97bfcd9225260adaee19e4.jpg</path>
	<source>
		<database>roboflow.ai</database>
	</source>
	<size>
		<width>416</width>
		<height>416</height>
		<depth>3</depth>
	</size>
	<segmented>0</segmented>
	<object>
		<name>motorbike</name>
		<pose>Unspecified</pose>
		<truncated>0</truncated>
		<difficult>0</difficult>
		<occluded>0</occluded>
		<bndbox>
			<xmin>211</xmin>
			<xmax>238</xmax>
			<ymin>244</ymin>
			<ymax>371</ymax>
		</bndbox>
	</object>
	<object>
		<name>motorbike</name>
		<pose>Unspecified</pose>
		<truncated>0</truncated>
		<difficult>0</difficult>
		<occluded>0</occluded>
		<bndbox>
			<xmin>294</xmin>
			<xmax>321</xmax>
			<ymin>232</ymin>
			<ymax>359</ymax>
		</bndbox>
	</object>
</annotation>
