<annotation>
	<folder></folder>
	<filename>frame_3196_jpg.rf.0597afa5bbc02587d4b0def51193cf6f.jpg</filename>
	<path>frame_3196_jpg.rf.0597afa5bbc02587d4b0def51193cf6f.jpg</path>
	<source>
		<database>roboflow.ai</database>
	</source>
	<size>
		<width>416</width>
		<height>416</height>
		<depth>3</depth>
	</size>
	<segmented>0</segmented>
	<object>
		<name>motorbike</name>
		<pose>Unspecified</pose>
		<truncated>0</truncated>
		<difficult>0</difficult>
		<occluded>0</occluded>
		<bndbox>
			<xmin>125</xmin>
			<xmax>153</xmax>
			<ymin>205</ymin>
			<ymax>322</ymax>
		</bndbox>
	</object>
	<object>
		<name>motorbike</name>
		<pose>Unspecified</pose>
		<truncated>0</truncated>
		<difficult>0</difficult>
		<occluded>0</occluded>
		<bndbox>
			<xmin>141</xmin>
			<xmax>169</xmax>
			<ymin>170</ymin>
			<ymax>287</ymax>
		</bndbox>
	</object>
</annotation>
