<annotation>
	<folder></folder>
	<filename>frame_3165_jpg.rf.86ded41934dc7ae0a9dfd16a968ccc1c.jpg</filename>
	<path>frame_3165_jpg.rf.86ded41934dc7ae0a9dfd16a968ccc1c.jpg</path>
	<source>
		<database>roboflow.ai</database>
	</source>
	<size>
		<width>416</width>
		<height>416</height>
		<depth>3</depth>
	</size>
	<segmented>0</segmented>
	<object>
		<name>motorbike</name>
		<pose>Unspecified</pose>
		<truncated>0</truncated>
		<difficult>0</difficult>
		<occluded>0</occluded>
		<bndbox>
			<xmin>171</xmin>
			<xmax>205</xmax>
			<ymin>245</ymin>
			<ymax>365</ymax>
		</bndbox>
	</object>
	<object>
		<name>motorbike</name>
		<pose>Unspecified</pose>
		<truncated>0</truncated>
		<difficult>0</difficult>
		<occluded>0</occluded>
		<bndbox>
			<xmin>90</xmin>
			<xmax>124</xmax>
			<ymin>221</ymin>
			<ymax>341</ymax>
		</bndbox>
	</object>
</annotation>
