<annotation>
	<folder></folder>
	<filename>frame_3106_jpg.rf.0674286156f6c0c3e43113aca1517cdd.jpg</filename>
	<path>frame_3106_jpg.rf.0674286156f6c0c3e43113aca1517cdd.jpg</path>
	<source>
		<database>roboflow.ai</database>
	</source>
	<size>
		<width>416</width>
		<height>416</height>
		<depth>3</depth>
	</size>
	<segmented>0</segmented>
	<object>
		<name>auto</name>
		<pose>Unspecified</pose>
		<truncated>0</truncated>
		<difficult>0</difficult>
		<occluded>0</occluded>
		<bndbox>
			<xmin>33</xmin>
			<xmax>100</xmax>
			<ymin>234</ymin>
			<ymax>394</ymax>
		</bndbox>
	</object>
</annotation>
