<annotation>
	<folder></folder>
	<filename>frame_3133_jpg.rf.93cc42d1609ad7b80e1c40020079b533.jpg</filename>
	<path>frame_3133_jpg.rf.93cc42d1609ad7b80e1c40020079b533.jpg</path>
	<source>
		<database>roboflow.ai</database>
	</source>
	<size>
		<width>416</width>
		<height>416</height>
		<depth>3</depth>
	</size>
	<segmented>0</segmented>
	<object>
		<name>auto</name>
		<pose>Unspecified</pose>
		<truncated>0</truncated>
		<difficult>0</difficult>
		<occluded>0</occluded>
		<bndbox>
			<xmin>286</xmin>
			<xmax>375</xmax>
			<ymin>250</ymin>
			<ymax>398</ymax>
		</bndbox>
	</object>
</annotation>
