<annotation>
	<folder></folder>
	<filename>frame_3133_jpg.rf.c0a5f2c53e81894d36a2df14694e61c9.jpg</filename>
	<path>frame_3133_jpg.rf.c0a5f2c53e81894d36a2df14694e61c9.jpg</path>
	<source>
		<database>roboflow.ai</database>
	</source>
	<size>
		<width>416</width>
		<height>416</height>
		<depth>3</depth>
	</size>
	<segmented>0</segmented>
	<object>
		<name>auto</name>
		<pose>Unspecified</pose>
		<truncated>0</truncated>
		<difficult>0</difficult>
		<occluded>0</occluded>
		<bndbox>
			<xmin>1</xmin>
			<xmax>104</xmax>
			<ymin>277</ymin>
			<ymax>415</ymax>
		</bndbox>
	</object>
</annotation>
