<annotation>
	<folder></folder>
	<filename>frame_3128_jpg.rf.2e44a763ab2f0ea334ef367033cf3436.jpg</filename>
	<path>frame_3128_jpg.rf.2e44a763ab2f0ea334ef367033cf3436.jpg</path>
	<source>
		<database>roboflow.ai</database>
	</source>
	<size>
		<width>416</width>
		<height>416</height>
		<depth>3</depth>
	</size>
	<segmented>0</segmented>
	<object>
		<name>auto</name>
		<pose>Unspecified</pose>
		<truncated>0</truncated>
		<difficult>0</difficult>
		<occluded>0</occluded>
		<bndbox>
			<xmin>5</xmin>
			<xmax>82</xmax>
			<ymin>175</ymin>
			<ymax>315</ymax>
		</bndbox>
	</object>
	<object>
		<name>car</name>
		<pose>Unspecified</pose>
		<truncated>0</truncated>
		<difficult>0</difficult>
		<occluded>0</occluded>
		<bndbox>
			<xmin>115</xmin>
			<xmax>209</xmax>
			<ymin>195</ymin>
			<ymax>346</ymax>
		</bndbox>
	</object>
</annotation>
