<annotation>
	<folder></folder>
	<filename>frame_3143_jpg.rf.2328a84aa055c161906a955be919451c.jpg</filename>
	<path>frame_3143_jpg.rf.2328a84aa055c161906a955be919451c.jpg</path>
	<source>
		<database>roboflow.ai</database>
	</source>
	<size>
		<width>416</width>
		<height>416</height>
		<depth>3</depth>
	</size>
	<segmented>0</segmented>
	<object>
		<name>motorbike</name>
		<pose>Unspecified</pose>
		<truncated>0</truncated>
		<difficult>0</difficult>
		<occluded>0</occluded>
		<bndbox>
			<xmin>113</xmin>
			<xmax>154</xmax>
			<ymin>237</ymin>
			<ymax>385</ymax>
		</bndbox>
	</object>
</annotation>
