<annotation>
	<folder></folder>
	<filename>frame_3117_jpg.rf.2b215f731ce96d6051d2321bdb26fdaa.jpg</filename>
	<path>frame_3117_jpg.rf.2b215f731ce96d6051d2321bdb26fdaa.jpg</path>
	<source>
		<database>roboflow.ai</database>
	</source>
	<size>
		<width>416</width>
		<height>416</height>
		<depth>3</depth>
	</size>
	<segmented>0</segmented>
	<object>
		<name>auto</name>
		<pose>Unspecified</pose>
		<truncated>0</truncated>
		<difficult>0</difficult>
		<occluded>0</occluded>
		<bndbox>
			<xmin>4</xmin>
			<xmax>90</xmax>
			<ymin>158</ymin>
			<ymax>316</ymax>
		</bndbox>
	</object>
</annotation>
