<annotation>
	<folder></folder>
	<filename>frame_3117_jpg.rf.cf82e27472c3d221f72a08aab1745435.jpg</filename>
	<path>frame_3117_jpg.rf.cf82e27472c3d221f72a08aab1745435.jpg</path>
	<source>
		<database>roboflow.ai</database>
	</source>
	<size>
		<width>416</width>
		<height>416</height>
		<depth>3</depth>
	</size>
	<segmented>0</segmented>
	<object>
		<name>auto</name>
		<pose>Unspecified</pose>
		<truncated>0</truncated>
		<difficult>0</difficult>
		<occluded>0</occluded>
		<bndbox>
			<xmin>37</xmin>
			<xmax>113</xmax>
			<ymin>251</ymin>
			<ymax>381</ymax>
		</bndbox>
	</object>
</annotation>
