<annotation>
	<folder></folder>
	<filename>frame_3129_jpg.rf.479132908df540a549961e4ece83ba9c.jpg</filename>
	<path>frame_3129_jpg.rf.479132908df540a549961e4ece83ba9c.jpg</path>
	<source>
		<database>roboflow.ai</database>
	</source>
	<size>
		<width>416</width>
		<height>416</height>
		<depth>3</depth>
	</size>
	<segmented>0</segmented>
	<object>
		<name>motorbike</name>
		<pose>Unspecified</pose>
		<truncated>0</truncated>
		<difficult>0</difficult>
		<occluded>0</occluded>
		<bndbox>
			<xmin>126</xmin>
			<xmax>184</xmax>
			<ymin>271</ymin>
			<ymax>380</ymax>
		</bndbox>
	</object>
	<object>
		<name>auto</name>
		<pose>Unspecified</pose>
		<truncated>0</truncated>
		<difficult>0</difficult>
		<occluded>0</occluded>
		<bndbox>
			<xmin>49</xmin>
			<xmax>119</xmax>
			<ymin>260</ymin>
			<ymax>384</ymax>
		</bndbox>
	</object>
</annotation>
