<annotation>
	<folder></folder>
	<filename>frame_3103_jpg.rf.0a2f8a9cb8d4ddab0ae8bed61e53615b.jpg</filename>
	<path>frame_3103_jpg.rf.0a2f8a9cb8d4ddab0ae8bed61e53615b.jpg</path>
	<source>
		<database>roboflow.ai</database>
	</source>
	<size>
		<width>416</width>
		<height>416</height>
		<depth>3</depth>
	</size>
	<segmented>0</segmented>
	<object>
		<name>auto</name>
		<pose>Unspecified</pose>
		<truncated>0</truncated>
		<difficult>0</difficult>
		<occluded>0</occluded>
		<bndbox>
			<xmin>321</xmin>
			<xmax>410</xmax>
			<ymin>293</ymin>
			<ymax>415</ymax>
		</bndbox>
	</object>
</annotation>
