<annotation>
	<folder></folder>
	<filename>frame_3118_jpg.rf.2007a7a8514c325c6d700a7d4bca9cb1.jpg</filename>
	<path>frame_3118_jpg.rf.2007a7a8514c325c6d700a7d4bca9cb1.jpg</path>
	<source>
		<database>roboflow.ai</database>
	</source>
	<size>
		<width>416</width>
		<height>416</height>
		<depth>3</depth>
	</size>
	<segmented>0</segmented>
	<object>
		<name>auto</name>
		<pose>Unspecified</pose>
		<truncated>0</truncated>
		<difficult>0</difficult>
		<occluded>0</occluded>
		<bndbox>
			<xmin>337</xmin>
			<xmax>407</xmax>
			<ymin>280</ymin>
			<ymax>409</ymax>
		</bndbox>
	</object>
</annotation>
