<annotation>
	<folder></folder>
	<filename>frame_3116_jpg.rf.dce7838f83f9d13cfbc56563b601206d.jpg</filename>
	<path>frame_3116_jpg.rf.dce7838f83f9d13cfbc56563b601206d.jpg</path>
	<source>
		<database>roboflow.ai</database>
	</source>
	<size>
		<width>416</width>
		<height>416</height>
		<depth>3</depth>
	</size>
	<segmented>0</segmented>
	<object>
		<name>auto</name>
		<pose>Unspecified</pose>
		<truncated>0</truncated>
		<difficult>0</difficult>
		<occluded>0</occluded>
		<bndbox>
			<xmin>17</xmin>
			<xmax>82</xmax>
			<ymin>259</ymin>
			<ymax>407</ymax>
		</bndbox>
	</object>
</annotation>
