<annotation>
	<folder></folder>
	<filename>frame_3190_jpg.rf.43bff8a878159955a45425e6f7be13c7.jpg</filename>
	<path>frame_3190_jpg.rf.43bff8a878159955a45425e6f7be13c7.jpg</path>
	<source>
		<database>roboflow.ai</database>
	</source>
	<size>
		<width>416</width>
		<height>416</height>
		<depth>3</depth>
	</size>
	<segmented>0</segmented>
	<object>
		<name>bicycle</name>
		<pose>Unspecified</pose>
		<truncated>0</truncated>
		<difficult>0</difficult>
		<occluded>0</occluded>
		<bndbox>
			<xmin>352</xmin>
			<xmax>379</xmax>
			<ymin>270</ymin>
			<ymax>387</ymax>
		</bndbox>
	</object>
	<object>
		<name>bicycle</name>
		<pose>Unspecified</pose>
		<truncated>0</truncated>
		<difficult>0</difficult>
		<occluded>0</occluded>
		<bndbox>
			<xmin>298</xmin>
			<xmax>325</xmax>
			<ymin>181</ymin>
			<ymax>298</ymax>
		</bndbox>
	</object>
</annotation>
