<annotation>
	<folder></folder>
	<filename>frame_3123_jpg.rf.b773a789c362e6906497fbc43b706563.jpg</filename>
	<path>frame_3123_jpg.rf.b773a789c362e6906497fbc43b706563.jpg</path>
	<source>
		<database>roboflow.ai</database>
	</source>
	<size>
		<width>416</width>
		<height>416</height>
		<depth>3</depth>
	</size>
	<segmented>0</segmented>
	<object>
		<name>auto</name>
		<pose>Unspecified</pose>
		<truncated>0</truncated>
		<difficult>0</difficult>
		<occluded>0</occluded>
		<bndbox>
			<xmin>311</xmin>
			<xmax>392</xmax>
			<ymin>276</ymin>
			<ymax>412</ymax>
		</bndbox>
	</object>
</annotation>
