<annotation>
	<folder></folder>
	<filename>frame_3125_jpg.rf.5bb4fe36377b0a97c36c83da81a73447.jpg</filename>
	<path>frame_3125_jpg.rf.5bb4fe36377b0a97c36c83da81a73447.jpg</path>
	<source>
		<database>roboflow.ai</database>
	</source>
	<size>
		<width>416</width>
		<height>416</height>
		<depth>3</depth>
	</size>
	<segmented>0</segmented>
	<object>
		<name>auto</name>
		<pose>Unspecified</pose>
		<truncated>0</truncated>
		<difficult>0</difficult>
		<occluded>0</occluded>
		<bndbox>
			<xmin>22</xmin>
			<xmax>97</xmax>
			<ymin>208</ymin>
			<ymax>340</ymax>
		</bndbox>
	</object>
	<object>
		<name>car</name>
		<pose>Unspecified</pose>
		<truncated>0</truncated>
		<difficult>0</difficult>
		<occluded>0</occluded>
		<bndbox>
			<xmin>136</xmin>
			<xmax>202</xmax>
			<ymin>168</ymin>
			<ymax>283</ymax>
		</bndbox>
	</object>
</annotation>
