<annotation>
	<folder></folder>
	<filename>frame_3109_jpg.rf.b428532ba2701621ca3271c99c304f1c.jpg</filename>
	<path>frame_3109_jpg.rf.b428532ba2701621ca3271c99c304f1c.jpg</path>
	<source>
		<database>roboflow.ai</database>
	</source>
	<size>
		<width>416</width>
		<height>416</height>
		<depth>3</depth>
	</size>
	<segmented>0</segmented>
	<object>
		<name>motorbike</name>
		<pose>Unspecified</pose>
		<truncated>0</truncated>
		<difficult>0</difficult>
		<occluded>0</occluded>
		<bndbox>
			<xmin>51</xmin>
			<xmax>113</xmax>
			<ymin>265</ymin>
			<ymax>378</ymax>
		</bndbox>
	</object>
	<object>
		<name>auto</name>
		<pose>Unspecified</pose>
		<truncated>0</truncated>
		<difficult>0</difficult>
		<occluded>0</occluded>
		<bndbox>
			<xmin>0</xmin>
			<xmax>58</xmax>
			<ymin>227</ymin>
			<ymax>344</ymax>
		</bndbox>
	</object>
</annotation>
