<annotation>
	<folder></folder>
	<filename>frame_3179_jpg.rf.7d907420174b9b121199d7ab57ab4766.jpg</filename>
	<path>frame_3179_jpg.rf.7d907420174b9b121199d7ab57ab4766.jpg</path>
	<source>
		<database>roboflow.ai</database>
	</source>
	<size>
		<width>416</width>
		<height>416</height>
		<depth>3</depth>
	</size>
	<segmented>0</segmented>
	<object>
		<name>bus</name>
		<pose>Unspecified</pose>
		<truncated>0</truncated>
		<difficult>0</difficult>
		<occluded>0</occluded>
		<bndbox>
			<xmin>184</xmin>
			<xmax>375</xmax>
			<ymin>104</ymin>
			<ymax>415</ymax>
		</bndbox>
	</object>
	<object>
		<name>bicycle</name>
		<pose>Unspecified</pose>
		<truncated>0</truncated>
		<difficult>0</difficult>
		<occluded>0</occluded>
		<bndbox>
			<xmin>367</xmin>
			<xmax>414</xmax>
			<ymin>234</ymin>
			<ymax>359</ymax>
		</bndbox>
	</object>
</annotation>
