<annotation>
	<folder></folder>
	<filename>frame_3103_jpg.rf.31f74e5d50880e9abb1b46624acdc252.jpg</filename>
	<path>frame_3103_jpg.rf.31f74e5d50880e9abb1b46624acdc252.jpg</path>
	<source>
		<database>roboflow.ai</database>
	</source>
	<size>
		<width>416</width>
		<height>416</height>
		<depth>3</depth>
	</size>
	<segmented>0</segmented>
	<object>
		<name>auto</name>
		<pose>Unspecified</pose>
		<truncated>0</truncated>
		<difficult>0</difficult>
		<occluded>0</occluded>
		<bndbox>
			<xmin>43</xmin>
			<xmax>113</xmax>
			<ymin>231</ymin>
			<ymax>374</ymax>
		</bndbox>
	</object>
</annotation>
