<annotation>
	<folder></folder>
	<filename>frame_3166_jpg.rf.fa022101d167ebd889c49629e6e7a5a6.jpg</filename>
	<path>frame_3166_jpg.rf.fa022101d167ebd889c49629e6e7a5a6.jpg</path>
	<source>
		<database>roboflow.ai</database>
	</source>
	<size>
		<width>416</width>
		<height>416</height>
		<depth>3</depth>
	</size>
	<segmented>0</segmented>
	<object>
		<name>motorbike</name>
		<pose>Unspecified</pose>
		<truncated>0</truncated>
		<difficult>0</difficult>
		<occluded>0</occluded>
		<bndbox>
			<xmin>309</xmin>
			<xmax>357</xmax>
			<ymin>225</ymin>
			<ymax>331</ymax>
		</bndbox>
	</object>
	<object>
		<name>auto</name>
		<pose>Unspecified</pose>
		<truncated>0</truncated>
		<difficult>0</difficult>
		<occluded>0</occluded>
		<bndbox>
			<xmin>260</xmin>
			<xmax>328</xmax>
			<ymin>154</ymin>
			<ymax>269</ymax>
		</bndbox>
	</object>
</annotation>
