<annotation>
	<folder></folder>
	<filename>frame_3100_jpg.rf.de9e1e6c4c9636ec6ece7e3fe0ee4406.jpg</filename>
	<path>frame_3100_jpg.rf.de9e1e6c4c9636ec6ece7e3fe0ee4406.jpg</path>
	<source>
		<database>roboflow.ai</database>
	</source>
	<size>
		<width>416</width>
		<height>416</height>
		<depth>3</depth>
	</size>
	<segmented>0</segmented>
	<object>
		<name>auto</name>
		<pose>Unspecified</pose>
		<truncated>0</truncated>
		<difficult>0</difficult>
		<occluded>0</occluded>
		<bndbox>
			<xmin>320</xmin>
			<xmax>394</xmax>
			<ymin>284</ymin>
			<ymax>415</ymax>
		</bndbox>
	</object>
</annotation>
