<annotation>
	<folder></folder>
	<filename>frame_3157_jpg.rf.ab193ef29da926823e20a5773cee2379.jpg</filename>
	<path>frame_3157_jpg.rf.ab193ef29da926823e20a5773cee2379.jpg</path>
	<source>
		<database>roboflow.ai</database>
	</source>
	<size>
		<width>416</width>
		<height>416</height>
		<depth>3</depth>
	</size>
	<segmented>0</segmented>
	<object>
		<name>bicycle</name>
		<pose>Unspecified</pose>
		<truncated>0</truncated>
		<difficult>0</difficult>
		<occluded>0</occluded>
		<bndbox>
			<xmin>18</xmin>
			<xmax>73</xmax>
			<ymin>266</ymin>
			<ymax>389</ymax>
		</bndbox>
	</object>
</annotation>
