<annotation>
	<folder></folder>
	<filename>frame_3212_jpg.rf.0dbb8e3d63c996bdb3a704b6dc0eff28.jpg</filename>
	<path>frame_3212_jpg.rf.0dbb8e3d63c996bdb3a704b6dc0eff28.jpg</path>
	<source>
		<database>roboflow.ai</database>
	</source>
	<size>
		<width>416</width>
		<height>416</height>
		<depth>3</depth>
	</size>
	<segmented>0</segmented>
	<object>
		<name>car</name>
		<pose>Unspecified</pose>
		<truncated>0</truncated>
		<difficult>0</difficult>
		<occluded>0</occluded>
		<bndbox>
			<xmin>142</xmin>
			<xmax>256</xmax>
			<ymin>120</ymin>
			<ymax>254</ymax>
		</bndbox>
	</object>
</annotation>
