<annotation>
	<folder></folder>
	<filename>frame_3197_jpg.rf.e41e44dc66ad3fd72f1f8ab233882b1b.jpg</filename>
	<path>frame_3197_jpg.rf.e41e44dc66ad3fd72f1f8ab233882b1b.jpg</path>
	<source>
		<database>roboflow.ai</database>
	</source>
	<size>
		<width>416</width>
		<height>416</height>
		<depth>3</depth>
	</size>
	<segmented>0</segmented>
	<object>
		<name>motorbike</name>
		<pose>Unspecified</pose>
		<truncated>0</truncated>
		<difficult>0</difficult>
		<occluded>0</occluded>
		<bndbox>
			<xmin>103</xmin>
			<xmax>143</xmax>
			<ymin>266</ymin>
			<ymax>409</ymax>
		</bndbox>
	</object>
</annotation>
