<annotation>
	<folder></folder>
	<filename>frame_3182_jpg.rf.c96885e1cfa673a4c22dfddb77051f8e.jpg</filename>
	<path>frame_3182_jpg.rf.c96885e1cfa673a4c22dfddb77051f8e.jpg</path>
	<source>
		<database>roboflow.ai</database>
	</source>
	<size>
		<width>416</width>
		<height>416</height>
		<depth>3</depth>
	</size>
	<segmented>0</segmented>
	<object>
		<name>motorbike</name>
		<pose>Unspecified</pose>
		<truncated>0</truncated>
		<difficult>0</difficult>
		<occluded>0</occluded>
		<bndbox>
			<xmin>104</xmin>
			<xmax>158</xmax>
			<ymin>268</ymin>
			<ymax>392</ymax>
		</bndbox>
	</object>
</annotation>
