<annotation>
	<folder></folder>
	<filename>frame_3120_jpg.rf.b72d0f32633231f0b861a8515df1a8a1.jpg</filename>
	<path>frame_3120_jpg.rf.b72d0f32633231f0b861a8515df1a8a1.jpg</path>
	<source>
		<database>roboflow.ai</database>
	</source>
	<size>
		<width>416</width>
		<height>416</height>
		<depth>3</depth>
	</size>
	<segmented>0</segmented>
	<object>
		<name>auto</name>
		<pose>Unspecified</pose>
		<truncated>0</truncated>
		<difficult>0</difficult>
		<occluded>0</occluded>
		<bndbox>
			<xmin>50</xmin>
			<xmax>134</xmax>
			<ymin>238</ymin>
			<ymax>376</ymax>
		</bndbox>
	</object>
</annotation>
