<annotation>
	<folder></folder>
	<filename>frame_3188_jpg.rf.55c696701b4c231f966b6824bf96b5c7.jpg</filename>
	<path>frame_3188_jpg.rf.55c696701b4c231f966b6824bf96b5c7.jpg</path>
	<source>
		<database>roboflow.ai</database>
	</source>
	<size>
		<width>416</width>
		<height>416</height>
		<depth>3</depth>
	</size>
	<segmented>0</segmented>
	<object>
		<name>bicycle</name>
		<pose>Unspecified</pose>
		<truncated>0</truncated>
		<difficult>0</difficult>
		<occluded>0</occluded>
		<bndbox>
			<xmin>92</xmin>
			<xmax>115</xmax>
			<ymin>160</ymin>
			<ymax>258</ymax>
		</bndbox>
	</object>
	<object>
		<name>bicycle</name>
		<pose>Unspecified</pose>
		<truncated>0</truncated>
		<difficult>0</difficult>
		<occluded>0</occluded>
		<bndbox>
			<xmin>72</xmin>
			<xmax>95</xmax>
			<ymin>159</ymin>
			<ymax>257</ymax>
		</bndbox>
	</object>
</annotation>
