<annotation>
	<folder></folder>
	<filename>frame_3105_jpg.rf.71b7df56510a0258d548b7cfc43cda50.jpg</filename>
	<path>frame_3105_jpg.rf.71b7df56510a0258d548b7cfc43cda50.jpg</path>
	<source>
		<database>roboflow.ai</database>
	</source>
	<size>
		<width>416</width>
		<height>416</height>
		<depth>3</depth>
	</size>
	<segmented>0</segmented>
	<object>
		<name>auto</name>
		<pose>Unspecified</pose>
		<truncated>0</truncated>
		<difficult>0</difficult>
		<occluded>0</occluded>
		<bndbox>
			<xmin>0</xmin>
			<xmax>69</xmax>
			<ymin>148</ymin>
			<ymax>303</ymax>
		</bndbox>
	</object>
</annotation>
