<annotation>
	<folder></folder>
	<filename>frame_3127_jpg.rf.20009a3947749f8d64f551dc6605431d.jpg</filename>
	<path>frame_3127_jpg.rf.20009a3947749f8d64f551dc6605431d.jpg</path>
	<source>
		<database>roboflow.ai</database>
	</source>
	<size>
		<width>416</width>
		<height>416</height>
		<depth>3</depth>
	</size>
	<segmented>0</segmented>
	<object>
		<name>auto</name>
		<pose>Unspecified</pose>
		<truncated>0</truncated>
		<difficult>0</difficult>
		<occluded>0</occluded>
		<bndbox>
			<xmin>25</xmin>
			<xmax>87</xmax>
			<ymin>266</ymin>
			<ymax>394</ymax>
		</bndbox>
	</object>
</annotation>
