<annotation>
	<folder></folder>
	<filename>frame_3160_jpg.rf.6cb6598b9f07eda4f5d3fd98bb44c14e.jpg</filename>
	<path>frame_3160_jpg.rf.6cb6598b9f07eda4f5d3fd98bb44c14e.jpg</path>
	<source>
		<database>roboflow.ai</database>
	</source>
	<size>
		<width>416</width>
		<height>416</height>
		<depth>3</depth>
	</size>
	<segmented>0</segmented>
	<object>
		<name>motorbike</name>
		<pose>Unspecified</pose>
		<truncated>0</truncated>
		<difficult>0</difficult>
		<occluded>0</occluded>
		<bndbox>
			<xmin>0</xmin>
			<xmax>51</xmax>
			<ymin>284</ymin>
			<ymax>410</ymax>
		</bndbox>
	</object>
	<object>
		<name>motorbike</name>
		<pose>Unspecified</pose>
		<truncated>0</truncated>
		<difficult>0</difficult>
		<occluded>0</occluded>
		<bndbox>
			<xmin>82</xmin>
			<xmax>138</xmax>
			<ymin>215</ymin>
			<ymax>340</ymax>
		</bndbox>
	</object>
	<object>
		<name>car</name>
		<pose>Unspecified</pose>
		<truncated>0</truncated>
		<difficult>0</difficult>
		<occluded>0</occluded>
		<bndbox>
			<xmin>74</xmin>
			<xmax>176</xmax>
			<ymin>307</ymin>
			<ymax>415</ymax>
		</bndbox>
	</object>
</annotation>
