<annotation>
	<folder></folder>
	<filename>frame_3140_jpg.rf.41db4a6640f4bfbdcd3c0bc6ab12ab50.jpg</filename>
	<path>frame_3140_jpg.rf.41db4a6640f4bfbdcd3c0bc6ab12ab50.jpg</path>
	<source>
		<database>roboflow.ai</database>
	</source>
	<size>
		<width>416</width>
		<height>416</height>
		<depth>3</depth>
	</size>
	<segmented>0</segmented>
	<object>
		<name>bicycle</name>
		<pose>Unspecified</pose>
		<truncated>0</truncated>
		<difficult>0</difficult>
		<occluded>0</occluded>
		<bndbox>
			<xmin>34</xmin>
			<xmax>69</xmax>
			<ymin>276</ymin>
			<ymax>395</ymax>
		</bndbox>
	</object>
</annotation>
