<annotation>
	<folder></folder>
	<filename>frame_3164_jpg.rf.39a56edf096d70438b36e50d94eb70f2.jpg</filename>
	<path>frame_3164_jpg.rf.39a56edf096d70438b36e50d94eb70f2.jpg</path>
	<source>
		<database>roboflow.ai</database>
	</source>
	<size>
		<width>416</width>
		<height>416</height>
		<depth>3</depth>
	</size>
	<segmented>0</segmented>
	<object>
		<name>motorbike</name>
		<pose>Unspecified</pose>
		<truncated>0</truncated>
		<difficult>0</difficult>
		<occluded>0</occluded>
		<bndbox>
			<xmin>93</xmin>
			<xmax>134</xmax>
			<ymin>224</ymin>
			<ymax>321</ymax>
		</bndbox>
	</object>
	<object>
		<name>motorbike</name>
		<pose>Unspecified</pose>
		<truncated>0</truncated>
		<difficult>0</difficult>
		<occluded>0</occluded>
		<bndbox>
			<xmin>66</xmin>
			<xmax>107</xmax>
			<ymin>270</ymin>
			<ymax>367</ymax>
		</bndbox>
	</object>
	<object>
		<name>bicycle</name>
		<pose>Unspecified</pose>
		<truncated>0</truncated>
		<difficult>0</difficult>
		<occluded>0</occluded>
		<bndbox>
			<xmin>41</xmin>
			<xmax>77</xmax>
			<ymin>206</ymin>
			<ymax>305</ymax>
		</bndbox>
	</object>
</annotation>
