<annotation>
	<folder></folder>
	<filename>frame_3147_jpg.rf.b71325d2093336a09ea72f96ebba4adf.jpg</filename>
	<path>frame_3147_jpg.rf.b71325d2093336a09ea72f96ebba4adf.jpg</path>
	<source>
		<database>roboflow.ai</database>
	</source>
	<size>
		<width>416</width>
		<height>416</height>
		<depth>3</depth>
	</size>
	<segmented>0</segmented>
	<object>
		<name>bicycle</name>
		<pose>Unspecified</pose>
		<truncated>0</truncated>
		<difficult>0</difficult>
		<occluded>0</occluded>
		<bndbox>
			<xmin>46</xmin>
			<xmax>114</xmax>
			<ymin>248</ymin>
			<ymax>366</ymax>
		</bndbox>
	</object>
</annotation>
