<annotation>
	<folder></folder>
	<filename>frame_3129_jpg.rf.38c049e1510364676de503b8584e7e3c.jpg</filename>
	<path>frame_3129_jpg.rf.38c049e1510364676de503b8584e7e3c.jpg</path>
	<source>
		<database>roboflow.ai</database>
	</source>
	<size>
		<width>416</width>
		<height>416</height>
		<depth>3</depth>
	</size>
	<segmented>0</segmented>
	<object>
		<name>motorbike</name>
		<pose>Unspecified</pose>
		<truncated>0</truncated>
		<difficult>0</difficult>
		<occluded>0</occluded>
		<bndbox>
			<xmin>72</xmin>
			<xmax>122</xmax>
			<ymin>264</ymin>
			<ymax>379</ymax>
		</bndbox>
	</object>
	<object>
		<name>auto</name>
		<pose>Unspecified</pose>
		<truncated>0</truncated>
		<difficult>0</difficult>
		<occluded>0</occluded>
		<bndbox>
			<xmin>1</xmin>
			<xmax>61</xmax>
			<ymin>251</ymin>
			<ymax>381</ymax>
		</bndbox>
	</object>
</annotation>
