<annotation>
	<folder></folder>
	<filename>frame_3129_jpg.rf.a283f084edd657205c58026547d67e61.jpg</filename>
	<path>frame_3129_jpg.rf.a283f084edd657205c58026547d67e61.jpg</path>
	<source>
		<database>roboflow.ai</database>
	</source>
	<size>
		<width>416</width>
		<height>416</height>
		<depth>3</depth>
	</size>
	<segmented>0</segmented>
	<object>
		<name>motorbike</name>
		<pose>Unspecified</pose>
		<truncated>0</truncated>
		<difficult>0</difficult>
		<occluded>0</occluded>
		<bndbox>
			<xmin>111</xmin>
			<xmax>159</xmax>
			<ymin>260</ymin>
			<ymax>375</ymax>
		</bndbox>
	</object>
	<object>
		<name>auto</name>
		<pose>Unspecified</pose>
		<truncated>0</truncated>
		<difficult>0</difficult>
		<occluded>0</occluded>
		<bndbox>
			<xmin>35</xmin>
			<xmax>93</xmax>
			<ymin>242</ymin>
			<ymax>373</ymax>
		</bndbox>
	</object>
</annotation>
