<annotation>
	<folder></folder>
	<filename>frame_3110_jpg.rf.63567947f8f1e7c7768aa0edab8ebf9f.jpg</filename>
	<path>frame_3110_jpg.rf.63567947f8f1e7c7768aa0edab8ebf9f.jpg</path>
	<source>
		<database>roboflow.ai</database>
	</source>
	<size>
		<width>416</width>
		<height>416</height>
		<depth>3</depth>
	</size>
	<segmented>0</segmented>
	<object>
		<name>auto</name>
		<pose>Unspecified</pose>
		<truncated>0</truncated>
		<difficult>0</difficult>
		<occluded>0</occluded>
		<bndbox>
			<xmin>355</xmin>
			<xmax>415</xmax>
			<ymin>255</ymin>
			<ymax>402</ymax>
		</bndbox>
	</object>
	<object>
		<name>motorbike</name>
		<pose>Unspecified</pose>
		<truncated>0</truncated>
		<difficult>0</difficult>
		<occluded>0</occluded>
		<bndbox>
			<xmin>249</xmin>
			<xmax>297</xmax>
			<ymin>301</ymin>
			<ymax>415</ymax>
		</bndbox>
	</object>
	<object>
		<name>motorbike</name>
		<pose>Unspecified</pose>
		<truncated>0</truncated>
		<difficult>0</difficult>
		<occluded>0</occluded>
		<bndbox>
			<xmin>297</xmin>
			<xmax>344</xmax>
			<ymin>259</ymin>
			<ymax>384</ymax>
		</bndbox>
	</object>
	<object>
		<name>motorbike</name>
		<pose>Unspecified</pose>
		<truncated>0</truncated>
		<difficult>0</difficult>
		<occluded>0</occluded>
		<bndbox>
			<xmin>314</xmin>
			<xmax>367</xmax>
			<ymin>333</ymin>
			<ymax>415</ymax>
		</bndbox>
	</object>
	<object>
		<name>bicycle</name>
		<pose>Unspecified</pose>
		<truncated>0</truncated>
		<difficult>0</difficult>
		<occluded>0</occluded>
		<bndbox>
			<xmin>317</xmin>
			<xmax>363</xmax>
			<ymin>233</ymin>
			<ymax>339</ymax>
		</bndbox>
	</object>
</annotation>
