<annotation>
	<folder></folder>
	<filename>frame_3200_jpg.rf.e3e61d2212d5df2ddc11ab4aa0f28c05.jpg</filename>
	<path>frame_3200_jpg.rf.e3e61d2212d5df2ddc11ab4aa0f28c05.jpg</path>
	<source>
		<database>roboflow.ai</database>
	</source>
	<size>
		<width>416</width>
		<height>416</height>
		<depth>3</depth>
	</size>
	<segmented>0</segmented>
	<object>
		<name>car</name>
		<pose>Unspecified</pose>
		<truncated>0</truncated>
		<difficult>0</difficult>
		<occluded>0</occluded>
		<bndbox>
			<xmin>279</xmin>
			<xmax>342</xmax>
			<ymin>215</ymin>
			<ymax>346</ymax>
		</bndbox>
	</object>
	<object>
		<name>motorbike</name>
		<pose>Unspecified</pose>
		<truncated>0</truncated>
		<difficult>0</difficult>
		<occluded>0</occluded>
		<bndbox>
			<xmin>227</xmin>
			<xmax>258</xmax>
			<ymin>205</ymin>
			<ymax>314</ymax>
		</bndbox>
	</object>
</annotation>
