<annotation>
	<folder></folder>
	<filename>frame_2867_jpg.rf.95180f1fca24237aad7beb5e1a60f8c9.jpg</filename>
	<path>frame_2867_jpg.rf.95180f1fca24237aad7beb5e1a60f8c9.jpg</path>
	<source>
		<database>roboflow.ai</database>
	</source>
	<size>
		<width>416</width>
		<height>416</height>
		<depth>3</depth>
	</size>
	<segmented>0</segmented>
	<object>
		<name>bicycle</name>
		<pose>Unspecified</pose>
		<truncated>0</truncated>
		<difficult>0</difficult>
		<occluded>0</occluded>
		<bndbox>
			<xmin>312</xmin>
			<xmax>339</xmax>
			<ymin>237</ymin>
			<ymax>355</ymax>
		</bndbox>
	</object>
	<object>
		<name>bicycle</name>
		<pose>Unspecified</pose>
		<truncated>0</truncated>
		<difficult>0</difficult>
		<occluded>0</occluded>
		<bndbox>
			<xmin>332</xmin>
			<xmax>359</xmax>
			<ymin>248</ymin>
			<ymax>366</ymax>
		</bndbox>
	</object>
	<object>
		<name>bicycle</name>
		<pose>Unspecified</pose>
		<truncated>0</truncated>
		<difficult>0</difficult>
		<occluded>0</occluded>
		<bndbox>
			<xmin>362</xmin>
			<xmax>389</xmax>
			<ymin>251</ymin>
			<ymax>369</ymax>
		</bndbox>
	</object>
	<object>
		<name>bicycle</name>
		<pose>Unspecified</pose>
		<truncated>0</truncated>
		<difficult>0</difficult>
		<occluded>0</occluded>
		<bndbox>
			<xmin>371</xmin>
			<xmax>399</xmax>
			<ymin>322</ymin>
			<ymax>415</ymax>
		</bndbox>
	</object>
</annotation>
