<annotation>
	<folder></folder>
	<filename>frame_2962_jpg.rf.e08de7f6237db25808d6822ee067ebe4.jpg</filename>
	<path>frame_2962_jpg.rf.e08de7f6237db25808d6822ee067ebe4.jpg</path>
	<source>
		<database>roboflow.ai</database>
	</source>
	<size>
		<width>416</width>
		<height>416</height>
		<depth>3</depth>
	</size>
	<segmented>0</segmented>
	<object>
		<name>motorbike</name>
		<pose>Unspecified</pose>
		<truncated>0</truncated>
		<difficult>0</difficult>
		<occluded>0</occluded>
		<bndbox>
			<xmin>97</xmin>
			<xmax>143</xmax>
			<ymin>209</ymin>
			<ymax>329</ymax>
		</bndbox>
	</object>
	<object>
		<name>bicycle</name>
		<pose>Unspecified</pose>
		<truncated>0</truncated>
		<difficult>0</difficult>
		<occluded>0</occluded>
		<bndbox>
			<xmin>22</xmin>
			<xmax>61</xmax>
			<ymin>204</ymin>
			<ymax>345</ymax>
		</bndbox>
	</object>
	<object>
		<name>bicycle</name>
		<pose>Unspecified</pose>
		<truncated>0</truncated>
		<difficult>0</difficult>
		<occluded>0</occluded>
		<bndbox>
			<xmin>56</xmin>
			<xmax>84</xmax>
			<ymin>179</ymin>
			<ymax>288</ymax>
		</bndbox>
	</object>
</annotation>
