<annotation>
	<folder></folder>
	<filename>frame_2921_jpg.rf.26e397dacff18da46ba9ba3eca48f6b9.jpg</filename>
	<path>frame_2921_jpg.rf.26e397dacff18da46ba9ba3eca48f6b9.jpg</path>
	<source>
		<database>roboflow.ai</database>
	</source>
	<size>
		<width>416</width>
		<height>416</height>
		<depth>3</depth>
	</size>
	<segmented>0</segmented>
	<object>
		<name>car</name>
		<pose>Unspecified</pose>
		<truncated>0</truncated>
		<difficult>0</difficult>
		<occluded>0</occluded>
		<bndbox>
			<xmin>143</xmin>
			<xmax>202</xmax>
			<ymin>160</ymin>
			<ymax>274</ymax>
		</bndbox>
	</object>
</annotation>
