<annotation>
	<folder></folder>
	<filename>frame_2856_jpg.rf.69f17fb2238dbcf19b2ce5ef11bcc41b.jpg</filename>
	<path>frame_2856_jpg.rf.69f17fb2238dbcf19b2ce5ef11bcc41b.jpg</path>
	<source>
		<database>roboflow.ai</database>
	</source>
	<size>
		<width>416</width>
		<height>416</height>
		<depth>3</depth>
	</size>
	<segmented>0</segmented>
	<object>
		<name>bicycle</name>
		<pose>Unspecified</pose>
		<truncated>0</truncated>
		<difficult>0</difficult>
		<occluded>0</occluded>
		<bndbox>
			<xmin>344</xmin>
			<xmax>384</xmax>
			<ymin>184</ymin>
			<ymax>309</ymax>
		</bndbox>
	</object>
	<object>
		<name>bicycle</name>
		<pose>Unspecified</pose>
		<truncated>0</truncated>
		<difficult>0</difficult>
		<occluded>0</occluded>
		<bndbox>
			<xmin>314</xmin>
			<xmax>346</xmax>
			<ymin>137</ymin>
			<ymax>231</ymax>
		</bndbox>
	</object>
</annotation>
