<annotation>
	<folder></folder>
	<filename>frame_2960_jpg.rf.5fbbef75e29b9cff6450edafa4f17d27.jpg</filename>
	<path>frame_2960_jpg.rf.5fbbef75e29b9cff6450edafa4f17d27.jpg</path>
	<source>
		<database>roboflow.ai</database>
	</source>
	<size>
		<width>416</width>
		<height>416</height>
		<depth>3</depth>
	</size>
	<segmented>0</segmented>
	<object>
		<name>motorbike</name>
		<pose>Unspecified</pose>
		<truncated>0</truncated>
		<difficult>0</difficult>
		<occluded>0</occluded>
		<bndbox>
			<xmin>39</xmin>
			<xmax>76</xmax>
			<ymin>154</ymin>
			<ymax>237</ymax>
		</bndbox>
	</object>
</annotation>
