<annotation>
	<folder></folder>
	<filename>frame_2921_jpg.rf.de0cbbef8a3003351e1008765af54b3c.jpg</filename>
	<path>frame_2921_jpg.rf.de0cbbef8a3003351e1008765af54b3c.jpg</path>
	<source>
		<database>roboflow.ai</database>
	</source>
	<size>
		<width>416</width>
		<height>416</height>
		<depth>3</depth>
	</size>
	<segmented>0</segmented>
	<object>
		<name>car</name>
		<pose>Unspecified</pose>
		<truncated>0</truncated>
		<difficult>0</difficult>
		<occluded>0</occluded>
		<bndbox>
			<xmin>134</xmin>
			<xmax>213</xmax>
			<ymin>161</ymin>
			<ymax>273</ymax>
		</bndbox>
	</object>
</annotation>
