<annotation>
	<folder></folder>
	<filename>frame_2919_jpg.rf.1fdf7fd25a44b64541836826b859b936.jpg</filename>
	<path>frame_2919_jpg.rf.1fdf7fd25a44b64541836826b859b936.jpg</path>
	<source>
		<database>roboflow.ai</database>
	</source>
	<size>
		<width>416</width>
		<height>416</height>
		<depth>3</depth>
	</size>
	<segmented>0</segmented>
	<object>
		<name>motorbike</name>
		<pose>Unspecified</pose>
		<truncated>0</truncated>
		<difficult>0</difficult>
		<occluded>0</occluded>
		<bndbox>
			<xmin>115</xmin>
			<xmax>157</xmax>
			<ymin>197</ymin>
			<ymax>283</ymax>
		</bndbox>
	</object>
	<object>
		<name>auto</name>
		<pose>Unspecified</pose>
		<truncated>0</truncated>
		<difficult>0</difficult>
		<occluded>0</occluded>
		<bndbox>
			<xmin>129</xmin>
			<xmax>221</xmax>
			<ymin>298</ymin>
			<ymax>416</ymax>
		</bndbox>
	</object>
</annotation>
