<annotation>
	<folder></folder>
	<filename>frame_2923_jpg.rf.89ef97ff36297dcc648b9db09bba93ab.jpg</filename>
	<path>frame_2923_jpg.rf.89ef97ff36297dcc648b9db09bba93ab.jpg</path>
	<source>
		<database>roboflow.ai</database>
	</source>
	<size>
		<width>416</width>
		<height>416</height>
		<depth>3</depth>
	</size>
	<segmented>0</segmented>
	<object>
		<name>motorbike</name>
		<pose>Unspecified</pose>
		<truncated>0</truncated>
		<difficult>0</difficult>
		<occluded>0</occluded>
		<bndbox>
			<xmin>88</xmin>
			<xmax>122</xmax>
			<ymin>182</ymin>
			<ymax>265</ymax>
		</bndbox>
	</object>
	<object>
		<name>bicycle</name>
		<pose>Unspecified</pose>
		<truncated>0</truncated>
		<difficult>0</difficult>
		<occluded>0</occluded>
		<bndbox>
			<xmin>21</xmin>
			<xmax>70</xmax>
			<ymin>251</ymin>
			<ymax>375</ymax>
		</bndbox>
	</object>
</annotation>
