<annotation>
	<folder></folder>
	<filename>frame_2854_jpg.rf.f4eba742decf526df5db940d611c1d5a.jpg</filename>
	<path>frame_2854_jpg.rf.f4eba742decf526df5db940d611c1d5a.jpg</path>
	<source>
		<database>roboflow.ai</database>
	</source>
	<size>
		<width>416</width>
		<height>416</height>
		<depth>3</depth>
	</size>
	<segmented>0</segmented>
	<object>
		<name>bicycle</name>
		<pose>Unspecified</pose>
		<truncated>0</truncated>
		<difficult>0</difficult>
		<occluded>0</occluded>
		<bndbox>
			<xmin>334</xmin>
			<xmax>364</xmax>
			<ymin>207</ymin>
			<ymax>314</ymax>
		</bndbox>
	</object>
	<object>
		<name>bicycle</name>
		<pose>Unspecified</pose>
		<truncated>0</truncated>
		<difficult>0</difficult>
		<occluded>0</occluded>
		<bndbox>
			<xmin>315</xmin>
			<xmax>345</xmax>
			<ymin>187</ymin>
			<ymax>294</ymax>
		</bndbox>
	</object>
</annotation>
