<annotation>
	<folder></folder>
	<filename>frame_2970_jpg.rf.c83fc17e644d5659e57d2df8c9299884.jpg</filename>
	<path>frame_2970_jpg.rf.c83fc17e644d5659e57d2df8c9299884.jpg</path>
	<source>
		<database>roboflow.ai</database>
	</source>
	<size>
		<width>416</width>
		<height>416</height>
		<depth>3</depth>
	</size>
	<segmented>0</segmented>
	<object>
		<name>bicycle</name>
		<pose>Unspecified</pose>
		<truncated>0</truncated>
		<difficult>0</difficult>
		<occluded>0</occluded>
		<bndbox>
			<xmin>63</xmin>
			<xmax>86</xmax>
			<ymin>177</ymin>
			<ymax>285</ymax>
		</bndbox>
	</object>
	<object>
		<name>bicycle</name>
		<pose>Unspecified</pose>
		<truncated>0</truncated>
		<difficult>0</difficult>
		<occluded>0</occluded>
		<bndbox>
			<xmin>76</xmin>
			<xmax>99</xmax>
			<ymin>151</ymin>
			<ymax>259</ymax>
		</bndbox>
	</object>
</annotation>
