<annotation>
	<folder></folder>
	<filename>frame_2890_jpg.rf.f68ccf8b35549e3a1f3fe667ad94bca5.jpg</filename>
	<path>frame_2890_jpg.rf.f68ccf8b35549e3a1f3fe667ad94bca5.jpg</path>
	<source>
		<database>roboflow.ai</database>
	</source>
	<size>
		<width>416</width>
		<height>416</height>
		<depth>3</depth>
	</size>
	<segmented>0</segmented>
	<object>
		<name>auto</name>
		<pose>Unspecified</pose>
		<truncated>0</truncated>
		<difficult>0</difficult>
		<occluded>0</occluded>
		<bndbox>
			<xmin>57</xmin>
			<xmax>149</xmax>
			<ymin>174</ymin>
			<ymax>308</ymax>
		</bndbox>
	</object>
	<object>
		<name>car</name>
		<pose>Unspecified</pose>
		<truncated>0</truncated>
		<difficult>0</difficult>
		<occluded>0</occluded>
		<bndbox>
			<xmin>132</xmin>
			<xmax>219</xmax>
			<ymin>131</ymin>
			<ymax>255</ymax>
		</bndbox>
	</object>
</annotation>
