<annotation>
	<folder></folder>
	<filename>frame_2927_jpg.rf.02b99818e6606a7439783855c567c762.jpg</filename>
	<path>frame_2927_jpg.rf.02b99818e6606a7439783855c567c762.jpg</path>
	<source>
		<database>roboflow.ai</database>
	</source>
	<size>
		<width>416</width>
		<height>416</height>
		<depth>3</depth>
	</size>
	<segmented>0</segmented>
	<object>
		<name>car</name>
		<pose>Unspecified</pose>
		<truncated>0</truncated>
		<difficult>0</difficult>
		<occluded>0</occluded>
		<bndbox>
			<xmin>169</xmin>
			<xmax>236</xmax>
			<ymin>250</ymin>
			<ymax>363</ymax>
		</bndbox>
	</object>
	<object>
		<name>bicycle</name>
		<pose>Unspecified</pose>
		<truncated>0</truncated>
		<difficult>0</difficult>
		<occluded>0</occluded>
		<bndbox>
			<xmin>66</xmin>
			<xmax>109</xmax>
			<ymin>269</ymin>
			<ymax>382</ymax>
		</bndbox>
	</object>
</annotation>
