<annotation>
	<folder></folder>
	<filename>frame_2859_jpg.rf.aa91a8cd15d3400d0d9d902dcd052f5d.jpg</filename>
	<path>frame_2859_jpg.rf.aa91a8cd15d3400d0d9d902dcd052f5d.jpg</path>
	<source>
		<database>roboflow.ai</database>
	</source>
	<size>
		<width>416</width>
		<height>416</height>
		<depth>3</depth>
	</size>
	<segmented>0</segmented>
	<object>
		<name>bicycle</name>
		<pose>Unspecified</pose>
		<truncated>0</truncated>
		<difficult>0</difficult>
		<occluded>0</occluded>
		<bndbox>
			<xmin>54</xmin>
			<xmax>111</xmax>
			<ymin>293</ymin>
			<ymax>408</ymax>
		</bndbox>
	</object>
	<object>
		<name>bicycle</name>
		<pose>Unspecified</pose>
		<truncated>0</truncated>
		<difficult>0</difficult>
		<occluded>0</occluded>
		<bndbox>
			<xmin>57</xmin>
			<xmax>112</xmax>
			<ymin>240</ymin>
			<ymax>361</ymax>
		</bndbox>
	</object>
	<object>
		<name>motorbike</name>
		<pose>Unspecified</pose>
		<truncated>0</truncated>
		<difficult>0</difficult>
		<occluded>0</occluded>
		<bndbox>
			<xmin>122</xmin>
			<xmax>171</xmax>
			<ymin>201</ymin>
			<ymax>296</ymax>
		</bndbox>
	</object>
	<object>
		<name>motorbike</name>
		<pose>Unspecified</pose>
		<truncated>0</truncated>
		<difficult>0</difficult>
		<occluded>0</occluded>
		<bndbox>
			<xmin>158</xmin>
			<xmax>208</xmax>
			<ymin>328</ymin>
			<ymax>416</ymax>
		</bndbox>
	</object>
</annotation>
