<annotation>
	<folder></folder>
	<filename>frame_2944_jpg.rf.d5b821bc9e969ef44f3cd63e54a7a0c0.jpg</filename>
	<path>frame_2944_jpg.rf.d5b821bc9e969ef44f3cd63e54a7a0c0.jpg</path>
	<source>
		<database>roboflow.ai</database>
	</source>
	<size>
		<width>416</width>
		<height>416</height>
		<depth>3</depth>
	</size>
	<segmented>0</segmented>
	<object>
		<name>motorbike</name>
		<pose>Unspecified</pose>
		<truncated>0</truncated>
		<difficult>0</difficult>
		<occluded>0</occluded>
		<bndbox>
			<xmin>327</xmin>
			<xmax>381</xmax>
			<ymin>282</ymin>
			<ymax>381</ymax>
		</bndbox>
	</object>
	<object>
		<name>motorbike</name>
		<pose>Unspecified</pose>
		<truncated>0</truncated>
		<difficult>0</difficult>
		<occluded>0</occluded>
		<bndbox>
			<xmin>264</xmin>
			<xmax>318</xmax>
			<ymin>256</ymin>
			<ymax>355</ymax>
		</bndbox>
	</object>
</annotation>
