<annotation>
	<folder></folder>
	<filename>frame_2950_jpg.rf.84a30e9253e5c2c8373dbba1de0bf255.jpg</filename>
	<path>frame_2950_jpg.rf.84a30e9253e5c2c8373dbba1de0bf255.jpg</path>
	<source>
		<database>roboflow.ai</database>
	</source>
	<size>
		<width>416</width>
		<height>416</height>
		<depth>3</depth>
	</size>
	<segmented>0</segmented>
	<object>
		<name>motorbike</name>
		<pose>Unspecified</pose>
		<truncated>0</truncated>
		<difficult>0</difficult>
		<occluded>0</occluded>
		<bndbox>
			<xmin>328</xmin>
			<xmax>395</xmax>
			<ymin>193</ymin>
			<ymax>303</ymax>
		</bndbox>
	</object>
	<object>
		<name>bicycle</name>
		<pose>Unspecified</pose>
		<truncated>0</truncated>
		<difficult>0</difficult>
		<occluded>0</occluded>
		<bndbox>
			<xmin>303</xmin>
			<xmax>358</xmax>
			<ymin>164</ymin>
			<ymax>254</ymax>
		</bndbox>
	</object>
</annotation>
