<annotation>
	<folder></folder>
	<filename>frame_2937_jpg.rf.a83740cebbeab217b8b44da06a992738.jpg</filename>
	<path>frame_2937_jpg.rf.a83740cebbeab217b8b44da06a992738.jpg</path>
	<source>
		<database>roboflow.ai</database>
	</source>
	<size>
		<width>416</width>
		<height>416</height>
		<depth>3</depth>
	</size>
	<segmented>0</segmented>
	<object>
		<name>motorbike</name>
		<pose>Unspecified</pose>
		<truncated>0</truncated>
		<difficult>0</difficult>
		<occluded>0</occluded>
		<bndbox>
			<xmin>81</xmin>
			<xmax>127</xmax>
			<ymin>222</ymin>
			<ymax>319</ymax>
		</bndbox>
	</object>
	<object>
		<name>bicycle</name>
		<pose>Unspecified</pose>
		<truncated>0</truncated>
		<difficult>0</difficult>
		<occluded>0</occluded>
		<bndbox>
			<xmin>57</xmin>
			<xmax>102</xmax>
			<ymin>190</ymin>
			<ymax>298</ymax>
		</bndbox>
	</object>
</annotation>
