<annotation>
	<folder></folder>
	<filename>frame_2890_jpg.rf.5e529445d247d493ad31f99a97bc8c4f.jpg</filename>
	<path>frame_2890_jpg.rf.5e529445d247d493ad31f99a97bc8c4f.jpg</path>
	<source>
		<database>roboflow.ai</database>
	</source>
	<size>
		<width>416</width>
		<height>416</height>
		<depth>3</depth>
	</size>
	<segmented>0</segmented>
	<object>
		<name>auto</name>
		<pose>Unspecified</pose>
		<truncated>0</truncated>
		<difficult>0</difficult>
		<occluded>0</occluded>
		<bndbox>
			<xmin>64</xmin>
			<xmax>130</xmax>
			<ymin>219</ymin>
			<ymax>339</ymax>
		</bndbox>
	</object>
	<object>
		<name>car</name>
		<pose>Unspecified</pose>
		<truncated>0</truncated>
		<difficult>0</difficult>
		<occluded>0</occluded>
		<bndbox>
			<xmin>144</xmin>
			<xmax>208</xmax>
			<ymin>148</ymin>
			<ymax>259</ymax>
		</bndbox>
	</object>
</annotation>
