<annotation>
	<folder></folder>
	<filename>frame_2932_jpg.rf.6e8f1ef5d0618bb905c8cb5cb707e917.jpg</filename>
	<path>frame_2932_jpg.rf.6e8f1ef5d0618bb905c8cb5cb707e917.jpg</path>
	<source>
		<database>roboflow.ai</database>
	</source>
	<size>
		<width>416</width>
		<height>416</height>
		<depth>3</depth>
	</size>
	<segmented>0</segmented>
	<object>
		<name>motorbike</name>
		<pose>Unspecified</pose>
		<truncated>0</truncated>
		<difficult>0</difficult>
		<occluded>0</occluded>
		<bndbox>
			<xmin>297</xmin>
			<xmax>344</xmax>
			<ymin>279</ymin>
			<ymax>399</ymax>
		</bndbox>
	</object>
</annotation>
