<annotation>
	<folder></folder>
	<filename>frame_2945_jpg.rf.df235b77dacbcfe0246c0a0f38b0eecb.jpg</filename>
	<path>frame_2945_jpg.rf.df235b77dacbcfe0246c0a0f38b0eecb.jpg</path>
	<source>
		<database>roboflow.ai</database>
	</source>
	<size>
		<width>416</width>
		<height>416</height>
		<depth>3</depth>
	</size>
	<segmented>0</segmented>
	<object>
		<name>motorbike</name>
		<pose>Unspecified</pose>
		<truncated>0</truncated>
		<difficult>0</difficult>
		<occluded>0</occluded>
		<bndbox>
			<xmin>327</xmin>
			<xmax>361</xmax>
			<ymin>223</ymin>
			<ymax>326</ymax>
		</bndbox>
	</object>
</annotation>
