<annotation>
	<folder></folder>
	<filename>frame_2898_jpg.rf.555e9acbc2378509a7744cbf47af8cf2.jpg</filename>
	<path>frame_2898_jpg.rf.555e9acbc2378509a7744cbf47af8cf2.jpg</path>
	<source>
		<database>roboflow.ai</database>
	</source>
	<size>
		<width>416</width>
		<height>416</height>
		<depth>3</depth>
	</size>
	<segmented>0</segmented>
	<object>
		<name>bicycle</name>
		<pose>Unspecified</pose>
		<truncated>0</truncated>
		<difficult>0</difficult>
		<occluded>0</occluded>
		<bndbox>
			<xmin>312</xmin>
			<xmax>356</xmax>
			<ymin>193</ymin>
			<ymax>295</ymax>
		</bndbox>
	</object>
	<object>
		<name>bicycle</name>
		<pose>Unspecified</pose>
		<truncated>0</truncated>
		<difficult>0</difficult>
		<occluded>0</occluded>
		<bndbox>
			<xmin>336</xmin>
			<xmax>380</xmax>
			<ymin>191</ymin>
			<ymax>293</ymax>
		</bndbox>
	</object>
</annotation>
