<annotation>
	<folder></folder>
	<filename>frame_2928_jpg.rf.206850c6b9456d3948360a386d4d32a9.jpg</filename>
	<path>frame_2928_jpg.rf.206850c6b9456d3948360a386d4d32a9.jpg</path>
	<source>
		<database>roboflow.ai</database>
	</source>
	<size>
		<width>416</width>
		<height>416</height>
		<depth>3</depth>
	</size>
	<segmented>0</segmented>
	<object>
		<name>bicycle</name>
		<pose>Unspecified</pose>
		<truncated>0</truncated>
		<difficult>0</difficult>
		<occluded>0</occluded>
		<bndbox>
			<xmin>307</xmin>
			<xmax>358</xmax>
			<ymin>198</ymin>
			<ymax>307</ymax>
		</bndbox>
	</object>
	<object>
		<name>bicycle</name>
		<pose>Unspecified</pose>
		<truncated>0</truncated>
		<difficult>0</difficult>
		<occluded>0</occluded>
		<bndbox>
			<xmin>332</xmin>
			<xmax>383</xmax>
			<ymin>201</ymin>
			<ymax>310</ymax>
		</bndbox>
	</object>
</annotation>
