<annotation>
	<folder></folder>
	<filename>frame_2861_jpg.rf.adbf1b9921578ea841aef1837d2da807.jpg</filename>
	<path>frame_2861_jpg.rf.adbf1b9921578ea841aef1837d2da807.jpg</path>
	<source>
		<database>roboflow.ai</database>
	</source>
	<size>
		<width>416</width>
		<height>416</height>
		<depth>3</depth>
	</size>
	<segmented>0</segmented>
	<object>
		<name>motorbike</name>
		<pose>Unspecified</pose>
		<truncated>0</truncated>
		<difficult>0</difficult>
		<occluded>0</occluded>
		<bndbox>
			<xmin>72</xmin>
			<xmax>132</xmax>
			<ymin>220</ymin>
			<ymax>338</ymax>
		</bndbox>
	</object>
	<object>
		<name>motorbike</name>
		<pose>Unspecified</pose>
		<truncated>0</truncated>
		<difficult>0</difficult>
		<occluded>0</occluded>
		<bndbox>
			<xmin>85</xmin>
			<xmax>145</xmax>
			<ymin>155</ymin>
			<ymax>273</ymax>
		</bndbox>
	</object>
</annotation>
