<annotation>
	<folder></folder>
	<filename>frame_2891_jpg.rf.84f8b9ad379f2a8fce582ced8d280ca5.jpg</filename>
	<path>frame_2891_jpg.rf.84f8b9ad379f2a8fce582ced8d280ca5.jpg</path>
	<source>
		<database>roboflow.ai</database>
	</source>
	<size>
		<width>416</width>
		<height>416</height>
		<depth>3</depth>
	</size>
	<segmented>0</segmented>
	<object>
		<name>motorbike</name>
		<pose>Unspecified</pose>
		<truncated>0</truncated>
		<difficult>0</difficult>
		<occluded>0</occluded>
		<bndbox>
			<xmin>129</xmin>
			<xmax>182</xmax>
			<ymin>238</ymin>
			<ymax>353</ymax>
		</bndbox>
	</object>
	<object>
		<name>motorbike</name>
		<pose>Unspecified</pose>
		<truncated>0</truncated>
		<difficult>0</difficult>
		<occluded>0</occluded>
		<bndbox>
			<xmin>67</xmin>
			<xmax>117</xmax>
			<ymin>271</ymin>
			<ymax>383</ymax>
		</bndbox>
	</object>
</annotation>
