<annotation>
	<folder></folder>
	<filename>frame_2916_jpg.rf.0356fc5266d8fb65cd3c29cfcb468878.jpg</filename>
	<path>frame_2916_jpg.rf.0356fc5266d8fb65cd3c29cfcb468878.jpg</path>
	<source>
		<database>roboflow.ai</database>
	</source>
	<size>
		<width>416</width>
		<height>416</height>
		<depth>3</depth>
	</size>
	<segmented>0</segmented>
	<object>
		<name>motorbike</name>
		<pose>Unspecified</pose>
		<truncated>0</truncated>
		<difficult>0</difficult>
		<occluded>0</occluded>
		<bndbox>
			<xmin>274</xmin>
			<xmax>309</xmax>
			<ymin>280</ymin>
			<ymax>391</ymax>
		</bndbox>
	</object>
	<object>
		<name>bicycle</name>
		<pose>Unspecified</pose>
		<truncated>0</truncated>
		<difficult>0</difficult>
		<occluded>0</occluded>
		<bndbox>
			<xmin>356</xmin>
			<xmax>386</xmax>
			<ymin>281</ymin>
			<ymax>402</ymax>
		</bndbox>
	</object>
</annotation>
