<annotation>
	<folder></folder>
	<filename>frame_2966_jpg.rf.5678d221ecf27451c46ff678d372297d.jpg</filename>
	<path>frame_2966_jpg.rf.5678d221ecf27451c46ff678d372297d.jpg</path>
	<source>
		<database>roboflow.ai</database>
	</source>
	<size>
		<width>416</width>
		<height>416</height>
		<depth>3</depth>
	</size>
	<segmented>0</segmented>
	<object>
		<name>motorbike</name>
		<pose>Unspecified</pose>
		<truncated>0</truncated>
		<difficult>0</difficult>
		<occluded>0</occluded>
		<bndbox>
			<xmin>46</xmin>
			<xmax>95</xmax>
			<ymin>191</ymin>
			<ymax>283</ymax>
		</bndbox>
	</object>
</annotation>
