<annotation>
	<folder></folder>
	<filename>frame_2928_jpg.rf.1c206ef88dc37eb8d51703acd20713c7.jpg</filename>
	<path>frame_2928_jpg.rf.1c206ef88dc37eb8d51703acd20713c7.jpg</path>
	<source>
		<database>roboflow.ai</database>
	</source>
	<size>
		<width>416</width>
		<height>416</height>
		<depth>3</depth>
	</size>
	<segmented>0</segmented>
	<object>
		<name>bicycle</name>
		<pose>Unspecified</pose>
		<truncated>0</truncated>
		<difficult>0</difficult>
		<occluded>0</occluded>
		<bndbox>
			<xmin>61</xmin>
			<xmax>92</xmax>
			<ymin>267</ymin>
			<ymax>378</ymax>
		</bndbox>
	</object>
	<object>
		<name>bicycle</name>
		<pose>Unspecified</pose>
		<truncated>0</truncated>
		<difficult>0</difficult>
		<occluded>0</occluded>
		<bndbox>
			<xmin>34</xmin>
			<xmax>65</xmax>
			<ymin>285</ymin>
			<ymax>396</ymax>
		</bndbox>
	</object>
</annotation>
