<annotation>
	<folder></folder>
	<filename>frame_2935_jpg.rf.1604226489464716aaa9acc9b8c5cf01.jpg</filename>
	<path>frame_2935_jpg.rf.1604226489464716aaa9acc9b8c5cf01.jpg</path>
	<source>
		<database>roboflow.ai</database>
	</source>
	<size>
		<width>416</width>
		<height>416</height>
		<depth>3</depth>
	</size>
	<segmented>0</segmented>
	<object>
		<name>motorbike</name>
		<pose>Unspecified</pose>
		<truncated>0</truncated>
		<difficult>0</difficult>
		<occluded>0</occluded>
		<bndbox>
			<xmin>245</xmin>
			<xmax>292</xmax>
			<ymin>190</ymin>
			<ymax>294</ymax>
		</bndbox>
	</object>
	<object>
		<name>motorbike</name>
		<pose>Unspecified</pose>
		<truncated>0</truncated>
		<difficult>0</difficult>
		<occluded>0</occluded>
		<bndbox>
			<xmin>272</xmin>
			<xmax>319</xmax>
			<ymin>167</ymin>
			<ymax>271</ymax>
		</bndbox>
	</object>
</annotation>
