<annotation>
	<folder></folder>
	<filename>frame_2872_jpg.rf.4f382343115db607daba28a3963b457b.jpg</filename>
	<path>frame_2872_jpg.rf.4f382343115db607daba28a3963b457b.jpg</path>
	<source>
		<database>roboflow.ai</database>
	</source>
	<size>
		<width>416</width>
		<height>416</height>
		<depth>3</depth>
	</size>
	<segmented>0</segmented>
	<object>
		<name>auto</name>
		<pose>Unspecified</pose>
		<truncated>0</truncated>
		<difficult>0</difficult>
		<occluded>0</occluded>
		<bndbox>
			<xmin>98</xmin>
			<xmax>161</xmax>
			<ymin>176</ymin>
			<ymax>311</ymax>
		</bndbox>
	</object>
	<object>
		<name>bicycle</name>
		<pose>Unspecified</pose>
		<truncated>0</truncated>
		<difficult>0</difficult>
		<occluded>0</occluded>
		<bndbox>
			<xmin>50</xmin>
			<xmax>92</xmax>
			<ymin>162</ymin>
			<ymax>284</ymax>
		</bndbox>
	</object>
</annotation>
