<annotation>
	<folder></folder>
	<filename>frame_2881_jpg.rf.c2647f9f30989612de10b3aa25e5338f.jpg</filename>
	<path>frame_2881_jpg.rf.c2647f9f30989612de10b3aa25e5338f.jpg</path>
	<source>
		<database>roboflow.ai</database>
	</source>
	<size>
		<width>416</width>
		<height>416</height>
		<depth>3</depth>
	</size>
	<segmented>0</segmented>
	<object>
		<name>bicycle</name>
		<pose>Unspecified</pose>
		<truncated>0</truncated>
		<difficult>0</difficult>
		<occluded>0</occluded>
		<bndbox>
			<xmin>278</xmin>
			<xmax>337</xmax>
			<ymin>285</ymin>
			<ymax>411</ymax>
		</bndbox>
	</object>
	<object>
		<name>bicycle</name>
		<pose>Unspecified</pose>
		<truncated>0</truncated>
		<difficult>0</difficult>
		<occluded>0</occluded>
		<bndbox>
			<xmin>302</xmin>
			<xmax>361</xmax>
			<ymin>288</ymin>
			<ymax>410</ymax>
		</bndbox>
	</object>
</annotation>
