<annotation>
	<folder></folder>
	<filename>frame_2919_jpg.rf.e1410520d8eebc79fd7ce20cdf5ea067.jpg</filename>
	<path>frame_2919_jpg.rf.e1410520d8eebc79fd7ce20cdf5ea067.jpg</path>
	<source>
		<database>roboflow.ai</database>
	</source>
	<size>
		<width>416</width>
		<height>416</height>
		<depth>3</depth>
	</size>
	<segmented>0</segmented>
	<object>
		<name>motorbike</name>
		<pose>Unspecified</pose>
		<truncated>0</truncated>
		<difficult>0</difficult>
		<occluded>0</occluded>
		<bndbox>
			<xmin>110</xmin>
			<xmax>142</xmax>
			<ymin>155</ymin>
			<ymax>250</ymax>
		</bndbox>
	</object>
	<object>
		<name>auto</name>
		<pose>Unspecified</pose>
		<truncated>0</truncated>
		<difficult>0</difficult>
		<occluded>0</occluded>
		<bndbox>
			<xmin>78</xmin>
			<xmax>154</xmax>
			<ymin>254</ymin>
			<ymax>402</ymax>
		</bndbox>
	</object>
</annotation>
