<annotation>
	<folder></folder>
	<filename>frame_2967_jpg.rf.c52affdd3b7ba6648837b0cd6bd7d491.jpg</filename>
	<path>frame_2967_jpg.rf.c52affdd3b7ba6648837b0cd6bd7d491.jpg</path>
	<source>
		<database>roboflow.ai</database>
	</source>
	<size>
		<width>416</width>
		<height>416</height>
		<depth>3</depth>
	</size>
	<segmented>0</segmented>
	<object>
		<name>bicycle</name>
		<pose>Unspecified</pose>
		<truncated>0</truncated>
		<difficult>0</difficult>
		<occluded>0</occluded>
		<bndbox>
			<xmin>314</xmin>
			<xmax>348</xmax>
			<ymin>178</ymin>
			<ymax>279</ymax>
		</bndbox>
	</object>
	<object>
		<name>motorbike</name>
		<pose>Unspecified</pose>
		<truncated>0</truncated>
		<difficult>0</difficult>
		<occluded>0</occluded>
		<bndbox>
			<xmin>339</xmin>
			<xmax>373</xmax>
			<ymin>170</ymin>
			<ymax>252</ymax>
		</bndbox>
	</object>
</annotation>
