<annotation>
	<folder></folder>
	<filename>frame_2872_jpg.rf.02b886859124454b463bc8d50e594013.jpg</filename>
	<path>frame_2872_jpg.rf.02b886859124454b463bc8d50e594013.jpg</path>
	<source>
		<database>roboflow.ai</database>
	</source>
	<size>
		<width>416</width>
		<height>416</height>
		<depth>3</depth>
	</size>
	<segmented>0</segmented>
	<object>
		<name>auto</name>
		<pose>Unspecified</pose>
		<truncated>0</truncated>
		<difficult>0</difficult>
		<occluded>0</occluded>
		<bndbox>
			<xmin>208</xmin>
			<xmax>305</xmax>
			<ymin>196</ymin>
			<ymax>339</ymax>
		</bndbox>
	</object>
	<object>
		<name>bicycle</name>
		<pose>Unspecified</pose>
		<truncated>0</truncated>
		<difficult>0</difficult>
		<occluded>0</occluded>
		<bndbox>
			<xmin>278</xmin>
			<xmax>348</xmax>
			<ymin>203</ymin>
			<ymax>329</ymax>
		</bndbox>
	</object>
</annotation>
