<annotation>
	<folder></folder>
	<filename>frame_2928_jpg.rf.d4e8214fa61f456929dd9d18e8f83ab4.jpg</filename>
	<path>frame_2928_jpg.rf.d4e8214fa61f456929dd9d18e8f83ab4.jpg</path>
	<source>
		<database>roboflow.ai</database>
	</source>
	<size>
		<width>416</width>
		<height>416</height>
		<depth>3</depth>
	</size>
	<segmented>0</segmented>
	<object>
		<name>bicycle</name>
		<pose>Unspecified</pose>
		<truncated>0</truncated>
		<difficult>0</difficult>
		<occluded>0</occluded>
		<bndbox>
			<xmin>297</xmin>
			<xmax>335</xmax>
			<ymin>227</ymin>
			<ymax>341</ymax>
		</bndbox>
	</object>
	<object>
		<name>bicycle</name>
		<pose>Unspecified</pose>
		<truncated>0</truncated>
		<difficult>0</difficult>
		<occluded>0</occluded>
		<bndbox>
			<xmin>320</xmin>
			<xmax>358</xmax>
			<ymin>236</ymin>
			<ymax>350</ymax>
		</bndbox>
	</object>
</annotation>
