<annotation>
	<folder></folder>
	<filename>frame_2938_jpg.rf.b219b19d8f64e7fa4697b076126feba9.jpg</filename>
	<path>frame_2938_jpg.rf.b219b19d8f64e7fa4697b076126feba9.jpg</path>
	<source>
		<database>roboflow.ai</database>
	</source>
	<size>
		<width>416</width>
		<height>416</height>
		<depth>3</depth>
	</size>
	<segmented>0</segmented>
	<object>
		<name>bicycle</name>
		<pose>Unspecified</pose>
		<truncated>0</truncated>
		<difficult>0</difficult>
		<occluded>0</occluded>
		<bndbox>
			<xmin>323</xmin>
			<xmax>365</xmax>
			<ymin>252</ymin>
			<ymax>370</ymax>
		</bndbox>
	</object>
</annotation>
