<annotation>
	<folder></folder>
	<filename>frame_2949_jpg.rf.634dbe493033e5c91d5f33097bcf7754.jpg</filename>
	<path>frame_2949_jpg.rf.634dbe493033e5c91d5f33097bcf7754.jpg</path>
	<source>
		<database>roboflow.ai</database>
	</source>
	<size>
		<width>416</width>
		<height>416</height>
		<depth>3</depth>
	</size>
	<segmented>0</segmented>
	<object>
		<name>motorbike</name>
		<pose>Unspecified</pose>
		<truncated>0</truncated>
		<difficult>0</difficult>
		<occluded>0</occluded>
		<bndbox>
			<xmin>31</xmin>
			<xmax>77</xmax>
			<ymin>187</ymin>
			<ymax>307</ymax>
		</bndbox>
	</object>
	<object>
		<name>bicycle</name>
		<pose>Unspecified</pose>
		<truncated>0</truncated>
		<difficult>0</difficult>
		<occluded>0</occluded>
		<bndbox>
			<xmin>70</xmin>
			<xmax>104</xmax>
			<ymin>113</ymin>
			<ymax>207</ymax>
		</bndbox>
	</object>
</annotation>
