<annotation>
	<folder></folder>
	<filename>frame_2881_jpg.rf.6228445bd11da59a969f8caf0c0a97e9.jpg</filename>
	<path>frame_2881_jpg.rf.6228445bd11da59a969f8caf0c0a97e9.jpg</path>
	<source>
		<database>roboflow.ai</database>
	</source>
	<size>
		<width>416</width>
		<height>416</height>
		<depth>3</depth>
	</size>
	<segmented>0</segmented>
	<object>
		<name>bicycle</name>
		<pose>Unspecified</pose>
		<truncated>0</truncated>
		<difficult>0</difficult>
		<occluded>0</occluded>
		<bndbox>
			<xmin>312</xmin>
			<xmax>356</xmax>
			<ymin>257</ymin>
			<ymax>378</ymax>
		</bndbox>
	</object>
	<object>
		<name>bicycle</name>
		<pose>Unspecified</pose>
		<truncated>0</truncated>
		<difficult>0</difficult>
		<occluded>0</occluded>
		<bndbox>
			<xmin>336</xmin>
			<xmax>380</xmax>
			<ymin>254</ymin>
			<ymax>375</ymax>
		</bndbox>
	</object>
</annotation>
