<annotation>
	<folder></folder>
	<filename>frame_2935_jpg.rf.b538a7721f385b5f9343676050cac08d.jpg</filename>
	<path>frame_2935_jpg.rf.b538a7721f385b5f9343676050cac08d.jpg</path>
	<source>
		<database>roboflow.ai</database>
	</source>
	<size>
		<width>416</width>
		<height>416</height>
		<depth>3</depth>
	</size>
	<segmented>0</segmented>
	<object>
		<name>motorbike</name>
		<pose>Unspecified</pose>
		<truncated>0</truncated>
		<difficult>0</difficult>
		<occluded>0</occluded>
		<bndbox>
			<xmin>244</xmin>
			<xmax>289</xmax>
			<ymin>198</ymin>
			<ymax>297</ymax>
		</bndbox>
	</object>
	<object>
		<name>motorbike</name>
		<pose>Unspecified</pose>
		<truncated>0</truncated>
		<difficult>0</difficult>
		<occluded>0</occluded>
		<bndbox>
			<xmin>274</xmin>
			<xmax>319</xmax>
			<ymin>176</ymin>
			<ymax>275</ymax>
		</bndbox>
	</object>
</annotation>
