<annotation>
	<folder></folder>
	<filename>frame_2963_jpg.rf.faef67c035a960f207eddcaaa4ecdae5.jpg</filename>
	<path>frame_2963_jpg.rf.faef67c035a960f207eddcaaa4ecdae5.jpg</path>
	<source>
		<database>roboflow.ai</database>
	</source>
	<size>
		<width>416</width>
		<height>416</height>
		<depth>3</depth>
	</size>
	<segmented>0</segmented>
	<object>
		<name>bicycle</name>
		<pose>Unspecified</pose>
		<truncated>0</truncated>
		<difficult>0</difficult>
		<occluded>0</occluded>
		<bndbox>
			<xmin>26</xmin>
			<xmax>70</xmax>
			<ymin>216</ymin>
			<ymax>313</ymax>
		</bndbox>
	</object>
</annotation>
