<annotation>
	<folder></folder>
	<filename>frame_2953_jpg.rf.a30c6d596f74d8b5ea4594a18300399d.jpg</filename>
	<path>frame_2953_jpg.rf.a30c6d596f74d8b5ea4594a18300399d.jpg</path>
	<source>
		<database>roboflow.ai</database>
	</source>
	<size>
		<width>416</width>
		<height>416</height>
		<depth>3</depth>
	</size>
	<segmented>0</segmented>
	<object>
		<name>motorbike</name>
		<pose>Unspecified</pose>
		<truncated>0</truncated>
		<difficult>0</difficult>
		<occluded>0</occluded>
		<bndbox>
			<xmin>33</xmin>
			<xmax>67</xmax>
			<ymin>247</ymin>
			<ymax>349</ymax>
		</bndbox>
	</object>
</annotation>
