<annotation>
	<folder></folder>
	<filename>frame_2916_jpg.rf.714afb130ae496d7df6645d1c0ed36ae.jpg</filename>
	<path>frame_2916_jpg.rf.714afb130ae496d7df6645d1c0ed36ae.jpg</path>
	<source>
		<database>roboflow.ai</database>
	</source>
	<size>
		<width>416</width>
		<height>416</height>
		<depth>3</depth>
	</size>
	<segmented>0</segmented>
	<object>
		<name>motorbike</name>
		<pose>Unspecified</pose>
		<truncated>0</truncated>
		<difficult>0</difficult>
		<occluded>0</occluded>
		<bndbox>
			<xmin>234</xmin>
			<xmax>286</xmax>
			<ymin>280</ymin>
			<ymax>394</ymax>
		</bndbox>
	</object>
	<object>
		<name>bicycle</name>
		<pose>Unspecified</pose>
		<truncated>0</truncated>
		<difficult>0</difficult>
		<occluded>0</occluded>
		<bndbox>
			<xmin>315</xmin>
			<xmax>361</xmax>
			<ymin>283</ymin>
			<ymax>406</ymax>
		</bndbox>
	</object>
</annotation>
