<annotation>
	<folder></folder>
	<filename>frame_2880_jpg.rf.cb72a73c1f7d27e497a650609cb9bdd1.jpg</filename>
	<path>frame_2880_jpg.rf.cb72a73c1f7d27e497a650609cb9bdd1.jpg</path>
	<source>
		<database>roboflow.ai</database>
	</source>
	<size>
		<width>416</width>
		<height>416</height>
		<depth>3</depth>
	</size>
	<segmented>0</segmented>
	<object>
		<name>bicycle</name>
		<pose>Unspecified</pose>
		<truncated>0</truncated>
		<difficult>0</difficult>
		<occluded>0</occluded>
		<bndbox>
			<xmin>79</xmin>
			<xmax>127</xmax>
			<ymin>158</ymin>
			<ymax>265</ymax>
		</bndbox>
	</object>
	<object>
		<name>bicycle</name>
		<pose>Unspecified</pose>
		<truncated>0</truncated>
		<difficult>0</difficult>
		<occluded>0</occluded>
		<bndbox>
			<xmin>57</xmin>
			<xmax>105</xmax>
			<ymin>159</ymin>
			<ymax>266</ymax>
		</bndbox>
	</object>
</annotation>
