<annotation>
	<folder></folder>
	<filename>frame_2927_jpg.rf.d6887bc2788b7ada2406c0528ce10696.jpg</filename>
	<path>frame_2927_jpg.rf.d6887bc2788b7ada2406c0528ce10696.jpg</path>
	<source>
		<database>roboflow.ai</database>
	</source>
	<size>
		<width>416</width>
		<height>416</height>
		<depth>3</depth>
	</size>
	<segmented>0</segmented>
	<object>
		<name>car</name>
		<pose>Unspecified</pose>
		<truncated>0</truncated>
		<difficult>0</difficult>
		<occluded>0</occluded>
		<bndbox>
			<xmin>200</xmin>
			<xmax>274</xmax>
			<ymin>249</ymin>
			<ymax>355</ymax>
		</bndbox>
	</object>
	<object>
		<name>bicycle</name>
		<pose>Unspecified</pose>
		<truncated>0</truncated>
		<difficult>0</difficult>
		<occluded>0</occluded>
		<bndbox>
			<xmin>338</xmin>
			<xmax>389</xmax>
			<ymin>258</ymin>
			<ymax>362</ymax>
		</bndbox>
	</object>
</annotation>
