<annotation>
	<folder></folder>
	<filename>frame_2859_jpg.rf.8979f7b5975f6ad655e711bc5bafb4f9.jpg</filename>
	<path>frame_2859_jpg.rf.8979f7b5975f6ad655e711bc5bafb4f9.jpg</path>
	<source>
		<database>roboflow.ai</database>
	</source>
	<size>
		<width>416</width>
		<height>416</height>
		<depth>3</depth>
	</size>
	<segmented>0</segmented>
	<object>
		<name>bicycle</name>
		<pose>Unspecified</pose>
		<truncated>0</truncated>
		<difficult>0</difficult>
		<occluded>0</occluded>
		<bndbox>
			<xmin>55</xmin>
			<xmax>98</xmax>
			<ymin>263</ymin>
			<ymax>384</ymax>
		</bndbox>
	</object>
	<object>
		<name>bicycle</name>
		<pose>Unspecified</pose>
		<truncated>0</truncated>
		<difficult>0</difficult>
		<occluded>0</occluded>
		<bndbox>
			<xmin>58</xmin>
			<xmax>101</xmax>
			<ymin>214</ymin>
			<ymax>335</ymax>
		</bndbox>
	</object>
	<object>
		<name>motorbike</name>
		<pose>Unspecified</pose>
		<truncated>0</truncated>
		<difficult>0</difficult>
		<occluded>0</occluded>
		<bndbox>
			<xmin>123</xmin>
			<xmax>164</xmax>
			<ymin>189</ymin>
			<ymax>283</ymax>
		</bndbox>
	</object>
	<object>
		<name>motorbike</name>
		<pose>Unspecified</pose>
		<truncated>0</truncated>
		<difficult>0</difficult>
		<occluded>0</occluded>
		<bndbox>
			<xmin>157</xmin>
			<xmax>198</xmax>
			<ymin>316</ymin>
			<ymax>410</ymax>
		</bndbox>
	</object>
</annotation>
