<annotation>
	<folder></folder>
	<filename>frame_2960_jpg.rf.0ebdb66c3fc84663e24f8854ebb4ce8e.jpg</filename>
	<path>frame_2960_jpg.rf.0ebdb66c3fc84663e24f8854ebb4ce8e.jpg</path>
	<source>
		<database>roboflow.ai</database>
	</source>
	<size>
		<width>416</width>
		<height>416</height>
		<depth>3</depth>
	</size>
	<segmented>0</segmented>
	<object>
		<name>motorbike</name>
		<pose>Unspecified</pose>
		<truncated>0</truncated>
		<difficult>0</difficult>
		<occluded>0</occluded>
		<bndbox>
			<xmin>42</xmin>
			<xmax>74</xmax>
			<ymin>179</ymin>
			<ymax>264</ymax>
		</bndbox>
	</object>
</annotation>
