<annotation>
	<folder></folder>
	<filename>frame_2959_jpg.rf.e6d9e62bcb2065be0cc549fa032aa42a.jpg</filename>
	<path>frame_2959_jpg.rf.e6d9e62bcb2065be0cc549fa032aa42a.jpg</path>
	<source>
		<database>roboflow.ai</database>
	</source>
	<size>
		<width>416</width>
		<height>416</height>
		<depth>3</depth>
	</size>
	<segmented>0</segmented>
	<object>
		<name>motorbike</name>
		<pose>Unspecified</pose>
		<truncated>0</truncated>
		<difficult>0</difficult>
		<occluded>0</occluded>
		<bndbox>
			<xmin>35</xmin>
			<xmax>79</xmax>
			<ymin>247</ymin>
			<ymax>348</ymax>
		</bndbox>
	</object>
	<object>
		<name>motorbike</name>
		<pose>Unspecified</pose>
		<truncated>0</truncated>
		<difficult>0</difficult>
		<occluded>0</occluded>
		<bndbox>
			<xmin>34</xmin>
			<xmax>78</xmax>
			<ymin>142</ymin>
			<ymax>243</ymax>
		</bndbox>
	</object>
</annotation>
