<annotation>
	<folder></folder>
	<filename>frame_2940_jpg.rf.337cb82648e15388ce992c3ebbf43b98.jpg</filename>
	<path>frame_2940_jpg.rf.337cb82648e15388ce992c3ebbf43b98.jpg</path>
	<source>
		<database>roboflow.ai</database>
	</source>
	<size>
		<width>416</width>
		<height>416</height>
		<depth>3</depth>
	</size>
	<segmented>0</segmented>
	<object>
		<name>motorbike</name>
		<pose>Unspecified</pose>
		<truncated>0</truncated>
		<difficult>0</difficult>
		<occluded>0</occluded>
		<bndbox>
			<xmin>236</xmin>
			<xmax>284</xmax>
			<ymin>277</ymin>
			<ymax>416</ymax>
		</bndbox>
	</object>
	<object>
		<name>bicycle</name>
		<pose>Unspecified</pose>
		<truncated>0</truncated>
		<difficult>0</difficult>
		<occluded>0</occluded>
		<bndbox>
			<xmin>287</xmin>
			<xmax>332</xmax>
			<ymin>269</ymin>
			<ymax>405</ymax>
		</bndbox>
	</object>
	<object>
		<name>bicycle</name>
		<pose>Unspecified</pose>
		<truncated>0</truncated>
		<difficult>0</difficult>
		<occluded>0</occluded>
		<bndbox>
			<xmin>315</xmin>
			<xmax>355</xmax>
			<ymin>285</ymin>
			<ymax>396</ymax>
		</bndbox>
	</object>
</annotation>
