<annotation>
	<folder></folder>
	<filename>frame_2856_jpg.rf.f082ff4878e3f942aebdfe88b3e7e12f.jpg</filename>
	<path>frame_2856_jpg.rf.f082ff4878e3f942aebdfe88b3e7e12f.jpg</path>
	<source>
		<database>roboflow.ai</database>
	</source>
	<size>
		<width>416</width>
		<height>416</height>
		<depth>3</depth>
	</size>
	<segmented>0</segmented>
	<object>
		<name>bicycle</name>
		<pose>Unspecified</pose>
		<truncated>0</truncated>
		<difficult>0</difficult>
		<occluded>0</occluded>
		<bndbox>
			<xmin>324</xmin>
			<xmax>358</xmax>
			<ymin>198</ymin>
			<ymax>328</ymax>
		</bndbox>
	</object>
	<object>
		<name>bicycle</name>
		<pose>Unspecified</pose>
		<truncated>0</truncated>
		<difficult>0</difficult>
		<occluded>0</occluded>
		<bndbox>
			<xmin>312</xmin>
			<xmax>341</xmax>
			<ymin>147</ymin>
			<ymax>244</ymax>
		</bndbox>
	</object>
</annotation>
