<annotation>
	<folder></folder>
	<filename>frame_2877_jpg.rf.ee9fd036c47425c1c08ab3c44b28b891.jpg</filename>
	<path>frame_2877_jpg.rf.ee9fd036c47425c1c08ab3c44b28b891.jpg</path>
	<source>
		<database>roboflow.ai</database>
	</source>
	<size>
		<width>416</width>
		<height>416</height>
		<depth>3</depth>
	</size>
	<segmented>0</segmented>
	<object>
		<name>bicycle</name>
		<pose>Unspecified</pose>
		<truncated>0</truncated>
		<difficult>0</difficult>
		<occluded>0</occluded>
		<bndbox>
			<xmin>0</xmin>
			<xmax>46</xmax>
			<ymin>262</ymin>
			<ymax>402</ymax>
		</bndbox>
	</object>
</annotation>
