<annotation>
	<folder></folder>
	<filename>frame_2959_jpg.rf.c82ade4091682cc6d4a986785eeb9f6d.jpg</filename>
	<path>frame_2959_jpg.rf.c82ade4091682cc6d4a986785eeb9f6d.jpg</path>
	<source>
		<database>roboflow.ai</database>
	</source>
	<size>
		<width>416</width>
		<height>416</height>
		<depth>3</depth>
	</size>
	<segmented>0</segmented>
	<object>
		<name>motorbike</name>
		<pose>Unspecified</pose>
		<truncated>0</truncated>
		<difficult>0</difficult>
		<occluded>0</occluded>
		<bndbox>
			<xmin>40</xmin>
			<xmax>84</xmax>
			<ymin>246</ymin>
			<ymax>348</ymax>
		</bndbox>
	</object>
	<object>
		<name>motorbike</name>
		<pose>Unspecified</pose>
		<truncated>0</truncated>
		<difficult>0</difficult>
		<occluded>0</occluded>
		<bndbox>
			<xmin>36</xmin>
			<xmax>80</xmax>
			<ymin>141</ymin>
			<ymax>243</ymax>
		</bndbox>
	</object>
</annotation>
