<annotation>
	<folder></folder>
	<filename>frame_2854_jpg.rf.e8ccf03154c0203b334ecd2c8e9c45b9.jpg</filename>
	<path>frame_2854_jpg.rf.e8ccf03154c0203b334ecd2c8e9c45b9.jpg</path>
	<source>
		<database>roboflow.ai</database>
	</source>
	<size>
		<width>416</width>
		<height>416</height>
		<depth>3</depth>
	</size>
	<segmented>0</segmented>
	<object>
		<name>bicycle</name>
		<pose>Unspecified</pose>
		<truncated>0</truncated>
		<difficult>0</difficult>
		<occluded>0</occluded>
		<bndbox>
			<xmin>67</xmin>
			<xmax>109</xmax>
			<ymin>190</ymin>
			<ymax>317</ymax>
		</bndbox>
	</object>
	<object>
		<name>bicycle</name>
		<pose>Unspecified</pose>
		<truncated>0</truncated>
		<difficult>0</difficult>
		<occluded>0</occluded>
		<bndbox>
			<xmin>79</xmin>
			<xmax>121</xmax>
			<ymin>171</ymin>
			<ymax>298</ymax>
		</bndbox>
	</object>
</annotation>
