<annotation>
	<folder></folder>
	<filename>frame_2956_jpg.rf.0e738e117521144439f4c711564f7313.jpg</filename>
	<path>frame_2956_jpg.rf.0e738e117521144439f4c711564f7313.jpg</path>
	<source>
		<database>roboflow.ai</database>
	</source>
	<size>
		<width>416</width>
		<height>416</height>
		<depth>3</depth>
	</size>
	<segmented>0</segmented>
	<object>
		<name>motorbike</name>
		<pose>Unspecified</pose>
		<truncated>0</truncated>
		<difficult>0</difficult>
		<occluded>0</occluded>
		<bndbox>
			<xmin>353</xmin>
			<xmax>404</xmax>
			<ymin>229</ymin>
			<ymax>341</ymax>
		</bndbox>
	</object>
	<object>
		<name>motorbike</name>
		<pose>Unspecified</pose>
		<truncated>0</truncated>
		<difficult>0</difficult>
		<occluded>0</occluded>
		<bndbox>
			<xmin>315</xmin>
			<xmax>366</xmax>
			<ymin>300</ymin>
			<ymax>412</ymax>
		</bndbox>
	</object>
	<object>
		<name>motorbike</name>
		<pose>Unspecified</pose>
		<truncated>0</truncated>
		<difficult>0</difficult>
		<occluded>0</occluded>
		<bndbox>
			<xmin>282</xmin>
			<xmax>333</xmax>
			<ymin>238</ymin>
			<ymax>350</ymax>
		</bndbox>
	</object>
</annotation>
