<annotation>
	<folder></folder>
	<filename>frame_2854_jpg.rf.cab6710e837dadbd4e40bb878acf95de.jpg</filename>
	<path>frame_2854_jpg.rf.cab6710e837dadbd4e40bb878acf95de.jpg</path>
	<source>
		<database>roboflow.ai</database>
	</source>
	<size>
		<width>416</width>
		<height>416</height>
		<depth>3</depth>
	</size>
	<segmented>0</segmented>
	<object>
		<name>bicycle</name>
		<pose>Unspecified</pose>
		<truncated>0</truncated>
		<difficult>0</difficult>
		<occluded>0</occluded>
		<bndbox>
			<xmin>49</xmin>
			<xmax>81</xmax>
			<ymin>191</ymin>
			<ymax>306</ymax>
		</bndbox>
	</object>
	<object>
		<name>bicycle</name>
		<pose>Unspecified</pose>
		<truncated>0</truncated>
		<difficult>0</difficult>
		<occluded>0</occluded>
		<bndbox>
			<xmin>69</xmin>
			<xmax>101</xmax>
			<ymin>173</ymin>
			<ymax>288</ymax>
		</bndbox>
	</object>
</annotation>
