<annotation>
	<folder></folder>
	<filename>frame_2919_jpg.rf.19dd2f5628c12a91e1dfb2a775331c96.jpg</filename>
	<path>frame_2919_jpg.rf.19dd2f5628c12a91e1dfb2a775331c96.jpg</path>
	<source>
		<database>roboflow.ai</database>
	</source>
	<size>
		<width>416</width>
		<height>416</height>
		<depth>3</depth>
	</size>
	<segmented>0</segmented>
	<object>
		<name>motorbike</name>
		<pose>Unspecified</pose>
		<truncated>0</truncated>
		<difficult>0</difficult>
		<occluded>0</occluded>
		<bndbox>
			<xmin>269</xmin>
			<xmax>300</xmax>
			<ymin>182</ymin>
			<ymax>269</ymax>
		</bndbox>
	</object>
	<object>
		<name>auto</name>
		<pose>Unspecified</pose>
		<truncated>0</truncated>
		<difficult>0</difficult>
		<occluded>0</occluded>
		<bndbox>
			<xmin>217</xmin>
			<xmax>295</xmax>
			<ymin>287</ymin>
			<ymax>414</ymax>
		</bndbox>
	</object>
</annotation>
