<annotation>
	<folder></folder>
	<filename>frame_2953_jpg.rf.220715299418f83bd047a99a87635a39.jpg</filename>
	<path>frame_2953_jpg.rf.220715299418f83bd047a99a87635a39.jpg</path>
	<source>
		<database>roboflow.ai</database>
	</source>
	<size>
		<width>416</width>
		<height>416</height>
		<depth>3</depth>
	</size>
	<segmented>0</segmented>
	<object>
		<name>motorbike</name>
		<pose>Unspecified</pose>
		<truncated>0</truncated>
		<difficult>0</difficult>
		<occluded>0</occluded>
		<bndbox>
			<xmin>38</xmin>
			<xmax>75</xmax>
			<ymin>179</ymin>
			<ymax>293</ymax>
		</bndbox>
	</object>
</annotation>
