<annotation>
	<folder></folder>
	<filename>frame_2967_jpg.rf.ebf4b635666a7f42ee4cb051d0d0fc7a.jpg</filename>
	<path>frame_2967_jpg.rf.ebf4b635666a7f42ee4cb051d0d0fc7a.jpg</path>
	<source>
		<database>roboflow.ai</database>
	</source>
	<size>
		<width>416</width>
		<height>416</height>
		<depth>3</depth>
	</size>
	<segmented>0</segmented>
	<object>
		<name>bicycle</name>
		<pose>Unspecified</pose>
		<truncated>0</truncated>
		<difficult>0</difficult>
		<occluded>0</occluded>
		<bndbox>
			<xmin>63</xmin>
			<xmax>92</xmax>
			<ymin>181</ymin>
			<ymax>273</ymax>
		</bndbox>
	</object>
	<object>
		<name>motorbike</name>
		<pose>Unspecified</pose>
		<truncated>0</truncated>
		<difficult>0</difficult>
		<occluded>0</occluded>
		<bndbox>
			<xmin>43</xmin>
			<xmax>73</xmax>
			<ymin>173</ymin>
			<ymax>248</ymax>
		</bndbox>
	</object>
</annotation>
