<annotation>
	<folder></folder>
	<filename>frame_2952_jpg.rf.2dd8ced5bc6eb92509ba950f88bc4055.jpg</filename>
	<path>frame_2952_jpg.rf.2dd8ced5bc6eb92509ba950f88bc4055.jpg</path>
	<source>
		<database>roboflow.ai</database>
	</source>
	<size>
		<width>416</width>
		<height>416</height>
		<depth>3</depth>
	</size>
	<segmented>0</segmented>
	<object>
		<name>motorbike</name>
		<pose>Unspecified</pose>
		<truncated>0</truncated>
		<difficult>0</difficult>
		<occluded>0</occluded>
		<bndbox>
			<xmin>343</xmin>
			<xmax>407</xmax>
			<ymin>227</ymin>
			<ymax>364</ymax>
		</bndbox>
	</object>
	<object>
		<name>motorbike</name>
		<pose>Unspecified</pose>
		<truncated>0</truncated>
		<difficult>0</difficult>
		<occluded>0</occluded>
		<bndbox>
			<xmin>272</xmin>
			<xmax>338</xmax>
			<ymin>231</ymin>
			<ymax>367</ymax>
		</bndbox>
	</object>
	<object>
		<name>bicycle</name>
		<pose>Unspecified</pose>
		<truncated>0</truncated>
		<difficult>0</difficult>
		<occluded>0</occluded>
		<bndbox>
			<xmin>320</xmin>
			<xmax>368</xmax>
			<ymin>140</ymin>
			<ymax>224</ymax>
		</bndbox>
	</object>
</annotation>
