<annotation>
	<folder></folder>
	<filename>frame_2872_jpg.rf.90fe31f1e1d138492a5d9dc6856964d0.jpg</filename>
	<path>frame_2872_jpg.rf.90fe31f1e1d138492a5d9dc6856964d0.jpg</path>
	<source>
		<database>roboflow.ai</database>
	</source>
	<size>
		<width>416</width>
		<height>416</height>
		<depth>3</depth>
	</size>
	<segmented>0</segmented>
	<object>
		<name>auto</name>
		<pose>Unspecified</pose>
		<truncated>0</truncated>
		<difficult>0</difficult>
		<occluded>0</occluded>
		<bndbox>
			<xmin>95</xmin>
			<xmax>177</xmax>
			<ymin>216</ymin>
			<ymax>345</ymax>
		</bndbox>
	</object>
	<object>
		<name>bicycle</name>
		<pose>Unspecified</pose>
		<truncated>0</truncated>
		<difficult>0</difficult>
		<occluded>0</occluded>
		<bndbox>
			<xmin>47</xmin>
			<xmax>106</xmax>
			<ymin>234</ymin>
			<ymax>348</ymax>
		</bndbox>
	</object>
</annotation>
