<annotation>
	<folder></folder>
	<filename>frame_2952_jpg.rf.3de5cd4c6249ff40e5691720df86df90.jpg</filename>
	<path>frame_2952_jpg.rf.3de5cd4c6249ff40e5691720df86df90.jpg</path>
	<source>
		<database>roboflow.ai</database>
	</source>
	<size>
		<width>416</width>
		<height>416</height>
		<depth>3</depth>
	</size>
	<segmented>0</segmented>
	<object>
		<name>motorbike</name>
		<pose>Unspecified</pose>
		<truncated>0</truncated>
		<difficult>0</difficult>
		<occluded>0</occluded>
		<bndbox>
			<xmin>22</xmin>
			<xmax>71</xmax>
			<ymin>252</ymin>
			<ymax>384</ymax>
		</bndbox>
	</object>
	<object>
		<name>motorbike</name>
		<pose>Unspecified</pose>
		<truncated>0</truncated>
		<difficult>0</difficult>
		<occluded>0</occluded>
		<bndbox>
			<xmin>92</xmin>
			<xmax>141</xmax>
			<ymin>248</ymin>
			<ymax>380</ymax>
		</bndbox>
	</object>
	<object>
		<name>bicycle</name>
		<pose>Unspecified</pose>
		<truncated>0</truncated>
		<difficult>0</difficult>
		<occluded>0</occluded>
		<bndbox>
			<xmin>54</xmin>
			<xmax>92</xmax>
			<ymin>158</ymin>
			<ymax>239</ymax>
		</bndbox>
	</object>
</annotation>
