<annotation>
	<folder></folder>
	<filename>frame_2943_jpg.rf.71281dcb2d19810f2e22fc8037ceea85.jpg</filename>
	<path>frame_2943_jpg.rf.71281dcb2d19810f2e22fc8037ceea85.jpg</path>
	<source>
		<database>roboflow.ai</database>
	</source>
	<size>
		<width>416</width>
		<height>416</height>
		<depth>3</depth>
	</size>
	<segmented>0</segmented>
	<object>
		<name>motorbike</name>
		<pose>Unspecified</pose>
		<truncated>0</truncated>
		<difficult>0</difficult>
		<occluded>0</occluded>
		<bndbox>
			<xmin>281</xmin>
			<xmax>323</xmax>
			<ymin>226</ymin>
			<ymax>329</ymax>
		</bndbox>
	</object>
	<object>
		<name>motorbike</name>
		<pose>Unspecified</pose>
		<truncated>0</truncated>
		<difficult>0</difficult>
		<occluded>0</occluded>
		<bndbox>
			<xmin>336</xmin>
			<xmax>378</xmax>
			<ymin>209</ymin>
			<ymax>312</ymax>
		</bndbox>
	</object>
	<object>
		<name>auto</name>
		<pose>Unspecified</pose>
		<truncated>0</truncated>
		<difficult>0</difficult>
		<occluded>0</occluded>
		<bndbox>
			<xmin>265</xmin>
			<xmax>318</xmax>
			<ymin>122</ymin>
			<ymax>206</ymax>
		</bndbox>
	</object>
</annotation>
