<annotation>
	<folder></folder>
	<filename>frame_2943_jpg.rf.f5dac997e08cdaffcb5f29190ab1f72e.jpg</filename>
	<path>frame_2943_jpg.rf.f5dac997e08cdaffcb5f29190ab1f72e.jpg</path>
	<source>
		<database>roboflow.ai</database>
	</source>
	<size>
		<width>416</width>
		<height>416</height>
		<depth>3</depth>
	</size>
	<segmented>0</segmented>
	<object>
		<name>motorbike</name>
		<pose>Unspecified</pose>
		<truncated>0</truncated>
		<difficult>0</difficult>
		<occluded>0</occluded>
		<bndbox>
			<xmin>282</xmin>
			<xmax>319</xmax>
			<ymin>249</ymin>
			<ymax>349</ymax>
		</bndbox>
	</object>
	<object>
		<name>motorbike</name>
		<pose>Unspecified</pose>
		<truncated>0</truncated>
		<difficult>0</difficult>
		<occluded>0</occluded>
		<bndbox>
			<xmin>338</xmin>
			<xmax>375</xmax>
			<ymin>245</ymin>
			<ymax>345</ymax>
		</bndbox>
	</object>
	<object>
		<name>auto</name>
		<pose>Unspecified</pose>
		<truncated>0</truncated>
		<difficult>0</difficult>
		<occluded>0</occluded>
		<bndbox>
			<xmin>266</xmin>
			<xmax>317</xmax>
			<ymin>143</ymin>
			<ymax>223</ymax>
		</bndbox>
	</object>
</annotation>
