<annotation>
	<folder></folder>
	<filename>frame_2856_jpg.rf.a49e336e5cb8a334fb1d10b3fcd6dd1f.jpg</filename>
	<path>frame_2856_jpg.rf.a49e336e5cb8a334fb1d10b3fcd6dd1f.jpg</path>
	<source>
		<database>roboflow.ai</database>
	</source>
	<size>
		<width>416</width>
		<height>416</height>
		<depth>3</depth>
	</size>
	<segmented>0</segmented>
	<object>
		<name>bicycle</name>
		<pose>Unspecified</pose>
		<truncated>0</truncated>
		<difficult>0</difficult>
		<occluded>0</occluded>
		<bndbox>
			<xmin>53</xmin>
			<xmax>88</xmax>
			<ymin>226</ymin>
			<ymax>345</ymax>
		</bndbox>
	</object>
	<object>
		<name>bicycle</name>
		<pose>Unspecified</pose>
		<truncated>0</truncated>
		<difficult>0</difficult>
		<occluded>0</occluded>
		<bndbox>
			<xmin>75</xmin>
			<xmax>104</xmax>
			<ymin>169</ymin>
			<ymax>258</ymax>
		</bndbox>
	</object>
</annotation>
