<annotation>
	<folder></folder>
	<filename>frame_2944_jpg.rf.ff892564f968656f657f00abb5206471.jpg</filename>
	<path>frame_2944_jpg.rf.ff892564f968656f657f00abb5206471.jpg</path>
	<source>
		<database>roboflow.ai</database>
	</source>
	<size>
		<width>416</width>
		<height>416</height>
		<depth>3</depth>
	</size>
	<segmented>0</segmented>
	<object>
		<name>motorbike</name>
		<pose>Unspecified</pose>
		<truncated>0</truncated>
		<difficult>0</difficult>
		<occluded>0</occluded>
		<bndbox>
			<xmin>358</xmin>
			<xmax>392</xmax>
			<ymin>260</ymin>
			<ymax>362</ymax>
		</bndbox>
	</object>
	<object>
		<name>motorbike</name>
		<pose>Unspecified</pose>
		<truncated>0</truncated>
		<difficult>0</difficult>
		<occluded>0</occluded>
		<bndbox>
			<xmin>295</xmin>
			<xmax>329</xmax>
			<ymin>244</ymin>
			<ymax>346</ymax>
		</bndbox>
	</object>
</annotation>
