<annotation>
	<folder></folder>
	<filename>frame_2924_jpg.rf.75d60990375b30a7bb3dfcc37d0b0185.jpg</filename>
	<path>frame_2924_jpg.rf.75d60990375b30a7bb3dfcc37d0b0185.jpg</path>
	<source>
		<database>roboflow.ai</database>
	</source>
	<size>
		<width>416</width>
		<height>416</height>
		<depth>3</depth>
	</size>
	<segmented>0</segmented>
	<object>
		<name>auto</name>
		<pose>Unspecified</pose>
		<truncated>0</truncated>
		<difficult>0</difficult>
		<occluded>0</occluded>
		<bndbox>
			<xmin>130</xmin>
			<xmax>197</xmax>
			<ymin>187</ymin>
			<ymax>327</ymax>
		</bndbox>
	</object>
	<object>
		<name>bicycle</name>
		<pose>Unspecified</pose>
		<truncated>0</truncated>
		<difficult>0</difficult>
		<occluded>0</occluded>
		<bndbox>
			<xmin>55</xmin>
			<xmax>101</xmax>
			<ymin>260</ymin>
			<ymax>374</ymax>
		</bndbox>
	</object>
	<object>
		<name>bicycle</name>
		<pose>Unspecified</pose>
		<truncated>0</truncated>
		<difficult>0</difficult>
		<occluded>0</occluded>
		<bndbox>
			<xmin>65</xmin>
			<xmax>111</xmax>
			<ymin>198</ymin>
			<ymax>312</ymax>
		</bndbox>
	</object>
</annotation>
