<annotation>
	<folder></folder>
	<filename>frame_2855_jpg.rf.424f6efa96e24e2d30ad723330c93ee5.jpg</filename>
	<path>frame_2855_jpg.rf.424f6efa96e24e2d30ad723330c93ee5.jpg</path>
	<source>
		<database>roboflow.ai</database>
	</source>
	<size>
		<width>416</width>
		<height>416</height>
		<depth>3</depth>
	</size>
	<segmented>0</segmented>
	<object>
		<name>bicycle</name>
		<pose>Unspecified</pose>
		<truncated>0</truncated>
		<difficult>0</difficult>
		<occluded>0</occluded>
		<bndbox>
			<xmin>73</xmin>
			<xmax>127</xmax>
			<ymin>268</ymin>
			<ymax>396</ymax>
		</bndbox>
	</object>
	<object>
		<name>bicycle</name>
		<pose>Unspecified</pose>
		<truncated>0</truncated>
		<difficult>0</difficult>
		<occluded>0</occluded>
		<bndbox>
			<xmin>91</xmin>
			<xmax>146</xmax>
			<ymin>316</ymin>
			<ymax>408</ymax>
		</bndbox>
	</object>
	<object>
		<name>bicycle</name>
		<pose>Unspecified</pose>
		<truncated>0</truncated>
		<difficult>0</difficult>
		<occluded>0</occluded>
		<bndbox>
			<xmin>61</xmin>
			<xmax>116</xmax>
			<ymin>318</ymin>
			<ymax>403</ymax>
		</bndbox>
	</object>
</annotation>
