<annotation>
	<folder></folder>
	<filename>frame_2888_jpg.rf.06561f991b1795b8f07184a0d2dd9309.jpg</filename>
	<path>frame_2888_jpg.rf.06561f991b1795b8f07184a0d2dd9309.jpg</path>
	<source>
		<database>roboflow.ai</database>
	</source>
	<size>
		<width>416</width>
		<height>416</height>
		<depth>3</depth>
	</size>
	<segmented>0</segmented>
	<object>
		<name>motorbike</name>
		<pose>Unspecified</pose>
		<truncated>0</truncated>
		<difficult>0</difficult>
		<occluded>0</occluded>
		<bndbox>
			<xmin>240</xmin>
			<xmax>287</xmax>
			<ymin>267</ymin>
			<ymax>382</ymax>
		</bndbox>
	</object>
</annotation>
