<annotation>
	<folder></folder>
	<filename>frame_2945_jpg.rf.3a8a4ec3aba036f5ef0ee00598313c83.jpg</filename>
	<path>frame_2945_jpg.rf.3a8a4ec3aba036f5ef0ee00598313c83.jpg</path>
	<source>
		<database>roboflow.ai</database>
	</source>
	<size>
		<width>416</width>
		<height>416</height>
		<depth>3</depth>
	</size>
	<segmented>0</segmented>
	<object>
		<name>motorbike</name>
		<pose>Unspecified</pose>
		<truncated>0</truncated>
		<difficult>0</difficult>
		<occluded>0</occluded>
		<bndbox>
			<xmin>28</xmin>
			<xmax>73</xmax>
			<ymin>183</ymin>
			<ymax>294</ymax>
		</bndbox>
	</object>
</annotation>
