<annotation>
	<folder></folder>
	<filename>frame_2872_jpg.rf.bf25e8b987d491a31f1fc8bc0e8859fa.jpg</filename>
	<path>frame_2872_jpg.rf.bf25e8b987d491a31f1fc8bc0e8859fa.jpg</path>
	<source>
		<database>roboflow.ai</database>
	</source>
	<size>
		<width>416</width>
		<height>416</height>
		<depth>3</depth>
	</size>
	<segmented>0</segmented>
	<object>
		<name>auto</name>
		<pose>Unspecified</pose>
		<truncated>0</truncated>
		<difficult>0</difficult>
		<occluded>0</occluded>
		<bndbox>
			<xmin>250</xmin>
			<xmax>311</xmax>
			<ymin>201</ymin>
			<ymax>319</ymax>
		</bndbox>
	</object>
	<object>
		<name>bicycle</name>
		<pose>Unspecified</pose>
		<truncated>0</truncated>
		<difficult>0</difficult>
		<occluded>0</occluded>
		<bndbox>
			<xmin>320</xmin>
			<xmax>359</xmax>
			<ymin>198</ymin>
			<ymax>306</ymax>
		</bndbox>
	</object>
</annotation>
