<annotation>
	<folder></folder>
	<filename>frame_2971_jpg.rf.60011e17c098b44553bebb4ab39b0dec.jpg</filename>
	<path>frame_2971_jpg.rf.60011e17c098b44553bebb4ab39b0dec.jpg</path>
	<source>
		<database>roboflow.ai</database>
	</source>
	<size>
		<width>416</width>
		<height>416</height>
		<depth>3</depth>
	</size>
	<segmented>0</segmented>
	<object>
		<name>bicycle</name>
		<pose>Unspecified</pose>
		<truncated>0</truncated>
		<difficult>0</difficult>
		<occluded>0</occluded>
		<bndbox>
			<xmin>73</xmin>
			<xmax>105</xmax>
			<ymin>270</ymin>
			<ymax>385</ymax>
		</bndbox>
	</object>
	<object>
		<name>bicycle</name>
		<pose>Unspecified</pose>
		<truncated>0</truncated>
		<difficult>0</difficult>
		<occluded>0</occluded>
		<bndbox>
			<xmin>58</xmin>
			<xmax>92</xmax>
			<ymin>302</ymin>
			<ymax>411</ymax>
		</bndbox>
	</object>
</annotation>
