<annotation>
	<folder></folder>
	<filename>frame_2890_jpg.rf.602540c58f08c11cf8618ff46f159f6a.jpg</filename>
	<path>frame_2890_jpg.rf.602540c58f08c11cf8618ff46f159f6a.jpg</path>
	<source>
		<database>roboflow.ai</database>
	</source>
	<size>
		<width>416</width>
		<height>416</height>
		<depth>3</depth>
	</size>
	<segmented>0</segmented>
	<object>
		<name>auto</name>
		<pose>Unspecified</pose>
		<truncated>0</truncated>
		<difficult>0</difficult>
		<occluded>0</occluded>
		<bndbox>
			<xmin>82</xmin>
			<xmax>145</xmax>
			<ymin>195</ymin>
			<ymax>329</ymax>
		</bndbox>
	</object>
	<object>
		<name>car</name>
		<pose>Unspecified</pose>
		<truncated>0</truncated>
		<difficult>0</difficult>
		<occluded>0</occluded>
		<bndbox>
			<xmin>145</xmin>
			<xmax>206</xmax>
			<ymin>136</ymin>
			<ymax>260</ymax>
		</bndbox>
	</object>
</annotation>
