<annotation>
	<folder></folder>
	<filename>frame_2959_jpg.rf.1eee48abc7659a6b72ef3ee19a2783ac.jpg</filename>
	<path>frame_2959_jpg.rf.1eee48abc7659a6b72ef3ee19a2783ac.jpg</path>
	<source>
		<database>roboflow.ai</database>
	</source>
	<size>
		<width>416</width>
		<height>416</height>
		<depth>3</depth>
	</size>
	<segmented>0</segmented>
	<object>
		<name>motorbike</name>
		<pose>Unspecified</pose>
		<truncated>0</truncated>
		<difficult>0</difficult>
		<occluded>0</occluded>
		<bndbox>
			<xmin>20</xmin>
			<xmax>63</xmax>
			<ymin>254</ymin>
			<ymax>350</ymax>
		</bndbox>
	</object>
	<object>
		<name>motorbike</name>
		<pose>Unspecified</pose>
		<truncated>0</truncated>
		<difficult>0</difficult>
		<occluded>0</occluded>
		<bndbox>
			<xmin>35</xmin>
			<xmax>78</xmax>
			<ymin>149</ymin>
			<ymax>245</ymax>
		</bndbox>
	</object>
</annotation>
