<annotation>
	<folder></folder>
	<filename>frame_2948_jpg.rf.e3801c9475c193863e34d0b71dafb05a.jpg</filename>
	<path>frame_2948_jpg.rf.e3801c9475c193863e34d0b71dafb05a.jpg</path>
	<source>
		<database>roboflow.ai</database>
	</source>
	<size>
		<width>416</width>
		<height>416</height>
		<depth>3</depth>
	</size>
	<segmented>0</segmented>
	<object>
		<name>motorbike</name>
		<pose>Unspecified</pose>
		<truncated>0</truncated>
		<difficult>0</difficult>
		<occluded>0</occluded>
		<bndbox>
			<xmin>25</xmin>
			<xmax>70</xmax>
			<ymin>241</ymin>
			<ymax>362</ymax>
		</bndbox>
	</object>
</annotation>
