<annotation>
	<folder></folder>
	<filename>frame_2884_jpg.rf.7005d59a27c8c9f133783fcee55fdb52.jpg</filename>
	<path>frame_2884_jpg.rf.7005d59a27c8c9f133783fcee55fdb52.jpg</path>
	<source>
		<database>roboflow.ai</database>
	</source>
	<size>
		<width>416</width>
		<height>416</height>
		<depth>3</depth>
	</size>
	<segmented>0</segmented>
	<object>
		<name>motorbike</name>
		<pose>Unspecified</pose>
		<truncated>0</truncated>
		<difficult>0</difficult>
		<occluded>0</occluded>
		<bndbox>
			<xmin>104</xmin>
			<xmax>169</xmax>
			<ymin>201</ymin>
			<ymax>335</ymax>
		</bndbox>
	</object>
</annotation>
