<annotation>
	<folder></folder>
	<filename>frame_2940_jpg.rf.b38fb3f98d7443b5125ca0c410e6ef53.jpg</filename>
	<path>frame_2940_jpg.rf.b38fb3f98d7443b5125ca0c410e6ef53.jpg</path>
	<source>
		<database>roboflow.ai</database>
	</source>
	<size>
		<width>416</width>
		<height>416</height>
		<depth>3</depth>
	</size>
	<segmented>0</segmented>
	<object>
		<name>motorbike</name>
		<pose>Unspecified</pose>
		<truncated>0</truncated>
		<difficult>0</difficult>
		<occluded>0</occluded>
		<bndbox>
			<xmin>237</xmin>
			<xmax>279</xmax>
			<ymin>265</ymin>
			<ymax>412</ymax>
		</bndbox>
	</object>
	<object>
		<name>bicycle</name>
		<pose>Unspecified</pose>
		<truncated>0</truncated>
		<difficult>0</difficult>
		<occluded>0</occluded>
		<bndbox>
			<xmin>289</xmin>
			<xmax>327</xmax>
			<ymin>251</ymin>
			<ymax>399</ymax>
		</bndbox>
	</object>
	<object>
		<name>bicycle</name>
		<pose>Unspecified</pose>
		<truncated>0</truncated>
		<difficult>0</difficult>
		<occluded>0</occluded>
		<bndbox>
			<xmin>318</xmin>
			<xmax>352</xmax>
			<ymin>264</ymin>
			<ymax>389</ymax>
		</bndbox>
	</object>
</annotation>
