<annotation>
	<folder></folder>
	<filename>frame_2947_jpg.rf.caaddddeb4e0c5232e8e2237b1a7f298.jpg</filename>
	<path>frame_2947_jpg.rf.caaddddeb4e0c5232e8e2237b1a7f298.jpg</path>
	<source>
		<database>roboflow.ai</database>
	</source>
	<size>
		<width>416</width>
		<height>416</height>
		<depth>3</depth>
	</size>
	<segmented>0</segmented>
	<object>
		<name>motorbike</name>
		<pose>Unspecified</pose>
		<truncated>0</truncated>
		<difficult>0</difficult>
		<occluded>0</occluded>
		<bndbox>
			<xmin>346</xmin>
			<xmax>374</xmax>
			<ymin>244</ymin>
			<ymax>343</ymax>
		</bndbox>
	</object>
</annotation>
