<annotation>
	<folder></folder>
	<filename>frame_2884_jpg.rf.153debe389ecc3496b74a5cdfc6d78c4.jpg</filename>
	<path>frame_2884_jpg.rf.153debe389ecc3496b74a5cdfc6d78c4.jpg</path>
	<source>
		<database>roboflow.ai</database>
	</source>
	<size>
		<width>416</width>
		<height>416</height>
		<depth>3</depth>
	</size>
	<segmented>0</segmented>
	<object>
		<name>motorbike</name>
		<pose>Unspecified</pose>
		<truncated>0</truncated>
		<difficult>0</difficult>
		<occluded>0</occluded>
		<bndbox>
			<xmin>111</xmin>
			<xmax>183</xmax>
			<ymin>177</ymin>
			<ymax>304</ymax>
		</bndbox>
	</object>
</annotation>
