<annotation>
	<folder></folder>
	<filename>frame_2960_jpg.rf.6ab1b287dba4524e2511576522db3883.jpg</filename>
	<path>frame_2960_jpg.rf.6ab1b287dba4524e2511576522db3883.jpg</path>
	<source>
		<database>roboflow.ai</database>
	</source>
	<size>
		<width>416</width>
		<height>416</height>
		<depth>3</depth>
	</size>
	<segmented>0</segmented>
	<object>
		<name>motorbike</name>
		<pose>Unspecified</pose>
		<truncated>0</truncated>
		<difficult>0</difficult>
		<occluded>0</occluded>
		<bndbox>
			<xmin>341</xmin>
			<xmax>377</xmax>
			<ymin>182</ymin>
			<ymax>269</ymax>
		</bndbox>
	</object>
</annotation>
