<annotation>
	<folder></folder>
	<filename>frame_2880_jpg.rf.5a58b35070a6fcb4b79d7bb8b31c5ad4.jpg</filename>
	<path>frame_2880_jpg.rf.5a58b35070a6fcb4b79d7bb8b31c5ad4.jpg</path>
	<source>
		<database>roboflow.ai</database>
	</source>
	<size>
		<width>416</width>
		<height>416</height>
		<depth>3</depth>
	</size>
	<segmented>0</segmented>
	<object>
		<name>bicycle</name>
		<pose>Unspecified</pose>
		<truncated>0</truncated>
		<difficult>0</difficult>
		<occluded>0</occluded>
		<bndbox>
			<xmin>294</xmin>
			<xmax>338</xmax>
			<ymin>123</ymin>
			<ymax>234</ymax>
		</bndbox>
	</object>
	<object>
		<name>bicycle</name>
		<pose>Unspecified</pose>
		<truncated>0</truncated>
		<difficult>0</difficult>
		<occluded>0</occluded>
		<bndbox>
			<xmin>318</xmin>
			<xmax>362</xmax>
			<ymin>117</ymin>
			<ymax>228</ymax>
		</bndbox>
	</object>
</annotation>
