<annotation>
	<folder></folder>
	<filename>frame_2891_jpg.rf.ce16249f00154e23d7c26c8457bcde28.jpg</filename>
	<path>frame_2891_jpg.rf.ce16249f00154e23d7c26c8457bcde28.jpg</path>
	<source>
		<database>roboflow.ai</database>
	</source>
	<size>
		<width>416</width>
		<height>416</height>
		<depth>3</depth>
	</size>
	<segmented>0</segmented>
	<object>
		<name>motorbike</name>
		<pose>Unspecified</pose>
		<truncated>0</truncated>
		<difficult>0</difficult>
		<occluded>0</occluded>
		<bndbox>
			<xmin>150</xmin>
			<xmax>206</xmax>
			<ymin>227</ymin>
			<ymax>334</ymax>
		</bndbox>
	</object>
	<object>
		<name>motorbike</name>
		<pose>Unspecified</pose>
		<truncated>0</truncated>
		<difficult>0</difficult>
		<occluded>0</occluded>
		<bndbox>
			<xmin>94</xmin>
			<xmax>147</xmax>
			<ymin>241</ymin>
			<ymax>344</ymax>
		</bndbox>
	</object>
</annotation>
