<annotation>
	<folder></folder>
	<filename>frame_2948_jpg.rf.f69cc22e68c6b6a6f592a5a80d71b7d8.jpg</filename>
	<path>frame_2948_jpg.rf.f69cc22e68c6b6a6f592a5a80d71b7d8.jpg</path>
	<source>
		<database>roboflow.ai</database>
	</source>
	<size>
		<width>416</width>
		<height>416</height>
		<depth>3</depth>
	</size>
	<segmented>0</segmented>
	<object>
		<name>motorbike</name>
		<pose>Unspecified</pose>
		<truncated>0</truncated>
		<difficult>0</difficult>
		<occluded>0</occluded>
		<bndbox>
			<xmin>34</xmin>
			<xmax>78</xmax>
			<ymin>182</ymin>
			<ymax>298</ymax>
		</bndbox>
	</object>
</annotation>
