<annotation>
	<folder></folder>
	<filename>frame_2948_jpg.rf.353cfa2089f452d3af6b45d3d0b54e2b.jpg</filename>
	<path>frame_2948_jpg.rf.353cfa2089f452d3af6b45d3d0b54e2b.jpg</path>
	<source>
		<database>roboflow.ai</database>
	</source>
	<size>
		<width>416</width>
		<height>416</height>
		<depth>3</depth>
	</size>
	<segmented>0</segmented>
	<object>
		<name>motorbike</name>
		<pose>Unspecified</pose>
		<truncated>0</truncated>
		<difficult>0</difficult>
		<occluded>0</occluded>
		<bndbox>
			<xmin>23</xmin>
			<xmax>87</xmax>
			<ymin>147</ymin>
			<ymax>272</ymax>
		</bndbox>
	</object>
</annotation>
