<annotation>
	<folder></folder>
	<filename>frame_2938_jpg.rf.86dbcf9fe140097d00b12688e29275de.jpg</filename>
	<path>frame_2938_jpg.rf.86dbcf9fe140097d00b12688e29275de.jpg</path>
	<source>
		<database>roboflow.ai</database>
	</source>
	<size>
		<width>416</width>
		<height>416</height>
		<depth>3</depth>
	</size>
	<segmented>0</segmented>
	<object>
		<name>bicycle</name>
		<pose>Unspecified</pose>
		<truncated>0</truncated>
		<difficult>0</difficult>
		<occluded>0</occluded>
		<bndbox>
			<xmin>59</xmin>
			<xmax>94</xmax>
			<ymin>243</ymin>
			<ymax>354</ymax>
		</bndbox>
	</object>
</annotation>
