<annotation>
	<folder></folder>
	<filename>frame_2943_jpg.rf.c505c2e6a603d7966f71767c2a22f3bc.jpg</filename>
	<path>frame_2943_jpg.rf.c505c2e6a603d7966f71767c2a22f3bc.jpg</path>
	<source>
		<database>roboflow.ai</database>
	</source>
	<size>
		<width>416</width>
		<height>416</height>
		<depth>3</depth>
	</size>
	<segmented>0</segmented>
	<object>
		<name>motorbike</name>
		<pose>Unspecified</pose>
		<truncated>0</truncated>
		<difficult>0</difficult>
		<occluded>0</occluded>
		<bndbox>
			<xmin>252</xmin>
			<xmax>305</xmax>
			<ymin>261</ymin>
			<ymax>362</ymax>
		</bndbox>
	</object>
	<object>
		<name>motorbike</name>
		<pose>Unspecified</pose>
		<truncated>0</truncated>
		<difficult>0</difficult>
		<occluded>0</occluded>
		<bndbox>
			<xmin>309</xmin>
			<xmax>362</xmax>
			<ymin>267</ymin>
			<ymax>368</ymax>
		</bndbox>
	</object>
	<object>
		<name>auto</name>
		<pose>Unspecified</pose>
		<truncated>0</truncated>
		<difficult>0</difficult>
		<occluded>0</occluded>
		<bndbox>
			<xmin>267</xmin>
			<xmax>329</xmax>
			<ymin>156</ymin>
			<ymax>241</ymax>
		</bndbox>
	</object>
</annotation>
