<annotation>
	<folder></folder>
	<filename>frame_2944_jpg.rf.24bf0b15f8555aac52193d05a66fbeed.jpg</filename>
	<path>frame_2944_jpg.rf.24bf0b15f8555aac52193d05a66fbeed.jpg</path>
	<source>
		<database>roboflow.ai</database>
	</source>
	<size>
		<width>416</width>
		<height>416</height>
		<depth>3</depth>
	</size>
	<segmented>0</segmented>
	<object>
		<name>motorbike</name>
		<pose>Unspecified</pose>
		<truncated>0</truncated>
		<difficult>0</difficult>
		<occluded>0</occluded>
		<bndbox>
			<xmin>291</xmin>
			<xmax>346</xmax>
			<ymin>250</ymin>
			<ymax>351</ymax>
		</bndbox>
	</object>
	<object>
		<name>motorbike</name>
		<pose>Unspecified</pose>
		<truncated>0</truncated>
		<difficult>0</difficult>
		<occluded>0</occluded>
		<bndbox>
			<xmin>234</xmin>
			<xmax>289</xmax>
			<ymin>238</ymin>
			<ymax>339</ymax>
		</bndbox>
	</object>
</annotation>
