<annotation>
	<folder></folder>
	<filename>frame_2872_jpg.rf.9ba12b4067536d8f6ac6f2965a1f9098.jpg</filename>
	<path>frame_2872_jpg.rf.9ba12b4067536d8f6ac6f2965a1f9098.jpg</path>
	<source>
		<database>roboflow.ai</database>
	</source>
	<size>
		<width>416</width>
		<height>416</height>
		<depth>3</depth>
	</size>
	<segmented>0</segmented>
	<object>
		<name>auto</name>
		<pose>Unspecified</pose>
		<truncated>0</truncated>
		<difficult>0</difficult>
		<occluded>0</occluded>
		<bndbox>
			<xmin>79</xmin>
			<xmax>165</xmax>
			<ymin>150</ymin>
			<ymax>295</ymax>
		</bndbox>
	</object>
	<object>
		<name>bicycle</name>
		<pose>Unspecified</pose>
		<truncated>0</truncated>
		<difficult>0</difficult>
		<occluded>0</occluded>
		<bndbox>
			<xmin>33</xmin>
			<xmax>95</xmax>
			<ymin>128</ymin>
			<ymax>256</ymax>
		</bndbox>
	</object>
</annotation>
