<annotation>
	<folder></folder>
	<filename>frame_2888_jpg.rf.d3fc4dd624f75b44aa89c9d06cec9216.jpg</filename>
	<path>frame_2888_jpg.rf.d3fc4dd624f75b44aa89c9d06cec9216.jpg</path>
	<source>
		<database>roboflow.ai</database>
	</source>
	<size>
		<width>416</width>
		<height>416</height>
		<depth>3</depth>
	</size>
	<segmented>0</segmented>
	<object>
		<name>motorbike</name>
		<pose>Unspecified</pose>
		<truncated>0</truncated>
		<difficult>0</difficult>
		<occluded>0</occluded>
		<bndbox>
			<xmin>244</xmin>
			<xmax>302</xmax>
			<ymin>235</ymin>
			<ymax>365</ymax>
		</bndbox>
	</object>
</annotation>
