<annotation>
	<folder></folder>
	<filename>frame_2861_jpg.rf.3983d278bede85302c8d4d2d6b1f820f.jpg</filename>
	<path>frame_2861_jpg.rf.3983d278bede85302c8d4d2d6b1f820f.jpg</path>
	<source>
		<database>roboflow.ai</database>
	</source>
	<size>
		<width>416</width>
		<height>416</height>
		<depth>3</depth>
	</size>
	<segmented>0</segmented>
	<object>
		<name>motorbike</name>
		<pose>Unspecified</pose>
		<truncated>0</truncated>
		<difficult>0</difficult>
		<occluded>0</occluded>
		<bndbox>
			<xmin>312</xmin>
			<xmax>359</xmax>
			<ymin>257</ymin>
			<ymax>378</ymax>
		</bndbox>
	</object>
	<object>
		<name>motorbike</name>
		<pose>Unspecified</pose>
		<truncated>0</truncated>
		<difficult>0</difficult>
		<occluded>0</occluded>
		<bndbox>
			<xmin>282</xmin>
			<xmax>329</xmax>
			<ymin>183</ymin>
			<ymax>304</ymax>
		</bndbox>
	</object>
</annotation>
