<annotation>
	<folder></folder>
	<filename>frame_2970_jpg.rf.00a6f36234cbe577cbcc582f973c014c.jpg</filename>
	<path>frame_2970_jpg.rf.00a6f36234cbe577cbcc582f973c014c.jpg</path>
	<source>
		<database>roboflow.ai</database>
	</source>
	<size>
		<width>416</width>
		<height>416</height>
		<depth>3</depth>
	</size>
	<segmented>0</segmented>
	<object>
		<name>bicycle</name>
		<pose>Unspecified</pose>
		<truncated>0</truncated>
		<difficult>0</difficult>
		<occluded>0</occluded>
		<bndbox>
			<xmin>62</xmin>
			<xmax>96</xmax>
			<ymin>218</ymin>
			<ymax>317</ymax>
		</bndbox>
	</object>
	<object>
		<name>bicycle</name>
		<pose>Unspecified</pose>
		<truncated>0</truncated>
		<difficult>0</difficult>
		<occluded>0</occluded>
		<bndbox>
			<xmin>73</xmin>
			<xmax>107</xmax>
			<ymin>186</ymin>
			<ymax>285</ymax>
		</bndbox>
	</object>
</annotation>
