<annotation>
	<folder></folder>
	<filename>frame_2970_jpg.rf.5875a5b821c0810c76edca80b63f76c9.jpg</filename>
	<path>frame_2970_jpg.rf.5875a5b821c0810c76edca80b63f76c9.jpg</path>
	<source>
		<database>roboflow.ai</database>
	</source>
	<size>
		<width>416</width>
		<height>416</height>
		<depth>3</depth>
	</size>
	<segmented>0</segmented>
	<object>
		<name>bicycle</name>
		<pose>Unspecified</pose>
		<truncated>0</truncated>
		<difficult>0</difficult>
		<occluded>0</occluded>
		<bndbox>
			<xmin>46</xmin>
			<xmax>76</xmax>
			<ymin>176</ymin>
			<ymax>267</ymax>
		</bndbox>
	</object>
	<object>
		<name>bicycle</name>
		<pose>Unspecified</pose>
		<truncated>0</truncated>
		<difficult>0</difficult>
		<occluded>0</occluded>
		<bndbox>
			<xmin>69</xmin>
			<xmax>99</xmax>
			<ymin>151</ymin>
			<ymax>242</ymax>
		</bndbox>
	</object>
</annotation>
