<annotation>
	<folder></folder>
	<filename>frame_2951_jpg.rf.bd74f4ebc06c943e318b31697a60f10f.jpg</filename>
	<path>frame_2951_jpg.rf.bd74f4ebc06c943e318b31697a60f10f.jpg</path>
	<source>
		<database>roboflow.ai</database>
	</source>
	<size>
		<width>416</width>
		<height>416</height>
		<depth>3</depth>
	</size>
	<segmented>0</segmented>
	<object>
		<name>motorbike</name>
		<pose>Unspecified</pose>
		<truncated>0</truncated>
		<difficult>0</difficult>
		<occluded>0</occluded>
		<bndbox>
			<xmin>232</xmin>
			<xmax>285</xmax>
			<ymin>222</ymin>
			<ymax>369</ymax>
		</bndbox>
	</object>
	<object>
		<name>motorbike</name>
		<pose>Unspecified</pose>
		<truncated>0</truncated>
		<difficult>0</difficult>
		<occluded>0</occluded>
		<bndbox>
			<xmin>342</xmin>
			<xmax>392</xmax>
			<ymin>175</ymin>
			<ymax>294</ymax>
		</bndbox>
	</object>
	<object>
		<name>bicycle</name>
		<pose>Unspecified</pose>
		<truncated>0</truncated>
		<difficult>0</difficult>
		<occluded>0</occluded>
		<bndbox>
			<xmin>321</xmin>
			<xmax>363</xmax>
			<ymin>192</ymin>
			<ymax>323</ymax>
		</bndbox>
	</object>
</annotation>
