<annotation>
	<folder></folder>
	<filename>frame_2938_jpg.rf.116f659219c563270daf2efce52fffd7.jpg</filename>
	<path>frame_2938_jpg.rf.116f659219c563270daf2efce52fffd7.jpg</path>
	<source>
		<database>roboflow.ai</database>
	</source>
	<size>
		<width>416</width>
		<height>416</height>
		<depth>3</depth>
	</size>
	<segmented>0</segmented>
	<object>
		<name>bicycle</name>
		<pose>Unspecified</pose>
		<truncated>0</truncated>
		<difficult>0</difficult>
		<occluded>0</occluded>
		<bndbox>
			<xmin>51</xmin>
			<xmax>91</xmax>
			<ymin>229</ymin>
			<ymax>359</ymax>
		</bndbox>
	</object>
</annotation>
