<annotation>
	<folder></folder>
	<filename>frame_2937_jpg.rf.5bbb6c691da9c0f7b771d16960fa9124.jpg</filename>
	<path>frame_2937_jpg.rf.5bbb6c691da9c0f7b771d16960fa9124.jpg</path>
	<source>
		<database>roboflow.ai</database>
	</source>
	<size>
		<width>416</width>
		<height>416</height>
		<depth>3</depth>
	</size>
	<segmented>0</segmented>
	<object>
		<name>motorbike</name>
		<pose>Unspecified</pose>
		<truncated>0</truncated>
		<difficult>0</difficult>
		<occluded>0</occluded>
		<bndbox>
			<xmin>103</xmin>
			<xmax>163</xmax>
			<ymin>225</ymin>
			<ymax>316</ymax>
		</bndbox>
	</object>
	<object>
		<name>bicycle</name>
		<pose>Unspecified</pose>
		<truncated>0</truncated>
		<difficult>0</difficult>
		<occluded>0</occluded>
		<bndbox>
			<xmin>64</xmin>
			<xmax>125</xmax>
			<ymin>195</ymin>
			<ymax>295</ymax>
		</bndbox>
	</object>
</annotation>
