<annotation>
	<folder></folder>
	<filename>frame_2860_jpg.rf.b36f30a93ecd4140f94c3dc662e654aa.jpg</filename>
	<path>frame_2860_jpg.rf.b36f30a93ecd4140f94c3dc662e654aa.jpg</path>
	<source>
		<database>roboflow.ai</database>
	</source>
	<size>
		<width>416</width>
		<height>416</height>
		<depth>3</depth>
	</size>
	<segmented>0</segmented>
	<object>
		<name>motorbike</name>
		<pose>Unspecified</pose>
		<truncated>0</truncated>
		<difficult>0</difficult>
		<occluded>0</occluded>
		<bndbox>
			<xmin>102</xmin>
			<xmax>140</xmax>
			<ymin>232</ymin>
			<ymax>326</ymax>
		</bndbox>
	</object>
	<object>
		<name>motorbike</name>
		<pose>Unspecified</pose>
		<truncated>0</truncated>
		<difficult>0</difficult>
		<occluded>0</occluded>
		<bndbox>
			<xmin>118</xmin>
			<xmax>156</xmax>
			<ymin>296</ymin>
			<ymax>390</ymax>
		</bndbox>
	</object>
</annotation>
