<annotation>
	<folder></folder>
	<filename>frame_2960_jpg.rf.8448a12dc11779530408f9936bd14b9d.jpg</filename>
	<path>frame_2960_jpg.rf.8448a12dc11779530408f9936bd14b9d.jpg</path>
	<source>
		<database>roboflow.ai</database>
	</source>
	<size>
		<width>416</width>
		<height>416</height>
		<depth>3</depth>
	</size>
	<segmented>0</segmented>
	<object>
		<name>motorbike</name>
		<pose>Unspecified</pose>
		<truncated>0</truncated>
		<difficult>0</difficult>
		<occluded>0</occluded>
		<bndbox>
			<xmin>40</xmin>
			<xmax>87</xmax>
			<ymin>161</ymin>
			<ymax>255</ymax>
		</bndbox>
	</object>
</annotation>
