<annotation>
	<folder></folder>
	<filename>frame_2937_jpg.rf.39719ccf1e88606125af959540bd6513.jpg</filename>
	<path>frame_2937_jpg.rf.39719ccf1e88606125af959540bd6513.jpg</path>
	<source>
		<database>roboflow.ai</database>
	</source>
	<size>
		<width>416</width>
		<height>416</height>
		<depth>3</depth>
	</size>
	<segmented>0</segmented>
	<object>
		<name>motorbike</name>
		<pose>Unspecified</pose>
		<truncated>0</truncated>
		<difficult>0</difficult>
		<occluded>0</occluded>
		<bndbox>
			<xmin>82</xmin>
			<xmax>128</xmax>
			<ymin>186</ymin>
			<ymax>275</ymax>
		</bndbox>
	</object>
	<object>
		<name>bicycle</name>
		<pose>Unspecified</pose>
		<truncated>0</truncated>
		<difficult>0</difficult>
		<occluded>0</occluded>
		<bndbox>
			<xmin>57</xmin>
			<xmax>102</xmax>
			<ymin>144</ymin>
			<ymax>243</ymax>
		</bndbox>
	</object>
</annotation>
