<annotation>
	<folder></folder>
	<filename>frame_2856_jpg.rf.3e14d4343346b8e9ce5a93f3a3c83d15.jpg</filename>
	<path>frame_2856_jpg.rf.3e14d4343346b8e9ce5a93f3a3c83d15.jpg</path>
	<source>
		<database>roboflow.ai</database>
	</source>
	<size>
		<width>416</width>
		<height>416</height>
		<depth>3</depth>
	</size>
	<segmented>0</segmented>
	<object>
		<name>bicycle</name>
		<pose>Unspecified</pose>
		<truncated>0</truncated>
		<difficult>0</difficult>
		<occluded>0</occluded>
		<bndbox>
			<xmin>47</xmin>
			<xmax>75</xmax>
			<ymin>203</ymin>
			<ymax>325</ymax>
		</bndbox>
	</object>
	<object>
		<name>bicycle</name>
		<pose>Unspecified</pose>
		<truncated>0</truncated>
		<difficult>0</difficult>
		<occluded>0</occluded>
		<bndbox>
			<xmin>75</xmin>
			<xmax>99</xmax>
			<ymin>152</ymin>
			<ymax>243</ymax>
		</bndbox>
	</object>
</annotation>
