<annotation>
	<folder></folder>
	<filename>frame_2883_jpg.rf.a1963bd58c6e5f1e86d7c53e2e52e32c.jpg</filename>
	<path>frame_2883_jpg.rf.a1963bd58c6e5f1e86d7c53e2e52e32c.jpg</path>
	<source>
		<database>roboflow.ai</database>
	</source>
	<size>
		<width>416</width>
		<height>416</height>
		<depth>3</depth>
	</size>
	<segmented>0</segmented>
	<object>
		<name>bicycle</name>
		<pose>Unspecified</pose>
		<truncated>0</truncated>
		<difficult>0</difficult>
		<occluded>0</occluded>
		<bndbox>
			<xmin>70</xmin>
			<xmax>102</xmax>
			<ymin>289</ymin>
			<ymax>401</ymax>
		</bndbox>
	</object>
	<object>
		<name>bicycle</name>
		<pose>Unspecified</pose>
		<truncated>0</truncated>
		<difficult>0</difficult>
		<occluded>0</occluded>
		<bndbox>
			<xmin>87</xmin>
			<xmax>118</xmax>
			<ymin>239</ymin>
			<ymax>356</ymax>
		</bndbox>
	</object>
	<object>
		<name>bicycle</name>
		<pose>Unspecified</pose>
		<truncated>0</truncated>
		<difficult>0</difficult>
		<occluded>0</occluded>
		<bndbox>
			<xmin>70</xmin>
			<xmax>101</xmax>
			<ymin>241</ymin>
			<ymax>358</ymax>
		</bndbox>
	</object>
</annotation>
