<annotation>
	<folder></folder>
	<filename>frame_2944_jpg.rf.b1c694ba272f34d0432cdc85cd97f81b.jpg</filename>
	<path>frame_2944_jpg.rf.b1c694ba272f34d0432cdc85cd97f81b.jpg</path>
	<source>
		<database>roboflow.ai</database>
	</source>
	<size>
		<width>416</width>
		<height>416</height>
		<depth>3</depth>
	</size>
	<segmented>0</segmented>
	<object>
		<name>motorbike</name>
		<pose>Unspecified</pose>
		<truncated>0</truncated>
		<difficult>0</difficult>
		<occluded>0</occluded>
		<bndbox>
			<xmin>333</xmin>
			<xmax>371</xmax>
			<ymin>259</ymin>
			<ymax>349</ymax>
		</bndbox>
	</object>
	<object>
		<name>motorbike</name>
		<pose>Unspecified</pose>
		<truncated>0</truncated>
		<difficult>0</difficult>
		<occluded>0</occluded>
		<bndbox>
			<xmin>271</xmin>
			<xmax>309</xmax>
			<ymin>246</ymin>
			<ymax>336</ymax>
		</bndbox>
	</object>
</annotation>
