<annotation>
	<folder></folder>
	<filename>frame_2935_jpg.rf.a112b7467001b12de17c0f8d8ed72646.jpg</filename>
	<path>frame_2935_jpg.rf.a112b7467001b12de17c0f8d8ed72646.jpg</path>
	<source>
		<database>roboflow.ai</database>
	</source>
	<size>
		<width>416</width>
		<height>416</height>
		<depth>3</depth>
	</size>
	<segmented>0</segmented>
	<object>
		<name>motorbike</name>
		<pose>Unspecified</pose>
		<truncated>0</truncated>
		<difficult>0</difficult>
		<occluded>0</occluded>
		<bndbox>
			<xmin>234</xmin>
			<xmax>280</xmax>
			<ymin>178</ymin>
			<ymax>281</ymax>
		</bndbox>
	</object>
	<object>
		<name>motorbike</name>
		<pose>Unspecified</pose>
		<truncated>0</truncated>
		<difficult>0</difficult>
		<occluded>0</occluded>
		<bndbox>
			<xmin>272</xmin>
			<xmax>318</xmax>
			<ymin>145</ymin>
			<ymax>248</ymax>
		</bndbox>
	</object>
</annotation>
