<annotation>
	<folder></folder>
	<filename>frame_2928_jpg.rf.9bd0e4d3b5f68b3d2f64a76fb8f6d713.jpg</filename>
	<path>frame_2928_jpg.rf.9bd0e4d3b5f68b3d2f64a76fb8f6d713.jpg</path>
	<source>
		<database>roboflow.ai</database>
	</source>
	<size>
		<width>416</width>
		<height>416</height>
		<depth>3</depth>
	</size>
	<segmented>0</segmented>
	<object>
		<name>bicycle</name>
		<pose>Unspecified</pose>
		<truncated>0</truncated>
		<difficult>0</difficult>
		<occluded>0</occluded>
		<bndbox>
			<xmin>94</xmin>
			<xmax>145</xmax>
			<ymin>244</ymin>
			<ymax>355</ymax>
		</bndbox>
	</object>
	<object>
		<name>bicycle</name>
		<pose>Unspecified</pose>
		<truncated>0</truncated>
		<difficult>0</difficult>
		<occluded>0</occluded>
		<bndbox>
			<xmin>75</xmin>
			<xmax>126</xmax>
			<ymin>258</ymin>
			<ymax>369</ymax>
		</bndbox>
	</object>
</annotation>
