<annotation>
	<folder></folder>
	<filename>frame_2941_jpg.rf.496088c463b84a431381b2408489e398.jpg</filename>
	<path>frame_2941_jpg.rf.496088c463b84a431381b2408489e398.jpg</path>
	<source>
		<database>roboflow.ai</database>
	</source>
	<size>
		<width>416</width>
		<height>416</height>
		<depth>3</depth>
	</size>
	<segmented>0</segmented>
	<object>
		<name>motorbike</name>
		<pose>Unspecified</pose>
		<truncated>0</truncated>
		<difficult>0</difficult>
		<occluded>0</occluded>
		<bndbox>
			<xmin>223</xmin>
			<xmax>268</xmax>
			<ymin>248</ymin>
			<ymax>380</ymax>
		</bndbox>
	</object>
	<object>
		<name>motorbike</name>
		<pose>Unspecified</pose>
		<truncated>0</truncated>
		<difficult>0</difficult>
		<occluded>0</occluded>
		<bndbox>
			<xmin>275</xmin>
			<xmax>320</xmax>
			<ymin>218</ymin>
			<ymax>350</ymax>
		</bndbox>
	</object>
	<object>
		<name>motorbike</name>
		<pose>Unspecified</pose>
		<truncated>0</truncated>
		<difficult>0</difficult>
		<occluded>0</occluded>
		<bndbox>
			<xmin>313</xmin>
			<xmax>359</xmax>
			<ymin>279</ymin>
			<ymax>395</ymax>
		</bndbox>
	</object>
</annotation>
