<annotation>
	<folder></folder>
	<filename>frame_2945_jpg.rf.1d38404954de121d4a141097a003211d.jpg</filename>
	<path>frame_2945_jpg.rf.1d38404954de121d4a141097a003211d.jpg</path>
	<source>
		<database>roboflow.ai</database>
	</source>
	<size>
		<width>416</width>
		<height>416</height>
		<depth>3</depth>
	</size>
	<segmented>0</segmented>
	<object>
		<name>motorbike</name>
		<pose>Unspecified</pose>
		<truncated>0</truncated>
		<difficult>0</difficult>
		<occluded>0</occluded>
		<bndbox>
			<xmin>49</xmin>
			<xmax>100</xmax>
			<ymin>275</ymin>
			<ymax>399</ymax>
		</bndbox>
	</object>
</annotation>
