<annotation>
	<folder></folder>
	<filename>frame_2950_jpg.rf.73c73993b213900bba9d5c78428c6e8c.jpg</filename>
	<path>frame_2950_jpg.rf.73c73993b213900bba9d5c78428c6e8c.jpg</path>
	<source>
		<database>roboflow.ai</database>
	</source>
	<size>
		<width>416</width>
		<height>416</height>
		<depth>3</depth>
	</size>
	<segmented>0</segmented>
	<object>
		<name>motorbike</name>
		<pose>Unspecified</pose>
		<truncated>0</truncated>
		<difficult>0</difficult>
		<occluded>0</occluded>
		<bndbox>
			<xmin>342</xmin>
			<xmax>390</xmax>
			<ymin>247</ymin>
			<ymax>362</ymax>
		</bndbox>
	</object>
	<object>
		<name>bicycle</name>
		<pose>Unspecified</pose>
		<truncated>0</truncated>
		<difficult>0</difficult>
		<occluded>0</occluded>
		<bndbox>
			<xmin>312</xmin>
			<xmax>352</xmax>
			<ymin>208</ymin>
			<ymax>302</ymax>
		</bndbox>
	</object>
</annotation>
