<annotation>
	<folder></folder>
	<filename>frame_2898_jpg.rf.034748bf1a88099a89073470361ad6af.jpg</filename>
	<path>frame_2898_jpg.rf.034748bf1a88099a89073470361ad6af.jpg</path>
	<source>
		<database>roboflow.ai</database>
	</source>
	<size>
		<width>416</width>
		<height>416</height>
		<depth>3</depth>
	</size>
	<segmented>0</segmented>
	<object>
		<name>bicycle</name>
		<pose>Unspecified</pose>
		<truncated>0</truncated>
		<difficult>0</difficult>
		<occluded>0</occluded>
		<bndbox>
			<xmin>279</xmin>
			<xmax>335</xmax>
			<ymin>233</ymin>
			<ymax>336</ymax>
		</bndbox>
	</object>
	<object>
		<name>bicycle</name>
		<pose>Unspecified</pose>
		<truncated>0</truncated>
		<difficult>0</difficult>
		<occluded>0</occluded>
		<bndbox>
			<xmin>300</xmin>
			<xmax>356</xmax>
			<ymin>238</ymin>
			<ymax>341</ymax>
		</bndbox>
	</object>
</annotation>
