<annotation>
	<folder></folder>
	<filename>frame_2936_jpg.rf.cb74373e72b16514d839cffb870f26db.jpg</filename>
	<path>frame_2936_jpg.rf.cb74373e72b16514d839cffb870f26db.jpg</path>
	<source>
		<database>roboflow.ai</database>
	</source>
	<size>
		<width>416</width>
		<height>416</height>
		<depth>3</depth>
	</size>
	<segmented>0</segmented>
	<object>
		<name>bicycle</name>
		<pose>Unspecified</pose>
		<truncated>0</truncated>
		<difficult>0</difficult>
		<occluded>0</occluded>
		<bndbox>
			<xmin>46</xmin>
			<xmax>109</xmax>
			<ymin>246</ymin>
			<ymax>354</ymax>
		</bndbox>
	</object>
</annotation>
