<annotation>
	<folder></folder>
	<filename>frame_2884_jpg.rf.26d4fecf5cb93017dfb30fca52469034.jpg</filename>
	<path>frame_2884_jpg.rf.26d4fecf5cb93017dfb30fca52469034.jpg</path>
	<source>
		<database>roboflow.ai</database>
	</source>
	<size>
		<width>416</width>
		<height>416</height>
		<depth>3</depth>
	</size>
	<segmented>0</segmented>
	<object>
		<name>motorbike</name>
		<pose>Unspecified</pose>
		<truncated>0</truncated>
		<difficult>0</difficult>
		<occluded>0</occluded>
		<bndbox>
			<xmin>264</xmin>
			<xmax>314</xmax>
			<ymin>182</ymin>
			<ymax>306</ymax>
		</bndbox>
	</object>
</annotation>
