<annotation>
	<folder></folder>
	<filename>frame_2949_jpg.rf.e33770e5de131c7315b48bd0b428b00d.jpg</filename>
	<path>frame_2949_jpg.rf.e33770e5de131c7315b48bd0b428b00d.jpg</path>
	<source>
		<database>roboflow.ai</database>
	</source>
	<size>
		<width>416</width>
		<height>416</height>
		<depth>3</depth>
	</size>
	<segmented>0</segmented>
	<object>
		<name>motorbike</name>
		<pose>Unspecified</pose>
		<truncated>0</truncated>
		<difficult>0</difficult>
		<occluded>0</occluded>
		<bndbox>
			<xmin>46</xmin>
			<xmax>91</xmax>
			<ymin>198</ymin>
			<ymax>317</ymax>
		</bndbox>
	</object>
	<object>
		<name>bicycle</name>
		<pose>Unspecified</pose>
		<truncated>0</truncated>
		<difficult>0</difficult>
		<occluded>0</occluded>
		<bndbox>
			<xmin>65</xmin>
			<xmax>97</xmax>
			<ymin>121</ymin>
			<ymax>213</ymax>
		</bndbox>
	</object>
</annotation>
