<annotation>
	<folder></folder>
	<filename>frame_2855_jpg.rf.f3e557ed8ed900d6c8c8246f3dc1dd57.jpg</filename>
	<path>frame_2855_jpg.rf.f3e557ed8ed900d6c8c8246f3dc1dd57.jpg</path>
	<source>
		<database>roboflow.ai</database>
	</source>
	<size>
		<width>416</width>
		<height>416</height>
		<depth>3</depth>
	</size>
	<segmented>0</segmented>
	<object>
		<name>bicycle</name>
		<pose>Unspecified</pose>
		<truncated>0</truncated>
		<difficult>0</difficult>
		<occluded>0</occluded>
		<bndbox>
			<xmin>74</xmin>
			<xmax>115</xmax>
			<ymin>242</ymin>
			<ymax>371</ymax>
		</bndbox>
	</object>
	<object>
		<name>bicycle</name>
		<pose>Unspecified</pose>
		<truncated>0</truncated>
		<difficult>0</difficult>
		<occluded>0</occluded>
		<bndbox>
			<xmin>91</xmin>
			<xmax>135</xmax>
			<ymin>291</ymin>
			<ymax>404</ymax>
		</bndbox>
	</object>
	<object>
		<name>bicycle</name>
		<pose>Unspecified</pose>
		<truncated>0</truncated>
		<difficult>0</difficult>
		<occluded>0</occluded>
		<bndbox>
			<xmin>59</xmin>
			<xmax>101</xmax>
			<ymin>287</ymin>
			<ymax>399</ymax>
		</bndbox>
	</object>
</annotation>
