<annotation>
	<folder></folder>
	<filename>frame_2954_jpg.rf.95566553ee6585bb5b6465e7f381a6b0.jpg</filename>
	<path>frame_2954_jpg.rf.95566553ee6585bb5b6465e7f381a6b0.jpg</path>
	<source>
		<database>roboflow.ai</database>
	</source>
	<size>
		<width>416</width>
		<height>416</height>
		<depth>3</depth>
	</size>
	<segmented>0</segmented>
	<object>
		<name>motorbike</name>
		<pose>Unspecified</pose>
		<truncated>0</truncated>
		<difficult>0</difficult>
		<occluded>0</occluded>
		<bndbox>
			<xmin>49</xmin>
			<xmax>89</xmax>
			<ymin>214</ymin>
			<ymax>329</ymax>
		</bndbox>
	</object>
	<object>
		<name>bicycle</name>
		<pose>Unspecified</pose>
		<truncated>0</truncated>
		<difficult>0</difficult>
		<occluded>0</occluded>
		<bndbox>
			<xmin>68</xmin>
			<xmax>97</xmax>
			<ymin>145</ymin>
			<ymax>247</ymax>
		</bndbox>
	</object>
	<object>
		<name>motorbike</name>
		<pose>Unspecified</pose>
		<truncated>0</truncated>
		<difficult>0</difficult>
		<occluded>0</occluded>
		<bndbox>
			<xmin>120</xmin>
			<xmax>164</xmax>
			<ymin>288</ymin>
			<ymax>410</ymax>
		</bndbox>
	</object>
</annotation>
