<annotation>
	<folder></folder>
	<filename>frame_2849_jpg.rf.02fc5c26f269e059809d020befc7ade5.jpg</filename>
	<path>frame_2849_jpg.rf.02fc5c26f269e059809d020befc7ade5.jpg</path>
	<source>
		<database>roboflow.ai</database>
	</source>
	<size>
		<width>416</width>
		<height>416</height>
		<depth>3</depth>
	</size>
	<segmented>0</segmented>
	<object>
		<name>motorbike</name>
		<pose>Unspecified</pose>
		<truncated>0</truncated>
		<difficult>0</difficult>
		<occluded>0</occluded>
		<bndbox>
			<xmin>262</xmin>
			<xmax>326</xmax>
			<ymin>253</ymin>
			<ymax>366</ymax>
		</bndbox>
	</object>
</annotation>
