<annotation>
	<folder></folder>
	<filename>frame_2890_jpg.rf.74b57108ea2641adbf9256bbc06ba452.jpg</filename>
	<path>frame_2890_jpg.rf.74b57108ea2641adbf9256bbc06ba452.jpg</path>
	<source>
		<database>roboflow.ai</database>
	</source>
	<size>
		<width>416</width>
		<height>416</height>
		<depth>3</depth>
	</size>
	<segmented>0</segmented>
	<object>
		<name>auto</name>
		<pose>Unspecified</pose>
		<truncated>0</truncated>
		<difficult>0</difficult>
		<occluded>0</occluded>
		<bndbox>
			<xmin>271</xmin>
			<xmax>354</xmax>
			<ymin>185</ymin>
			<ymax>314</ymax>
		</bndbox>
	</object>
	<object>
		<name>car</name>
		<pose>Unspecified</pose>
		<truncated>0</truncated>
		<difficult>0</difficult>
		<occluded>0</occluded>
		<bndbox>
			<xmin>202</xmin>
			<xmax>282</xmax>
			<ymin>136</ymin>
			<ymax>255</ymax>
		</bndbox>
	</object>
</annotation>
