<annotation>
	<folder></folder>
	<filename>frame_2932_jpg.rf.512f4bc315825123e1d8d68b1f5e790f.jpg</filename>
	<path>frame_2932_jpg.rf.512f4bc315825123e1d8d68b1f5e790f.jpg</path>
	<source>
		<database>roboflow.ai</database>
	</source>
	<size>
		<width>416</width>
		<height>416</height>
		<depth>3</depth>
	</size>
	<segmented>0</segmented>
	<object>
		<name>motorbike</name>
		<pose>Unspecified</pose>
		<truncated>0</truncated>
		<difficult>0</difficult>
		<occluded>0</occluded>
		<bndbox>
			<xmin>320</xmin>
			<xmax>356</xmax>
			<ymin>209</ymin>
			<ymax>328</ymax>
		</bndbox>
	</object>
</annotation>
