<annotation>
	<folder></folder>
	<filename>frame_2877_jpg.rf.493ee26cc51e8a43489f422ae26b7975.jpg</filename>
	<path>frame_2877_jpg.rf.493ee26cc51e8a43489f422ae26b7975.jpg</path>
	<source>
		<database>roboflow.ai</database>
	</source>
	<size>
		<width>416</width>
		<height>416</height>
		<depth>3</depth>
	</size>
	<segmented>0</segmented>
	<object>
		<name>bicycle</name>
		<pose>Unspecified</pose>
		<truncated>0</truncated>
		<difficult>0</difficult>
		<occluded>0</occluded>
		<bndbox>
			<xmin>27</xmin>
			<xmax>73</xmax>
			<ymin>247</ymin>
			<ymax>365</ymax>
		</bndbox>
	</object>
</annotation>
