<annotation>
	<folder></folder>
	<filename>frame_2921_jpg.rf.914689547219541fbff2ac3634542c65.jpg</filename>
	<path>frame_2921_jpg.rf.914689547219541fbff2ac3634542c65.jpg</path>
	<source>
		<database>roboflow.ai</database>
	</source>
	<size>
		<width>416</width>
		<height>416</height>
		<depth>3</depth>
	</size>
	<segmented>0</segmented>
	<object>
		<name>car</name>
		<pose>Unspecified</pose>
		<truncated>0</truncated>
		<difficult>0</difficult>
		<occluded>0</occluded>
		<bndbox>
			<xmin>133</xmin>
			<xmax>211</xmax>
			<ymin>163</ymin>
			<ymax>280</ymax>
		</bndbox>
	</object>
</annotation>
