<annotation>
	<folder></folder>
	<filename>frame_2936_jpg.rf.43bd54dae8628c6bdb0c03c93e951e9e.jpg</filename>
	<path>frame_2936_jpg.rf.43bd54dae8628c6bdb0c03c93e951e9e.jpg</path>
	<source>
		<database>roboflow.ai</database>
	</source>
	<size>
		<width>416</width>
		<height>416</height>
		<depth>3</depth>
	</size>
	<segmented>0</segmented>
	<object>
		<name>bicycle</name>
		<pose>Unspecified</pose>
		<truncated>0</truncated>
		<difficult>0</difficult>
		<occluded>0</occluded>
		<bndbox>
			<xmin>39</xmin>
			<xmax>95</xmax>
			<ymin>176</ymin>
			<ymax>285</ymax>
		</bndbox>
	</object>
</annotation>
