<annotation>
	<folder></folder>
	<filename>frame_2923_jpg.rf.cb4ceeecd6469ed72a5f0510b1ffa586.jpg</filename>
	<path>frame_2923_jpg.rf.cb4ceeecd6469ed72a5f0510b1ffa586.jpg</path>
	<source>
		<database>roboflow.ai</database>
	</source>
	<size>
		<width>416</width>
		<height>416</height>
		<depth>3</depth>
	</size>
	<segmented>0</segmented>
	<object>
		<name>motorbike</name>
		<pose>Unspecified</pose>
		<truncated>0</truncated>
		<difficult>0</difficult>
		<occluded>0</occluded>
		<bndbox>
			<xmin>79</xmin>
			<xmax>121</xmax>
			<ymin>162</ymin>
			<ymax>249</ymax>
		</bndbox>
	</object>
	<object>
		<name>bicycle</name>
		<pose>Unspecified</pose>
		<truncated>0</truncated>
		<difficult>0</difficult>
		<occluded>0</occluded>
		<bndbox>
			<xmin>3</xmin>
			<xmax>52</xmax>
			<ymin>217</ymin>
			<ymax>348</ymax>
		</bndbox>
	</object>
</annotation>
