<annotation>
	<folder></folder>
	<filename>frame_2932_jpg.rf.60ad9045384ca32081e14c889a793bf3.jpg</filename>
	<path>frame_2932_jpg.rf.60ad9045384ca32081e14c889a793bf3.jpg</path>
	<source>
		<database>roboflow.ai</database>
	</source>
	<size>
		<width>416</width>
		<height>416</height>
		<depth>3</depth>
	</size>
	<segmented>0</segmented>
	<object>
		<name>motorbike</name>
		<pose>Unspecified</pose>
		<truncated>0</truncated>
		<difficult>0</difficult>
		<occluded>0</occluded>
		<bndbox>
			<xmin>66</xmin>
			<xmax>99</xmax>
			<ymin>254</ymin>
			<ymax>356</ymax>
		</bndbox>
	</object>
</annotation>
