<annotation>
	<folder></folder>
	<filename>frame_2926_jpg.rf.3d5ecd6e786c971ce80b644dd685933b.jpg</filename>
	<path>frame_2926_jpg.rf.3d5ecd6e786c971ce80b644dd685933b.jpg</path>
	<source>
		<database>roboflow.ai</database>
	</source>
	<size>
		<width>416</width>
		<height>416</height>
		<depth>3</depth>
	</size>
	<segmented>0</segmented>
	<object>
		<name>motorbike</name>
		<pose>Unspecified</pose>
		<truncated>0</truncated>
		<difficult>0</difficult>
		<occluded>0</occluded>
		<bndbox>
			<xmin>76</xmin>
			<xmax>108</xmax>
			<ymin>237</ymin>
			<ymax>351</ymax>
		</bndbox>
	</object>
	<object>
		<name>auto</name>
		<pose>Unspecified</pose>
		<truncated>0</truncated>
		<difficult>0</difficult>
		<occluded>0</occluded>
		<bndbox>
			<xmin>121</xmin>
			<xmax>182</xmax>
			<ymin>185</ymin>
			<ymax>309</ymax>
		</bndbox>
	</object>
	<object>
		<name>car</name>
		<pose>Unspecified</pose>
		<truncated>0</truncated>
		<difficult>0</difficult>
		<occluded>0</occluded>
		<bndbox>
			<xmin>159</xmin>
			<xmax>201</xmax>
			<ymin>161</ymin>
			<ymax>259</ymax>
		</bndbox>
	</object>
	<object>
		<name>motorbike</name>
		<pose>Unspecified</pose>
		<truncated>0</truncated>
		<difficult>0</difficult>
		<occluded>0</occluded>
		<bndbox>
			<xmin>84</xmin>
			<xmax>115</xmax>
			<ymin>206</ymin>
			<ymax>290</ymax>
		</bndbox>
	</object>
	<object>
		<name>bicycle</name>
		<pose>Unspecified</pose>
		<truncated>0</truncated>
		<difficult>0</difficult>
		<occluded>0</occluded>
		<bndbox>
			<xmin>43</xmin>
			<xmax>84</xmax>
			<ymin>173</ymin>
			<ymax>286</ymax>
		</bndbox>
	</object>
</annotation>
