<annotation>
	<folder></folder>
	<filename>frame_2936_jpg.rf.5c7442d7d145acd5d7dbe77486348da1.jpg</filename>
	<path>frame_2936_jpg.rf.5c7442d7d145acd5d7dbe77486348da1.jpg</path>
	<source>
		<database>roboflow.ai</database>
	</source>
	<size>
		<width>416</width>
		<height>416</height>
		<depth>3</depth>
	</size>
	<segmented>0</segmented>
	<object>
		<name>bicycle</name>
		<pose>Unspecified</pose>
		<truncated>0</truncated>
		<difficult>0</difficult>
		<occluded>0</occluded>
		<bndbox>
			<xmin>328</xmin>
			<xmax>367</xmax>
			<ymin>228</ymin>
			<ymax>338</ymax>
		</bndbox>
	</object>
</annotation>
