<annotation>
	<folder></folder>
	<filename>frame_2877_jpg.rf.cd992b4fafcb3a03a075d5bf228a3d68.jpg</filename>
	<path>frame_2877_jpg.rf.cd992b4fafcb3a03a075d5bf228a3d68.jpg</path>
	<source>
		<database>roboflow.ai</database>
	</source>
	<size>
		<width>416</width>
		<height>416</height>
		<depth>3</depth>
	</size>
	<segmented>0</segmented>
	<object>
		<name>bicycle</name>
		<pose>Unspecified</pose>
		<truncated>0</truncated>
		<difficult>0</difficult>
		<occluded>0</occluded>
		<bndbox>
			<xmin>0</xmin>
			<xmax>52</xmax>
			<ymin>259</ymin>
			<ymax>397</ymax>
		</bndbox>
	</object>
</annotation>
