<annotation>
	<folder></folder>
	<filename>frame_2898_jpg.rf.ae5d6e3486177cf4ec881b243a6fdf1b.jpg</filename>
	<path>frame_2898_jpg.rf.ae5d6e3486177cf4ec881b243a6fdf1b.jpg</path>
	<source>
		<database>roboflow.ai</database>
	</source>
	<size>
		<width>416</width>
		<height>416</height>
		<depth>3</depth>
	</size>
	<segmented>0</segmented>
	<object>
		<name>bicycle</name>
		<pose>Unspecified</pose>
		<truncated>0</truncated>
		<difficult>0</difficult>
		<occluded>0</occluded>
		<bndbox>
			<xmin>326</xmin>
			<xmax>364</xmax>
			<ymin>222</ymin>
			<ymax>319</ymax>
		</bndbox>
	</object>
	<object>
		<name>bicycle</name>
		<pose>Unspecified</pose>
		<truncated>0</truncated>
		<difficult>0</difficult>
		<occluded>0</occluded>
		<bndbox>
			<xmin>351</xmin>
			<xmax>389</xmax>
			<ymin>225</ymin>
			<ymax>322</ymax>
		</bndbox>
	</object>
</annotation>
