<annotation>
	<folder></folder>
	<filename>frame_2945_jpg.rf.f5c5fbf93d87fd6ca5deff36e2ffd853.jpg</filename>
	<path>frame_2945_jpg.rf.f5c5fbf93d87fd6ca5deff36e2ffd853.jpg</path>
	<source>
		<database>roboflow.ai</database>
	</source>
	<size>
		<width>416</width>
		<height>416</height>
		<depth>3</depth>
	</size>
	<segmented>0</segmented>
	<object>
		<name>motorbike</name>
		<pose>Unspecified</pose>
		<truncated>0</truncated>
		<difficult>0</difficult>
		<occluded>0</occluded>
		<bndbox>
			<xmin>339</xmin>
			<xmax>395</xmax>
			<ymin>157</ymin>
			<ymax>276</ymax>
		</bndbox>
	</object>
</annotation>
