<annotation>
	<folder></folder>
	<filename>frame_2880_jpg.rf.fbec8ba96189d07f810f9a2f4862dcf2.jpg</filename>
	<path>frame_2880_jpg.rf.fbec8ba96189d07f810f9a2f4862dcf2.jpg</path>
	<source>
		<database>roboflow.ai</database>
	</source>
	<size>
		<width>416</width>
		<height>416</height>
		<depth>3</depth>
	</size>
	<segmented>0</segmented>
	<object>
		<name>bicycle</name>
		<pose>Unspecified</pose>
		<truncated>0</truncated>
		<difficult>0</difficult>
		<occluded>0</occluded>
		<bndbox>
			<xmin>86</xmin>
			<xmax>117</xmax>
			<ymin>148</ymin>
			<ymax>249</ymax>
		</bndbox>
	</object>
	<object>
		<name>bicycle</name>
		<pose>Unspecified</pose>
		<truncated>0</truncated>
		<difficult>0</difficult>
		<occluded>0</occluded>
		<bndbox>
			<xmin>62</xmin>
			<xmax>93</xmax>
			<ymin>145</ymin>
			<ymax>246</ymax>
		</bndbox>
	</object>
</annotation>
