<annotation>
	<folder></folder>
	<filename>frame_2880_jpg.rf.b67391d56c3f31fd1a0f1e35eaab531c.jpg</filename>
	<path>frame_2880_jpg.rf.b67391d56c3f31fd1a0f1e35eaab531c.jpg</path>
	<source>
		<database>roboflow.ai</database>
	</source>
	<size>
		<width>416</width>
		<height>416</height>
		<depth>3</depth>
	</size>
	<segmented>0</segmented>
	<object>
		<name>bicycle</name>
		<pose>Unspecified</pose>
		<truncated>0</truncated>
		<difficult>0</difficult>
		<occluded>0</occluded>
		<bndbox>
			<xmin>80</xmin>
			<xmax>126</xmax>
			<ymin>160</ymin>
			<ymax>266</ymax>
		</bndbox>
	</object>
	<object>
		<name>bicycle</name>
		<pose>Unspecified</pose>
		<truncated>0</truncated>
		<difficult>0</difficult>
		<occluded>0</occluded>
		<bndbox>
			<xmin>56</xmin>
			<xmax>102</xmax>
			<ymin>162</ymin>
			<ymax>268</ymax>
		</bndbox>
	</object>
</annotation>
