<annotation>
	<folder></folder>
	<filename>frame_2968_jpg.rf.6b1b5e94c93465cb3a184cb734c9c3ad.jpg</filename>
	<path>frame_2968_jpg.rf.6b1b5e94c93465cb3a184cb734c9c3ad.jpg</path>
	<source>
		<database>roboflow.ai</database>
	</source>
	<size>
		<width>416</width>
		<height>416</height>
		<depth>3</depth>
	</size>
	<segmented>0</segmented>
	<object>
		<name>bicycle</name>
		<pose>Unspecified</pose>
		<truncated>0</truncated>
		<difficult>0</difficult>
		<occluded>0</occluded>
		<bndbox>
			<xmin>284</xmin>
			<xmax>362</xmax>
			<ymin>261</ymin>
			<ymax>399</ymax>
		</bndbox>
	</object>
	<object>
		<name>motorbike</name>
		<pose>Unspecified</pose>
		<truncated>0</truncated>
		<difficult>0</difficult>
		<occluded>0</occluded>
		<bndbox>
			<xmin>319</xmin>
			<xmax>375</xmax>
			<ymin>163</ymin>
			<ymax>280</ymax>
		</bndbox>
	</object>
</annotation>
