<annotation>
	<folder></folder>
	<filename>frame_2888_jpg.rf.945dca443d2c506efb0fae214c3d8422.jpg</filename>
	<path>frame_2888_jpg.rf.945dca443d2c506efb0fae214c3d8422.jpg</path>
	<source>
		<database>roboflow.ai</database>
	</source>
	<size>
		<width>416</width>
		<height>416</height>
		<depth>3</depth>
	</size>
	<segmented>0</segmented>
	<object>
		<name>motorbike</name>
		<pose>Unspecified</pose>
		<truncated>0</truncated>
		<difficult>0</difficult>
		<occluded>0</occluded>
		<bndbox>
			<xmin>214</xmin>
			<xmax>256</xmax>
			<ymin>271</ymin>
			<ymax>380</ymax>
		</bndbox>
	</object>
</annotation>
