<annotation>
	<folder></folder>
	<filename>frame_2947_jpg.rf.3576a426d04dead16b60f8745448a1f0.jpg</filename>
	<path>frame_2947_jpg.rf.3576a426d04dead16b60f8745448a1f0.jpg</path>
	<source>
		<database>roboflow.ai</database>
	</source>
	<size>
		<width>416</width>
		<height>416</height>
		<depth>3</depth>
	</size>
	<segmented>0</segmented>
	<object>
		<name>motorbike</name>
		<pose>Unspecified</pose>
		<truncated>0</truncated>
		<difficult>0</difficult>
		<occluded>0</occluded>
		<bndbox>
			<xmin>302</xmin>
			<xmax>352</xmax>
			<ymin>236</ymin>
			<ymax>350</ymax>
		</bndbox>
	</object>
</annotation>
