<annotation>
	<folder></folder>
	<filename>frame_2945_jpg.rf.6615439b655506569ee163b7ae738dda.jpg</filename>
	<path>frame_2945_jpg.rf.6615439b655506569ee163b7ae738dda.jpg</path>
	<source>
		<database>roboflow.ai</database>
	</source>
	<size>
		<width>416</width>
		<height>416</height>
		<depth>3</depth>
	</size>
	<segmented>0</segmented>
	<object>
		<name>motorbike</name>
		<pose>Unspecified</pose>
		<truncated>0</truncated>
		<difficult>0</difficult>
		<occluded>0</occluded>
		<bndbox>
			<xmin>323</xmin>
			<xmax>385</xmax>
			<ymin>264</ymin>
			<ymax>367</ymax>
		</bndbox>
	</object>
</annotation>
