<annotation>
	<folder></folder>
	<filename>frame_2881_jpg.rf.2a2ab5d22535138c127a09c7d25e09e5.jpg</filename>
	<path>frame_2881_jpg.rf.2a2ab5d22535138c127a09c7d25e09e5.jpg</path>
	<source>
		<database>roboflow.ai</database>
	</source>
	<size>
		<width>416</width>
		<height>416</height>
		<depth>3</depth>
	</size>
	<segmented>0</segmented>
	<object>
		<name>bicycle</name>
		<pose>Unspecified</pose>
		<truncated>0</truncated>
		<difficult>0</difficult>
		<occluded>0</occluded>
		<bndbox>
			<xmin>331</xmin>
			<xmax>394</xmax>
			<ymin>212</ymin>
			<ymax>344</ymax>
		</bndbox>
	</object>
	<object>
		<name>bicycle</name>
		<pose>Unspecified</pose>
		<truncated>0</truncated>
		<difficult>0</difficult>
		<occluded>0</occluded>
		<bndbox>
			<xmin>356</xmin>
			<xmax>407</xmax>
			<ymin>204</ymin>
			<ymax>337</ymax>
		</bndbox>
	</object>
</annotation>
