<annotation>
	<folder></folder>
	<filename>frame_2964_jpg.rf.8f7c8bac9f69a8dd8ec013baab8f658e.jpg</filename>
	<path>frame_2964_jpg.rf.8f7c8bac9f69a8dd8ec013baab8f658e.jpg</path>
	<source>
		<database>roboflow.ai</database>
	</source>
	<size>
		<width>416</width>
		<height>416</height>
		<depth>3</depth>
	</size>
	<segmented>0</segmented>
	<object>
		<name>bicycle</name>
		<pose>Unspecified</pose>
		<truncated>0</truncated>
		<difficult>0</difficult>
		<occluded>0</occluded>
		<bndbox>
			<xmin>372</xmin>
			<xmax>415</xmax>
			<ymin>251</ymin>
			<ymax>358</ymax>
		</bndbox>
	</object>
	<object>
		<name>bicycle</name>
		<pose>Unspecified</pose>
		<truncated>0</truncated>
		<difficult>0</difficult>
		<occluded>0</occluded>
		<bndbox>
			<xmin>400</xmin>
			<xmax>415</xmax>
			<ymin>298</ymin>
			<ymax>406</ymax>
		</bndbox>
	</object>
	<object>
		<name>motorbike</name>
		<pose>Unspecified</pose>
		<truncated>0</truncated>
		<difficult>0</difficult>
		<occluded>0</occluded>
		<bndbox>
			<xmin>331</xmin>
			<xmax>374</xmax>
			<ymin>160</ymin>
			<ymax>248</ymax>
		</bndbox>
	</object>
</annotation>
