<annotation>
	<folder></folder>
	<filename>frame_2947_jpg.rf.85426e6b322d4cb67e641e7a69a204ca.jpg</filename>
	<path>frame_2947_jpg.rf.85426e6b322d4cb67e641e7a69a204ca.jpg</path>
	<source>
		<database>roboflow.ai</database>
	</source>
	<size>
		<width>416</width>
		<height>416</height>
		<depth>3</depth>
	</size>
	<segmented>0</segmented>
	<object>
		<name>motorbike</name>
		<pose>Unspecified</pose>
		<truncated>0</truncated>
		<difficult>0</difficult>
		<occluded>0</occluded>
		<bndbox>
			<xmin>27</xmin>
			<xmax>69</xmax>
			<ymin>173</ymin>
			<ymax>285</ymax>
		</bndbox>
	</object>
</annotation>
