<annotation>
	<folder></folder>
	<filename>frame_2887_jpg.rf.f46c7909e9d639c89330c6eeca71368c.jpg</filename>
	<path>frame_2887_jpg.rf.f46c7909e9d639c89330c6eeca71368c.jpg</path>
	<source>
		<database>roboflow.ai</database>
	</source>
	<size>
		<width>416</width>
		<height>416</height>
		<depth>3</depth>
	</size>
	<segmented>0</segmented>
	<object>
		<name>car</name>
		<pose>Unspecified</pose>
		<truncated>0</truncated>
		<difficult>0</difficult>
		<occluded>0</occluded>
		<bndbox>
			<xmin>208</xmin>
			<xmax>269</xmax>
			<ymin>171</ymin>
			<ymax>292</ymax>
		</bndbox>
	</object>
</annotation>
