<annotation>
	<folder></folder>
	<filename>frame_2856_jpg.rf.af76b7443b62e30d87e4a20e013e9db8.jpg</filename>
	<path>frame_2856_jpg.rf.af76b7443b62e30d87e4a20e013e9db8.jpg</path>
	<source>
		<database>roboflow.ai</database>
	</source>
	<size>
		<width>416</width>
		<height>416</height>
		<depth>3</depth>
	</size>
	<segmented>0</segmented>
	<object>
		<name>bicycle</name>
		<pose>Unspecified</pose>
		<truncated>0</truncated>
		<difficult>0</difficult>
		<occluded>0</occluded>
		<bndbox>
			<xmin>6</xmin>
			<xmax>62</xmax>
			<ymin>204</ymin>
			<ymax>312</ymax>
		</bndbox>
	</object>
	<object>
		<name>bicycle</name>
		<pose>Unspecified</pose>
		<truncated>0</truncated>
		<difficult>0</difficult>
		<occluded>0</occluded>
		<bndbox>
			<xmin>68</xmin>
			<xmax>114</xmax>
			<ymin>152</ymin>
			<ymax>233</ymax>
		</bndbox>
	</object>
</annotation>
