<annotation>
	<folder></folder>
	<filename>frame_2954_jpg.rf.4bebc441137c873084f3b990a1e80b4c.jpg</filename>
	<path>frame_2954_jpg.rf.4bebc441137c873084f3b990a1e80b4c.jpg</path>
	<source>
		<database>roboflow.ai</database>
	</source>
	<size>
		<width>416</width>
		<height>416</height>
		<depth>3</depth>
	</size>
	<segmented>0</segmented>
	<object>
		<name>motorbike</name>
		<pose>Unspecified</pose>
		<truncated>0</truncated>
		<difficult>0</difficult>
		<occluded>0</occluded>
		<bndbox>
			<xmin>333</xmin>
			<xmax>374</xmax>
			<ymin>213</ymin>
			<ymax>315</ymax>
		</bndbox>
	</object>
	<object>
		<name>bicycle</name>
		<pose>Unspecified</pose>
		<truncated>0</truncated>
		<difficult>0</difficult>
		<occluded>0</occluded>
		<bndbox>
			<xmin>322</xmin>
			<xmax>351</xmax>
			<ymin>145</ymin>
			<ymax>235</ymax>
		</bndbox>
	</object>
	<object>
		<name>motorbike</name>
		<pose>Unspecified</pose>
		<truncated>0</truncated>
		<difficult>0</difficult>
		<occluded>0</occluded>
		<bndbox>
			<xmin>260</xmin>
			<xmax>305</xmax>
			<ymin>289</ymin>
			<ymax>407</ymax>
		</bndbox>
	</object>
</annotation>
