<annotation>
	<folder></folder>
	<filename>frame_2947_jpg.rf.b7610f9d73fce109601bf87a4ef5bc45.jpg</filename>
	<path>frame_2947_jpg.rf.b7610f9d73fce109601bf87a4ef5bc45.jpg</path>
	<source>
		<database>roboflow.ai</database>
	</source>
	<size>
		<width>416</width>
		<height>416</height>
		<depth>3</depth>
	</size>
	<segmented>0</segmented>
	<object>
		<name>motorbike</name>
		<pose>Unspecified</pose>
		<truncated>0</truncated>
		<difficult>0</difficult>
		<occluded>0</occluded>
		<bndbox>
			<xmin>356</xmin>
			<xmax>396</xmax>
			<ymin>229</ymin>
			<ymax>339</ymax>
		</bndbox>
	</object>
</annotation>
