<annotation>
	<folder></folder>
	<filename>frame_2924_jpg.rf.5e6b442826c248cbff71e7e8fd10c612.jpg</filename>
	<path>frame_2924_jpg.rf.5e6b442826c248cbff71e7e8fd10c612.jpg</path>
	<source>
		<database>roboflow.ai</database>
	</source>
	<size>
		<width>416</width>
		<height>416</height>
		<depth>3</depth>
	</size>
	<segmented>0</segmented>
	<object>
		<name>auto</name>
		<pose>Unspecified</pose>
		<truncated>0</truncated>
		<difficult>0</difficult>
		<occluded>0</occluded>
		<bndbox>
			<xmin>219</xmin>
			<xmax>294</xmax>
			<ymin>185</ymin>
			<ymax>317</ymax>
		</bndbox>
	</object>
	<object>
		<name>bicycle</name>
		<pose>Unspecified</pose>
		<truncated>0</truncated>
		<difficult>0</difficult>
		<occluded>0</occluded>
		<bndbox>
			<xmin>318</xmin>
			<xmax>370</xmax>
			<ymin>247</ymin>
			<ymax>354</ymax>
		</bndbox>
	</object>
	<object>
		<name>bicycle</name>
		<pose>Unspecified</pose>
		<truncated>0</truncated>
		<difficult>0</difficult>
		<occluded>0</occluded>
		<bndbox>
			<xmin>304</xmin>
			<xmax>356</xmax>
			<ymin>186</ymin>
			<ymax>293</ymax>
		</bndbox>
	</object>
</annotation>
