<annotation>
	<folder></folder>
	<filename>frame_2849_jpg.rf.313c0b167141543c89da2e5d6c907c38.jpg</filename>
	<path>frame_2849_jpg.rf.313c0b167141543c89da2e5d6c907c38.jpg</path>
	<source>
		<database>roboflow.ai</database>
	</source>
	<size>
		<width>416</width>
		<height>416</height>
		<depth>3</depth>
	</size>
	<segmented>0</segmented>
	<object>
		<name>motorbike</name>
		<pose>Unspecified</pose>
		<truncated>0</truncated>
		<difficult>0</difficult>
		<occluded>0</occluded>
		<bndbox>
			<xmin>74</xmin>
			<xmax>122</xmax>
			<ymin>221</ymin>
			<ymax>325</ymax>
		</bndbox>
	</object>
</annotation>
