<annotation>
	<folder></folder>
	<filename>frame_2953_jpg.rf.55a42df8aeff07c498ad5b2c9f0a10d7.jpg</filename>
	<path>frame_2953_jpg.rf.55a42df8aeff07c498ad5b2c9f0a10d7.jpg</path>
	<source>
		<database>roboflow.ai</database>
	</source>
	<size>
		<width>416</width>
		<height>416</height>
		<depth>3</depth>
	</size>
	<segmented>0</segmented>
	<object>
		<name>motorbike</name>
		<pose>Unspecified</pose>
		<truncated>0</truncated>
		<difficult>0</difficult>
		<occluded>0</occluded>
		<bndbox>
			<xmin>45</xmin>
			<xmax>83</xmax>
			<ymin>253</ymin>
			<ymax>354</ymax>
		</bndbox>
	</object>
</annotation>
