<annotation>
	<folder></folder>
	<filename>frame_2963_jpg.rf.bb1476e7832e58f6faa105e0e8bed04d.jpg</filename>
	<path>frame_2963_jpg.rf.bb1476e7832e58f6faa105e0e8bed04d.jpg</path>
	<source>
		<database>roboflow.ai</database>
	</source>
	<size>
		<width>416</width>
		<height>416</height>
		<depth>3</depth>
	</size>
	<segmented>0</segmented>
	<object>
		<name>bicycle</name>
		<pose>Unspecified</pose>
		<truncated>0</truncated>
		<difficult>0</difficult>
		<occluded>0</occluded>
		<bndbox>
			<xmin>360</xmin>
			<xmax>393</xmax>
			<ymin>196</ymin>
			<ymax>304</ymax>
		</bndbox>
	</object>
</annotation>
