<annotation>
	<folder></folder>
	<filename>frame_2935_jpg.rf.0a317ff419791ec52b1a9bfb99b781dd.jpg</filename>
	<path>frame_2935_jpg.rf.0a317ff419791ec52b1a9bfb99b781dd.jpg</path>
	<source>
		<database>roboflow.ai</database>
	</source>
	<size>
		<width>416</width>
		<height>416</height>
		<depth>3</depth>
	</size>
	<segmented>0</segmented>
	<object>
		<name>motorbike</name>
		<pose>Unspecified</pose>
		<truncated>0</truncated>
		<difficult>0</difficult>
		<occluded>0</occluded>
		<bndbox>
			<xmin>241</xmin>
			<xmax>289</xmax>
			<ymin>198</ymin>
			<ymax>290</ymax>
		</bndbox>
	</object>
	<object>
		<name>motorbike</name>
		<pose>Unspecified</pose>
		<truncated>0</truncated>
		<difficult>0</difficult>
		<occluded>0</occluded>
		<bndbox>
			<xmin>272</xmin>
			<xmax>320</xmax>
			<ymin>175</ymin>
			<ymax>267</ymax>
		</bndbox>
	</object>
</annotation>
