<annotation>
	<folder></folder>
	<filename>frame_2887_jpg.rf.d7e3e5244e3bae4bd37dc998b51c840a.jpg</filename>
	<path>frame_2887_jpg.rf.d7e3e5244e3bae4bd37dc998b51c840a.jpg</path>
	<source>
		<database>roboflow.ai</database>
	</source>
	<size>
		<width>416</width>
		<height>416</height>
		<depth>3</depth>
	</size>
	<segmented>0</segmented>
	<object>
		<name>car</name>
		<pose>Unspecified</pose>
		<truncated>0</truncated>
		<difficult>0</difficult>
		<occluded>0</occluded>
		<bndbox>
			<xmin>211</xmin>
			<xmax>283</xmax>
			<ymin>178</ymin>
			<ymax>299</ymax>
		</bndbox>
	</object>
</annotation>
