<annotation>
	<folder></folder>
	<filename>frame_2881_jpg.rf.24913a872ee16ff32061bc81dccf64c9.jpg</filename>
	<path>frame_2881_jpg.rf.24913a872ee16ff32061bc81dccf64c9.jpg</path>
	<source>
		<database>roboflow.ai</database>
	</source>
	<size>
		<width>416</width>
		<height>416</height>
		<depth>3</depth>
	</size>
	<segmented>0</segmented>
	<object>
		<name>bicycle</name>
		<pose>Unspecified</pose>
		<truncated>0</truncated>
		<difficult>0</difficult>
		<occluded>0</occluded>
		<bndbox>
			<xmin>337</xmin>
			<xmax>386</xmax>
			<ymin>218</ymin>
			<ymax>354</ymax>
		</bndbox>
	</object>
	<object>
		<name>bicycle</name>
		<pose>Unspecified</pose>
		<truncated>0</truncated>
		<difficult>0</difficult>
		<occluded>0</occluded>
		<bndbox>
			<xmin>362</xmin>
			<xmax>411</xmax>
			<ymin>211</ymin>
			<ymax>347</ymax>
		</bndbox>
	</object>
</annotation>
