<annotation>
	<folder></folder>
	<filename>frame_2923_jpg.rf.3dd9753cd01ebbba049ed2b2341c1efe.jpg</filename>
	<path>frame_2923_jpg.rf.3dd9753cd01ebbba049ed2b2341c1efe.jpg</path>
	<source>
		<database>roboflow.ai</database>
	</source>
	<size>
		<width>416</width>
		<height>416</height>
		<depth>3</depth>
	</size>
	<segmented>0</segmented>
	<object>
		<name>motorbike</name>
		<pose>Unspecified</pose>
		<truncated>0</truncated>
		<difficult>0</difficult>
		<occluded>0</occluded>
		<bndbox>
			<xmin>302</xmin>
			<xmax>330</xmax>
			<ymin>223</ymin>
			<ymax>312</ymax>
		</bndbox>
	</object>
	<object>
		<name>bicycle</name>
		<pose>Unspecified</pose>
		<truncated>0</truncated>
		<difficult>0</difficult>
		<occluded>0</occluded>
		<bndbox>
			<xmin>369</xmin>
			<xmax>407</xmax>
			<ymin>317</ymin>
			<ymax>415</ymax>
		</bndbox>
	</object>
</annotation>
