<annotation>
	<folder></folder>
	<filename>frame_2940_jpg.rf.e53e9691264e0944aee90d9053211a58.jpg</filename>
	<path>frame_2940_jpg.rf.e53e9691264e0944aee90d9053211a58.jpg</path>
	<source>
		<database>roboflow.ai</database>
	</source>
	<size>
		<width>416</width>
		<height>416</height>
		<depth>3</depth>
	</size>
	<segmented>0</segmented>
	<object>
		<name>motorbike</name>
		<pose>Unspecified</pose>
		<truncated>0</truncated>
		<difficult>0</difficult>
		<occluded>0</occluded>
		<bndbox>
			<xmin>56</xmin>
			<xmax>125</xmax>
			<ymin>277</ymin>
			<ymax>415</ymax>
		</bndbox>
	</object>
	<object>
		<name>bicycle</name>
		<pose>Unspecified</pose>
		<truncated>0</truncated>
		<difficult>0</difficult>
		<occluded>0</occluded>
		<bndbox>
			<xmin>11</xmin>
			<xmax>77</xmax>
			<ymin>271</ymin>
			<ymax>412</ymax>
		</bndbox>
	</object>
	<object>
		<name>bicycle</name>
		<pose>Unspecified</pose>
		<truncated>0</truncated>
		<difficult>0</difficult>
		<occluded>0</occluded>
		<bndbox>
			<xmin>0</xmin>
			<xmax>44</xmax>
			<ymin>285</ymin>
			<ymax>406</ymax>
		</bndbox>
	</object>
</annotation>
