<annotation>
	<folder></folder>
	<filename>frame_2883_jpg.rf.427b3f298beee1943b8cad170113a6c5.jpg</filename>
	<path>frame_2883_jpg.rf.427b3f298beee1943b8cad170113a6c5.jpg</path>
	<source>
		<database>roboflow.ai</database>
	</source>
	<size>
		<width>416</width>
		<height>416</height>
		<depth>3</depth>
	</size>
	<segmented>0</segmented>
	<object>
		<name>bicycle</name>
		<pose>Unspecified</pose>
		<truncated>0</truncated>
		<difficult>0</difficult>
		<occluded>0</occluded>
		<bndbox>
			<xmin>17</xmin>
			<xmax>69</xmax>
			<ymin>350</ymin>
			<ymax>415</ymax>
		</bndbox>
	</object>
	<object>
		<name>bicycle</name>
		<pose>Unspecified</pose>
		<truncated>0</truncated>
		<difficult>0</difficult>
		<occluded>0</occluded>
		<bndbox>
			<xmin>47</xmin>
			<xmax>97</xmax>
			<ymin>288</ymin>
			<ymax>406</ymax>
		</bndbox>
	</object>
	<object>
		<name>bicycle</name>
		<pose>Unspecified</pose>
		<truncated>0</truncated>
		<difficult>0</difficult>
		<occluded>0</occluded>
		<bndbox>
			<xmin>28</xmin>
			<xmax>78</xmax>
			<ymin>298</ymin>
			<ymax>416</ymax>
		</bndbox>
	</object>
</annotation>
