<annotation>
	<folder></folder>
	<filename>frame_2883_jpg.rf.c82ba0cc7b79e69d6ae1e13b06af2811.jpg</filename>
	<path>frame_2883_jpg.rf.c82ba0cc7b79e69d6ae1e13b06af2811.jpg</path>
	<source>
		<database>roboflow.ai</database>
	</source>
	<size>
		<width>416</width>
		<height>416</height>
		<depth>3</depth>
	</size>
	<segmented>0</segmented>
	<object>
		<name>bicycle</name>
		<pose>Unspecified</pose>
		<truncated>0</truncated>
		<difficult>0</difficult>
		<occluded>0</occluded>
		<bndbox>
			<xmin>385</xmin>
			<xmax>415</xmax>
			<ymin>298</ymin>
			<ymax>408</ymax>
		</bndbox>
	</object>
	<object>
		<name>bicycle</name>
		<pose>Unspecified</pose>
		<truncated>0</truncated>
		<difficult>0</difficult>
		<occluded>0</occluded>
		<bndbox>
			<xmin>343</xmin>
			<xmax>381</xmax>
			<ymin>248</ymin>
			<ymax>357</ymax>
		</bndbox>
	</object>
	<object>
		<name>bicycle</name>
		<pose>Unspecified</pose>
		<truncated>0</truncated>
		<difficult>0</difficult>
		<occluded>0</occluded>
		<bndbox>
			<xmin>362</xmin>
			<xmax>400</xmax>
			<ymin>250</ymin>
			<ymax>359</ymax>
		</bndbox>
	</object>
</annotation>
