<annotation>
	<folder></folder>
	<filename>frame_2953_jpg.rf.84c287d680ef454b460c5c87d3ca9b7c.jpg</filename>
	<path>frame_2953_jpg.rf.84c287d680ef454b460c5c87d3ca9b7c.jpg</path>
	<source>
		<database>roboflow.ai</database>
	</source>
	<size>
		<width>416</width>
		<height>416</height>
		<depth>3</depth>
	</size>
	<segmented>0</segmented>
	<object>
		<name>motorbike</name>
		<pose>Unspecified</pose>
		<truncated>0</truncated>
		<difficult>0</difficult>
		<occluded>0</occluded>
		<bndbox>
			<xmin>349</xmin>
			<xmax>385</xmax>
			<ymin>235</ymin>
			<ymax>349</ymax>
		</bndbox>
	</object>
</annotation>
