<annotation>
	<folder></folder>
	<filename>frame_2898_jpg.rf.ae792297502e94ef6862b31fc04c3316.jpg</filename>
	<path>frame_2898_jpg.rf.ae792297502e94ef6862b31fc04c3316.jpg</path>
	<source>
		<database>roboflow.ai</database>
	</source>
	<size>
		<width>416</width>
		<height>416</height>
		<depth>3</depth>
	</size>
	<segmented>0</segmented>
	<object>
		<name>bicycle</name>
		<pose>Unspecified</pose>
		<truncated>0</truncated>
		<difficult>0</difficult>
		<occluded>0</occluded>
		<bndbox>
			<xmin>69</xmin>
			<xmax>120</xmax>
			<ymin>247</ymin>
			<ymax>350</ymax>
		</bndbox>
	</object>
	<object>
		<name>bicycle</name>
		<pose>Unspecified</pose>
		<truncated>0</truncated>
		<difficult>0</difficult>
		<occluded>0</occluded>
		<bndbox>
			<xmin>46</xmin>
			<xmax>97</xmax>
			<ymin>255</ymin>
			<ymax>358</ymax>
		</bndbox>
	</object>
</annotation>
