<annotation>
	<folder></folder>
	<filename>frame_2968_jpg.rf.f11a2a89f0867b0deb19a55672ebe50a.jpg</filename>
	<path>frame_2968_jpg.rf.f11a2a89f0867b0deb19a55672ebe50a.jpg</path>
	<source>
		<database>roboflow.ai</database>
	</source>
	<size>
		<width>416</width>
		<height>416</height>
		<depth>3</depth>
	</size>
	<segmented>0</segmented>
	<object>
		<name>bicycle</name>
		<pose>Unspecified</pose>
		<truncated>0</truncated>
		<difficult>0</difficult>
		<occluded>0</occluded>
		<bndbox>
			<xmin>357</xmin>
			<xmax>411</xmax>
			<ymin>217</ymin>
			<ymax>373</ymax>
		</bndbox>
	</object>
	<object>
		<name>motorbike</name>
		<pose>Unspecified</pose>
		<truncated>0</truncated>
		<difficult>0</difficult>
		<occluded>0</occluded>
		<bndbox>
			<xmin>338</xmin>
			<xmax>379</xmax>
			<ymin>130</ymin>
			<ymax>234</ymax>
		</bndbox>
	</object>
</annotation>
