<annotation>
	<folder></folder>
	<filename>frame_2968_jpg.rf.e9f299b077670e82b8b5cb436f02e794.jpg</filename>
	<path>frame_2968_jpg.rf.e9f299b077670e82b8b5cb436f02e794.jpg</path>
	<source>
		<database>roboflow.ai</database>
	</source>
	<size>
		<width>416</width>
		<height>416</height>
		<depth>3</depth>
	</size>
	<segmented>0</segmented>
	<object>
		<name>bicycle</name>
		<pose>Unspecified</pose>
		<truncated>0</truncated>
		<difficult>0</difficult>
		<occluded>0</occluded>
		<bndbox>
			<xmin>327</xmin>
			<xmax>397</xmax>
			<ymin>300</ymin>
			<ymax>415</ymax>
		</bndbox>
	</object>
	<object>
		<name>motorbike</name>
		<pose>Unspecified</pose>
		<truncated>0</truncated>
		<difficult>0</difficult>
		<occluded>0</occluded>
		<bndbox>
			<xmin>333</xmin>
			<xmax>382</xmax>
			<ymin>205</ymin>
			<ymax>306</ymax>
		</bndbox>
	</object>
</annotation>
