<annotation>
	<folder></folder>
	<filename>frame_2888_jpg.rf.bc1ac810cc6a373c87d4488d65a02ab4.jpg</filename>
	<path>frame_2888_jpg.rf.bc1ac810cc6a373c87d4488d65a02ab4.jpg</path>
	<source>
		<database>roboflow.ai</database>
	</source>
	<size>
		<width>416</width>
		<height>416</height>
		<depth>3</depth>
	</size>
	<segmented>0</segmented>
	<object>
		<name>motorbike</name>
		<pose>Unspecified</pose>
		<truncated>0</truncated>
		<difficult>0</difficult>
		<occluded>0</occluded>
		<bndbox>
			<xmin>226</xmin>
			<xmax>269</xmax>
			<ymin>267</ymin>
			<ymax>376</ymax>
		</bndbox>
	</object>
</annotation>
