<annotation>
	<folder></folder>
	<filename>frame_2965_jpg.rf.0cbcb8315070faf5d1380e261af992ec.jpg</filename>
	<path>frame_2965_jpg.rf.0cbcb8315070faf5d1380e261af992ec.jpg</path>
	<source>
		<database>roboflow.ai</database>
	</source>
	<size>
		<width>416</width>
		<height>416</height>
		<depth>3</depth>
	</size>
	<segmented>0</segmented>
	<object>
		<name>motorbike</name>
		<pose>Unspecified</pose>
		<truncated>0</truncated>
		<difficult>0</difficult>
		<occluded>0</occluded>
		<bndbox>
			<xmin>343</xmin>
			<xmax>373</xmax>
			<ymin>129</ymin>
			<ymax>232</ymax>
		</bndbox>
	</object>
</annotation>
