<annotation>
	<folder></folder>
	<filename>frame_2966_jpg.rf.e602da72cc9de1d18813186880c57b1c.jpg</filename>
	<path>frame_2966_jpg.rf.e602da72cc9de1d18813186880c57b1c.jpg</path>
	<source>
		<database>roboflow.ai</database>
	</source>
	<size>
		<width>416</width>
		<height>416</height>
		<depth>3</depth>
	</size>
	<segmented>0</segmented>
	<object>
		<name>motorbike</name>
		<pose>Unspecified</pose>
		<truncated>0</truncated>
		<difficult>0</difficult>
		<occluded>0</occluded>
		<bndbox>
			<xmin>342</xmin>
			<xmax>373</xmax>
			<ymin>172</ymin>
			<ymax>254</ymax>
		</bndbox>
	</object>
</annotation>
