<annotation>
	<folder></folder>
	<filename>frame_2938_jpg.rf.175cdf3c4f1d8ff78a1e27943c9004e0.jpg</filename>
	<path>frame_2938_jpg.rf.175cdf3c4f1d8ff78a1e27943c9004e0.jpg</path>
	<source>
		<database>roboflow.ai</database>
	</source>
	<size>
		<width>416</width>
		<height>416</height>
		<depth>3</depth>
	</size>
	<segmented>0</segmented>
	<object>
		<name>bicycle</name>
		<pose>Unspecified</pose>
		<truncated>0</truncated>
		<difficult>0</difficult>
		<occluded>0</occluded>
		<bndbox>
			<xmin>346</xmin>
			<xmax>379</xmax>
			<ymin>274</ymin>
			<ymax>402</ymax>
		</bndbox>
	</object>
</annotation>
