<annotation>
	<folder></folder>
	<filename>frame_2855_jpg.rf.fef8802f489d2757f9b3f580a3292afe.jpg</filename>
	<path>frame_2855_jpg.rf.fef8802f489d2757f9b3f580a3292afe.jpg</path>
	<source>
		<database>roboflow.ai</database>
	</source>
	<size>
		<width>416</width>
		<height>416</height>
		<depth>3</depth>
	</size>
	<segmented>0</segmented>
	<object>
		<name>bicycle</name>
		<pose>Unspecified</pose>
		<truncated>0</truncated>
		<difficult>0</difficult>
		<occluded>0</occluded>
		<bndbox>
			<xmin>310</xmin>
			<xmax>347</xmax>
			<ymin>259</ymin>
			<ymax>375</ymax>
		</bndbox>
	</object>
	<object>
		<name>bicycle</name>
		<pose>Unspecified</pose>
		<truncated>0</truncated>
		<difficult>0</difficult>
		<occluded>0</occluded>
		<bndbox>
			<xmin>296</xmin>
			<xmax>334</xmax>
			<ymin>305</ymin>
			<ymax>412</ymax>
		</bndbox>
	</object>
	<object>
		<name>bicycle</name>
		<pose>Unspecified</pose>
		<truncated>0</truncated>
		<difficult>0</difficult>
		<occluded>0</occluded>
		<bndbox>
			<xmin>328</xmin>
			<xmax>366</xmax>
			<ymin>304</ymin>
			<ymax>411</ymax>
		</bndbox>
	</object>
</annotation>
