<annotation>
	<folder></folder>
	<filename>frame_2857_jpg.rf.bd0e6bc68cdf8f827d59f39f49b8f32b.jpg</filename>
	<path>frame_2857_jpg.rf.bd0e6bc68cdf8f827d59f39f49b8f32b.jpg</path>
	<source>
		<database>roboflow.ai</database>
	</source>
	<size>
		<width>416</width>
		<height>416</height>
		<depth>3</depth>
	</size>
	<segmented>0</segmented>
	<object>
		<name>bicycle</name>
		<pose>Unspecified</pose>
		<truncated>0</truncated>
		<difficult>0</difficult>
		<occluded>0</occluded>
		<bndbox>
			<xmin>15</xmin>
			<xmax>87</xmax>
			<ymin>200</ymin>
			<ymax>346</ymax>
		</bndbox>
	</object>
	<object>
		<name>bicycle</name>
		<pose>Unspecified</pose>
		<truncated>0</truncated>
		<difficult>0</difficult>
		<occluded>0</occluded>
		<bndbox>
			<xmin>71</xmin>
			<xmax>111</xmax>
			<ymin>143</ymin>
			<ymax>256</ymax>
		</bndbox>
	</object>
	<object>
		<name>bicycle</name>
		<pose>Unspecified</pose>
		<truncated>0</truncated>
		<difficult>0</difficult>
		<occluded>0</occluded>
		<bndbox>
			<xmin>59</xmin>
			<xmax>99</xmax>
			<ymin>128</ymin>
			<ymax>241</ymax>
		</bndbox>
	</object>
	<object>
		<name>bicycle</name>
		<pose>Unspecified</pose>
		<truncated>0</truncated>
		<difficult>0</difficult>
		<occluded>0</occluded>
		<bndbox>
			<xmin>38</xmin>
			<xmax>78</xmax>
			<ymin>119</ymin>
			<ymax>232</ymax>
		</bndbox>
	</object>
</annotation>
