<annotation>
	<folder></folder>
	<filename>frame_2849_jpg.rf.02874c4f1799dd83376d866ee8581367.jpg</filename>
	<path>frame_2849_jpg.rf.02874c4f1799dd83376d866ee8581367.jpg</path>
	<source>
		<database>roboflow.ai</database>
	</source>
	<size>
		<width>416</width>
		<height>416</height>
		<depth>3</depth>
	</size>
	<segmented>0</segmented>
	<object>
		<name>motorbike</name>
		<pose>Unspecified</pose>
		<truncated>0</truncated>
		<difficult>0</difficult>
		<occluded>0</occluded>
		<bndbox>
			<xmin>88</xmin>
			<xmax>139</xmax>
			<ymin>247</ymin>
			<ymax>366</ymax>
		</bndbox>
	</object>
</annotation>
