<annotation>
	<folder></folder>
	<filename>frame_2961_jpg.rf.88319b6394669eb48eb31d959ddbf28a.jpg</filename>
	<path>frame_2961_jpg.rf.88319b6394669eb48eb31d959ddbf28a.jpg</path>
	<source>
		<database>roboflow.ai</database>
	</source>
	<size>
		<width>416</width>
		<height>416</height>
		<depth>3</depth>
	</size>
	<segmented>0</segmented>
	<object>
		<name>bicycle</name>
		<pose>Unspecified</pose>
		<truncated>0</truncated>
		<difficult>0</difficult>
		<occluded>0</occluded>
		<bndbox>
			<xmin>337</xmin>
			<xmax>363</xmax>
			<ymin>177</ymin>
			<ymax>275</ymax>
		</bndbox>
	</object>
	<object>
		<name>bicycle</name>
		<pose>Unspecified</pose>
		<truncated>0</truncated>
		<difficult>0</difficult>
		<occluded>0</occluded>
		<bndbox>
			<xmin>306</xmin>
			<xmax>332</xmax>
			<ymin>155</ymin>
			<ymax>253</ymax>
		</bndbox>
	</object>
</annotation>
