<annotation>
	<folder></folder>
	<filename>frame_2860_jpg.rf.826460d31172fbcaea0ddd90dd1af5fd.jpg</filename>
	<path>frame_2860_jpg.rf.826460d31172fbcaea0ddd90dd1af5fd.jpg</path>
	<source>
		<database>roboflow.ai</database>
	</source>
	<size>
		<width>416</width>
		<height>416</height>
		<depth>3</depth>
	</size>
	<segmented>0</segmented>
	<object>
		<name>motorbike</name>
		<pose>Unspecified</pose>
		<truncated>0</truncated>
		<difficult>0</difficult>
		<occluded>0</occluded>
		<bndbox>
			<xmin>257</xmin>
			<xmax>298</xmax>
			<ymin>208</ymin>
			<ymax>312</ymax>
		</bndbox>
	</object>
	<object>
		<name>motorbike</name>
		<pose>Unspecified</pose>
		<truncated>0</truncated>
		<difficult>0</difficult>
		<occluded>0</occluded>
		<bndbox>
			<xmin>224</xmin>
			<xmax>265</xmax>
			<ymin>277</ymin>
			<ymax>381</ymax>
		</bndbox>
	</object>
</annotation>
