<annotation>
	<folder></folder>
	<filename>frame_2963_jpg.rf.5b9427957324eaf3b5aebc07515b6bd4.jpg</filename>
	<path>frame_2963_jpg.rf.5b9427957324eaf3b5aebc07515b6bd4.jpg</path>
	<source>
		<database>roboflow.ai</database>
	</source>
	<size>
		<width>416</width>
		<height>416</height>
		<depth>3</depth>
	</size>
	<segmented>0</segmented>
	<object>
		<name>bicycle</name>
		<pose>Unspecified</pose>
		<truncated>0</truncated>
		<difficult>0</difficult>
		<occluded>0</occluded>
		<bndbox>
			<xmin>15</xmin>
			<xmax>52</xmax>
			<ymin>239</ymin>
			<ymax>331</ymax>
		</bndbox>
	</object>
</annotation>
