<annotation>
	<folder></folder>
	<filename>frame_2855_jpg.rf.b253d8bbb558710e40c72a482e0d86cb.jpg</filename>
	<path>frame_2855_jpg.rf.b253d8bbb558710e40c72a482e0d86cb.jpg</path>
	<source>
		<database>roboflow.ai</database>
	</source>
	<size>
		<width>416</width>
		<height>416</height>
		<depth>3</depth>
	</size>
	<segmented>0</segmented>
	<object>
		<name>bicycle</name>
		<pose>Unspecified</pose>
		<truncated>0</truncated>
		<difficult>0</difficult>
		<occluded>0</occluded>
		<bndbox>
			<xmin>317</xmin>
			<xmax>356</xmax>
			<ymin>225</ymin>
			<ymax>351</ymax>
		</bndbox>
	</object>
	<object>
		<name>bicycle</name>
		<pose>Unspecified</pose>
		<truncated>0</truncated>
		<difficult>0</difficult>
		<occluded>0</occluded>
		<bndbox>
			<xmin>303</xmin>
			<xmax>342</xmax>
			<ymin>272</ymin>
			<ymax>397</ymax>
		</bndbox>
	</object>
	<object>
		<name>bicycle</name>
		<pose>Unspecified</pose>
		<truncated>0</truncated>
		<difficult>0</difficult>
		<occluded>0</occluded>
		<bndbox>
			<xmin>334</xmin>
			<xmax>373</xmax>
			<ymin>265</ymin>
			<ymax>391</ymax>
		</bndbox>
	</object>
</annotation>
