<annotation>
	<folder></folder>
	<filename>frame_2845_jpg.rf.7a28d16a62eca23cad962aa17681872b.jpg</filename>
	<path>frame_2845_jpg.rf.7a28d16a62eca23cad962aa17681872b.jpg</path>
	<source>
		<database>roboflow.ai</database>
	</source>
	<size>
		<width>416</width>
		<height>416</height>
		<depth>3</depth>
	</size>
	<segmented>0</segmented>
	<object>
		<name>auto</name>
		<pose>Unspecified</pose>
		<truncated>0</truncated>
		<difficult>0</difficult>
		<occluded>0</occluded>
		<bndbox>
			<xmin>208</xmin>
			<xmax>297</xmax>
			<ymin>211</ymin>
			<ymax>354</ymax>
		</bndbox>
	</object>
	<object>
		<name>auto</name>
		<pose>Unspecified</pose>
		<truncated>0</truncated>
		<difficult>0</difficult>
		<occluded>0</occluded>
		<bndbox>
			<xmin>210</xmin>
			<xmax>300</xmax>
			<ymin>299</ymin>
			<ymax>413</ymax>
		</bndbox>
	</object>
	<object>
		<name>motorbike</name>
		<pose>Unspecified</pose>
		<truncated>0</truncated>
		<difficult>0</difficult>
		<occluded>0</occluded>
		<bndbox>
			<xmin>184</xmin>
			<xmax>237</xmax>
			<ymin>203</ymin>
			<ymax>311</ymax>
		</bndbox>
	</object>
	<object>
		<name>motorbike</name>
		<pose>Unspecified</pose>
		<truncated>0</truncated>
		<difficult>0</difficult>
		<occluded>0</occluded>
		<bndbox>
			<xmin>284</xmin>
			<xmax>337</xmax>
			<ymin>187</ymin>
			<ymax>295</ymax>
		</bndbox>
	</object>
</annotation>
