<annotation>
	<folder></folder>
	<filename>frame_2875_jpg.rf.9e7c5b075c6788972010f95944db9ceb.jpg</filename>
	<path>frame_2875_jpg.rf.9e7c5b075c6788972010f95944db9ceb.jpg</path>
	<source>
		<database>roboflow.ai</database>
	</source>
	<size>
		<width>416</width>
		<height>416</height>
		<depth>3</depth>
	</size>
	<segmented>0</segmented>
	<object>
		<name>motorbike</name>
		<pose>Unspecified</pose>
		<truncated>0</truncated>
		<difficult>0</difficult>
		<occluded>0</occluded>
		<bndbox>
			<xmin>38</xmin>
			<xmax>97</xmax>
			<ymin>274</ymin>
			<ymax>403</ymax>
		</bndbox>
	</object>
</annotation>
