<annotation>
	<folder></folder>
	<filename>frame_2860_jpg.rf.97d57d0b1a69b4dc7463b57558661adf.jpg</filename>
	<path>frame_2860_jpg.rf.97d57d0b1a69b4dc7463b57558661adf.jpg</path>
	<source>
		<database>roboflow.ai</database>
	</source>
	<size>
		<width>416</width>
		<height>416</height>
		<depth>3</depth>
	</size>
	<segmented>0</segmented>
	<object>
		<name>motorbike</name>
		<pose>Unspecified</pose>
		<truncated>0</truncated>
		<difficult>0</difficult>
		<occluded>0</occluded>
		<bndbox>
			<xmin>93</xmin>
			<xmax>139</xmax>
			<ymin>229</ymin>
			<ymax>333</ymax>
		</bndbox>
	</object>
	<object>
		<name>motorbike</name>
		<pose>Unspecified</pose>
		<truncated>0</truncated>
		<difficult>0</difficult>
		<occluded>0</occluded>
		<bndbox>
			<xmin>103</xmin>
			<xmax>149</xmax>
			<ymin>294</ymin>
			<ymax>398</ymax>
		</bndbox>
	</object>
</annotation>
