<annotation>
	<folder></folder>
	<filename>frame_2861_jpg.rf.c3d6bb385abd6f3c1c1b0e68b547b3e8.jpg</filename>
	<path>frame_2861_jpg.rf.c3d6bb385abd6f3c1c1b0e68b547b3e8.jpg</path>
	<source>
		<database>roboflow.ai</database>
	</source>
	<size>
		<width>416</width>
		<height>416</height>
		<depth>3</depth>
	</size>
	<segmented>0</segmented>
	<object>
		<name>motorbike</name>
		<pose>Unspecified</pose>
		<truncated>0</truncated>
		<difficult>0</difficult>
		<occluded>0</occluded>
		<bndbox>
			<xmin>68</xmin>
			<xmax>135</xmax>
			<ymin>200</ymin>
			<ymax>327</ymax>
		</bndbox>
	</object>
	<object>
		<name>motorbike</name>
		<pose>Unspecified</pose>
		<truncated>0</truncated>
		<difficult>0</difficult>
		<occluded>0</occluded>
		<bndbox>
			<xmin>81</xmin>
			<xmax>148</xmax>
			<ymin>138</ymin>
			<ymax>265</ymax>
		</bndbox>
	</object>
</annotation>
