<annotation>
	<folder></folder>
	<filename>frame_2965_jpg.rf.43b4f49671c389b8a414aebaeb20548a.jpg</filename>
	<path>frame_2965_jpg.rf.43b4f49671c389b8a414aebaeb20548a.jpg</path>
	<source>
		<database>roboflow.ai</database>
	</source>
	<size>
		<width>416</width>
		<height>416</height>
		<depth>3</depth>
	</size>
	<segmented>0</segmented>
	<object>
		<name>motorbike</name>
		<pose>Unspecified</pose>
		<truncated>0</truncated>
		<difficult>0</difficult>
		<occluded>0</occluded>
		<bndbox>
			<xmin>42</xmin>
			<xmax>83</xmax>
			<ymin>163</ymin>
			<ymax>272</ymax>
		</bndbox>
	</object>
</annotation>
