<annotation>
	<folder></folder>
	<filename>frame_2854_jpg.rf.6258ad5f2a8e2e683e2b714e1e548b9a.jpg</filename>
	<path>frame_2854_jpg.rf.6258ad5f2a8e2e683e2b714e1e548b9a.jpg</path>
	<source>
		<database>roboflow.ai</database>
	</source>
	<size>
		<width>416</width>
		<height>416</height>
		<depth>3</depth>
	</size>
	<segmented>0</segmented>
	<object>
		<name>bicycle</name>
		<pose>Unspecified</pose>
		<truncated>0</truncated>
		<difficult>0</difficult>
		<occluded>0</occluded>
		<bndbox>
			<xmin>334</xmin>
			<xmax>391</xmax>
			<ymin>195</ymin>
			<ymax>325</ymax>
		</bndbox>
	</object>
	<object>
		<name>bicycle</name>
		<pose>Unspecified</pose>
		<truncated>0</truncated>
		<difficult>0</difficult>
		<occluded>0</occluded>
		<bndbox>
			<xmin>309</xmin>
			<xmax>366</xmax>
			<ymin>176</ymin>
			<ymax>306</ymax>
		</bndbox>
	</object>
</annotation>
