<annotation>
	<folder></folder>
	<filename>frame_2948_jpg.rf.e4c2dc035a03a7483bc84974f34e9cd9.jpg</filename>
	<path>frame_2948_jpg.rf.e4c2dc035a03a7483bc84974f34e9cd9.jpg</path>
	<source>
		<database>roboflow.ai</database>
	</source>
	<size>
		<width>416</width>
		<height>416</height>
		<depth>3</depth>
	</size>
	<segmented>0</segmented>
	<object>
		<name>motorbike</name>
		<pose>Unspecified</pose>
		<truncated>0</truncated>
		<difficult>0</difficult>
		<occluded>0</occluded>
		<bndbox>
			<xmin>67</xmin>
			<xmax>127</xmax>
			<ymin>258</ymin>
			<ymax>360</ymax>
		</bndbox>
	</object>
</annotation>
