<annotation>
	<folder></folder>
	<filename>frame_2959_jpg.rf.4bfba1ac67c193842033957986f04654.jpg</filename>
	<path>frame_2959_jpg.rf.4bfba1ac67c193842033957986f04654.jpg</path>
	<source>
		<database>roboflow.ai</database>
	</source>
	<size>
		<width>416</width>
		<height>416</height>
		<depth>3</depth>
	</size>
	<segmented>0</segmented>
	<object>
		<name>motorbike</name>
		<pose>Unspecified</pose>
		<truncated>0</truncated>
		<difficult>0</difficult>
		<occluded>0</occluded>
		<bndbox>
			<xmin>16</xmin>
			<xmax>82</xmax>
			<ymin>322</ymin>
			<ymax>415</ymax>
		</bndbox>
	</object>
	<object>
		<name>motorbike</name>
		<pose>Unspecified</pose>
		<truncated>0</truncated>
		<difficult>0</difficult>
		<occluded>0</occluded>
		<bndbox>
			<xmin>22</xmin>
			<xmax>87</xmax>
			<ymin>218</ymin>
			<ymax>322</ymax>
		</bndbox>
	</object>
</annotation>
