<annotation>
	<folder></folder>
	<filename>frame_2951_jpg.rf.ab50f623ed9e1e907cdccde9cc1e0212.jpg</filename>
	<path>frame_2951_jpg.rf.ab50f623ed9e1e907cdccde9cc1e0212.jpg</path>
	<source>
		<database>roboflow.ai</database>
	</source>
	<size>
		<width>416</width>
		<height>416</height>
		<depth>3</depth>
	</size>
	<segmented>0</segmented>
	<object>
		<name>motorbike</name>
		<pose>Unspecified</pose>
		<truncated>0</truncated>
		<difficult>0</difficult>
		<occluded>0</occluded>
		<bndbox>
			<xmin>242</xmin>
			<xmax>283</xmax>
			<ymin>251</ymin>
			<ymax>390</ymax>
		</bndbox>
	</object>
	<object>
		<name>motorbike</name>
		<pose>Unspecified</pose>
		<truncated>0</truncated>
		<difficult>0</difficult>
		<occluded>0</occluded>
		<bndbox>
			<xmin>350</xmin>
			<xmax>389</xmax>
			<ymin>254</ymin>
			<ymax>366</ymax>
		</bndbox>
	</object>
	<object>
		<name>bicycle</name>
		<pose>Unspecified</pose>
		<truncated>0</truncated>
		<difficult>0</difficult>
		<occluded>0</occluded>
		<bndbox>
			<xmin>330</xmin>
			<xmax>360</xmax>
			<ymin>258</ymin>
			<ymax>383</ymax>
		</bndbox>
	</object>
</annotation>
