<annotation>
	<folder></folder>
	<filename>frame_2927_jpg.rf.6880f7941ff64a08623fe61f7b4c8f30.jpg</filename>
	<path>frame_2927_jpg.rf.6880f7941ff64a08623fe61f7b4c8f30.jpg</path>
	<source>
		<database>roboflow.ai</database>
	</source>
	<size>
		<width>416</width>
		<height>416</height>
		<depth>3</depth>
	</size>
	<segmented>0</segmented>
	<object>
		<name>car</name>
		<pose>Unspecified</pose>
		<truncated>0</truncated>
		<difficult>0</difficult>
		<occluded>0</occluded>
		<bndbox>
			<xmin>115</xmin>
			<xmax>188</xmax>
			<ymin>250</ymin>
			<ymax>366</ymax>
		</bndbox>
	</object>
	<object>
		<name>bicycle</name>
		<pose>Unspecified</pose>
		<truncated>0</truncated>
		<difficult>0</difficult>
		<occluded>0</occluded>
		<bndbox>
			<xmin>0</xmin>
			<xmax>48</xmax>
			<ymin>276</ymin>
			<ymax>390</ymax>
		</bndbox>
	</object>
</annotation>
