<annotation>
	<folder></folder>
	<filename>frame_2949_jpg.rf.3110bff7d08c3258857997b3f8b7bf93.jpg</filename>
	<path>frame_2949_jpg.rf.3110bff7d08c3258857997b3f8b7bf93.jpg</path>
	<source>
		<database>roboflow.ai</database>
	</source>
	<size>
		<width>416</width>
		<height>416</height>
		<depth>3</depth>
	</size>
	<segmented>0</segmented>
	<object>
		<name>motorbike</name>
		<pose>Unspecified</pose>
		<truncated>0</truncated>
		<difficult>0</difficult>
		<occluded>0</occluded>
		<bndbox>
			<xmin>18</xmin>
			<xmax>66</xmax>
			<ymin>238</ymin>
			<ymax>366</ymax>
		</bndbox>
	</object>
	<object>
		<name>bicycle</name>
		<pose>Unspecified</pose>
		<truncated>0</truncated>
		<difficult>0</difficult>
		<occluded>0</occluded>
		<bndbox>
			<xmin>75</xmin>
			<xmax>110</xmax>
			<ymin>153</ymin>
			<ymax>254</ymax>
		</bndbox>
	</object>
</annotation>
