<annotation>
	<folder></folder>
	<filename>frame_2886_jpg.rf.4c1d56d74a0db44db10d3af3c8fe5c60.jpg</filename>
	<path>frame_2886_jpg.rf.4c1d56d74a0db44db10d3af3c8fe5c60.jpg</path>
	<source>
		<database>roboflow.ai</database>
	</source>
	<size>
		<width>416</width>
		<height>416</height>
		<depth>3</depth>
	</size>
	<segmented>0</segmented>
	<object>
		<name>motorbike</name>
		<pose>Unspecified</pose>
		<truncated>0</truncated>
		<difficult>0</difficult>
		<occluded>0</occluded>
		<bndbox>
			<xmin>159</xmin>
			<xmax>221</xmax>
			<ymin>265</ymin>
			<ymax>396</ymax>
		</bndbox>
	</object>
	<object>
		<name>motorbike</name>
		<pose>Unspecified</pose>
		<truncated>0</truncated>
		<difficult>0</difficult>
		<occluded>0</occluded>
		<bndbox>
			<xmin>81</xmin>
			<xmax>144</xmax>
			<ymin>304</ymin>
			<ymax>412</ymax>
		</bndbox>
	</object>
	<object>
		<name>motorbike</name>
		<pose>Unspecified</pose>
		<truncated>0</truncated>
		<difficult>0</difficult>
		<occluded>0</occluded>
		<bndbox>
			<xmin>96</xmin>
			<xmax>158</xmax>
			<ymin>234</ymin>
			<ymax>365</ymax>
		</bndbox>
	</object>
</annotation>
