<annotation>
	<folder></folder>
	<filename>frame_2877_jpg.rf.fe5d37eab0beca384266c4052b600dc3.jpg</filename>
	<path>frame_2877_jpg.rf.fe5d37eab0beca384266c4052b600dc3.jpg</path>
	<source>
		<database>roboflow.ai</database>
	</source>
	<size>
		<width>416</width>
		<height>416</height>
		<depth>3</depth>
	</size>
	<segmented>0</segmented>
	<object>
		<name>bicycle</name>
		<pose>Unspecified</pose>
		<truncated>0</truncated>
		<difficult>0</difficult>
		<occluded>0</occluded>
		<bndbox>
			<xmin>70</xmin>
			<xmax>133</xmax>
			<ymin>302</ymin>
			<ymax>413</ymax>
		</bndbox>
	</object>
</annotation>
