<annotation>
	<folder></folder>
	<filename>frame_2966_jpg.rf.de0ba879c3908e855f3362f665c17062.jpg</filename>
	<path>frame_2966_jpg.rf.de0ba879c3908e855f3362f665c17062.jpg</path>
	<source>
		<database>roboflow.ai</database>
	</source>
	<size>
		<width>416</width>
		<height>416</height>
		<depth>3</depth>
	</size>
	<segmented>0</segmented>
	<object>
		<name>motorbike</name>
		<pose>Unspecified</pose>
		<truncated>0</truncated>
		<difficult>0</difficult>
		<occluded>0</occluded>
		<bndbox>
			<xmin>40</xmin>
			<xmax>83</xmax>
			<ymin>204</ymin>
			<ymax>287</ymax>
		</bndbox>
	</object>
</annotation>
