<annotation>
	<folder></folder>
	<filename>frame_2880_jpg.rf.3a9fa18c31659d2ad012b0dab2d1dae4.jpg</filename>
	<path>frame_2880_jpg.rf.3a9fa18c31659d2ad012b0dab2d1dae4.jpg</path>
	<source>
		<database>roboflow.ai</database>
	</source>
	<size>
		<width>416</width>
		<height>416</height>
		<depth>3</depth>
	</size>
	<segmented>0</segmented>
	<object>
		<name>bicycle</name>
		<pose>Unspecified</pose>
		<truncated>0</truncated>
		<difficult>0</difficult>
		<occluded>0</occluded>
		<bndbox>
			<xmin>295</xmin>
			<xmax>335</xmax>
			<ymin>161</ymin>
			<ymax>253</ymax>
		</bndbox>
	</object>
	<object>
		<name>bicycle</name>
		<pose>Unspecified</pose>
		<truncated>0</truncated>
		<difficult>0</difficult>
		<occluded>0</occluded>
		<bndbox>
			<xmin>319</xmin>
			<xmax>359</xmax>
			<ymin>159</ymin>
			<ymax>251</ymax>
		</bndbox>
	</object>
</annotation>
