<annotation>
	<folder></folder>
	<filename>frame_2848_jpg.rf.aaf65378f3ed3ffd4196e03875e5729c.jpg</filename>
	<path>frame_2848_jpg.rf.aaf65378f3ed3ffd4196e03875e5729c.jpg</path>
	<source>
		<database>roboflow.ai</database>
	</source>
	<size>
		<width>416</width>
		<height>416</height>
		<depth>3</depth>
	</size>
	<segmented>0</segmented>
	<object>
		<name>auto</name>
		<pose>Unspecified</pose>
		<truncated>0</truncated>
		<difficult>0</difficult>
		<occluded>0</occluded>
		<bndbox>
			<xmin>227</xmin>
			<xmax>298</xmax>
			<ymin>217</ymin>
			<ymax>340</ymax>
		</bndbox>
	</object>
	<object>
		<name>auto</name>
		<pose>Unspecified</pose>
		<truncated>0</truncated>
		<difficult>0</difficult>
		<occluded>0</occluded>
		<bndbox>
			<xmin>198</xmin>
			<xmax>269</xmax>
			<ymin>166</ymin>
			<ymax>289</ymax>
		</bndbox>
	</object>
	<object>
		<name>motorbike</name>
		<pose>Unspecified</pose>
		<truncated>0</truncated>
		<difficult>0</difficult>
		<occluded>0</occluded>
		<bndbox>
			<xmin>170</xmin>
			<xmax>224</xmax>
			<ymin>294</ymin>
			<ymax>398</ymax>
		</bndbox>
	</object>
	<object>
		<name>motorbike</name>
		<pose>Unspecified</pose>
		<truncated>0</truncated>
		<difficult>0</difficult>
		<occluded>0</occluded>
		<bndbox>
			<xmin>228</xmin>
			<xmax>282</xmax>
			<ymin>297</ymin>
			<ymax>401</ymax>
		</bndbox>
	</object>
</annotation>
