<annotation>
	<folder></folder>
	<filename>frame_2875_jpg.rf.04d84791ba2b82bb82a1ea84fd9a6ffc.jpg</filename>
	<path>frame_2875_jpg.rf.04d84791ba2b82bb82a1ea84fd9a6ffc.jpg</path>
	<source>
		<database>roboflow.ai</database>
	</source>
	<size>
		<width>416</width>
		<height>416</height>
		<depth>3</depth>
	</size>
	<segmented>0</segmented>
	<object>
		<name>motorbike</name>
		<pose>Unspecified</pose>
		<truncated>0</truncated>
		<difficult>0</difficult>
		<occluded>0</occluded>
		<bndbox>
			<xmin>74</xmin>
			<xmax>154</xmax>
			<ymin>258</ymin>
			<ymax>399</ymax>
		</bndbox>
	</object>
</annotation>
