<annotation>
	<folder></folder>
	<filename>frame_2961_jpg.rf.30d6ec37bf17661a548e961528753af4.jpg</filename>
	<path>frame_2961_jpg.rf.30d6ec37bf17661a548e961528753af4.jpg</path>
	<source>
		<database>roboflow.ai</database>
	</source>
	<size>
		<width>416</width>
		<height>416</height>
		<depth>3</depth>
	</size>
	<segmented>0</segmented>
	<object>
		<name>bicycle</name>
		<pose>Unspecified</pose>
		<truncated>0</truncated>
		<difficult>0</difficult>
		<occluded>0</occluded>
		<bndbox>
			<xmin>324</xmin>
			<xmax>363</xmax>
			<ymin>236</ymin>
			<ymax>347</ymax>
		</bndbox>
	</object>
	<object>
		<name>bicycle</name>
		<pose>Unspecified</pose>
		<truncated>0</truncated>
		<difficult>0</difficult>
		<occluded>0</occluded>
		<bndbox>
			<xmin>297</xmin>
			<xmax>336</xmax>
			<ymin>200</ymin>
			<ymax>311</ymax>
		</bndbox>
	</object>
</annotation>
