<annotation>
	<folder></folder>
	<filename>frame_2960_jpg.rf.628e08ffb7f9de8739088682cb78cd0c.jpg</filename>
	<path>frame_2960_jpg.rf.628e08ffb7f9de8739088682cb78cd0c.jpg</path>
	<source>
		<database>roboflow.ai</database>
	</source>
	<size>
		<width>416</width>
		<height>416</height>
		<depth>3</depth>
	</size>
	<segmented>0</segmented>
	<object>
		<name>motorbike</name>
		<pose>Unspecified</pose>
		<truncated>0</truncated>
		<difficult>0</difficult>
		<occluded>0</occluded>
		<bndbox>
			<xmin>340</xmin>
			<xmax>372</xmax>
			<ymin>180</ymin>
			<ymax>263</ymax>
		</bndbox>
	</object>
</annotation>
