<annotation>
	<folder></folder>
	<filename>frame_2881_jpg.rf.f9b23e82693de5fd24aae0a917946cce.jpg</filename>
	<path>frame_2881_jpg.rf.f9b23e82693de5fd24aae0a917946cce.jpg</path>
	<source>
		<database>roboflow.ai</database>
	</source>
	<size>
		<width>416</width>
		<height>416</height>
		<depth>3</depth>
	</size>
	<segmented>0</segmented>
	<object>
		<name>bicycle</name>
		<pose>Unspecified</pose>
		<truncated>0</truncated>
		<difficult>0</difficult>
		<occluded>0</occluded>
		<bndbox>
			<xmin>79</xmin>
			<xmax>130</xmax>
			<ymin>249</ymin>
			<ymax>391</ymax>
		</bndbox>
	</object>
	<object>
		<name>bicycle</name>
		<pose>Unspecified</pose>
		<truncated>0</truncated>
		<difficult>0</difficult>
		<occluded>0</occluded>
		<bndbox>
			<xmin>55</xmin>
			<xmax>106</xmax>
			<ymin>247</ymin>
			<ymax>389</ymax>
		</bndbox>
	</object>
</annotation>
