<annotation>
	<folder></folder>
	<filename>frame_2966_jpg.rf.ac45f7cc021f3cbae4773801db78f22c.jpg</filename>
	<path>frame_2966_jpg.rf.ac45f7cc021f3cbae4773801db78f22c.jpg</path>
	<source>
		<database>roboflow.ai</database>
	</source>
	<size>
		<width>416</width>
		<height>416</height>
		<depth>3</depth>
	</size>
	<segmented>0</segmented>
	<object>
		<name>motorbike</name>
		<pose>Unspecified</pose>
		<truncated>0</truncated>
		<difficult>0</difficult>
		<occluded>0</occluded>
		<bndbox>
			<xmin>320</xmin>
			<xmax>374</xmax>
			<ymin>151</ymin>
			<ymax>245</ymax>
		</bndbox>
	</object>
</annotation>
