<annotation>
	<folder></folder>
	<filename>frame_2943_jpg.rf.cdda356d88c06226316bc2869cfaae74.jpg</filename>
	<path>frame_2943_jpg.rf.cdda356d88c06226316bc2869cfaae74.jpg</path>
	<source>
		<database>roboflow.ai</database>
	</source>
	<size>
		<width>416</width>
		<height>416</height>
		<depth>3</depth>
	</size>
	<segmented>0</segmented>
	<object>
		<name>motorbike</name>
		<pose>Unspecified</pose>
		<truncated>0</truncated>
		<difficult>0</difficult>
		<occluded>0</occluded>
		<bndbox>
			<xmin>248</xmin>
			<xmax>301</xmax>
			<ymin>247</ymin>
			<ymax>357</ymax>
		</bndbox>
	</object>
	<object>
		<name>motorbike</name>
		<pose>Unspecified</pose>
		<truncated>0</truncated>
		<difficult>0</difficult>
		<occluded>0</occluded>
		<bndbox>
			<xmin>305</xmin>
			<xmax>358</xmax>
			<ymin>246</ymin>
			<ymax>356</ymax>
		</bndbox>
	</object>
	<object>
		<name>auto</name>
		<pose>Unspecified</pose>
		<truncated>0</truncated>
		<difficult>0</difficult>
		<occluded>0</occluded>
		<bndbox>
			<xmin>267</xmin>
			<xmax>329</xmax>
			<ymin>140</ymin>
			<ymax>232</ymax>
		</bndbox>
	</object>
</annotation>
