<annotation>
	<folder></folder>
	<filename>frame_2854_jpg.rf.e0312df10c40aaf77f01b24e24673762.jpg</filename>
	<path>frame_2854_jpg.rf.e0312df10c40aaf77f01b24e24673762.jpg</path>
	<source>
		<database>roboflow.ai</database>
	</source>
	<size>
		<width>416</width>
		<height>416</height>
		<depth>3</depth>
	</size>
	<segmented>0</segmented>
	<object>
		<name>bicycle</name>
		<pose>Unspecified</pose>
		<truncated>0</truncated>
		<difficult>0</difficult>
		<occluded>0</occluded>
		<bndbox>
			<xmin>71</xmin>
			<xmax>129</xmax>
			<ymin>243</ymin>
			<ymax>353</ymax>
		</bndbox>
	</object>
	<object>
		<name>bicycle</name>
		<pose>Unspecified</pose>
		<truncated>0</truncated>
		<difficult>0</difficult>
		<occluded>0</occluded>
		<bndbox>
			<xmin>81</xmin>
			<xmax>139</xmax>
			<ymin>220</ymin>
			<ymax>330</ymax>
		</bndbox>
	</object>
</annotation>
