<annotation>
	<folder></folder>
	<filename>frame_2938_jpg.rf.c523d01f41530f2d3a22c341e4b71250.jpg</filename>
	<path>frame_2938_jpg.rf.c523d01f41530f2d3a22c341e4b71250.jpg</path>
	<source>
		<database>roboflow.ai</database>
	</source>
	<size>
		<width>416</width>
		<height>416</height>
		<depth>3</depth>
	</size>
	<segmented>0</segmented>
	<object>
		<name>bicycle</name>
		<pose>Unspecified</pose>
		<truncated>0</truncated>
		<difficult>0</difficult>
		<occluded>0</occluded>
		<bndbox>
			<xmin>22</xmin>
			<xmax>58</xmax>
			<ymin>253</ymin>
			<ymax>359</ymax>
		</bndbox>
	</object>
</annotation>
