<annotation>
	<folder></folder>
	<filename>frame_2927_jpg.rf.1c4711cee3188b0f37ce65c0c2072567.jpg</filename>
	<path>frame_2927_jpg.rf.1c4711cee3188b0f37ce65c0c2072567.jpg</path>
	<source>
		<database>roboflow.ai</database>
	</source>
	<size>
		<width>416</width>
		<height>416</height>
		<depth>3</depth>
	</size>
	<segmented>0</segmented>
	<object>
		<name>car</name>
		<pose>Unspecified</pose>
		<truncated>0</truncated>
		<difficult>0</difficult>
		<occluded>0</occluded>
		<bndbox>
			<xmin>171</xmin>
			<xmax>242</xmax>
			<ymin>252</ymin>
			<ymax>365</ymax>
		</bndbox>
	</object>
	<object>
		<name>bicycle</name>
		<pose>Unspecified</pose>
		<truncated>0</truncated>
		<difficult>0</difficult>
		<occluded>0</occluded>
		<bndbox>
			<xmin>70</xmin>
			<xmax>117</xmax>
			<ymin>278</ymin>
			<ymax>390</ymax>
		</bndbox>
	</object>
</annotation>
