<annotation>
	<folder></folder>
	<filename>frame_2887_jpg.rf.c57530b7e75fdb43d0c3f5287575c4c4.jpg</filename>
	<path>frame_2887_jpg.rf.c57530b7e75fdb43d0c3f5287575c4c4.jpg</path>
	<source>
		<database>roboflow.ai</database>
	</source>
	<size>
		<width>416</width>
		<height>416</height>
		<depth>3</depth>
	</size>
	<segmented>0</segmented>
	<object>
		<name>car</name>
		<pose>Unspecified</pose>
		<truncated>0</truncated>
		<difficult>0</difficult>
		<occluded>0</occluded>
		<bndbox>
			<xmin>197</xmin>
			<xmax>278</xmax>
			<ymin>180</ymin>
			<ymax>312</ymax>
		</bndbox>
	</object>
</annotation>
