<annotation>
	<folder></folder>
	<filename>frame_2855_jpg.rf.c952d57e7386a0a350b071a296f5f951.jpg</filename>
	<path>frame_2855_jpg.rf.c952d57e7386a0a350b071a296f5f951.jpg</path>
	<source>
		<database>roboflow.ai</database>
	</source>
	<size>
		<width>416</width>
		<height>416</height>
		<depth>3</depth>
	</size>
	<segmented>0</segmented>
	<object>
		<name>bicycle</name>
		<pose>Unspecified</pose>
		<truncated>0</truncated>
		<difficult>0</difficult>
		<occluded>0</occluded>
		<bndbox>
			<xmin>297</xmin>
			<xmax>349</xmax>
			<ymin>291</ymin>
			<ymax>404</ymax>
		</bndbox>
	</object>
	<object>
		<name>bicycle</name>
		<pose>Unspecified</pose>
		<truncated>0</truncated>
		<difficult>0</difficult>
		<occluded>0</occluded>
		<bndbox>
			<xmin>279</xmin>
			<xmax>332</xmax>
			<ymin>334</ymin>
			<ymax>415</ymax>
		</bndbox>
	</object>
	<object>
		<name>bicycle</name>
		<pose>Unspecified</pose>
		<truncated>0</truncated>
		<difficult>0</difficult>
		<occluded>0</occluded>
		<bndbox>
			<xmin>310</xmin>
			<xmax>363</xmax>
			<ymin>340</ymin>
			<ymax>415</ymax>
		</bndbox>
	</object>
</annotation>
