<annotation>
	<folder></folder>
	<filename>frame_2972_jpg.rf.2daf48c9c7e0068514c558eaf6440ca2.jpg</filename>
	<path>frame_2972_jpg.rf.2daf48c9c7e0068514c558eaf6440ca2.jpg</path>
	<source>
		<database>roboflow.ai</database>
	</source>
	<size>
		<width>416</width>
		<height>416</height>
		<depth>3</depth>
	</size>
	<segmented>0</segmented>
	<object>
		<name>bicycle</name>
		<pose>Unspecified</pose>
		<truncated>0</truncated>
		<difficult>0</difficult>
		<occluded>0</occluded>
		<bndbox>
			<xmin>322</xmin>
			<xmax>361</xmax>
			<ymin>267</ymin>
			<ymax>384</ymax>
		</bndbox>
	</object>
	<object>
		<name>bicycle</name>
		<pose>Unspecified</pose>
		<truncated>0</truncated>
		<difficult>0</difficult>
		<occluded>0</occluded>
		<bndbox>
			<xmin>290</xmin>
			<xmax>329</xmax>
			<ymin>261</ymin>
			<ymax>378</ymax>
		</bndbox>
	</object>
	<object>
		<name>bicycle</name>
		<pose>Unspecified</pose>
		<truncated>0</truncated>
		<difficult>0</difficult>
		<occluded>0</occluded>
		<bndbox>
			<xmin>265</xmin>
			<xmax>304</xmax>
			<ymin>242</ymin>
			<ymax>359</ymax>
		</bndbox>
	</object>
	<object>
		<name>motorbike</name>
		<pose>Unspecified</pose>
		<truncated>0</truncated>
		<difficult>0</difficult>
		<occluded>0</occluded>
		<bndbox>
			<xmin>211</xmin>
			<xmax>258</xmax>
			<ymin>220</ymin>
			<ymax>320</ymax>
		</bndbox>
	</object>
</annotation>
