<annotation>
	<folder></folder>
	<filename>frame_2963_jpg.rf.3959180d58f3ed5182e21ac64197cf9c.jpg</filename>
	<path>frame_2963_jpg.rf.3959180d58f3ed5182e21ac64197cf9c.jpg</path>
	<source>
		<database>roboflow.ai</database>
	</source>
	<size>
		<width>416</width>
		<height>416</height>
		<depth>3</depth>
	</size>
	<segmented>0</segmented>
	<object>
		<name>bicycle</name>
		<pose>Unspecified</pose>
		<truncated>0</truncated>
		<difficult>0</difficult>
		<occluded>0</occluded>
		<bndbox>
			<xmin>29</xmin>
			<xmax>63</xmax>
			<ymin>228</ymin>
			<ymax>324</ymax>
		</bndbox>
	</object>
</annotation>
