<annotation>
	<folder></folder>
	<filename>frame_2961_jpg.rf.1db9306d90ad962a3a97b00947110a7d.jpg</filename>
	<path>frame_2961_jpg.rf.1db9306d90ad962a3a97b00947110a7d.jpg</path>
	<source>
		<database>roboflow.ai</database>
	</source>
	<size>
		<width>416</width>
		<height>416</height>
		<depth>3</depth>
	</size>
	<segmented>0</segmented>
	<object>
		<name>bicycle</name>
		<pose>Unspecified</pose>
		<truncated>0</truncated>
		<difficult>0</difficult>
		<occluded>0</occluded>
		<bndbox>
			<xmin>46</xmin>
			<xmax>84</xmax>
			<ymin>144</ymin>
			<ymax>251</ymax>
		</bndbox>
	</object>
	<object>
		<name>bicycle</name>
		<pose>Unspecified</pose>
		<truncated>0</truncated>
		<difficult>0</difficult>
		<occluded>0</occluded>
		<bndbox>
			<xmin>79</xmin>
			<xmax>117</xmax>
			<ymin>129</ymin>
			<ymax>236</ymax>
		</bndbox>
	</object>
</annotation>
