<annotation>
	<folder></folder>
	<filename>frame_2860_jpg.rf.7e3b0eef6e1f0b5fdc64b0bae5bf1bc6.jpg</filename>
	<path>frame_2860_jpg.rf.7e3b0eef6e1f0b5fdc64b0bae5bf1bc6.jpg</path>
	<source>
		<database>roboflow.ai</database>
	</source>
	<size>
		<width>416</width>
		<height>416</height>
		<depth>3</depth>
	</size>
	<segmented>0</segmented>
	<object>
		<name>motorbike</name>
		<pose>Unspecified</pose>
		<truncated>0</truncated>
		<difficult>0</difficult>
		<occluded>0</occluded>
		<bndbox>
			<xmin>274</xmin>
			<xmax>321</xmax>
			<ymin>239</ymin>
			<ymax>339</ymax>
		</bndbox>
	</object>
	<object>
		<name>motorbike</name>
		<pose>Unspecified</pose>
		<truncated>0</truncated>
		<difficult>0</difficult>
		<occluded>0</occluded>
		<bndbox>
			<xmin>259</xmin>
			<xmax>306</xmax>
			<ymin>299</ymin>
			<ymax>399</ymax>
		</bndbox>
	</object>
</annotation>
