<annotation>
	<folder></folder>
	<filename>frame_2968_jpg.rf.ca98cfb18b86493dce5f16b476189faf.jpg</filename>
	<path>frame_2968_jpg.rf.ca98cfb18b86493dce5f16b476189faf.jpg</path>
	<source>
		<database>roboflow.ai</database>
	</source>
	<size>
		<width>416</width>
		<height>416</height>
		<depth>3</depth>
	</size>
	<segmented>0</segmented>
	<object>
		<name>bicycle</name>
		<pose>Unspecified</pose>
		<truncated>0</truncated>
		<difficult>0</difficult>
		<occluded>0</occluded>
		<bndbox>
			<xmin>354</xmin>
			<xmax>412</xmax>
			<ymin>282</ymin>
			<ymax>415</ymax>
		</bndbox>
	</object>
	<object>
		<name>motorbike</name>
		<pose>Unspecified</pose>
		<truncated>0</truncated>
		<difficult>0</difficult>
		<occluded>0</occluded>
		<bndbox>
			<xmin>340</xmin>
			<xmax>381</xmax>
			<ymin>185</ymin>
			<ymax>281</ymax>
		</bndbox>
	</object>
</annotation>
