<annotation>
	<folder></folder>
	<filename>frame_2884_jpg.rf.631427fa54766a4ccbaabc1db1bc85fa.jpg</filename>
	<path>frame_2884_jpg.rf.631427fa54766a4ccbaabc1db1bc85fa.jpg</path>
	<source>
		<database>roboflow.ai</database>
	</source>
	<size>
		<width>416</width>
		<height>416</height>
		<depth>3</depth>
	</size>
	<segmented>0</segmented>
	<object>
		<name>motorbike</name>
		<pose>Unspecified</pose>
		<truncated>0</truncated>
		<difficult>0</difficult>
		<occluded>0</occluded>
		<bndbox>
			<xmin>253</xmin>
			<xmax>308</xmax>
			<ymin>195</ymin>
			<ymax>314</ymax>
		</bndbox>
	</object>
</annotation>
