<annotation>
	<folder></folder>
	<filename>frame_2928_jpg.rf.e30071da4d9e659a0ae529928a3a7b53.jpg</filename>
	<path>frame_2928_jpg.rf.e30071da4d9e659a0ae529928a3a7b53.jpg</path>
	<source>
		<database>roboflow.ai</database>
	</source>
	<size>
		<width>416</width>
		<height>416</height>
		<depth>3</depth>
	</size>
	<segmented>0</segmented>
	<object>
		<name>bicycle</name>
		<pose>Unspecified</pose>
		<truncated>0</truncated>
		<difficult>0</difficult>
		<occluded>0</occluded>
		<bndbox>
			<xmin>294</xmin>
			<xmax>345</xmax>
			<ymin>281</ymin>
			<ymax>385</ymax>
		</bndbox>
	</object>
	<object>
		<name>bicycle</name>
		<pose>Unspecified</pose>
		<truncated>0</truncated>
		<difficult>0</difficult>
		<occluded>0</occluded>
		<bndbox>
			<xmin>318</xmin>
			<xmax>369</xmax>
			<ymin>302</ymin>
			<ymax>406</ymax>
		</bndbox>
	</object>
</annotation>
