<annotation>
	<folder></folder>
	<filename>frame_2916_jpg.rf.a54cca68f24256dd88ab16aedb49d152.jpg</filename>
	<path>frame_2916_jpg.rf.a54cca68f24256dd88ab16aedb49d152.jpg</path>
	<source>
		<database>roboflow.ai</database>
	</source>
	<size>
		<width>416</width>
		<height>416</height>
		<depth>3</depth>
	</size>
	<segmented>0</segmented>
	<object>
		<name>motorbike</name>
		<pose>Unspecified</pose>
		<truncated>0</truncated>
		<difficult>0</difficult>
		<occluded>0</occluded>
		<bndbox>
			<xmin>270</xmin>
			<xmax>312</xmax>
			<ymin>287</ymin>
			<ymax>415</ymax>
		</bndbox>
	</object>
	<object>
		<name>bicycle</name>
		<pose>Unspecified</pose>
		<truncated>0</truncated>
		<difficult>0</difficult>
		<occluded>0</occluded>
		<bndbox>
			<xmin>351</xmin>
			<xmax>390</xmax>
			<ymin>304</ymin>
			<ymax>415</ymax>
		</bndbox>
	</object>
</annotation>
