<annotation>
	<folder></folder>
	<filename>frame_2944_jpg.rf.72003fed0824fbd7482f3f009eb03f1d.jpg</filename>
	<path>frame_2944_jpg.rf.72003fed0824fbd7482f3f009eb03f1d.jpg</path>
	<source>
		<database>roboflow.ai</database>
	</source>
	<size>
		<width>416</width>
		<height>416</height>
		<depth>3</depth>
	</size>
	<segmented>0</segmented>
	<object>
		<name>motorbike</name>
		<pose>Unspecified</pose>
		<truncated>0</truncated>
		<difficult>0</difficult>
		<occluded>0</occluded>
		<bndbox>
			<xmin>350</xmin>
			<xmax>397</xmax>
			<ymin>212</ymin>
			<ymax>311</ymax>
		</bndbox>
	</object>
	<object>
		<name>motorbike</name>
		<pose>Unspecified</pose>
		<truncated>0</truncated>
		<difficult>0</difficult>
		<occluded>0</occluded>
		<bndbox>
			<xmin>288</xmin>
			<xmax>335</xmax>
			<ymin>216</ymin>
			<ymax>315</ymax>
		</bndbox>
	</object>
</annotation>
