<annotation>
	<folder></folder>
	<filename>frame_2967_jpg.rf.3d5bcd9d3e587a70cb77284220397a8e.jpg</filename>
	<path>frame_2967_jpg.rf.3d5bcd9d3e587a70cb77284220397a8e.jpg</path>
	<source>
		<database>roboflow.ai</database>
	</source>
	<size>
		<width>416</width>
		<height>416</height>
		<depth>3</depth>
	</size>
	<segmented>0</segmented>
	<object>
		<name>bicycle</name>
		<pose>Unspecified</pose>
		<truncated>0</truncated>
		<difficult>0</difficult>
		<occluded>0</occluded>
		<bndbox>
			<xmin>322</xmin>
			<xmax>356</xmax>
			<ymin>144</ymin>
			<ymax>241</ymax>
		</bndbox>
	</object>
	<object>
		<name>motorbike</name>
		<pose>Unspecified</pose>
		<truncated>0</truncated>
		<difficult>0</difficult>
		<occluded>0</occluded>
		<bndbox>
			<xmin>343</xmin>
			<xmax>377</xmax>
			<ymin>130</ymin>
			<ymax>210</ymax>
		</bndbox>
	</object>
</annotation>
