<annotation>
	<folder></folder>
	<filename>frame_2967_jpg.rf.8114112a184c9de5aa9d29221cf9adca.jpg</filename>
	<path>frame_2967_jpg.rf.8114112a184c9de5aa9d29221cf9adca.jpg</path>
	<source>
		<database>roboflow.ai</database>
	</source>
	<size>
		<width>416</width>
		<height>416</height>
		<depth>3</depth>
	</size>
	<segmented>0</segmented>
	<object>
		<name>bicycle</name>
		<pose>Unspecified</pose>
		<truncated>0</truncated>
		<difficult>0</difficult>
		<occluded>0</occluded>
		<bndbox>
			<xmin>322</xmin>
			<xmax>347</xmax>
			<ymin>167</ymin>
			<ymax>263</ymax>
		</bndbox>
	</object>
	<object>
		<name>motorbike</name>
		<pose>Unspecified</pose>
		<truncated>0</truncated>
		<difficult>0</difficult>
		<occluded>0</occluded>
		<bndbox>
			<xmin>345</xmin>
			<xmax>372</xmax>
			<ymin>157</ymin>
			<ymax>235</ymax>
		</bndbox>
	</object>
</annotation>
