<annotation>
	<folder></folder>
	<filename>frame_2971_jpg.rf.4a97bb26fac27b334d1aece080917007.jpg</filename>
	<path>frame_2971_jpg.rf.4a97bb26fac27b334d1aece080917007.jpg</path>
	<source>
		<database>roboflow.ai</database>
	</source>
	<size>
		<width>416</width>
		<height>416</height>
		<depth>3</depth>
	</size>
	<segmented>0</segmented>
	<object>
		<name>bicycle</name>
		<pose>Unspecified</pose>
		<truncated>0</truncated>
		<difficult>0</difficult>
		<occluded>0</occluded>
		<bndbox>
			<xmin>78</xmin>
			<xmax>122</xmax>
			<ymin>269</ymin>
			<ymax>394</ymax>
		</bndbox>
	</object>
	<object>
		<name>bicycle</name>
		<pose>Unspecified</pose>
		<truncated>0</truncated>
		<difficult>0</difficult>
		<occluded>0</occluded>
		<bndbox>
			<xmin>64</xmin>
			<xmax>109</xmax>
			<ymin>301</ymin>
			<ymax>401</ymax>
		</bndbox>
	</object>
</annotation>
