<annotation>
	<folder></folder>
	<filename>frame_2916_jpg.rf.f2d8b8305ce4f1ff18a4d7862b92a3d8.jpg</filename>
	<path>frame_2916_jpg.rf.f2d8b8305ce4f1ff18a4d7862b92a3d8.jpg</path>
	<source>
		<database>roboflow.ai</database>
	</source>
	<size>
		<width>416</width>
		<height>416</height>
		<depth>3</depth>
	</size>
	<segmented>0</segmented>
	<object>
		<name>motorbike</name>
		<pose>Unspecified</pose>
		<truncated>0</truncated>
		<difficult>0</difficult>
		<occluded>0</occluded>
		<bndbox>
			<xmin>133</xmin>
			<xmax>189</xmax>
			<ymin>286</ymin>
			<ymax>397</ymax>
		</bndbox>
	</object>
	<object>
		<name>bicycle</name>
		<pose>Unspecified</pose>
		<truncated>0</truncated>
		<difficult>0</difficult>
		<occluded>0</occluded>
		<bndbox>
			<xmin>59</xmin>
			<xmax>110</xmax>
			<ymin>293</ymin>
			<ymax>414</ymax>
		</bndbox>
	</object>
</annotation>
