<annotation>
	<folder></folder>
	<filename>frame_2916_jpg.rf.af0d2a02ee9c7990439201200222e507.jpg</filename>
	<path>frame_2916_jpg.rf.af0d2a02ee9c7990439201200222e507.jpg</path>
	<source>
		<database>roboflow.ai</database>
	</source>
	<size>
		<width>416</width>
		<height>416</height>
		<depth>3</depth>
	</size>
	<segmented>0</segmented>
	<object>
		<name>motorbike</name>
		<pose>Unspecified</pose>
		<truncated>0</truncated>
		<difficult>0</difficult>
		<occluded>0</occluded>
		<bndbox>
			<xmin>286</xmin>
			<xmax>331</xmax>
			<ymin>278</ymin>
			<ymax>405</ymax>
		</bndbox>
	</object>
	<object>
		<name>bicycle</name>
		<pose>Unspecified</pose>
		<truncated>0</truncated>
		<difficult>0</difficult>
		<occluded>0</occluded>
		<bndbox>
			<xmin>368</xmin>
			<xmax>408</xmax>
			<ymin>284</ymin>
			<ymax>415</ymax>
		</bndbox>
	</object>
</annotation>
