<annotation>
	<folder></folder>
	<filename>frame_2967_jpg.rf.af28e3e278691bf47f12c8621c94cae7.jpg</filename>
	<path>frame_2967_jpg.rf.af28e3e278691bf47f12c8621c94cae7.jpg</path>
	<source>
		<database>roboflow.ai</database>
	</source>
	<size>
		<width>416</width>
		<height>416</height>
		<depth>3</depth>
	</size>
	<segmented>0</segmented>
	<object>
		<name>bicycle</name>
		<pose>Unspecified</pose>
		<truncated>0</truncated>
		<difficult>0</difficult>
		<occluded>0</occluded>
		<bndbox>
			<xmin>67</xmin>
			<xmax>91</xmax>
			<ymin>203</ymin>
			<ymax>301</ymax>
		</bndbox>
	</object>
	<object>
		<name>motorbike</name>
		<pose>Unspecified</pose>
		<truncated>0</truncated>
		<difficult>0</difficult>
		<occluded>0</occluded>
		<bndbox>
			<xmin>44</xmin>
			<xmax>70</xmax>
			<ymin>200</ymin>
			<ymax>280</ymax>
		</bndbox>
	</object>
</annotation>
