<annotation>
	<folder></folder>
	<filename>frame_2968_jpg.rf.a1017d8e86e962af167bc3ef51e6078e.jpg</filename>
	<path>frame_2968_jpg.rf.a1017d8e86e962af167bc3ef51e6078e.jpg</path>
	<source>
		<database>roboflow.ai</database>
	</source>
	<size>
		<width>416</width>
		<height>416</height>
		<depth>3</depth>
	</size>
	<segmented>0</segmented>
	<object>
		<name>bicycle</name>
		<pose>Unspecified</pose>
		<truncated>0</truncated>
		<difficult>0</difficult>
		<occluded>0</occluded>
		<bndbox>
			<xmin>343</xmin>
			<xmax>390</xmax>
			<ymin>257</ymin>
			<ymax>396</ymax>
		</bndbox>
	</object>
	<object>
		<name>motorbike</name>
		<pose>Unspecified</pose>
		<truncated>0</truncated>
		<difficult>0</difficult>
		<occluded>0</occluded>
		<bndbox>
			<xmin>341</xmin>
			<xmax>377</xmax>
			<ymin>162</ymin>
			<ymax>256</ymax>
		</bndbox>
	</object>
</annotation>
