<annotation>
	<folder></folder>
	<filename>frame_2949_jpg.rf.c16aafa600bb846ef69799085be1c849.jpg</filename>
	<path>frame_2949_jpg.rf.c16aafa600bb846ef69799085be1c849.jpg</path>
	<source>
		<database>roboflow.ai</database>
	</source>
	<size>
		<width>416</width>
		<height>416</height>
		<depth>3</depth>
	</size>
	<segmented>0</segmented>
	<object>
		<name>motorbike</name>
		<pose>Unspecified</pose>
		<truncated>0</truncated>
		<difficult>0</difficult>
		<occluded>0</occluded>
		<bndbox>
			<xmin>18</xmin>
			<xmax>69</xmax>
			<ymin>226</ymin>
			<ymax>348</ymax>
		</bndbox>
	</object>
	<object>
		<name>bicycle</name>
		<pose>Unspecified</pose>
		<truncated>0</truncated>
		<difficult>0</difficult>
		<occluded>0</occluded>
		<bndbox>
			<xmin>75</xmin>
			<xmax>113</xmax>
			<ymin>144</ymin>
			<ymax>239</ymax>
		</bndbox>
	</object>
</annotation>
