<annotation>
	<folder></folder>
	<filename>frame_2953_jpg.rf.1be8a2f957eaabc2f290790a2e13db42.jpg</filename>
	<path>frame_2953_jpg.rf.1be8a2f957eaabc2f290790a2e13db42.jpg</path>
	<source>
		<database>roboflow.ai</database>
	</source>
	<size>
		<width>416</width>
		<height>416</height>
		<depth>3</depth>
	</size>
	<segmented>0</segmented>
	<object>
		<name>motorbike</name>
		<pose>Unspecified</pose>
		<truncated>0</truncated>
		<difficult>0</difficult>
		<occluded>0</occluded>
		<bndbox>
			<xmin>310</xmin>
			<xmax>357</xmax>
			<ymin>227</ymin>
			<ymax>345</ymax>
		</bndbox>
	</object>
</annotation>
