<annotation>
	<folder></folder>
	<filename>frame_2948_jpg.rf.0dcb9dec1c5dd8387235a975981b7af7.jpg</filename>
	<path>frame_2948_jpg.rf.0dcb9dec1c5dd8387235a975981b7af7.jpg</path>
	<source>
		<database>roboflow.ai</database>
	</source>
	<size>
		<width>416</width>
		<height>416</height>
		<depth>3</depth>
	</size>
	<segmented>0</segmented>
	<object>
		<name>motorbike</name>
		<pose>Unspecified</pose>
		<truncated>0</truncated>
		<difficult>0</difficult>
		<occluded>0</occluded>
		<bndbox>
			<xmin>47</xmin>
			<xmax>86</xmax>
			<ymin>251</ymin>
			<ymax>361</ymax>
		</bndbox>
	</object>
</annotation>
