<annotation>
	<folder></folder>
	<filename>frame_2898_jpg.rf.9f10c0ab4b8d9ad137872d6b563d6675.jpg</filename>
	<path>frame_2898_jpg.rf.9f10c0ab4b8d9ad137872d6b563d6675.jpg</path>
	<source>
		<database>roboflow.ai</database>
	</source>
	<size>
		<width>416</width>
		<height>416</height>
		<depth>3</depth>
	</size>
	<segmented>0</segmented>
	<object>
		<name>bicycle</name>
		<pose>Unspecified</pose>
		<truncated>0</truncated>
		<difficult>0</difficult>
		<occluded>0</occluded>
		<bndbox>
			<xmin>311</xmin>
			<xmax>352</xmax>
			<ymin>171</ymin>
			<ymax>287</ymax>
		</bndbox>
	</object>
	<object>
		<name>bicycle</name>
		<pose>Unspecified</pose>
		<truncated>0</truncated>
		<difficult>0</difficult>
		<occluded>0</occluded>
		<bndbox>
			<xmin>335</xmin>
			<xmax>376</xmax>
			<ymin>165</ymin>
			<ymax>281</ymax>
		</bndbox>
	</object>
</annotation>
