<annotation>
	<folder></folder>
	<filename>frame_2936_jpg.rf.72e7735c32e6c4aae240620937680674.jpg</filename>
	<path>frame_2936_jpg.rf.72e7735c32e6c4aae240620937680674.jpg</path>
	<source>
		<database>roboflow.ai</database>
	</source>
	<size>
		<width>416</width>
		<height>416</height>
		<depth>3</depth>
	</size>
	<segmented>0</segmented>
	<object>
		<name>bicycle</name>
		<pose>Unspecified</pose>
		<truncated>0</truncated>
		<difficult>0</difficult>
		<occluded>0</occluded>
		<bndbox>
			<xmin>39</xmin>
			<xmax>87</xmax>
			<ymin>208</ymin>
			<ymax>322</ymax>
		</bndbox>
	</object>
</annotation>
