<annotation>
	<folder></folder>
	<filename>frame_2884_jpg.rf.0ecc36efa936f729988fc4b1e34fd0a8.jpg</filename>
	<path>frame_2884_jpg.rf.0ecc36efa936f729988fc4b1e34fd0a8.jpg</path>
	<source>
		<database>roboflow.ai</database>
	</source>
	<size>
		<width>416</width>
		<height>416</height>
		<depth>3</depth>
	</size>
	<segmented>0</segmented>
	<object>
		<name>motorbike</name>
		<pose>Unspecified</pose>
		<truncated>0</truncated>
		<difficult>0</difficult>
		<occluded>0</occluded>
		<bndbox>
			<xmin>262</xmin>
			<xmax>315</xmax>
			<ymin>179</ymin>
			<ymax>304</ymax>
		</bndbox>
	</object>
</annotation>
