<annotation>
	<folder></folder>
	<filename>frame_2950_jpg.rf.fe892a44312665dcb2e7d9ac40164285.jpg</filename>
	<path>frame_2950_jpg.rf.fe892a44312665dcb2e7d9ac40164285.jpg</path>
	<source>
		<database>roboflow.ai</database>
	</source>
	<size>
		<width>416</width>
		<height>416</height>
		<depth>3</depth>
	</size>
	<segmented>0</segmented>
	<object>
		<name>motorbike</name>
		<pose>Unspecified</pose>
		<truncated>0</truncated>
		<difficult>0</difficult>
		<occluded>0</occluded>
		<bndbox>
			<xmin>22</xmin>
			<xmax>72</xmax>
			<ymin>217</ymin>
			<ymax>338</ymax>
		</bndbox>
	</object>
	<object>
		<name>bicycle</name>
		<pose>Unspecified</pose>
		<truncated>0</truncated>
		<difficult>0</difficult>
		<occluded>0</occluded>
		<bndbox>
			<xmin>65</xmin>
			<xmax>107</xmax>
			<ymin>182</ymin>
			<ymax>281</ymax>
		</bndbox>
	</object>
</annotation>
