<annotation>
	<folder></folder>
	<filename>frame_2860_jpg.rf.80a7f1d457abb0c84071c2af769624dc.jpg</filename>
	<path>frame_2860_jpg.rf.80a7f1d457abb0c84071c2af769624dc.jpg</path>
	<source>
		<database>roboflow.ai</database>
	</source>
	<size>
		<width>416</width>
		<height>416</height>
		<depth>3</depth>
	</size>
	<segmented>0</segmented>
	<object>
		<name>motorbike</name>
		<pose>Unspecified</pose>
		<truncated>0</truncated>
		<difficult>0</difficult>
		<occluded>0</occluded>
		<bndbox>
			<xmin>276</xmin>
			<xmax>326</xmax>
			<ymin>214</ymin>
			<ymax>308</ymax>
		</bndbox>
	</object>
	<object>
		<name>motorbike</name>
		<pose>Unspecified</pose>
		<truncated>0</truncated>
		<difficult>0</difficult>
		<occluded>0</occluded>
		<bndbox>
			<xmin>267</xmin>
			<xmax>317</xmax>
			<ymin>282</ymin>
			<ymax>376</ymax>
		</bndbox>
	</object>
</annotation>
