<annotation>
	<folder></folder>
	<filename>frame_2937_jpg.rf.f570b4ff4dbe4d3d188f79131fb22791.jpg</filename>
	<path>frame_2937_jpg.rf.f570b4ff4dbe4d3d188f79131fb22791.jpg</path>
	<source>
		<database>roboflow.ai</database>
	</source>
	<size>
		<width>416</width>
		<height>416</height>
		<depth>3</depth>
	</size>
	<segmented>0</segmented>
	<object>
		<name>motorbike</name>
		<pose>Unspecified</pose>
		<truncated>0</truncated>
		<difficult>0</difficult>
		<occluded>0</occluded>
		<bndbox>
			<xmin>99</xmin>
			<xmax>145</xmax>
			<ymin>190</ymin>
			<ymax>292</ymax>
		</bndbox>
	</object>
	<object>
		<name>bicycle</name>
		<pose>Unspecified</pose>
		<truncated>0</truncated>
		<difficult>0</difficult>
		<occluded>0</occluded>
		<bndbox>
			<xmin>64</xmin>
			<xmax>109</xmax>
			<ymin>150</ymin>
			<ymax>263</ymax>
		</bndbox>
	</object>
</annotation>
