<annotation>
	<folder></folder>
	<filename>frame_2924_jpg.rf.7801636042e7cb5d23e21ba9f1aea9a7.jpg</filename>
	<path>frame_2924_jpg.rf.7801636042e7cb5d23e21ba9f1aea9a7.jpg</path>
	<source>
		<database>roboflow.ai</database>
	</source>
	<size>
		<width>416</width>
		<height>416</height>
		<depth>3</depth>
	</size>
	<segmented>0</segmented>
	<object>
		<name>auto</name>
		<pose>Unspecified</pose>
		<truncated>0</truncated>
		<difficult>0</difficult>
		<occluded>0</occluded>
		<bndbox>
			<xmin>213</xmin>
			<xmax>281</xmax>
			<ymin>197</ymin>
			<ymax>320</ymax>
		</bndbox>
	</object>
	<object>
		<name>bicycle</name>
		<pose>Unspecified</pose>
		<truncated>0</truncated>
		<difficult>0</difficult>
		<occluded>0</occluded>
		<bndbox>
			<xmin>302</xmin>
			<xmax>349</xmax>
			<ymin>272</ymin>
			<ymax>373</ymax>
		</bndbox>
	</object>
	<object>
		<name>bicycle</name>
		<pose>Unspecified</pose>
		<truncated>0</truncated>
		<difficult>0</difficult>
		<occluded>0</occluded>
		<bndbox>
			<xmin>301</xmin>
			<xmax>348</xmax>
			<ymin>211</ymin>
			<ymax>312</ymax>
		</bndbox>
	</object>
</annotation>
