<annotation>
	<folder></folder>
	<filename>frame_2947_jpg.rf.25bf6c5d0191fb4faf6cb74516bbaae3.jpg</filename>
	<path>frame_2947_jpg.rf.25bf6c5d0191fb4faf6cb74516bbaae3.jpg</path>
	<source>
		<database>roboflow.ai</database>
	</source>
	<size>
		<width>416</width>
		<height>416</height>
		<depth>3</depth>
	</size>
	<segmented>0</segmented>
	<object>
		<name>motorbike</name>
		<pose>Unspecified</pose>
		<truncated>0</truncated>
		<difficult>0</difficult>
		<occluded>0</occluded>
		<bndbox>
			<xmin>34</xmin>
			<xmax>63</xmax>
			<ymin>234</ymin>
			<ymax>333</ymax>
		</bndbox>
	</object>
</annotation>
