<annotation>
	<folder></folder>
	<filename>frame_2954_jpg.rf.746a495bac332dcc685f1bfd7c445470.jpg</filename>
	<path>frame_2954_jpg.rf.746a495bac332dcc685f1bfd7c445470.jpg</path>
	<source>
		<database>roboflow.ai</database>
	</source>
	<size>
		<width>416</width>
		<height>416</height>
		<depth>3</depth>
	</size>
	<segmented>0</segmented>
	<object>
		<name>motorbike</name>
		<pose>Unspecified</pose>
		<truncated>0</truncated>
		<difficult>0</difficult>
		<occluded>0</occluded>
		<bndbox>
			<xmin>334</xmin>
			<xmax>388</xmax>
			<ymin>273</ymin>
			<ymax>382</ymax>
		</bndbox>
	</object>
	<object>
		<name>bicycle</name>
		<pose>Unspecified</pose>
		<truncated>0</truncated>
		<difficult>0</difficult>
		<occluded>0</occluded>
		<bndbox>
			<xmin>317</xmin>
			<xmax>357</xmax>
			<ymin>199</ymin>
			<ymax>293</ymax>
		</bndbox>
	</object>
	<object>
		<name>motorbike</name>
		<pose>Unspecified</pose>
		<truncated>0</truncated>
		<difficult>0</difficult>
		<occluded>0</occluded>
		<bndbox>
			<xmin>264</xmin>
			<xmax>325</xmax>
			<ymin>319</ymin>
			<ymax>415</ymax>
		</bndbox>
	</object>
</annotation>
