<annotation>
	<folder></folder>
	<filename>frame_2921_jpg.rf.3b4c41b5c071ef8945e490a69dd3fff8.jpg</filename>
	<path>frame_2921_jpg.rf.3b4c41b5c071ef8945e490a69dd3fff8.jpg</path>
	<source>
		<database>roboflow.ai</database>
	</source>
	<size>
		<width>416</width>
		<height>416</height>
		<depth>3</depth>
	</size>
	<segmented>0</segmented>
	<object>
		<name>car</name>
		<pose>Unspecified</pose>
		<truncated>0</truncated>
		<difficult>0</difficult>
		<occluded>0</occluded>
		<bndbox>
			<xmin>131</xmin>
			<xmax>221</xmax>
			<ymin>164</ymin>
			<ymax>271</ymax>
		</bndbox>
	</object>
</annotation>
