<annotation>
	<folder></folder>
	<filename>frame_2919_jpg.rf.7de61466448549ae8d4e25fc913c3915.jpg</filename>
	<path>frame_2919_jpg.rf.7de61466448549ae8d4e25fc913c3915.jpg</path>
	<source>
		<database>roboflow.ai</database>
	</source>
	<size>
		<width>416</width>
		<height>416</height>
		<depth>3</depth>
	</size>
	<segmented>0</segmented>
	<object>
		<name>motorbike</name>
		<pose>Unspecified</pose>
		<truncated>0</truncated>
		<difficult>0</difficult>
		<occluded>0</occluded>
		<bndbox>
			<xmin>106</xmin>
			<xmax>146</xmax>
			<ymin>155</ymin>
			<ymax>245</ymax>
		</bndbox>
	</object>
	<object>
		<name>auto</name>
		<pose>Unspecified</pose>
		<truncated>0</truncated>
		<difficult>0</difficult>
		<occluded>0</occluded>
		<bndbox>
			<xmin>59</xmin>
			<xmax>146</xmax>
			<ymin>250</ymin>
			<ymax>394</ymax>
		</bndbox>
	</object>
</annotation>
