<annotation>
	<folder></folder>
	<filename>frame_2932_jpg.rf.d37608fca052708f423fed2ac2bc4729.jpg</filename>
	<path>frame_2932_jpg.rf.d37608fca052708f423fed2ac2bc4729.jpg</path>
	<source>
		<database>roboflow.ai</database>
	</source>
	<size>
		<width>416</width>
		<height>416</height>
		<depth>3</depth>
	</size>
	<segmented>0</segmented>
	<object>
		<name>motorbike</name>
		<pose>Unspecified</pose>
		<truncated>0</truncated>
		<difficult>0</difficult>
		<occluded>0</occluded>
		<bndbox>
			<xmin>325</xmin>
			<xmax>369</xmax>
			<ymin>221</ymin>
			<ymax>327</ymax>
		</bndbox>
	</object>
</annotation>
