<annotation>
	<folder></folder>
	<filename>frame_2935_jpg.rf.316d7fbc73ae2a283a2838b350b46055.jpg</filename>
	<path>frame_2935_jpg.rf.316d7fbc73ae2a283a2838b350b46055.jpg</path>
	<source>
		<database>roboflow.ai</database>
	</source>
	<size>
		<width>416</width>
		<height>416</height>
		<depth>3</depth>
	</size>
	<segmented>0</segmented>
	<object>
		<name>motorbike</name>
		<pose>Unspecified</pose>
		<truncated>0</truncated>
		<difficult>0</difficult>
		<occluded>0</occluded>
		<bndbox>
			<xmin>226</xmin>
			<xmax>278</xmax>
			<ymin>185</ymin>
			<ymax>296</ymax>
		</bndbox>
	</object>
	<object>
		<name>motorbike</name>
		<pose>Unspecified</pose>
		<truncated>0</truncated>
		<difficult>0</difficult>
		<occluded>0</occluded>
		<bndbox>
			<xmin>265</xmin>
			<xmax>317</xmax>
			<ymin>158</ymin>
			<ymax>269</ymax>
		</bndbox>
	</object>
</annotation>
