<annotation>
	<folder></folder>
	<filename>frame_2950_jpg.rf.c2287d654a5cac5b734b4092ef007061.jpg</filename>
	<path>frame_2950_jpg.rf.c2287d654a5cac5b734b4092ef007061.jpg</path>
	<source>
		<database>roboflow.ai</database>
	</source>
	<size>
		<width>416</width>
		<height>416</height>
		<depth>3</depth>
	</size>
	<segmented>0</segmented>
	<object>
		<name>motorbike</name>
		<pose>Unspecified</pose>
		<truncated>0</truncated>
		<difficult>0</difficult>
		<occluded>0</occluded>
		<bndbox>
			<xmin>62</xmin>
			<xmax>116</xmax>
			<ymin>207</ymin>
			<ymax>338</ymax>
		</bndbox>
	</object>
	<object>
		<name>bicycle</name>
		<pose>Unspecified</pose>
		<truncated>0</truncated>
		<difficult>0</difficult>
		<occluded>0</occluded>
		<bndbox>
			<xmin>80</xmin>
			<xmax>124</xmax>
			<ymin>174</ymin>
			<ymax>281</ymax>
		</bndbox>
	</object>
</annotation>
