<annotation>
	<folder></folder>
	<filename>frame_2887_jpg.rf.8113b995002bb09680124f3ab5e7a0e6.jpg</filename>
	<path>frame_2887_jpg.rf.8113b995002bb09680124f3ab5e7a0e6.jpg</path>
	<source>
		<database>roboflow.ai</database>
	</source>
	<size>
		<width>416</width>
		<height>416</height>
		<depth>3</depth>
	</size>
	<segmented>0</segmented>
	<object>
		<name>car</name>
		<pose>Unspecified</pose>
		<truncated>0</truncated>
		<difficult>0</difficult>
		<occluded>0</occluded>
		<bndbox>
			<xmin>206</xmin>
			<xmax>290</xmax>
			<ymin>170</ymin>
			<ymax>302</ymax>
		</bndbox>
	</object>
</annotation>
