<annotation>
	<folder></folder>
	<filename>frame_2858_jpg.rf.43fd8aab77529acc3b214cee9fbca84e.jpg</filename>
	<path>frame_2858_jpg.rf.43fd8aab77529acc3b214cee9fbca84e.jpg</path>
	<source>
		<database>roboflow.ai</database>
	</source>
	<size>
		<width>416</width>
		<height>416</height>
		<depth>3</depth>
	</size>
	<segmented>0</segmented>
	<object>
		<name>bicycle</name>
		<pose>Unspecified</pose>
		<truncated>0</truncated>
		<difficult>0</difficult>
		<occluded>0</occluded>
		<bndbox>
			<xmin>299</xmin>
			<xmax>356</xmax>
			<ymin>295</ymin>
			<ymax>408</ymax>
		</bndbox>
	</object>
	<object>
		<name>bicycle</name>
		<pose>Unspecified</pose>
		<truncated>0</truncated>
		<difficult>0</difficult>
		<occluded>0</occluded>
		<bndbox>
			<xmin>330</xmin>
			<xmax>387</xmax>
			<ymin>307</ymin>
			<ymax>404</ymax>
		</bndbox>
	</object>
	<object>
		<name>bicycle</name>
		<pose>Unspecified</pose>
		<truncated>0</truncated>
		<difficult>0</difficult>
		<occluded>0</occluded>
		<bndbox>
			<xmin>257</xmin>
			<xmax>313</xmax>
			<ymin>210</ymin>
			<ymax>329</ymax>
		</bndbox>
	</object>
	<object>
		<name>bicycle</name>
		<pose>Unspecified</pose>
		<truncated>0</truncated>
		<difficult>0</difficult>
		<occluded>0</occluded>
		<bndbox>
			<xmin>307</xmin>
			<xmax>363</xmax>
			<ymin>183</ymin>
			<ymax>302</ymax>
		</bndbox>
	</object>
</annotation>
