<annotation>
	<folder></folder>
	<filename>frame_2930_jpg.rf.c00bc71129ff0092f2077718be64efbf.jpg</filename>
	<path>frame_2930_jpg.rf.c00bc71129ff0092f2077718be64efbf.jpg</path>
	<source>
		<database>roboflow.ai</database>
	</source>
	<size>
		<width>416</width>
		<height>416</height>
		<depth>3</depth>
	</size>
	<segmented>0</segmented>
	<object>
		<name>car</name>
		<pose>Unspecified</pose>
		<truncated>0</truncated>
		<difficult>0</difficult>
		<occluded>0</occluded>
		<bndbox>
			<xmin>235</xmin>
			<xmax>302</xmax>
			<ymin>251</ymin>
			<ymax>385</ymax>
		</bndbox>
	</object>
	<object>
		<name>motorbike</name>
		<pose>Unspecified</pose>
		<truncated>0</truncated>
		<difficult>0</difficult>
		<occluded>0</occluded>
		<bndbox>
			<xmin>368</xmin>
			<xmax>415</xmax>
			<ymin>276</ymin>
			<ymax>401</ymax>
		</bndbox>
	</object>
	<object>
		<name>motorbike</name>
		<pose>Unspecified</pose>
		<truncated>0</truncated>
		<difficult>0</difficult>
		<occluded>0</occluded>
		<bndbox>
			<xmin>257</xmin>
			<xmax>306</xmax>
			<ymin>211</ymin>
			<ymax>335</ymax>
		</bndbox>
	</object>
	<object>
		<name>auto</name>
		<pose>Unspecified</pose>
		<truncated>0</truncated>
		<difficult>0</difficult>
		<occluded>0</occluded>
		<bndbox>
			<xmin>302</xmin>
			<xmax>377</xmax>
			<ymin>213</ymin>
			<ymax>353</ymax>
		</bndbox>
	</object>
</annotation>
