<annotation>
	<folder></folder>
	<filename>frame_2875_jpg.rf.8a8f6eec9e5a487c82f2c1c265aff872.jpg</filename>
	<path>frame_2875_jpg.rf.8a8f6eec9e5a487c82f2c1c265aff872.jpg</path>
	<source>
		<database>roboflow.ai</database>
	</source>
	<size>
		<width>416</width>
		<height>416</height>
		<depth>3</depth>
	</size>
	<segmented>0</segmented>
	<object>
		<name>motorbike</name>
		<pose>Unspecified</pose>
		<truncated>0</truncated>
		<difficult>0</difficult>
		<occluded>0</occluded>
		<bndbox>
			<xmin>81</xmin>
			<xmax>168</xmax>
			<ymin>266</ymin>
			<ymax>404</ymax>
		</bndbox>
	</object>
</annotation>
