<annotation>
	<folder></folder>
	<filename>frame_2927_jpg.rf.c2aedb1813785be4382ffec7c0e3f501.jpg</filename>
	<path>frame_2927_jpg.rf.c2aedb1813785be4382ffec7c0e3f501.jpg</path>
	<source>
		<database>roboflow.ai</database>
	</source>
	<size>
		<width>416</width>
		<height>416</height>
		<depth>3</depth>
	</size>
	<segmented>0</segmented>
	<object>
		<name>car</name>
		<pose>Unspecified</pose>
		<truncated>0</truncated>
		<difficult>0</difficult>
		<occluded>0</occluded>
		<bndbox>
			<xmin>125</xmin>
			<xmax>190</xmax>
			<ymin>255</ymin>
			<ymax>368</ymax>
		</bndbox>
	</object>
	<object>
		<name>bicycle</name>
		<pose>Unspecified</pose>
		<truncated>0</truncated>
		<difficult>0</difficult>
		<occluded>0</occluded>
		<bndbox>
			<xmin>7</xmin>
			<xmax>49</xmax>
			<ymin>294</ymin>
			<ymax>407</ymax>
		</bndbox>
	</object>
</annotation>
