<annotation>
	<folder></folder>
	<filename>frame_2966_jpg.rf.2644b0a670c72f022dfaf33003ea6095.jpg</filename>
	<path>frame_2966_jpg.rf.2644b0a670c72f022dfaf33003ea6095.jpg</path>
	<source>
		<database>roboflow.ai</database>
	</source>
	<size>
		<width>416</width>
		<height>416</height>
		<depth>3</depth>
	</size>
	<segmented>0</segmented>
	<object>
		<name>motorbike</name>
		<pose>Unspecified</pose>
		<truncated>0</truncated>
		<difficult>0</difficult>
		<occluded>0</occluded>
		<bndbox>
			<xmin>339</xmin>
			<xmax>376</xmax>
			<ymin>152</ymin>
			<ymax>236</ymax>
		</bndbox>
	</object>
</annotation>
