<annotation>
	<folder></folder>
	<filename>frame_2849_jpg.rf.519fe23d48093a121439eacde50d9bf1.jpg</filename>
	<path>frame_2849_jpg.rf.519fe23d48093a121439eacde50d9bf1.jpg</path>
	<source>
		<database>roboflow.ai</database>
	</source>
	<size>
		<width>416</width>
		<height>416</height>
		<depth>3</depth>
	</size>
	<segmented>0</segmented>
	<object>
		<name>motorbike</name>
		<pose>Unspecified</pose>
		<truncated>0</truncated>
		<difficult>0</difficult>
		<occluded>0</occluded>
		<bndbox>
			<xmin>90</xmin>
			<xmax>128</xmax>
			<ymin>233</ymin>
			<ymax>350</ymax>
		</bndbox>
	</object>
</annotation>
