<annotation>
	<folder></folder>
	<filename>frame_2970_jpg.rf.d830e4c22a70e4cf17b9347281484955.jpg</filename>
	<path>frame_2970_jpg.rf.d830e4c22a70e4cf17b9347281484955.jpg</path>
	<source>
		<database>roboflow.ai</database>
	</source>
	<size>
		<width>416</width>
		<height>416</height>
		<depth>3</depth>
	</size>
	<segmented>0</segmented>
	<object>
		<name>bicycle</name>
		<pose>Unspecified</pose>
		<truncated>0</truncated>
		<difficult>0</difficult>
		<occluded>0</occluded>
		<bndbox>
			<xmin>331</xmin>
			<xmax>352</xmax>
			<ymin>199</ymin>
			<ymax>293</ymax>
		</bndbox>
	</object>
	<object>
		<name>bicycle</name>
		<pose>Unspecified</pose>
		<truncated>0</truncated>
		<difficult>0</difficult>
		<occluded>0</occluded>
		<bndbox>
			<xmin>318</xmin>
			<xmax>339</xmax>
			<ymin>170</ymin>
			<ymax>264</ymax>
		</bndbox>
	</object>
</annotation>
