<annotation>
	<folder></folder>
	<filename>frame_2875_jpg.rf.819ef5d780d9e2ae987ebced20f74ec1.jpg</filename>
	<path>frame_2875_jpg.rf.819ef5d780d9e2ae987ebced20f74ec1.jpg</path>
	<source>
		<database>roboflow.ai</database>
	</source>
	<size>
		<width>416</width>
		<height>416</height>
		<depth>3</depth>
	</size>
	<segmented>0</segmented>
	<object>
		<name>motorbike</name>
		<pose>Unspecified</pose>
		<truncated>0</truncated>
		<difficult>0</difficult>
		<occluded>0</occluded>
		<bndbox>
			<xmin>76</xmin>
			<xmax>151</xmax>
			<ymin>241</ymin>
			<ymax>379</ymax>
		</bndbox>
	</object>
</annotation>
