<annotation>
	<folder></folder>
	<filename>frame_2890_jpg.rf.4f70091085db92d6a5bf83ee39057967.jpg</filename>
	<path>frame_2890_jpg.rf.4f70091085db92d6a5bf83ee39057967.jpg</path>
	<source>
		<database>roboflow.ai</database>
	</source>
	<size>
		<width>416</width>
		<height>416</height>
		<depth>3</depth>
	</size>
	<segmented>0</segmented>
	<object>
		<name>auto</name>
		<pose>Unspecified</pose>
		<truncated>0</truncated>
		<difficult>0</difficult>
		<occluded>0</occluded>
		<bndbox>
			<xmin>85</xmin>
			<xmax>166</xmax>
			<ymin>225</ymin>
			<ymax>353</ymax>
		</bndbox>
	</object>
	<object>
		<name>car</name>
		<pose>Unspecified</pose>
		<truncated>0</truncated>
		<difficult>0</difficult>
		<occluded>0</occluded>
		<bndbox>
			<xmin>136</xmin>
			<xmax>213</xmax>
			<ymin>149</ymin>
			<ymax>268</ymax>
		</bndbox>
	</object>
</annotation>
