<annotation>
	<folder></folder>
	<filename>frame_2965_jpg.rf.d4d16f6080d63fd4e8b5ac060f656aa2.jpg</filename>
	<path>frame_2965_jpg.rf.d4d16f6080d63fd4e8b5ac060f656aa2.jpg</path>
	<source>
		<database>roboflow.ai</database>
	</source>
	<size>
		<width>416</width>
		<height>416</height>
		<depth>3</depth>
	</size>
	<segmented>0</segmented>
	<object>
		<name>motorbike</name>
		<pose>Unspecified</pose>
		<truncated>0</truncated>
		<difficult>0</difficult>
		<occluded>0</occluded>
		<bndbox>
			<xmin>343</xmin>
			<xmax>375</xmax>
			<ymin>152</ymin>
			<ymax>247</ymax>
		</bndbox>
	</object>
</annotation>
