<annotation>
	<folder></folder>
	<filename>frame_2861_jpg.rf.50db0f7ba8a6a4c749604e80faa579ea.jpg</filename>
	<path>frame_2861_jpg.rf.50db0f7ba8a6a4c749604e80faa579ea.jpg</path>
	<source>
		<database>roboflow.ai</database>
	</source>
	<size>
		<width>416</width>
		<height>416</height>
		<depth>3</depth>
	</size>
	<segmented>0</segmented>
	<object>
		<name>motorbike</name>
		<pose>Unspecified</pose>
		<truncated>0</truncated>
		<difficult>0</difficult>
		<occluded>0</occluded>
		<bndbox>
			<xmin>64</xmin>
			<xmax>112</xmax>
			<ymin>247</ymin>
			<ymax>362</ymax>
		</bndbox>
	</object>
	<object>
		<name>motorbike</name>
		<pose>Unspecified</pose>
		<truncated>0</truncated>
		<difficult>0</difficult>
		<occluded>0</occluded>
		<bndbox>
			<xmin>89</xmin>
			<xmax>137</xmax>
			<ymin>175</ymin>
			<ymax>290</ymax>
		</bndbox>
	</object>
</annotation>
