<annotation>
	<folder></folder>
	<filename>frame_2889_jpg.rf.69a27b0e5be132e971f920347f6d5855.jpg</filename>
	<path>frame_2889_jpg.rf.69a27b0e5be132e971f920347f6d5855.jpg</path>
	<source>
		<database>roboflow.ai</database>
	</source>
	<size>
		<width>416</width>
		<height>416</height>
		<depth>3</depth>
	</size>
	<segmented>0</segmented>
	<object>
		<name>car</name>
		<pose>Unspecified</pose>
		<truncated>0</truncated>
		<difficult>0</difficult>
		<occluded>0</occluded>
		<bndbox>
			<xmin>195</xmin>
			<xmax>289</xmax>
			<ymin>213</ymin>
			<ymax>342</ymax>
		</bndbox>
	</object>
	<object>
		<name>bicycle</name>
		<pose>Unspecified</pose>
		<truncated>0</truncated>
		<difficult>0</difficult>
		<occluded>0</occluded>
		<bndbox>
			<xmin>346</xmin>
			<xmax>401</xmax>
			<ymin>204</ymin>
			<ymax>323</ymax>
		</bndbox>
	</object>
	<object>
		<name>motorbike</name>
		<pose>Unspecified</pose>
		<truncated>0</truncated>
		<difficult>0</difficult>
		<occluded>0</occluded>
		<bndbox>
			<xmin>264</xmin>
			<xmax>330</xmax>
			<ymin>152</ymin>
			<ymax>264</ymax>
		</bndbox>
	</object>
</annotation>
