<annotation>
	<folder></folder>
	<filename>frame_2849_jpg.rf.0bf9f4b9725f43a148f19abbff13f208.jpg</filename>
	<path>frame_2849_jpg.rf.0bf9f4b9725f43a148f19abbff13f208.jpg</path>
	<source>
		<database>roboflow.ai</database>
	</source>
	<size>
		<width>416</width>
		<height>416</height>
		<depth>3</depth>
	</size>
	<segmented>0</segmented>
	<object>
		<name>motorbike</name>
		<pose>Unspecified</pose>
		<truncated>0</truncated>
		<difficult>0</difficult>
		<occluded>0</occluded>
		<bndbox>
			<xmin>279</xmin>
			<xmax>324</xmax>
			<ymin>247</ymin>
			<ymax>372</ymax>
		</bndbox>
	</object>
</annotation>
