<annotation>
	<folder></folder>
	<filename>frame_3449_jpg.rf.5647e269e48fa86e83749694844d60f1.jpg</filename>
	<path>frame_3449_jpg.rf.5647e269e48fa86e83749694844d60f1.jpg</path>
	<source>
		<database>roboflow.ai</database>
	</source>
	<size>
		<width>416</width>
		<height>416</height>
		<depth>3</depth>
	</size>
	<segmented>0</segmented>
	<object>
		<name>car</name>
		<pose>Unspecified</pose>
		<truncated>0</truncated>
		<difficult>0</difficult>
		<occluded>0</occluded>
		<bndbox>
			<xmin>138</xmin>
			<xmax>270</xmax>
			<ymin>258</ymin>
			<ymax>415</ymax>
		</bndbox>
	</object>
	<object>
		<name>car</name>
		<pose>Unspecified</pose>
		<truncated>0</truncated>
		<difficult>0</difficult>
		<occluded>0</occluded>
		<bndbox>
			<xmin>108</xmin>
			<xmax>180</xmax>
			<ymin>256</ymin>
			<ymax>374</ymax>
		</bndbox>
	</object>
</annotation>
