<annotation>
	<folder></folder>
	<filename>frame_3395_jpg.rf.e4c0edb376e79e14fc2b2478e64f8169.jpg</filename>
	<path>frame_3395_jpg.rf.e4c0edb376e79e14fc2b2478e64f8169.jpg</path>
	<source>
		<database>roboflow.ai</database>
	</source>
	<size>
		<width>416</width>
		<height>416</height>
		<depth>3</depth>
	</size>
	<segmented>0</segmented>
	<object>
		<name>car</name>
		<pose>Unspecified</pose>
		<truncated>0</truncated>
		<difficult>0</difficult>
		<occluded>0</occluded>
		<bndbox>
			<xmin>166</xmin>
			<xmax>218</xmax>
			<ymin>47</ymin>
			<ymax>124</ymax>
		</bndbox>
	</object>
	<object>
		<name>car</name>
		<pose>Unspecified</pose>
		<truncated>0</truncated>
		<difficult>0</difficult>
		<occluded>0</occluded>
		<bndbox>
			<xmin>274</xmin>
			<xmax>326</xmax>
			<ymin>68</ymin>
			<ymax>145</ymax>
		</bndbox>
	</object>
</annotation>
