<annotation>
	<folder></folder>
	<filename>frame_3374_jpg.rf.f96c9a5e58feba956a73ba0908ad76d7.jpg</filename>
	<path>frame_3374_jpg.rf.f96c9a5e58feba956a73ba0908ad76d7.jpg</path>
	<source>
		<database>roboflow.ai</database>
	</source>
	<size>
		<width>416</width>
		<height>416</height>
		<depth>3</depth>
	</size>
	<segmented>0</segmented>
	<object>
		<name>motorbike</name>
		<pose>Unspecified</pose>
		<truncated>0</truncated>
		<difficult>0</difficult>
		<occluded>0</occluded>
		<bndbox>
			<xmin>165</xmin>
			<xmax>209</xmax>
			<ymin>293</ymin>
			<ymax>398</ymax>
		</bndbox>
	</object>
	<object>
		<name>auto</name>
		<pose>Unspecified</pose>
		<truncated>0</truncated>
		<difficult>0</difficult>
		<occluded>0</occluded>
		<bndbox>
			<xmin>209</xmin>
			<xmax>294</xmax>
			<ymin>253</ymin>
			<ymax>384</ymax>
		</bndbox>
	</object>
</annotation>
