<annotation>
	<folder></folder>
	<filename>frame_3374_jpg.rf.eb37d5d622cc701d728d66a3c4f42e55.jpg</filename>
	<path>frame_3374_jpg.rf.eb37d5d622cc701d728d66a3c4f42e55.jpg</path>
	<source>
		<database>roboflow.ai</database>
	</source>
	<size>
		<width>416</width>
		<height>416</height>
		<depth>3</depth>
	</size>
	<segmented>0</segmented>
	<object>
		<name>motorbike</name>
		<pose>Unspecified</pose>
		<truncated>0</truncated>
		<difficult>0</difficult>
		<occluded>0</occluded>
		<bndbox>
			<xmin>177</xmin>
			<xmax>209</xmax>
			<ymin>274</ymin>
			<ymax>392</ymax>
		</bndbox>
	</object>
	<object>
		<name>auto</name>
		<pose>Unspecified</pose>
		<truncated>0</truncated>
		<difficult>0</difficult>
		<occluded>0</occluded>
		<bndbox>
			<xmin>219</xmin>
			<xmax>293</xmax>
			<ymin>263</ymin>
			<ymax>402</ymax>
		</bndbox>
	</object>
</annotation>
