<annotation>
	<folder></folder>
	<filename>frame_3448_jpg.rf.5074a9ff01fdac437bfdd8746fcb7dfc.jpg</filename>
	<path>frame_3448_jpg.rf.5074a9ff01fdac437bfdd8746fcb7dfc.jpg</path>
	<source>
		<database>roboflow.ai</database>
	</source>
	<size>
		<width>416</width>
		<height>416</height>
		<depth>3</depth>
	</size>
	<segmented>0</segmented>
	<object>
		<name>car</name>
		<pose>Unspecified</pose>
		<truncated>0</truncated>
		<difficult>0</difficult>
		<occluded>0</occluded>
		<bndbox>
			<xmin>192</xmin>
			<xmax>296</xmax>
			<ymin>216</ymin>
			<ymax>415</ymax>
		</bndbox>
	</object>
	<object>
		<name>van</name>
		<pose>Unspecified</pose>
		<truncated>0</truncated>
		<difficult>0</difficult>
		<occluded>0</occluded>
		<bndbox>
			<xmin>131</xmin>
			<xmax>200</xmax>
			<ymin>140</ymin>
			<ymax>251</ymax>
		</bndbox>
	</object>
	<object>
		<name>car</name>
		<pose>Unspecified</pose>
		<truncated>0</truncated>
		<difficult>0</difficult>
		<occluded>0</occluded>
		<bndbox>
			<xmin>34</xmin>
			<xmax>105</xmax>
			<ymin>110</ymin>
			<ymax>255</ymax>
		</bndbox>
	</object>
</annotation>
