<annotation>
	<folder></folder>
	<filename>frame_3395_jpg.rf.43de5ca57643f8aebedc3096ddc4c77d.jpg</filename>
	<path>frame_3395_jpg.rf.43de5ca57643f8aebedc3096ddc4c77d.jpg</path>
	<source>
		<database>roboflow.ai</database>
	</source>
	<size>
		<width>416</width>
		<height>416</height>
		<depth>3</depth>
	</size>
	<segmented>0</segmented>
	<object>
		<name>car</name>
		<pose>Unspecified</pose>
		<truncated>0</truncated>
		<difficult>0</difficult>
		<occluded>0</occluded>
		<bndbox>
			<xmin>151</xmin>
			<xmax>200</xmax>
			<ymin>46</ymin>
			<ymax>123</ymax>
		</bndbox>
	</object>
	<object>
		<name>car</name>
		<pose>Unspecified</pose>
		<truncated>0</truncated>
		<difficult>0</difficult>
		<occluded>0</occluded>
		<bndbox>
			<xmin>48</xmin>
			<xmax>97</xmax>
			<ymin>46</ymin>
			<ymax>123</ymax>
		</bndbox>
	</object>
</annotation>
