<annotation>
	<folder></folder>
	<filename>frame_3380_jpg.rf.b10ef072449964a1f2b01e6de5f0c22a.jpg</filename>
	<path>frame_3380_jpg.rf.b10ef072449964a1f2b01e6de5f0c22a.jpg</path>
	<source>
		<database>roboflow.ai</database>
	</source>
	<size>
		<width>416</width>
		<height>416</height>
		<depth>3</depth>
	</size>
	<segmented>0</segmented>
	<object>
		<name>auto</name>
		<pose>Unspecified</pose>
		<truncated>0</truncated>
		<difficult>0</difficult>
		<occluded>0</occluded>
		<bndbox>
			<xmin>182</xmin>
			<xmax>412</xmax>
			<ymin>128</ymin>
			<ymax>415</ymax>
		</bndbox>
	</object>
	<object>
		<name>motorbike</name>
		<pose>Unspecified</pose>
		<truncated>0</truncated>
		<difficult>0</difficult>
		<occluded>0</occluded>
		<bndbox>
			<xmin>119</xmin>
			<xmax>261</xmax>
			<ymin>125</ymin>
			<ymax>415</ymax>
		</bndbox>
	</object>
</annotation>
