<annotation>
	<folder></folder>
	<filename>frame_3398_jpg.rf.c8e79217d3e47c7166fc6ad829b6214c.jpg</filename>
	<path>frame_3398_jpg.rf.c8e79217d3e47c7166fc6ad829b6214c.jpg</path>
	<source>
		<database>roboflow.ai</database>
	</source>
	<size>
		<width>416</width>
		<height>416</height>
		<depth>3</depth>
	</size>
	<segmented>0</segmented>
	<object>
		<name>auto</name>
		<pose>Unspecified</pose>
		<truncated>0</truncated>
		<difficult>0</difficult>
		<occluded>0</occluded>
		<bndbox>
			<xmin>141</xmin>
			<xmax>241</xmax>
			<ymin>191</ymin>
			<ymax>297</ymax>
		</bndbox>
	</object>
	<object>
		<name>car</name>
		<pose>Unspecified</pose>
		<truncated>0</truncated>
		<difficult>0</difficult>
		<occluded>0</occluded>
		<bndbox>
			<xmin>224</xmin>
			<xmax>338</xmax>
			<ymin>105</ymin>
			<ymax>202</ymax>
		</bndbox>
	</object>
</annotation>
