<annotation>
	<folder></folder>
	<filename>frame_3398_jpg.rf.223cb5b36c032059db1214782cad58b9.jpg</filename>
	<path>frame_3398_jpg.rf.223cb5b36c032059db1214782cad58b9.jpg</path>
	<source>
		<database>roboflow.ai</database>
	</source>
	<size>
		<width>416</width>
		<height>416</height>
		<depth>3</depth>
	</size>
	<segmented>0</segmented>
	<object>
		<name>auto</name>
		<pose>Unspecified</pose>
		<truncated>0</truncated>
		<difficult>0</difficult>
		<occluded>0</occluded>
		<bndbox>
			<xmin>183</xmin>
			<xmax>267</xmax>
			<ymin>197</ymin>
			<ymax>286</ymax>
		</bndbox>
	</object>
	<object>
		<name>car</name>
		<pose>Unspecified</pose>
		<truncated>0</truncated>
		<difficult>0</difficult>
		<occluded>0</occluded>
		<bndbox>
			<xmin>89</xmin>
			<xmax>187</xmax>
			<ymin>128</ymin>
			<ymax>207</ymax>
		</bndbox>
	</object>
</annotation>
