<annotation>
	<folder></folder>
	<filename>frame_3397_jpg.rf.d896d7716267214dc9867f74dd0109a3.jpg</filename>
	<path>frame_3397_jpg.rf.d896d7716267214dc9867f74dd0109a3.jpg</path>
	<source>
		<database>roboflow.ai</database>
	</source>
	<size>
		<width>416</width>
		<height>416</height>
		<depth>3</depth>
	</size>
	<segmented>0</segmented>
	<object>
		<name>car</name>
		<pose>Unspecified</pose>
		<truncated>0</truncated>
		<difficult>0</difficult>
		<occluded>0</occluded>
		<bndbox>
			<xmin>254</xmin>
			<xmax>348</xmax>
			<ymin>206</ymin>
			<ymax>331</ymax>
		</bndbox>
	</object>
	<object>
		<name>van</name>
		<pose>Unspecified</pose>
		<truncated>0</truncated>
		<difficult>0</difficult>
		<occluded>0</occluded>
		<bndbox>
			<xmin>111</xmin>
			<xmax>237</xmax>
			<ymin>129</ymin>
			<ymax>260</ymax>
		</bndbox>
	</object>
	<object>
		<name>auto</name>
		<pose>Unspecified</pose>
		<truncated>0</truncated>
		<difficult>0</difficult>
		<occluded>0</occluded>
		<bndbox>
			<xmin>34</xmin>
			<xmax>96</xmax>
			<ymin>99</ymin>
			<ymax>179</ymax>
		</bndbox>
	</object>
	<object>
		<name>car</name>
		<pose>Unspecified</pose>
		<truncated>0</truncated>
		<difficult>0</difficult>
		<occluded>0</occluded>
		<bndbox>
			<xmin>0</xmin>
			<xmax>43</xmax>
			<ymin>61</ymin>
			<ymax>124</ymax>
		</bndbox>
	</object>
</annotation>
