<annotation>
	<folder></folder>
	<filename>frame_3384_jpg.rf.92679d395bb1f47dff999eba134825bb.jpg</filename>
	<path>frame_3384_jpg.rf.92679d395bb1f47dff999eba134825bb.jpg</path>
	<source>
		<database>roboflow.ai</database>
	</source>
	<size>
		<width>416</width>
		<height>416</height>
		<depth>3</depth>
	</size>
	<segmented>0</segmented>
	<object>
		<name>motorbike</name>
		<pose>Unspecified</pose>
		<truncated>0</truncated>
		<difficult>0</difficult>
		<occluded>0</occluded>
		<bndbox>
			<xmin>217</xmin>
			<xmax>289</xmax>
			<ymin>232</ymin>
			<ymax>415</ymax>
		</bndbox>
	</object>
	<object>
		<name>motorbike</name>
		<pose>Unspecified</pose>
		<truncated>0</truncated>
		<difficult>0</difficult>
		<occluded>0</occluded>
		<bndbox>
			<xmin>139</xmin>
			<xmax>199</xmax>
			<ymin>254</ymin>
			<ymax>404</ymax>
		</bndbox>
	</object>
	<object>
		<name>motorbike</name>
		<pose>Unspecified</pose>
		<truncated>0</truncated>
		<difficult>0</difficult>
		<occluded>0</occluded>
		<bndbox>
			<xmin>274</xmin>
			<xmax>316</xmax>
			<ymin>271</ymin>
			<ymax>380</ymax>
		</bndbox>
	</object>
</annotation>
