<annotation>
	<folder></folder>
	<filename>frame_3375_jpg.rf.e49817986eeb02cdddcad601531f265c.jpg</filename>
	<path>frame_3375_jpg.rf.e49817986eeb02cdddcad601531f265c.jpg</path>
	<source>
		<database>roboflow.ai</database>
	</source>
	<size>
		<width>416</width>
		<height>416</height>
		<depth>3</depth>
	</size>
	<segmented>0</segmented>
	<object>
		<name>motorbike</name>
		<pose>Unspecified</pose>
		<truncated>0</truncated>
		<difficult>0</difficult>
		<occluded>0</occluded>
		<bndbox>
			<xmin>168</xmin>
			<xmax>298</xmax>
			<ymin>122</ymin>
			<ymax>415</ymax>
		</bndbox>
	</object>
	<object>
		<name>motorbike</name>
		<pose>Unspecified</pose>
		<truncated>0</truncated>
		<difficult>0</difficult>
		<occluded>0</occluded>
		<bndbox>
			<xmin>74</xmin>
			<xmax>202</xmax>
			<ymin>104</ymin>
			<ymax>406</ymax>
		</bndbox>
	</object>
</annotation>
