<annotation>
	<folder></folder>
	<filename>frame_3379_jpg.rf.6c20a0294dedf1fd0d065dc0ab426ae7.jpg</filename>
	<path>frame_3379_jpg.rf.6c20a0294dedf1fd0d065dc0ab426ae7.jpg</path>
	<source>
		<database>roboflow.ai</database>
	</source>
	<size>
		<width>416</width>
		<height>416</height>
		<depth>3</depth>
	</size>
	<segmented>0</segmented>
	<object>
		<name>motorbike</name>
		<pose>Unspecified</pose>
		<truncated>0</truncated>
		<difficult>0</difficult>
		<occluded>0</occluded>
		<bndbox>
			<xmin>216</xmin>
			<xmax>329</xmax>
			<ymin>234</ymin>
			<ymax>404</ymax>
		</bndbox>
	</object>
	<object>
		<name>motorbike</name>
		<pose>Unspecified</pose>
		<truncated>0</truncated>
		<difficult>0</difficult>
		<occluded>0</occluded>
		<bndbox>
			<xmin>185</xmin>
			<xmax>252</xmax>
			<ymin>243</ymin>
			<ymax>360</ymax>
		</bndbox>
	</object>
	<object>
		<name>car</name>
		<pose>Unspecified</pose>
		<truncated>0</truncated>
		<difficult>0</difficult>
		<occluded>0</occluded>
		<bndbox>
			<xmin>7</xmin>
			<xmax>148</xmax>
			<ymin>303</ymin>
			<ymax>415</ymax>
		</bndbox>
	</object>
</annotation>
