<annotation>
	<folder></folder>
	<filename>frame_3398_jpg.rf.0934acb6800e386417f716453925ddee.jpg</filename>
	<path>frame_3398_jpg.rf.0934acb6800e386417f716453925ddee.jpg</path>
	<source>
		<database>roboflow.ai</database>
	</source>
	<size>
		<width>416</width>
		<height>416</height>
		<depth>3</depth>
	</size>
	<segmented>0</segmented>
	<object>
		<name>auto</name>
		<pose>Unspecified</pose>
		<truncated>0</truncated>
		<difficult>0</difficult>
		<occluded>0</occluded>
		<bndbox>
			<xmin>174</xmin>
			<xmax>259</xmax>
			<ymin>190</ymin>
			<ymax>292</ymax>
		</bndbox>
	</object>
	<object>
		<name>car</name>
		<pose>Unspecified</pose>
		<truncated>0</truncated>
		<difficult>0</difficult>
		<occluded>0</occluded>
		<bndbox>
			<xmin>99</xmin>
			<xmax>195</xmax>
			<ymin>131</ymin>
			<ymax>223</ymax>
		</bndbox>
	</object>
</annotation>
