<annotation>
	<folder></folder>
	<filename>frame_3384_jpg.rf.3353f0417e6043bb51ef635f283717f3.jpg</filename>
	<path>frame_3384_jpg.rf.3353f0417e6043bb51ef635f283717f3.jpg</path>
	<source>
		<database>roboflow.ai</database>
	</source>
	<size>
		<width>416</width>
		<height>416</height>
		<depth>3</depth>
	</size>
	<segmented>0</segmented>
	<object>
		<name>motorbike</name>
		<pose>Unspecified</pose>
		<truncated>0</truncated>
		<difficult>0</difficult>
		<occluded>0</occluded>
		<bndbox>
			<xmin>150</xmin>
			<xmax>211</xmax>
			<ymin>236</ymin>
			<ymax>415</ymax>
		</bndbox>
	</object>
	<object>
		<name>motorbike</name>
		<pose>Unspecified</pose>
		<truncated>0</truncated>
		<difficult>0</difficult>
		<occluded>0</occluded>
		<bndbox>
			<xmin>241</xmin>
			<xmax>292</xmax>
			<ymin>242</ymin>
			<ymax>387</ymax>
		</bndbox>
	</object>
	<object>
		<name>motorbike</name>
		<pose>Unspecified</pose>
		<truncated>0</truncated>
		<difficult>0</difficult>
		<occluded>0</occluded>
		<bndbox>
			<xmin>120</xmin>
			<xmax>156</xmax>
			<ymin>282</ymin>
			<ymax>387</ymax>
		</bndbox>
	</object>
</annotation>
