<annotation>
	<folder></folder>
	<filename>frame_3395_jpg.rf.f5edb2197e113dc174f539de92719211.jpg</filename>
	<path>frame_3395_jpg.rf.f5edb2197e113dc174f539de92719211.jpg</path>
	<source>
		<database>roboflow.ai</database>
	</source>
	<size>
		<width>416</width>
		<height>416</height>
		<depth>3</depth>
	</size>
	<segmented>0</segmented>
	<object>
		<name>car</name>
		<pose>Unspecified</pose>
		<truncated>0</truncated>
		<difficult>0</difficult>
		<occluded>0</occluded>
		<bndbox>
			<xmin>204</xmin>
			<xmax>261</xmax>
			<ymin>45</ymin>
			<ymax>126</ymax>
		</bndbox>
	</object>
	<object>
		<name>car</name>
		<pose>Unspecified</pose>
		<truncated>0</truncated>
		<difficult>0</difficult>
		<occluded>0</occluded>
		<bndbox>
			<xmin>311</xmin>
			<xmax>368</xmax>
			<ymin>36</ymin>
			<ymax>117</ymax>
		</bndbox>
	</object>
</annotation>
