<annotation>
	<folder></folder>
	<filename>frame_3380_jpg.rf.29915168cadcbd1dc110afc78b7bbcbf.jpg</filename>
	<path>frame_3380_jpg.rf.29915168cadcbd1dc110afc78b7bbcbf.jpg</path>
	<source>
		<database>roboflow.ai</database>
	</source>
	<size>
		<width>416</width>
		<height>416</height>
		<depth>3</depth>
	</size>
	<segmented>0</segmented>
	<object>
		<name>auto</name>
		<pose>Unspecified</pose>
		<truncated>0</truncated>
		<difficult>0</difficult>
		<occluded>0</occluded>
		<bndbox>
			<xmin>8</xmin>
			<xmax>212</xmax>
			<ymin>127</ymin>
			<ymax>415</ymax>
		</bndbox>
	</object>
	<object>
		<name>motorbike</name>
		<pose>Unspecified</pose>
		<truncated>0</truncated>
		<difficult>0</difficult>
		<occluded>0</occluded>
		<bndbox>
			<xmin>166</xmin>
			<xmax>274</xmax>
			<ymin>133</ymin>
			<ymax>415</ymax>
		</bndbox>
	</object>
</annotation>
