<annotation>
	<folder></folder>
	<filename>frame_3375_jpg.rf.28abc6f86579833c62e9a1a714014347.jpg</filename>
	<path>frame_3375_jpg.rf.28abc6f86579833c62e9a1a714014347.jpg</path>
	<source>
		<database>roboflow.ai</database>
	</source>
	<size>
		<width>416</width>
		<height>416</height>
		<depth>3</depth>
	</size>
	<segmented>0</segmented>
	<object>
		<name>motorbike</name>
		<pose>Unspecified</pose>
		<truncated>0</truncated>
		<difficult>0</difficult>
		<occluded>0</occluded>
		<bndbox>
			<xmin>99</xmin>
			<xmax>251</xmax>
			<ymin>82</ymin>
			<ymax>415</ymax>
		</bndbox>
	</object>
	<object>
		<name>motorbike</name>
		<pose>Unspecified</pose>
		<truncated>0</truncated>
		<difficult>0</difficult>
		<occluded>0</occluded>
		<bndbox>
			<xmin>196</xmin>
			<xmax>349</xmax>
			<ymin>109</ymin>
			<ymax>415</ymax>
		</bndbox>
	</object>
</annotation>
