<annotation>
	<folder></folder>
	<filename>frame_3384_jpg.rf.e9a9063ac27e5f71d2e660911f76754f.jpg</filename>
	<path>frame_3384_jpg.rf.e9a9063ac27e5f71d2e660911f76754f.jpg</path>
	<source>
		<database>roboflow.ai</database>
	</source>
	<size>
		<width>416</width>
		<height>416</height>
		<depth>3</depth>
	</size>
	<segmented>0</segmented>
	<object>
		<name>motorbike</name>
		<pose>Unspecified</pose>
		<truncated>0</truncated>
		<difficult>0</difficult>
		<occluded>0</occluded>
		<bndbox>
			<xmin>142</xmin>
			<xmax>200</xmax>
			<ymin>236</ymin>
			<ymax>415</ymax>
		</bndbox>
	</object>
	<object>
		<name>motorbike</name>
		<pose>Unspecified</pose>
		<truncated>0</truncated>
		<difficult>0</difficult>
		<occluded>0</occluded>
		<bndbox>
			<xmin>231</xmin>
			<xmax>280</xmax>
			<ymin>250</ymin>
			<ymax>394</ymax>
		</bndbox>
	</object>
	<object>
		<name>motorbike</name>
		<pose>Unspecified</pose>
		<truncated>0</truncated>
		<difficult>0</difficult>
		<occluded>0</occluded>
		<bndbox>
			<xmin>111</xmin>
			<xmax>145</xmax>
			<ymin>278</ymin>
			<ymax>383</ymax>
		</bndbox>
	</object>
</annotation>
