<annotation>
	<folder></folder>
	<filename>frame_3449_jpg.rf.70e8bf9726fa547c522bc02e62e02883.jpg</filename>
	<path>frame_3449_jpg.rf.70e8bf9726fa547c522bc02e62e02883.jpg</path>
	<source>
		<database>roboflow.ai</database>
	</source>
	<size>
		<width>416</width>
		<height>416</height>
		<depth>3</depth>
	</size>
	<segmented>0</segmented>
	<object>
		<name>car</name>
		<pose>Unspecified</pose>
		<truncated>0</truncated>
		<difficult>0</difficult>
		<occluded>0</occluded>
		<bndbox>
			<xmin>173</xmin>
			<xmax>314</xmax>
			<ymin>250</ymin>
			<ymax>415</ymax>
		</bndbox>
	</object>
	<object>
		<name>car</name>
		<pose>Unspecified</pose>
		<truncated>0</truncated>
		<difficult>0</difficult>
		<occluded>0</occluded>
		<bndbox>
			<xmin>251</xmin>
			<xmax>331</xmax>
			<ymin>240</ymin>
			<ymax>373</ymax>
		</bndbox>
	</object>
</annotation>
