<annotation>
	<folder></folder>
	<filename>frame_3375_jpg.rf.cf1290518a89ac737ab0b52a83630647.jpg</filename>
	<path>frame_3375_jpg.rf.cf1290518a89ac737ab0b52a83630647.jpg</path>
	<source>
		<database>roboflow.ai</database>
	</source>
	<size>
		<width>416</width>
		<height>416</height>
		<depth>3</depth>
	</size>
	<segmented>0</segmented>
	<object>
		<name>motorbike</name>
		<pose>Unspecified</pose>
		<truncated>0</truncated>
		<difficult>0</difficult>
		<occluded>0</occluded>
		<bndbox>
			<xmin>111</xmin>
			<xmax>249</xmax>
			<ymin>91</ymin>
			<ymax>415</ymax>
		</bndbox>
	</object>
	<object>
		<name>motorbike</name>
		<pose>Unspecified</pose>
		<truncated>0</truncated>
		<difficult>0</difficult>
		<occluded>0</occluded>
		<bndbox>
			<xmin>208</xmin>
			<xmax>346</xmax>
			<ymin>110</ymin>
			<ymax>415</ymax>
		</bndbox>
	</object>
</annotation>
