<annotation>
	<folder></folder>
	<filename>frame_3375_jpg.rf.bfeb7f513afbb43ae228b9a5ec0cf8e2.jpg</filename>
	<path>frame_3375_jpg.rf.bfeb7f513afbb43ae228b9a5ec0cf8e2.jpg</path>
	<source>
		<database>roboflow.ai</database>
	</source>
	<size>
		<width>416</width>
		<height>416</height>
		<depth>3</depth>
	</size>
	<segmented>0</segmented>
	<object>
		<name>motorbike</name>
		<pose>Unspecified</pose>
		<truncated>0</truncated>
		<difficult>0</difficult>
		<occluded>0</occluded>
		<bndbox>
			<xmin>163</xmin>
			<xmax>290</xmax>
			<ymin>119</ymin>
			<ymax>415</ymax>
		</bndbox>
	</object>
	<object>
		<name>motorbike</name>
		<pose>Unspecified</pose>
		<truncated>0</truncated>
		<difficult>0</difficult>
		<occluded>0</occluded>
		<bndbox>
			<xmin>70</xmin>
			<xmax>196</xmax>
			<ymin>109</ymin>
			<ymax>413</ymax>
		</bndbox>
	</object>
</annotation>
