<annotation>
	<folder></folder>
	<filename>frame_3378_jpg.rf.4bfa924a60916c4e544d5dd381d87937.jpg</filename>
	<path>frame_3378_jpg.rf.4bfa924a60916c4e544d5dd381d87937.jpg</path>
	<source>
		<database>roboflow.ai</database>
	</source>
	<size>
		<width>416</width>
		<height>416</height>
		<depth>3</depth>
	</size>
	<segmented>0</segmented>
	<object>
		<name>motorbike</name>
		<pose>Unspecified</pose>
		<truncated>0</truncated>
		<difficult>0</difficult>
		<occluded>0</occluded>
		<bndbox>
			<xmin>74</xmin>
			<xmax>160</xmax>
			<ymin>214</ymin>
			<ymax>386</ymax>
		</bndbox>
	</object>
	<object>
		<name>motorbike</name>
		<pose>Unspecified</pose>
		<truncated>0</truncated>
		<difficult>0</difficult>
		<occluded>0</occluded>
		<bndbox>
			<xmin>165</xmin>
			<xmax>219</xmax>
			<ymin>242</ymin>
			<ymax>356</ymax>
		</bndbox>
	</object>
	<object>
		<name>auto</name>
		<pose>Unspecified</pose>
		<truncated>0</truncated>
		<difficult>0</difficult>
		<occluded>0</occluded>
		<bndbox>
			<xmin>216</xmin>
			<xmax>340</xmax>
			<ymin>250</ymin>
			<ymax>415</ymax>
		</bndbox>
	</object>
</annotation>
