<annotation>
	<folder></folder>
	<filename>frame_3398_jpg.rf.6302150726f5168b9a7c6f7dd3b32878.jpg</filename>
	<path>frame_3398_jpg.rf.6302150726f5168b9a7c6f7dd3b32878.jpg</path>
	<source>
		<database>roboflow.ai</database>
	</source>
	<size>
		<width>416</width>
		<height>416</height>
		<depth>3</depth>
	</size>
	<segmented>0</segmented>
	<object>
		<name>auto</name>
		<pose>Unspecified</pose>
		<truncated>0</truncated>
		<difficult>0</difficult>
		<occluded>0</occluded>
		<bndbox>
			<xmin>133</xmin>
			<xmax>232</xmax>
			<ymin>187</ymin>
			<ymax>286</ymax>
		</bndbox>
	</object>
	<object>
		<name>car</name>
		<pose>Unspecified</pose>
		<truncated>0</truncated>
		<difficult>0</difficult>
		<occluded>0</occluded>
		<bndbox>
			<xmin>229</xmin>
			<xmax>338</xmax>
			<ymin>146</ymin>
			<ymax>238</ymax>
		</bndbox>
	</object>
</annotation>
