<annotation>
	<folder></folder>
	<filename>frame_3395_jpg.rf.5e185c65f1be675f2a292cad9b4ae6a8.jpg</filename>
	<path>frame_3395_jpg.rf.5e185c65f1be675f2a292cad9b4ae6a8.jpg</path>
	<source>
		<database>roboflow.ai</database>
	</source>
	<size>
		<width>416</width>
		<height>416</height>
		<depth>3</depth>
	</size>
	<segmented>0</segmented>
	<object>
		<name>car</name>
		<pose>Unspecified</pose>
		<truncated>0</truncated>
		<difficult>0</difficult>
		<occluded>0</occluded>
		<bndbox>
			<xmin>170</xmin>
			<xmax>211</xmax>
			<ymin>49</ymin>
			<ymax>121</ymax>
		</bndbox>
	</object>
	<object>
		<name>car</name>
		<pose>Unspecified</pose>
		<truncated>0</truncated>
		<difficult>0</difficult>
		<occluded>0</occluded>
		<bndbox>
			<xmin>64</xmin>
			<xmax>105</xmax>
			<ymin>59</ymin>
			<ymax>131</ymax>
		</bndbox>
	</object>
</annotation>
