<annotation>
	<folder></folder>
	<filename>frame_3448_jpg.rf.f8c78e77049d0b7f5215b3535f28c192.jpg</filename>
	<path>frame_3448_jpg.rf.f8c78e77049d0b7f5215b3535f28c192.jpg</path>
	<source>
		<database>roboflow.ai</database>
	</source>
	<size>
		<width>416</width>
		<height>416</height>
		<depth>3</depth>
	</size>
	<segmented>0</segmented>
	<object>
		<name>car</name>
		<pose>Unspecified</pose>
		<truncated>0</truncated>
		<difficult>0</difficult>
		<occluded>0</occluded>
		<bndbox>
			<xmin>178</xmin>
			<xmax>278</xmax>
			<ymin>208</ymin>
			<ymax>415</ymax>
		</bndbox>
	</object>
	<object>
		<name>van</name>
		<pose>Unspecified</pose>
		<truncated>0</truncated>
		<difficult>0</difficult>
		<occluded>0</occluded>
		<bndbox>
			<xmin>133</xmin>
			<xmax>198</xmax>
			<ymin>158</ymin>
			<ymax>268</ymax>
		</bndbox>
	</object>
	<object>
		<name>car</name>
		<pose>Unspecified</pose>
		<truncated>0</truncated>
		<difficult>0</difficult>
		<occluded>0</occluded>
		<bndbox>
			<xmin>34</xmin>
			<xmax>102</xmax>
			<ymin>165</ymin>
			<ymax>309</ymax>
		</bndbox>
	</object>
</annotation>
