<annotation>
	<folder></folder>
	<filename>frame_3445_jpg.rf.c6d2b5abe97467cf0561ff3f01725d4c.jpg</filename>
	<path>frame_3445_jpg.rf.c6d2b5abe97467cf0561ff3f01725d4c.jpg</path>
	<source>
		<database>roboflow.ai</database>
	</source>
	<size>
		<width>416</width>
		<height>416</height>
		<depth>3</depth>
	</size>
	<segmented>0</segmented>
	<object>
		<name>car</name>
		<pose>Unspecified</pose>
		<truncated>0</truncated>
		<difficult>0</difficult>
		<occluded>0</occluded>
		<bndbox>
			<xmin>50</xmin>
			<xmax>142</xmax>
			<ymin>222</ymin>
			<ymax>367</ymax>
		</bndbox>
	</object>
	<object>
		<name>car</name>
		<pose>Unspecified</pose>
		<truncated>0</truncated>
		<difficult>0</difficult>
		<occluded>0</occluded>
		<bndbox>
			<xmin>238</xmin>
			<xmax>330</xmax>
			<ymin>197</ymin>
			<ymax>342</ymax>
		</bndbox>
	</object>
	<object>
		<name>car</name>
		<pose>Unspecified</pose>
		<truncated>0</truncated>
		<difficult>0</difficult>
		<occluded>0</occluded>
		<bndbox>
			<xmin>166</xmin>
			<xmax>258</xmax>
			<ymin>201</ymin>
			<ymax>346</ymax>
		</bndbox>
	</object>
</annotation>
