<annotation>
	<folder></folder>
	<filename>frame_1876_jpg.rf.c8183e5c80479e3adbfe33a6c86ee10c.jpg</filename>
	<path>frame_1876_jpg.rf.c8183e5c80479e3adbfe33a6c86ee10c.jpg</path>
	<source>
		<database>roboflow.ai</database>
	</source>
	<size>
		<width>416</width>
		<height>416</height>
		<depth>3</depth>
	</size>
	<segmented>0</segmented>
	<object>
		<name>auto</name>
		<pose>Unspecified</pose>
		<truncated>0</truncated>
		<difficult>0</difficult>
		<occluded>0</occluded>
		<bndbox>
			<xmin>89</xmin>
			<xmax>351</xmax>
			<ymin>61</ymin>
			<ymax>415</ymax>
		</bndbox>
	</object>
	<object>
		<name>bus</name>
		<pose>Unspecified</pose>
		<truncated>0</truncated>
		<difficult>0</difficult>
		<occluded>0</occluded>
		<bndbox>
			<xmin>0</xmin>
			<xmax>133</xmax>
			<ymin>55</ymin>
			<ymax>306</ymax>
		</bndbox>
	</object>
</annotation>
