<annotation>
	<folder></folder>
	<filename>frame_1906_jpg.rf.a9dea67361d06b0f491455a3acf6c0a7.jpg</filename>
	<path>frame_1906_jpg.rf.a9dea67361d06b0f491455a3acf6c0a7.jpg</path>
	<source>
		<database>roboflow.ai</database>
	</source>
	<size>
		<width>416</width>
		<height>416</height>
		<depth>3</depth>
	</size>
	<segmented>0</segmented>
	<object>
		<name>auto</name>
		<pose>Unspecified</pose>
		<truncated>0</truncated>
		<difficult>0</difficult>
		<occluded>0</occluded>
		<bndbox>
			<xmin>158</xmin>
			<xmax>312</xmax>
			<ymin>117</ymin>
			<ymax>377</ymax>
		</bndbox>
	</object>
</annotation>
