<annotation>
	<folder></folder>
	<filename>frame_1886_jpg.rf.19ae187824a8bc462c66223755440b2f.jpg</filename>
	<path>frame_1886_jpg.rf.19ae187824a8bc462c66223755440b2f.jpg</path>
	<source>
		<database>roboflow.ai</database>
	</source>
	<size>
		<width>416</width>
		<height>416</height>
		<depth>3</depth>
	</size>
	<segmented>0</segmented>
	<object>
		<name>motorbike</name>
		<pose>Unspecified</pose>
		<truncated>0</truncated>
		<difficult>0</difficult>
		<occluded>0</occluded>
		<bndbox>
			<xmin>331</xmin>
			<xmax>415</xmax>
			<ymin>195</ymin>
			<ymax>382</ymax>
		</bndbox>
	</object>
	<object>
		<name>auto</name>
		<pose>Unspecified</pose>
		<truncated>0</truncated>
		<difficult>0</difficult>
		<occluded>0</occluded>
		<bndbox>
			<xmin>51</xmin>
			<xmax>329</xmax>
			<ymin>42</ymin>
			<ymax>390</ymax>
		</bndbox>
	</object>
</annotation>
