<annotation>
	<folder></folder>
	<filename>frame_1922_jpg.rf.ea5774fe9a3f04775a0beaebb13f7fb8.jpg</filename>
	<path>frame_1922_jpg.rf.ea5774fe9a3f04775a0beaebb13f7fb8.jpg</path>
	<source>
		<database>roboflow.ai</database>
	</source>
	<size>
		<width>416</width>
		<height>416</height>
		<depth>3</depth>
	</size>
	<segmented>0</segmented>
	<object>
		<name>auto</name>
		<pose>Unspecified</pose>
		<truncated>0</truncated>
		<difficult>0</difficult>
		<occluded>0</occluded>
		<bndbox>
			<xmin>29</xmin>
			<xmax>69</xmax>
			<ymin>100</ymin>
			<ymax>164</ymax>
		</bndbox>
	</object>
	<object>
		<name>auto</name>
		<pose>Unspecified</pose>
		<truncated>0</truncated>
		<difficult>0</difficult>
		<occluded>0</occluded>
		<bndbox>
			<xmin>78</xmin>
			<xmax>118</xmax>
			<ymin>99</ymin>
			<ymax>163</ymax>
		</bndbox>
	</object>
	<object>
		<name>car</name>
		<pose>Unspecified</pose>
		<truncated>0</truncated>
		<difficult>0</difficult>
		<occluded>0</occluded>
		<bndbox>
			<xmin>132</xmin>
			<xmax>412</xmax>
			<ymin>33</ymin>
			<ymax>359</ymax>
		</bndbox>
	</object>
</annotation>
