<annotation>
	<folder></folder>
	<filename>frame_1428_jpg.rf.6e7b5c62b68412464c83190bda6e4c15.jpg</filename>
	<path>frame_1428_jpg.rf.6e7b5c62b68412464c83190bda6e4c15.jpg</path>
	<source>
		<database>roboflow.ai</database>
	</source>
	<size>
		<width>416</width>
		<height>416</height>
		<depth>3</depth>
	</size>
	<segmented>0</segmented>
	<object>
		<name>auto</name>
		<pose>Unspecified</pose>
		<truncated>0</truncated>
		<difficult>0</difficult>
		<occluded>0</occluded>
		<bndbox>
			<xmin>0</xmin>
			<xmax>415</xmax>
			<ymin>0</ymin>
			<ymax>415</ymax>
		</bndbox>
	</object>
	<object>
		<name>auto</name>
		<pose>Unspecified</pose>
		<truncated>0</truncated>
		<difficult>0</difficult>
		<occluded>0</occluded>
		<bndbox>
			<xmin>28</xmin>
			<xmax>68</xmax>
			<ymin>180</ymin>
			<ymax>255</ymax>
		</bndbox>
	</object>
	<object>
		<name>motorbike</name>
		<pose>Unspecified</pose>
		<truncated>0</truncated>
		<difficult>0</difficult>
		<occluded>0</occluded>
		<bndbox>
			<xmin>329</xmin>
			<xmax>415</xmax>
			<ymin>11</ymin>
			<ymax>268</ymax>
		</bndbox>
	</object>
</annotation>
