<annotation>
	<folder></folder>
	<filename>frame_1896_jpg.rf.4d47f7b57ae364baa1e78ecfcb817bd9.jpg</filename>
	<path>frame_1896_jpg.rf.4d47f7b57ae364baa1e78ecfcb817bd9.jpg</path>
	<source>
		<database>roboflow.ai</database>
	</source>
	<size>
		<width>416</width>
		<height>416</height>
		<depth>3</depth>
	</size>
	<segmented>0</segmented>
	<object>
		<name>auto</name>
		<pose>Unspecified</pose>
		<truncated>0</truncated>
		<difficult>0</difficult>
		<occluded>0</occluded>
		<bndbox>
			<xmin>63</xmin>
			<xmax>293</xmax>
			<ymin>168</ymin>
			<ymax>414</ymax>
		</bndbox>
	</object>
	<object>
		<name>truck</name>
		<pose>Unspecified</pose>
		<truncated>0</truncated>
		<difficult>0</difficult>
		<occluded>0</occluded>
		<bndbox>
			<xmin>0</xmin>
			<xmax>141</xmax>
			<ymin>166</ymin>
			<ymax>313</ymax>
		</bndbox>
	</object>
</annotation>
