<annotation>
	<folder></folder>
	<filename>frame_1844_jpg.rf.cdc3f087798a95b5316ba25887926268.jpg</filename>
	<path>frame_1844_jpg.rf.cdc3f087798a95b5316ba25887926268.jpg</path>
	<source>
		<database>roboflow.ai</database>
	</source>
	<size>
		<width>416</width>
		<height>416</height>
		<depth>3</depth>
	</size>
	<segmented>0</segmented>
	<object>
		<name>auto</name>
		<pose>Unspecified</pose>
		<truncated>0</truncated>
		<difficult>0</difficult>
		<occluded>0</occluded>
		<bndbox>
			<xmin>90</xmin>
			<xmax>265</xmax>
			<ymin>54</ymin>
			<ymax>365</ymax>
		</bndbox>
	</object>
	<object>
		<name>car</name>
		<pose>Unspecified</pose>
		<truncated>0</truncated>
		<difficult>0</difficult>
		<occluded>0</occluded>
		<bndbox>
			<xmin>289</xmin>
			<xmax>406</xmax>
			<ymin>69</ymin>
			<ymax>208</ymax>
		</bndbox>
	</object>
</annotation>
