<annotation>
	<folder></folder>
	<filename>frame_1433_jpg.rf.7e291a095276aead40f885579fd102e4.jpg</filename>
	<path>frame_1433_jpg.rf.7e291a095276aead40f885579fd102e4.jpg</path>
	<source>
		<database>roboflow.ai</database>
	</source>
	<size>
		<width>416</width>
		<height>416</height>
		<depth>3</depth>
	</size>
	<segmented>0</segmented>
	<object>
		<name>auto</name>
		<pose>Unspecified</pose>
		<truncated>0</truncated>
		<difficult>0</difficult>
		<occluded>0</occluded>
		<bndbox>
			<xmin>32</xmin>
			<xmax>197</xmax>
			<ymin>33</ymin>
			<ymax>288</ymax>
		</bndbox>
	</object>
	<object>
		<name>auto</name>
		<pose>Unspecified</pose>
		<truncated>0</truncated>
		<difficult>0</difficult>
		<occluded>0</occluded>
		<bndbox>
			<xmin>220</xmin>
			<xmax>284</xmax>
			<ymin>55</ymin>
			<ymax>147</ymax>
		</bndbox>
	</object>
</annotation>
