<annotation>
	<folder></folder>
	<filename>frame_1912_jpg.rf.623e3f0cdc0f56c93ba6919e45f85bb5.jpg</filename>
	<path>frame_1912_jpg.rf.623e3f0cdc0f56c93ba6919e45f85bb5.jpg</path>
	<source>
		<database>roboflow.ai</database>
	</source>
	<size>
		<width>416</width>
		<height>416</height>
		<depth>3</depth>
	</size>
	<segmented>0</segmented>
	<object>
		<name>bus</name>
		<pose>Unspecified</pose>
		<truncated>0</truncated>
		<difficult>0</difficult>
		<occluded>0</occluded>
		<bndbox>
			<xmin>55</xmin>
			<xmax>352</xmax>
			<ymin>108</ymin>
			<ymax>344</ymax>
		</bndbox>
	</object>
	<object>
		<name>bus</name>
		<pose>Unspecified</pose>
		<truncated>0</truncated>
		<difficult>0</difficult>
		<occluded>0</occluded>
		<bndbox>
			<xmin>0</xmin>
			<xmax>123</xmax>
			<ymin>23</ymin>
			<ymax>216</ymax>
		</bndbox>
	</object>
</annotation>
