<annotation>
	<folder></folder>
	<filename>frame_1900_jpg.rf.cd79ab22454369d94af1990c6c3831fc.jpg</filename>
	<path>frame_1900_jpg.rf.cd79ab22454369d94af1990c6c3831fc.jpg</path>
	<source>
		<database>roboflow.ai</database>
	</source>
	<size>
		<width>416</width>
		<height>416</height>
		<depth>3</depth>
	</size>
	<segmented>0</segmented>
	<object>
		<name>auto</name>
		<pose>Unspecified</pose>
		<truncated>0</truncated>
		<difficult>0</difficult>
		<occluded>0</occluded>
		<bndbox>
			<xmin>131</xmin>
			<xmax>338</xmax>
			<ymin>76</ymin>
			<ymax>354</ymax>
		</bndbox>
	</object>
	<object>
		<name>auto</name>
		<pose>Unspecified</pose>
		<truncated>0</truncated>
		<difficult>0</difficult>
		<occluded>0</occluded>
		<bndbox>
			<xmin>0</xmin>
			<xmax>132</xmax>
			<ymin>63</ymin>
			<ymax>280</ymax>
		</bndbox>
	</object>
</annotation>
