<annotation>
	<folder></folder>
	<filename>frame_1903_jpg.rf.e5867295e76f2f8085876229beeddf9d.jpg</filename>
	<path>frame_1903_jpg.rf.e5867295e76f2f8085876229beeddf9d.jpg</path>
	<source>
		<database>roboflow.ai</database>
	</source>
	<size>
		<width>416</width>
		<height>416</height>
		<depth>3</depth>
	</size>
	<segmented>0</segmented>
	<object>
		<name>riksha</name>
		<pose>Unspecified</pose>
		<truncated>0</truncated>
		<difficult>0</difficult>
		<occluded>0</occluded>
		<bndbox>
			<xmin>14</xmin>
			<xmax>289</xmax>
			<ymin>95</ymin>
			<ymax>407</ymax>
		</bndbox>
	</object>
	<object>
		<name>riksha</name>
		<pose>Unspecified</pose>
		<truncated>0</truncated>
		<difficult>0</difficult>
		<occluded>0</occluded>
		<bndbox>
			<xmin>298</xmin>
			<xmax>395</xmax>
			<ymin>97</ymin>
			<ymax>263</ymax>
		</bndbox>
	</object>
	<object>
		<name>motorbike</name>
		<pose>Unspecified</pose>
		<truncated>0</truncated>
		<difficult>0</difficult>
		<occluded>0</occluded>
		<bndbox>
			<xmin>251</xmin>
			<xmax>347</xmax>
			<ymin>137</ymin>
			<ymax>273</ymax>
		</bndbox>
	</object>
</annotation>
