<annotation>
	<folder></folder>
	<filename>frame_1857_jpg.rf.c5133340685d11ab692b9e14f478f736.jpg</filename>
	<path>frame_1857_jpg.rf.c5133340685d11ab692b9e14f478f736.jpg</path>
	<source>
		<database>roboflow.ai</database>
	</source>
	<size>
		<width>416</width>
		<height>416</height>
		<depth>3</depth>
	</size>
	<segmented>0</segmented>
	<object>
		<name>auto</name>
		<pose>Unspecified</pose>
		<truncated>0</truncated>
		<difficult>0</difficult>
		<occluded>0</occluded>
		<bndbox>
			<xmin>213</xmin>
			<xmax>410</xmax>
			<ymin>56</ymin>
			<ymax>414</ymax>
		</bndbox>
	</object>
	<object>
		<name>auto</name>
		<pose>Unspecified</pose>
		<truncated>0</truncated>
		<difficult>0</difficult>
		<occluded>0</occluded>
		<bndbox>
			<xmin>120</xmin>
			<xmax>231</xmax>
			<ymin>97</ymin>
			<ymax>344</ymax>
		</bndbox>
	</object>
	<object>
		<name>auto</name>
		<pose>Unspecified</pose>
		<truncated>0</truncated>
		<difficult>0</difficult>
		<occluded>0</occluded>
		<bndbox>
			<xmin>64</xmin>
			<xmax>140</xmax>
			<ymin>126</ymin>
			<ymax>288</ymax>
		</bndbox>
	</object>
</annotation>
