<annotation>
	<folder></folder>
	<filename>frame_1903_jpg.rf.7c7f53e59828e4ca28a678dc81b42633.jpg</filename>
	<path>frame_1903_jpg.rf.7c7f53e59828e4ca28a678dc81b42633.jpg</path>
	<source>
		<database>roboflow.ai</database>
	</source>
	<size>
		<width>416</width>
		<height>416</height>
		<depth>3</depth>
	</size>
	<segmented>0</segmented>
	<object>
		<name>riksha</name>
		<pose>Unspecified</pose>
		<truncated>0</truncated>
		<difficult>0</difficult>
		<occluded>0</occluded>
		<bndbox>
			<xmin>136</xmin>
			<xmax>400</xmax>
			<ymin>100</ymin>
			<ymax>395</ymax>
		</bndbox>
	</object>
	<object>
		<name>riksha</name>
		<pose>Unspecified</pose>
		<truncated>0</truncated>
		<difficult>0</difficult>
		<occluded>0</occluded>
		<bndbox>
			<xmin>21</xmin>
			<xmax>111</xmax>
			<ymin>107</ymin>
			<ymax>267</ymax>
		</bndbox>
	</object>
	<object>
		<name>motorbike</name>
		<pose>Unspecified</pose>
		<truncated>0</truncated>
		<difficult>0</difficult>
		<occluded>0</occluded>
		<bndbox>
			<xmin>71</xmin>
			<xmax>161</xmax>
			<ymin>145</ymin>
			<ymax>275</ymax>
		</bndbox>
	</object>
</annotation>
