<annotation>
	<folder></folder>
	<filename>frame_1896_jpg.rf.57ec674691d897702d91d80db7deab29.jpg</filename>
	<path>frame_1896_jpg.rf.57ec674691d897702d91d80db7deab29.jpg</path>
	<source>
		<database>roboflow.ai</database>
	</source>
	<size>
		<width>416</width>
		<height>416</height>
		<depth>3</depth>
	</size>
	<segmented>0</segmented>
	<object>
		<name>auto</name>
		<pose>Unspecified</pose>
		<truncated>0</truncated>
		<difficult>0</difficult>
		<occluded>0</occluded>
		<bndbox>
			<xmin>127</xmin>
			<xmax>324</xmax>
			<ymin>161</ymin>
			<ymax>411</ymax>
		</bndbox>
	</object>
	<object>
		<name>truck</name>
		<pose>Unspecified</pose>
		<truncated>0</truncated>
		<difficult>0</difficult>
		<occluded>0</occluded>
		<bndbox>
			<xmin>285</xmin>
			<xmax>415</xmax>
			<ymin>121</ymin>
			<ymax>272</ymax>
		</bndbox>
	</object>
</annotation>
