<annotation>
	<folder></folder>
	<filename>frame_1438_jpg.rf.8d58a3b662bdaf2e53fc8d31c5901713.jpg</filename>
	<path>frame_1438_jpg.rf.8d58a3b662bdaf2e53fc8d31c5901713.jpg</path>
	<source>
		<database>roboflow.ai</database>
	</source>
	<size>
		<width>416</width>
		<height>416</height>
		<depth>3</depth>
	</size>
	<segmented>0</segmented>
	<object>
		<name>auto</name>
		<pose>Unspecified</pose>
		<truncated>0</truncated>
		<difficult>0</difficult>
		<occluded>0</occluded>
		<bndbox>
			<xmin>100</xmin>
			<xmax>415</xmax>
			<ymin>23</ymin>
			<ymax>356</ymax>
		</bndbox>
	</object>
	<object>
		<name>auto</name>
		<pose>Unspecified</pose>
		<truncated>0</truncated>
		<difficult>0</difficult>
		<occluded>0</occluded>
		<bndbox>
			<xmin>0</xmin>
			<xmax>159</xmax>
			<ymin>80</ymin>
			<ymax>383</ymax>
		</bndbox>
	</object>
</annotation>
