<annotation>
	<folder></folder>
	<filename>frame_1904_jpg.rf.0ce3c82de96e2211796625df3e6e2d26.jpg</filename>
	<path>frame_1904_jpg.rf.0ce3c82de96e2211796625df3e6e2d26.jpg</path>
	<source>
		<database>roboflow.ai</database>
	</source>
	<size>
		<width>416</width>
		<height>416</height>
		<depth>3</depth>
	</size>
	<segmented>0</segmented>
	<object>
		<name>auto</name>
		<pose>Unspecified</pose>
		<truncated>0</truncated>
		<difficult>0</difficult>
		<occluded>0</occluded>
		<bndbox>
			<xmin>112</xmin>
			<xmax>266</xmax>
			<ymin>149</ymin>
			<ymax>415</ymax>
		</bndbox>
	</object>
</annotation>
