<annotation>
	<folder></folder>
	<filename>frame_1888_jpg.rf.22c36cef74f8c65fb31528ceb8aed0d9.jpg</filename>
	<path>frame_1888_jpg.rf.22c36cef74f8c65fb31528ceb8aed0d9.jpg</path>
	<source>
		<database>roboflow.ai</database>
	</source>
	<size>
		<width>416</width>
		<height>416</height>
		<depth>3</depth>
	</size>
	<segmented>0</segmented>
	<object>
		<name>bus</name>
		<pose>Unspecified</pose>
		<truncated>0</truncated>
		<difficult>0</difficult>
		<occluded>0</occluded>
		<bndbox>
			<xmin>94</xmin>
			<xmax>199</xmax>
			<ymin>0</ymin>
			<ymax>114</ymax>
		</bndbox>
	</object>
</annotation>
