<annotation>
	<folder></folder>
	<filename>frame_1924_jpg.rf.ff62beb8b641983f2cfa3140e8d1ef5c.jpg</filename>
	<path>frame_1924_jpg.rf.ff62beb8b641983f2cfa3140e8d1ef5c.jpg</path>
	<source>
		<database>roboflow.ai</database>
	</source>
	<size>
		<width>416</width>
		<height>416</height>
		<depth>3</depth>
	</size>
	<segmented>0</segmented>
	<object>
		<name>auto</name>
		<pose>Unspecified</pose>
		<truncated>0</truncated>
		<difficult>0</difficult>
		<occluded>0</occluded>
		<bndbox>
			<xmin>88</xmin>
			<xmax>233</xmax>
			<ymin>153</ymin>
			<ymax>376</ymax>
		</bndbox>
	</object>
	<object>
		<name>auto</name>
		<pose>Unspecified</pose>
		<truncated>0</truncated>
		<difficult>0</difficult>
		<occluded>0</occluded>
		<bndbox>
			<xmin>203</xmin>
			<xmax>415</xmax>
			<ymin>133</ymin>
			<ymax>415</ymax>
		</bndbox>
	</object>
</annotation>
