<annotation>
	<folder></folder>
	<filename>frame_1836_jpg.rf.1bf3017f4d52841580c6b3a92abd60c5.jpg</filename>
	<path>frame_1836_jpg.rf.1bf3017f4d52841580c6b3a92abd60c5.jpg</path>
	<source>
		<database>roboflow.ai</database>
	</source>
	<size>
		<width>416</width>
		<height>416</height>
		<depth>3</depth>
	</size>
	<segmented>0</segmented>
	<object>
		<name>auto</name>
		<pose>Unspecified</pose>
		<truncated>0</truncated>
		<difficult>0</difficult>
		<occluded>0</occluded>
		<bndbox>
			<xmin>10</xmin>
			<xmax>238</xmax>
			<ymin>154</ymin>
			<ymax>401</ymax>
		</bndbox>
	</object>
</annotation>
