<annotation>
	<folder></folder>
	<filename>frame_1890_jpg.rf.5c597ecfbebe6a3db8c93f001a1c9f45.jpg</filename>
	<path>frame_1890_jpg.rf.5c597ecfbebe6a3db8c93f001a1c9f45.jpg</path>
	<source>
		<database>roboflow.ai</database>
	</source>
	<size>
		<width>416</width>
		<height>416</height>
		<depth>3</depth>
	</size>
	<segmented>0</segmented>
	<object>
		<name>auto</name>
		<pose>Unspecified</pose>
		<truncated>0</truncated>
		<difficult>0</difficult>
		<occluded>0</occluded>
		<bndbox>
			<xmin>36</xmin>
			<xmax>302</xmax>
			<ymin>110</ymin>
			<ymax>415</ymax>
		</bndbox>
	</object>
	<object>
		<name>motorbike</name>
		<pose>Unspecified</pose>
		<truncated>0</truncated>
		<difficult>0</difficult>
		<occluded>0</occluded>
		<bndbox>
			<xmin>289</xmin>
			<xmax>382</xmax>
			<ymin>183</ymin>
			<ymax>309</ymax>
		</bndbox>
	</object>
</annotation>
