<annotation>
	<folder></folder>
	<filename>frame_1900_jpg.rf.2059c2cc553029e58bdf36200b809526.jpg</filename>
	<path>frame_1900_jpg.rf.2059c2cc553029e58bdf36200b809526.jpg</path>
	<source>
		<database>roboflow.ai</database>
	</source>
	<size>
		<width>416</width>
		<height>416</height>
		<depth>3</depth>
	</size>
	<segmented>0</segmented>
	<object>
		<name>auto</name>
		<pose>Unspecified</pose>
		<truncated>0</truncated>
		<difficult>0</difficult>
		<occluded>0</occluded>
		<bndbox>
			<xmin>63</xmin>
			<xmax>303</xmax>
			<ymin>48</ymin>
			<ymax>372</ymax>
		</bndbox>
	</object>
	<object>
		<name>auto</name>
		<pose>Unspecified</pose>
		<truncated>0</truncated>
		<difficult>0</difficult>
		<occluded>0</occluded>
		<bndbox>
			<xmin>265</xmin>
			<xmax>415</xmax>
			<ymin>79</ymin>
			<ymax>330</ymax>
		</bndbox>
	</object>
</annotation>
