<annotation>
	<folder></folder>
	<filename>frame_1876_jpg.rf.ec90a5590624b046927bb8742bc14041.jpg</filename>
	<path>frame_1876_jpg.rf.ec90a5590624b046927bb8742bc14041.jpg</path>
	<source>
		<database>roboflow.ai</database>
	</source>
	<size>
		<width>416</width>
		<height>416</height>
		<depth>3</depth>
	</size>
	<segmented>0</segmented>
	<object>
		<name>auto</name>
		<pose>Unspecified</pose>
		<truncated>0</truncated>
		<difficult>0</difficult>
		<occluded>0</occluded>
		<bndbox>
			<xmin>69</xmin>
			<xmax>338</xmax>
			<ymin>72</ymin>
			<ymax>415</ymax>
		</bndbox>
	</object>
	<object>
		<name>bus</name>
		<pose>Unspecified</pose>
		<truncated>0</truncated>
		<difficult>0</difficult>
		<occluded>0</occluded>
		<bndbox>
			<xmin>267</xmin>
			<xmax>415</xmax>
			<ymin>0</ymin>
			<ymax>211</ymax>
		</bndbox>
	</object>
</annotation>
