<annotation>
	<folder></folder>
	<filename>frame_1436_jpg.rf.f2b647bdb1caf3db40abbe3897b09b68.jpg</filename>
	<path>frame_1436_jpg.rf.f2b647bdb1caf3db40abbe3897b09b68.jpg</path>
	<source>
		<database>roboflow.ai</database>
	</source>
	<size>
		<width>416</width>
		<height>416</height>
		<depth>3</depth>
	</size>
	<segmented>0</segmented>
	<object>
		<name>auto</name>
		<pose>Unspecified</pose>
		<truncated>0</truncated>
		<difficult>0</difficult>
		<occluded>0</occluded>
		<bndbox>
			<xmin>1</xmin>
			<xmax>186</xmax>
			<ymin>213</ymin>
			<ymax>415</ymax>
		</bndbox>
	</object>
	<object>
		<name>auto</name>
		<pose>Unspecified</pose>
		<truncated>0</truncated>
		<difficult>0</difficult>
		<occluded>0</occluded>
		<bndbox>
			<xmin>132</xmin>
			<xmax>413</xmax>
			<ymin>169</ymin>
			<ymax>386</ymax>
		</bndbox>
	</object>
</annotation>
