<annotation>
	<folder></folder>
	<filename>frame_1878_jpg.rf.a4ede44f821d3554f6f7ba5091f4e3ed.jpg</filename>
	<path>frame_1878_jpg.rf.a4ede44f821d3554f6f7ba5091f4e3ed.jpg</path>
	<source>
		<database>roboflow.ai</database>
	</source>
	<size>
		<width>416</width>
		<height>416</height>
		<depth>3</depth>
	</size>
	<segmented>0</segmented>
	<object>
		<name>auto</name>
		<pose>Unspecified</pose>
		<truncated>0</truncated>
		<difficult>0</difficult>
		<occluded>0</occluded>
		<bndbox>
			<xmin>141</xmin>
			<xmax>354</xmax>
			<ymin>90</ymin>
			<ymax>385</ymax>
		</bndbox>
	</object>
	<object>
		<name>auto</name>
		<pose>Unspecified</pose>
		<truncated>0</truncated>
		<difficult>0</difficult>
		<occluded>0</occluded>
		<bndbox>
			<xmin>124</xmin>
			<xmax>195</xmax>
			<ymin>118</ymin>
			<ymax>237</ymax>
		</bndbox>
	</object>
	<object>
		<name>car</name>
		<pose>Unspecified</pose>
		<truncated>0</truncated>
		<difficult>0</difficult>
		<occluded>0</occluded>
		<bndbox>
			<xmin>291</xmin>
			<xmax>416</xmax>
			<ymin>156</ymin>
			<ymax>359</ymax>
		</bndbox>
	</object>
</annotation>
