<annotation>
	<folder></folder>
	<filename>frame_1902_jpg.rf.5f3a107a92387e1b826637100a88c8ce.jpg</filename>
	<path>frame_1902_jpg.rf.5f3a107a92387e1b826637100a88c8ce.jpg</path>
	<source>
		<database>roboflow.ai</database>
	</source>
	<size>
		<width>416</width>
		<height>416</height>
		<depth>3</depth>
	</size>
	<segmented>0</segmented>
	<object>
		<name>auto</name>
		<pose>Unspecified</pose>
		<truncated>0</truncated>
		<difficult>0</difficult>
		<occluded>0</occluded>
		<bndbox>
			<xmin>179</xmin>
			<xmax>383</xmax>
			<ymin>42</ymin>
			<ymax>410</ymax>
		</bndbox>
	</object>
	<object>
		<name>auto</name>
		<pose>Unspecified</pose>
		<truncated>0</truncated>
		<difficult>0</difficult>
		<occluded>0</occluded>
		<bndbox>
			<xmin>81</xmin>
			<xmax>262</xmax>
			<ymin>21</ymin>
			<ymax>305</ymax>
		</bndbox>
	</object>
	<object>
		<name>auto</name>
		<pose>Unspecified</pose>
		<truncated>0</truncated>
		<difficult>0</difficult>
		<occluded>0</occluded>
		<bndbox>
			<xmin>27</xmin>
			<xmax>136</xmax>
			<ymin>27</ymin>
			<ymax>271</ymax>
		</bndbox>
	</object>
</annotation>
