<annotation>
	<folder></folder>
	<filename>frame_1906_jpg.rf.26efe30e5cb7db5b940f1c75a02a8170.jpg</filename>
	<path>frame_1906_jpg.rf.26efe30e5cb7db5b940f1c75a02a8170.jpg</path>
	<source>
		<database>roboflow.ai</database>
	</source>
	<size>
		<width>416</width>
		<height>416</height>
		<depth>3</depth>
	</size>
	<segmented>0</segmented>
	<object>
		<name>auto</name>
		<pose>Unspecified</pose>
		<truncated>0</truncated>
		<difficult>0</difficult>
		<occluded>0</occluded>
		<bndbox>
			<xmin>77</xmin>
			<xmax>265</xmax>
			<ymin>110</ymin>
			<ymax>374</ymax>
		</bndbox>
	</object>
</annotation>
