<annotation>
	<folder></folder>
	<filename>frame_1913_jpg.rf.5caa7c7e6a09cd4b725dee9f7138e537.jpg</filename>
	<path>frame_1913_jpg.rf.5caa7c7e6a09cd4b725dee9f7138e537.jpg</path>
	<source>
		<database>roboflow.ai</database>
	</source>
	<size>
		<width>416</width>
		<height>416</height>
		<depth>3</depth>
	</size>
	<segmented>0</segmented>
	<object>
		<name>auto</name>
		<pose>Unspecified</pose>
		<truncated>0</truncated>
		<difficult>0</difficult>
		<occluded>0</occluded>
		<bndbox>
			<xmin>43</xmin>
			<xmax>386</xmax>
			<ymin>25</ymin>
			<ymax>415</ymax>
		</bndbox>
	</object>
</annotation>
