<annotation>
	<folder></folder>
	<filename>frame_1917_jpg.rf.b90df64c5c31ab30011ede7291c50a0a.jpg</filename>
	<path>frame_1917_jpg.rf.b90df64c5c31ab30011ede7291c50a0a.jpg</path>
	<source>
		<database>roboflow.ai</database>
	</source>
	<size>
		<width>416</width>
		<height>416</height>
		<depth>3</depth>
	</size>
	<segmented>0</segmented>
	<object>
		<name>riksha</name>
		<pose>Unspecified</pose>
		<truncated>0</truncated>
		<difficult>0</difficult>
		<occluded>0</occluded>
		<bndbox>
			<xmin>67</xmin>
			<xmax>308</xmax>
			<ymin>106</ymin>
			<ymax>404</ymax>
		</bndbox>
	</object>
</annotation>
