<annotation>
	<folder></folder>
	<filename>frame_1888_jpg.rf.5cb365454d9bed15d6810c6a6dab1a0d.jpg</filename>
	<path>frame_1888_jpg.rf.5cb365454d9bed15d6810c6a6dab1a0d.jpg</path>
	<source>
		<database>roboflow.ai</database>
	</source>
	<size>
		<width>416</width>
		<height>416</height>
		<depth>3</depth>
	</size>
	<segmented>0</segmented>
	<object>
		<name>bus</name>
		<pose>Unspecified</pose>
		<truncated>0</truncated>
		<difficult>0</difficult>
		<occluded>0</occluded>
		<bndbox>
			<xmin>253</xmin>
			<xmax>337</xmax>
			<ymin>8</ymin>
			<ymax>116</ymax>
		</bndbox>
	</object>
</annotation>
