<annotation>
	<folder></folder>
	<filename>frame_1924_jpg.rf.054d38ff2d6d22e9fb1099ace2896167.jpg</filename>
	<path>frame_1924_jpg.rf.054d38ff2d6d22e9fb1099ace2896167.jpg</path>
	<source>
		<database>roboflow.ai</database>
	</source>
	<size>
		<width>416</width>
		<height>416</height>
		<depth>3</depth>
	</size>
	<segmented>0</segmented>
	<object>
		<name>auto</name>
		<pose>Unspecified</pose>
		<truncated>0</truncated>
		<difficult>0</difficult>
		<occluded>0</occluded>
		<bndbox>
			<xmin>40</xmin>
			<xmax>198</xmax>
			<ymin>149</ymin>
			<ymax>347</ymax>
		</bndbox>
	</object>
	<object>
		<name>auto</name>
		<pose>Unspecified</pose>
		<truncated>0</truncated>
		<difficult>0</difficult>
		<occluded>0</occluded>
		<bndbox>
			<xmin>133</xmin>
			<xmax>378</xmax>
			<ymin>163</ymin>
			<ymax>415</ymax>
		</bndbox>
	</object>
</annotation>
