<annotation>
	<folder></folder>
	<filename>frame_1912_jpg.rf.0b848c478996330afa73eb433f3a0672.jpg</filename>
	<path>frame_1912_jpg.rf.0b848c478996330afa73eb433f3a0672.jpg</path>
	<source>
		<database>roboflow.ai</database>
	</source>
	<size>
		<width>416</width>
		<height>416</height>
		<depth>3</depth>
	</size>
	<segmented>0</segmented>
	<object>
		<name>bus</name>
		<pose>Unspecified</pose>
		<truncated>0</truncated>
		<difficult>0</difficult>
		<occluded>0</occluded>
		<bndbox>
			<xmin>49</xmin>
			<xmax>353</xmax>
			<ymin>98</ymin>
			<ymax>355</ymax>
		</bndbox>
	</object>
	<object>
		<name>bus</name>
		<pose>Unspecified</pose>
		<truncated>0</truncated>
		<difficult>0</difficult>
		<occluded>0</occluded>
		<bndbox>
			<xmin>1</xmin>
			<xmax>140</xmax>
			<ymin>51</ymin>
			<ymax>255</ymax>
		</bndbox>
	</object>
</annotation>
