<annotation>
	<folder></folder>
	<filename>frame_1878_jpg.rf.4d2ca8c10ed2bf00c9eb100046e93b1f.jpg</filename>
	<path>frame_1878_jpg.rf.4d2ca8c10ed2bf00c9eb100046e93b1f.jpg</path>
	<source>
		<database>roboflow.ai</database>
	</source>
	<size>
		<width>416</width>
		<height>416</height>
		<depth>3</depth>
	</size>
	<segmented>0</segmented>
	<object>
		<name>auto</name>
		<pose>Unspecified</pose>
		<truncated>0</truncated>
		<difficult>0</difficult>
		<occluded>0</occluded>
		<bndbox>
			<xmin>151</xmin>
			<xmax>348</xmax>
			<ymin>96</ymin>
			<ymax>374</ymax>
		</bndbox>
	</object>
	<object>
		<name>auto</name>
		<pose>Unspecified</pose>
		<truncated>0</truncated>
		<difficult>0</difficult>
		<occluded>0</occluded>
		<bndbox>
			<xmin>125</xmin>
			<xmax>188</xmax>
			<ymin>125</ymin>
			<ymax>239</ymax>
		</bndbox>
	</object>
	<object>
		<name>car</name>
		<pose>Unspecified</pose>
		<truncated>0</truncated>
		<difficult>0</difficult>
		<occluded>0</occluded>
		<bndbox>
			<xmin>300</xmin>
			<xmax>416</xmax>
			<ymin>148</ymin>
			<ymax>340</ymax>
		</bndbox>
	</object>
</annotation>
