<annotation>
	<folder></folder>
	<filename>frame_1881_jpg.rf.c146743a204733c1fb40aaf5867f216c.jpg</filename>
	<path>frame_1881_jpg.rf.c146743a204733c1fb40aaf5867f216c.jpg</path>
	<source>
		<database>roboflow.ai</database>
	</source>
	<size>
		<width>416</width>
		<height>416</height>
		<depth>3</depth>
	</size>
	<segmented>0</segmented>
	<object>
		<name>auto</name>
		<pose>Unspecified</pose>
		<truncated>0</truncated>
		<difficult>0</difficult>
		<occluded>0</occluded>
		<bndbox>
			<xmin>124</xmin>
			<xmax>287</xmax>
			<ymin>79</ymin>
			<ymax>374</ymax>
		</bndbox>
	</object>
</annotation>
