<annotation>
	<folder></folder>
	<filename>frame_1912_jpg.rf.e533cb9708234c9b6c467ce65317c406.jpg</filename>
	<path>frame_1912_jpg.rf.e533cb9708234c9b6c467ce65317c406.jpg</path>
	<source>
		<database>roboflow.ai</database>
	</source>
	<size>
		<width>416</width>
		<height>416</height>
		<depth>3</depth>
	</size>
	<segmented>0</segmented>
	<object>
		<name>bus</name>
		<pose>Unspecified</pose>
		<truncated>0</truncated>
		<difficult>0</difficult>
		<occluded>0</occluded>
		<bndbox>
			<xmin>79</xmin>
			<xmax>362</xmax>
			<ymin>103</ymin>
			<ymax>345</ymax>
		</bndbox>
	</object>
	<object>
		<name>bus</name>
		<pose>Unspecified</pose>
		<truncated>0</truncated>
		<difficult>0</difficult>
		<occluded>0</occluded>
		<bndbox>
			<xmin>258</xmin>
			<xmax>408</xmax>
			<ymin>7</ymin>
			<ymax>199</ymax>
		</bndbox>
	</object>
</annotation>
