<annotation>
	<folder></folder>
	<filename>frame_1918_jpg.rf.772de31dbdb2f1656c96988df0abead4.jpg</filename>
	<path>frame_1918_jpg.rf.772de31dbdb2f1656c96988df0abead4.jpg</path>
	<source>
		<database>roboflow.ai</database>
	</source>
	<size>
		<width>416</width>
		<height>416</height>
		<depth>3</depth>
	</size>
	<segmented>0</segmented>
	<object>
		<name>car</name>
		<pose>Unspecified</pose>
		<truncated>0</truncated>
		<difficult>0</difficult>
		<occluded>0</occluded>
		<bndbox>
			<xmin>303</xmin>
			<xmax>415</xmax>
			<ymin>185</ymin>
			<ymax>310</ymax>
		</bndbox>
	</object>
	<object>
		<name>auto</name>
		<pose>Unspecified</pose>
		<truncated>0</truncated>
		<difficult>0</difficult>
		<occluded>0</occluded>
		<bndbox>
			<xmin>158</xmin>
			<xmax>240</xmax>
			<ymin>153</ymin>
			<ymax>267</ymax>
		</bndbox>
	</object>
</annotation>
