<annotation>
	<folder></folder>
	<filename>frame_1432_jpg.rf.83ff3a3bbef4b1dc8cad264118c47768.jpg</filename>
	<path>frame_1432_jpg.rf.83ff3a3bbef4b1dc8cad264118c47768.jpg</path>
	<source>
		<database>roboflow.ai</database>
	</source>
	<size>
		<width>416</width>
		<height>416</height>
		<depth>3</depth>
	</size>
	<segmented>0</segmented>
	<object>
		<name>motorbike</name>
		<pose>Unspecified</pose>
		<truncated>0</truncated>
		<difficult>0</difficult>
		<occluded>0</occluded>
		<bndbox>
			<xmin>274</xmin>
			<xmax>376</xmax>
			<ymin>197</ymin>
			<ymax>405</ymax>
		</bndbox>
	</object>
	<object>
		<name>auto</name>
		<pose>Unspecified</pose>
		<truncated>0</truncated>
		<difficult>0</difficult>
		<occluded>0</occluded>
		<bndbox>
			<xmin>0</xmin>
			<xmax>175</xmax>
			<ymin>133</ymin>
			<ymax>415</ymax>
		</bndbox>
	</object>
</annotation>
