<annotation>
	<folder></folder>
	<filename>frame_1906_jpg.rf.9df21938e37e54ef2286dff96fdc6805.jpg</filename>
	<path>frame_1906_jpg.rf.9df21938e37e54ef2286dff96fdc6805.jpg</path>
	<source>
		<database>roboflow.ai</database>
	</source>
	<size>
		<width>416</width>
		<height>416</height>
		<depth>3</depth>
	</size>
	<segmented>0</segmented>
	<object>
		<name>auto</name>
		<pose>Unspecified</pose>
		<truncated>0</truncated>
		<difficult>0</difficult>
		<occluded>0</occluded>
		<bndbox>
			<xmin>172</xmin>
			<xmax>302</xmax>
			<ymin>118</ymin>
			<ymax>385</ymax>
		</bndbox>
	</object>
</annotation>
