<annotation>
	<folder></folder>
	<filename>frame_1904_jpg.rf.86fcc0361a92be387c7a5d0dab44d931.jpg</filename>
	<path>frame_1904_jpg.rf.86fcc0361a92be387c7a5d0dab44d931.jpg</path>
	<source>
		<database>roboflow.ai</database>
	</source>
	<size>
		<width>416</width>
		<height>416</height>
		<depth>3</depth>
	</size>
	<segmented>0</segmented>
	<object>
		<name>auto</name>
		<pose>Unspecified</pose>
		<truncated>0</truncated>
		<difficult>0</difficult>
		<occluded>0</occluded>
		<bndbox>
			<xmin>160</xmin>
			<xmax>362</xmax>
			<ymin>143</ymin>
			<ymax>415</ymax>
		</bndbox>
	</object>
</annotation>
