<annotation>
	<folder></folder>
	<filename>frame_1906_jpg.rf.1f604a05f0aeb6c97af6fdf3a2fd6b1b.jpg</filename>
	<path>frame_1906_jpg.rf.1f604a05f0aeb6c97af6fdf3a2fd6b1b.jpg</path>
	<source>
		<database>roboflow.ai</database>
	</source>
	<size>
		<width>416</width>
		<height>416</height>
		<depth>3</depth>
	</size>
	<segmented>0</segmented>
	<object>
		<name>auto</name>
		<pose>Unspecified</pose>
		<truncated>0</truncated>
		<difficult>0</difficult>
		<occluded>0</occluded>
		<bndbox>
			<xmin>92</xmin>
			<xmax>251</xmax>
			<ymin>128</ymin>
			<ymax>394</ymax>
		</bndbox>
	</object>
</annotation>
