<annotation>
	<folder></folder>
	<filename>frame_1844_jpg.rf.7373cb6c569ae141500de2eca0d1e61b.jpg</filename>
	<path>frame_1844_jpg.rf.7373cb6c569ae141500de2eca0d1e61b.jpg</path>
	<source>
		<database>roboflow.ai</database>
	</source>
	<size>
		<width>416</width>
		<height>416</height>
		<depth>3</depth>
	</size>
	<segmented>0</segmented>
	<object>
		<name>auto</name>
		<pose>Unspecified</pose>
		<truncated>0</truncated>
		<difficult>0</difficult>
		<occluded>0</occluded>
		<bndbox>
			<xmin>144</xmin>
			<xmax>332</xmax>
			<ymin>52</ymin>
			<ymax>366</ymax>
		</bndbox>
	</object>
	<object>
		<name>car</name>
		<pose>Unspecified</pose>
		<truncated>0</truncated>
		<difficult>0</difficult>
		<occluded>0</occluded>
		<bndbox>
			<xmin>14</xmin>
			<xmax>141</xmax>
			<ymin>74</ymin>
			<ymax>214</ymax>
		</bndbox>
	</object>
</annotation>
