<annotation>
	<folder></folder>
	<filename>frame_1873_jpg.rf.96c70c0c163c72ea6b4506f34f9746ad.jpg</filename>
	<path>frame_1873_jpg.rf.96c70c0c163c72ea6b4506f34f9746ad.jpg</path>
	<source>
		<database>roboflow.ai</database>
	</source>
	<size>
		<width>416</width>
		<height>416</height>
		<depth>3</depth>
	</size>
	<segmented>0</segmented>
	<object>
		<name>auto</name>
		<pose>Unspecified</pose>
		<truncated>0</truncated>
		<difficult>0</difficult>
		<occluded>0</occluded>
		<bndbox>
			<xmin>10</xmin>
			<xmax>165</xmax>
			<ymin>59</ymin>
			<ymax>270</ymax>
		</bndbox>
	</object>
	<object>
		<name>auto</name>
		<pose>Unspecified</pose>
		<truncated>0</truncated>
		<difficult>0</difficult>
		<occluded>0</occluded>
		<bndbox>
			<xmin>121</xmin>
			<xmax>239</xmax>
			<ymin>92</ymin>
			<ymax>288</ymax>
		</bndbox>
	</object>
</annotation>
