<annotation>
	<folder></folder>
	<filename>frame_1836_jpg.rf.aece5b3dba390376458f67033b95999f.jpg</filename>
	<path>frame_1836_jpg.rf.aece5b3dba390376458f67033b95999f.jpg</path>
	<source>
		<database>roboflow.ai</database>
	</source>
	<size>
		<width>416</width>
		<height>416</height>
		<depth>3</depth>
	</size>
	<segmented>0</segmented>
	<object>
		<name>auto</name>
		<pose>Unspecified</pose>
		<truncated>0</truncated>
		<difficult>0</difficult>
		<occluded>0</occluded>
		<bndbox>
			<xmin>159</xmin>
			<xmax>415</xmax>
			<ymin>154</ymin>
			<ymax>410</ymax>
		</bndbox>
	</object>
</annotation>
