<annotation>
	<folder></folder>
	<filename>frame_1921_jpg.rf.e1af2b3fc1b7c94a9733e974d63a4eef.jpg</filename>
	<path>frame_1921_jpg.rf.e1af2b3fc1b7c94a9733e974d63a4eef.jpg</path>
	<source>
		<database>roboflow.ai</database>
	</source>
	<size>
		<width>416</width>
		<height>416</height>
		<depth>3</depth>
	</size>
	<segmented>0</segmented>
	<object>
		<name>auto</name>
		<pose>Unspecified</pose>
		<truncated>0</truncated>
		<difficult>0</difficult>
		<occluded>0</occluded>
		<bndbox>
			<xmin>68</xmin>
			<xmax>415</xmax>
			<ymin>0</ymin>
			<ymax>415</ymax>
		</bndbox>
	</object>
	<object>
		<name>auto</name>
		<pose>Unspecified</pose>
		<truncated>0</truncated>
		<difficult>0</difficult>
		<occluded>0</occluded>
		<bndbox>
			<xmin>0</xmin>
			<xmax>52</xmax>
			<ymin>3</ymin>
			<ymax>136</ymax>
		</bndbox>
	</object>
</annotation>
