<annotation>
	<folder></folder>
	<filename>frame_1438_jpg.rf.75cb88c6523ee5abd9c9ff2aa66ec8da.jpg</filename>
	<path>frame_1438_jpg.rf.75cb88c6523ee5abd9c9ff2aa66ec8da.jpg</path>
	<source>
		<database>roboflow.ai</database>
	</source>
	<size>
		<width>416</width>
		<height>416</height>
		<depth>3</depth>
	</size>
	<segmented>0</segmented>
	<object>
		<name>auto</name>
		<pose>Unspecified</pose>
		<truncated>0</truncated>
		<difficult>0</difficult>
		<occluded>0</occluded>
		<bndbox>
			<xmin>0</xmin>
			<xmax>313</xmax>
			<ymin>11</ymin>
			<ymax>362</ymax>
		</bndbox>
	</object>
	<object>
		<name>auto</name>
		<pose>Unspecified</pose>
		<truncated>0</truncated>
		<difficult>0</difficult>
		<occluded>0</occluded>
		<bndbox>
			<xmin>261</xmin>
			<xmax>415</xmax>
			<ymin>78</ymin>
			<ymax>399</ymax>
		</bndbox>
	</object>
</annotation>
