<annotation>
	<folder></folder>
	<filename>frame_1879_jpg.rf.21620ea59e300b7083c9862e6ccdedae.jpg</filename>
	<path>frame_1879_jpg.rf.21620ea59e300b7083c9862e6ccdedae.jpg</path>
	<source>
		<database>roboflow.ai</database>
	</source>
	<size>
		<width>416</width>
		<height>416</height>
		<depth>3</depth>
	</size>
	<segmented>0</segmented>
	<object>
		<name>auto</name>
		<pose>Unspecified</pose>
		<truncated>0</truncated>
		<difficult>0</difficult>
		<occluded>0</occluded>
		<bndbox>
			<xmin>0</xmin>
			<xmax>415</xmax>
			<ymin>33</ymin>
			<ymax>416</ymax>
		</bndbox>
	</object>
</annotation>
