<annotation>
	<folder></folder>
	<filename>frame_1445_jpg.rf.51c14d177f323b9f96c34a99b146c99b.jpg</filename>
	<path>frame_1445_jpg.rf.51c14d177f323b9f96c34a99b146c99b.jpg</path>
	<source>
		<database>roboflow.ai</database>
	</source>
	<size>
		<width>416</width>
		<height>416</height>
		<depth>3</depth>
	</size>
	<segmented>0</segmented>
	<object>
		<name>motorbike</name>
		<pose>Unspecified</pose>
		<truncated>0</truncated>
		<difficult>0</difficult>
		<occluded>0</occluded>
		<bndbox>
			<xmin>204</xmin>
			<xmax>243</xmax>
			<ymin>76</ymin>
			<ymax>163</ymax>
		</bndbox>
	</object>
	<object>
		<name>motorbike</name>
		<pose>Unspecified</pose>
		<truncated>0</truncated>
		<difficult>0</difficult>
		<occluded>0</occluded>
		<bndbox>
			<xmin>105</xmin>
			<xmax>130</xmax>
			<ymin>52</ymin>
			<ymax>131</ymax>
		</bndbox>
	</object>
	<object>
		<name>auto</name>
		<pose>Unspecified</pose>
		<truncated>0</truncated>
		<difficult>0</difficult>
		<occluded>0</occluded>
		<bndbox>
			<xmin>128</xmin>
			<xmax>197</xmax>
			<ymin>56</ymin>
			<ymax>178</ymax>
		</bndbox>
	</object>
	<object>
		<name>auto</name>
		<pose>Unspecified</pose>
		<truncated>0</truncated>
		<difficult>0</difficult>
		<occluded>0</occluded>
		<bndbox>
			<xmin>0</xmin>
			<xmax>112</xmax>
			<ymin>0</ymin>
			<ymax>224</ymax>
		</bndbox>
	</object>
</annotation>
