<annotation>
	<folder></folder>
	<filename>frame_1442_jpg.rf.eaccc93747d7b1744be3eb8f7705eb2a.jpg</filename>
	<path>frame_1442_jpg.rf.eaccc93747d7b1744be3eb8f7705eb2a.jpg</path>
	<source>
		<database>roboflow.ai</database>
	</source>
	<size>
		<width>416</width>
		<height>416</height>
		<depth>3</depth>
	</size>
	<segmented>0</segmented>
	<object>
		<name>auto</name>
		<pose>Unspecified</pose>
		<truncated>0</truncated>
		<difficult>0</difficult>
		<occluded>0</occluded>
		<bndbox>
			<xmin>25</xmin>
			<xmax>399</xmax>
			<ymin>53</ymin>
			<ymax>399</ymax>
		</bndbox>
	</object>
</annotation>
