<annotation>
	<folder></folder>
	<filename>frame_1870_jpg.rf.b68761fb3a2e20b700ec406ff35e9e21.jpg</filename>
	<path>frame_1870_jpg.rf.b68761fb3a2e20b700ec406ff35e9e21.jpg</path>
	<source>
		<database>roboflow.ai</database>
	</source>
	<size>
		<width>416</width>
		<height>416</height>
		<depth>3</depth>
	</size>
	<segmented>0</segmented>
	<object>
		<name>auto</name>
		<pose>Unspecified</pose>
		<truncated>0</truncated>
		<difficult>0</difficult>
		<occluded>0</occluded>
		<bndbox>
			<xmin>148</xmin>
			<xmax>389</xmax>
			<ymin>57</ymin>
			<ymax>379</ymax>
		</bndbox>
	</object>
	<object>
		<name>auto</name>
		<pose>Unspecified</pose>
		<truncated>0</truncated>
		<difficult>0</difficult>
		<occluded>0</occluded>
		<bndbox>
			<xmin>57</xmin>
			<xmax>185</xmax>
			<ymin>20</ymin>
			<ymax>199</ymax>
		</bndbox>
	</object>
</annotation>
