<annotation>
	<folder></folder>
	<filename>frame_1890_jpg.rf.a65c46811ad01a25244201708bfb7f1d.jpg</filename>
	<path>frame_1890_jpg.rf.a65c46811ad01a25244201708bfb7f1d.jpg</path>
	<source>
		<database>roboflow.ai</database>
	</source>
	<size>
		<width>416</width>
		<height>416</height>
		<depth>3</depth>
	</size>
	<segmented>0</segmented>
	<object>
		<name>auto</name>
		<pose>Unspecified</pose>
		<truncated>0</truncated>
		<difficult>0</difficult>
		<occluded>0</occluded>
		<bndbox>
			<xmin>103</xmin>
			<xmax>384</xmax>
			<ymin>127</ymin>
			<ymax>415</ymax>
		</bndbox>
	</object>
	<object>
		<name>motorbike</name>
		<pose>Unspecified</pose>
		<truncated>0</truncated>
		<difficult>0</difficult>
		<occluded>0</occluded>
		<bndbox>
			<xmin>31</xmin>
			<xmax>129</xmax>
			<ymin>177</ymin>
			<ymax>293</ymax>
		</bndbox>
	</object>
</annotation>
