<annotation>
	<folder></folder>
	<filename>frame_1852_jpg.rf.2cadf94ef1c9bb7600d97097a67c87ed.jpg</filename>
	<path>frame_1852_jpg.rf.2cadf94ef1c9bb7600d97097a67c87ed.jpg</path>
	<source>
		<database>roboflow.ai</database>
	</source>
	<size>
		<width>416</width>
		<height>416</height>
		<depth>3</depth>
	</size>
	<segmented>0</segmented>
	<object>
		<name>auto</name>
		<pose>Unspecified</pose>
		<truncated>0</truncated>
		<difficult>0</difficult>
		<occluded>0</occluded>
		<bndbox>
			<xmin>82</xmin>
			<xmax>362</xmax>
			<ymin>73</ymin>
			<ymax>352</ymax>
		</bndbox>
	</object>
</annotation>
