<annotation>
	<folder></folder>
	<filename>frame_1886_jpg.rf.4761dd31bd7a8da5a23e40029d9ec96e.jpg</filename>
	<path>frame_1886_jpg.rf.4761dd31bd7a8da5a23e40029d9ec96e.jpg</path>
	<source>
		<database>roboflow.ai</database>
	</source>
	<size>
		<width>416</width>
		<height>416</height>
		<depth>3</depth>
	</size>
	<segmented>0</segmented>
	<object>
		<name>motorbike</name>
		<pose>Unspecified</pose>
		<truncated>0</truncated>
		<difficult>0</difficult>
		<occluded>0</occluded>
		<bndbox>
			<xmin>315</xmin>
			<xmax>415</xmax>
			<ymin>139</ymin>
			<ymax>330</ymax>
		</bndbox>
	</object>
	<object>
		<name>auto</name>
		<pose>Unspecified</pose>
		<truncated>0</truncated>
		<difficult>0</difficult>
		<occluded>0</occluded>
		<bndbox>
			<xmin>45</xmin>
			<xmax>331</xmax>
			<ymin>41</ymin>
			<ymax>403</ymax>
		</bndbox>
	</object>
</annotation>
