<annotation>
	<folder></folder>
	<filename>frame_1836_jpg.rf.8b8bd9cb4fde3f1bca114429a1e2d924.jpg</filename>
	<path>frame_1836_jpg.rf.8b8bd9cb4fde3f1bca114429a1e2d924.jpg</path>
	<source>
		<database>roboflow.ai</database>
	</source>
	<size>
		<width>416</width>
		<height>416</height>
		<depth>3</depth>
	</size>
	<segmented>0</segmented>
	<object>
		<name>auto</name>
		<pose>Unspecified</pose>
		<truncated>0</truncated>
		<difficult>0</difficult>
		<occluded>0</occluded>
		<bndbox>
			<xmin>158</xmin>
			<xmax>413</xmax>
			<ymin>122</ymin>
			<ymax>386</ymax>
		</bndbox>
	</object>
</annotation>
