<annotation>
	<folder></folder>
	<filename>frame_1923_jpg.rf.21e2b29799edfd0c0d17edabcc75df23.jpg</filename>
	<path>frame_1923_jpg.rf.21e2b29799edfd0c0d17edabcc75df23.jpg</path>
	<source>
		<database>roboflow.ai</database>
	</source>
	<size>
		<width>416</width>
		<height>416</height>
		<depth>3</depth>
	</size>
	<segmented>0</segmented>
	<object>
		<name>auto</name>
		<pose>Unspecified</pose>
		<truncated>0</truncated>
		<difficult>0</difficult>
		<occluded>0</occluded>
		<bndbox>
			<xmin>54</xmin>
			<xmax>397</xmax>
			<ymin>1</ymin>
			<ymax>415</ymax>
		</bndbox>
	</object>
</annotation>
