<annotation>
	<folder></folder>
	<filename>frame_1898_jpg.rf.2a93aa2305140376e87f74acbdfc8910.jpg</filename>
	<path>frame_1898_jpg.rf.2a93aa2305140376e87f74acbdfc8910.jpg</path>
	<source>
		<database>roboflow.ai</database>
	</source>
	<size>
		<width>416</width>
		<height>416</height>
		<depth>3</depth>
	</size>
	<segmented>0</segmented>
	<object>
		<name>truck</name>
		<pose>Unspecified</pose>
		<truncated>0</truncated>
		<difficult>0</difficult>
		<occluded>0</occluded>
		<bndbox>
			<xmin>286</xmin>
			<xmax>367</xmax>
			<ymin>100</ymin>
			<ymax>215</ymax>
		</bndbox>
	</object>
</annotation>
