<annotation>
	<folder></folder>
	<filename>frame_1840_jpg.rf.169919f36fdfd1b66b3a4c97bcae807b.jpg</filename>
	<path>frame_1840_jpg.rf.169919f36fdfd1b66b3a4c97bcae807b.jpg</path>
	<source>
		<database>roboflow.ai</database>
	</source>
	<size>
		<width>416</width>
		<height>416</height>
		<depth>3</depth>
	</size>
	<segmented>0</segmented>
	<object>
		<name>auto</name>
		<pose>Unspecified</pose>
		<truncated>0</truncated>
		<difficult>0</difficult>
		<occluded>0</occluded>
		<bndbox>
			<xmin>213</xmin>
			<xmax>415</xmax>
			<ymin>132</ymin>
			<ymax>403</ymax>
		</bndbox>
	</object>
	<object>
		<name>auto</name>
		<pose>Unspecified</pose>
		<truncated>0</truncated>
		<difficult>0</difficult>
		<occluded>0</occluded>
		<bndbox>
			<xmin>81</xmin>
			<xmax>228</xmax>
			<ymin>121</ymin>
			<ymax>373</ymax>
		</bndbox>
	</object>
	<object>
		<name>auto</name>
		<pose>Unspecified</pose>
		<truncated>0</truncated>
		<difficult>0</difficult>
		<occluded>0</occluded>
		<bndbox>
			<xmin>0</xmin>
			<xmax>69</xmax>
			<ymin>136</ymin>
			<ymax>298</ymax>
		</bndbox>
	</object>
</annotation>
