<annotation>
	<folder></folder>
	<filename>frame_1869_jpg.rf.cfbb1518099bc6ab726aa6ab477da12f.jpg</filename>
	<path>frame_1869_jpg.rf.cfbb1518099bc6ab726aa6ab477da12f.jpg</path>
	<source>
		<database>roboflow.ai</database>
	</source>
	<size>
		<width>416</width>
		<height>416</height>
		<depth>3</depth>
	</size>
	<segmented>0</segmented>
	<object>
		<name>auto</name>
		<pose>Unspecified</pose>
		<truncated>0</truncated>
		<difficult>0</difficult>
		<occluded>0</occluded>
		<bndbox>
			<xmin>102</xmin>
			<xmax>191</xmax>
			<ymin>159</ymin>
			<ymax>275</ymax>
		</bndbox>
	</object>
	<object>
		<name>auto</name>
		<pose>Unspecified</pose>
		<truncated>0</truncated>
		<difficult>0</difficult>
		<occluded>0</occluded>
		<bndbox>
			<xmin>186</xmin>
			<xmax>275</xmax>
			<ymin>153</ymin>
			<ymax>269</ymax>
		</bndbox>
	</object>
	<object>
		<name>auto</name>
		<pose>Unspecified</pose>
		<truncated>0</truncated>
		<difficult>0</difficult>
		<occluded>0</occluded>
		<bndbox>
			<xmin>295</xmin>
			<xmax>378</xmax>
			<ymin>161</ymin>
			<ymax>243</ymax>
		</bndbox>
	</object>
</annotation>
