<annotation>
	<folder></folder>
	<filename>frame_1844_jpg.rf.ae66b04d970ea8e996cc9fa879fec4f5.jpg</filename>
	<path>frame_1844_jpg.rf.ae66b04d970ea8e996cc9fa879fec4f5.jpg</path>
	<source>
		<database>roboflow.ai</database>
	</source>
	<size>
		<width>416</width>
		<height>416</height>
		<depth>3</depth>
	</size>
	<segmented>0</segmented>
	<object>
		<name>auto</name>
		<pose>Unspecified</pose>
		<truncated>0</truncated>
		<difficult>0</difficult>
		<occluded>0</occluded>
		<bndbox>
			<xmin>91</xmin>
			<xmax>266</xmax>
			<ymin>75</ymin>
			<ymax>347</ymax>
		</bndbox>
	</object>
	<object>
		<name>car</name>
		<pose>Unspecified</pose>
		<truncated>0</truncated>
		<difficult>0</difficult>
		<occluded>0</occluded>
		<bndbox>
			<xmin>286</xmin>
			<xmax>408</xmax>
			<ymin>79</ymin>
			<ymax>198</ymax>
		</bndbox>
	</object>
</annotation>
