<annotation>
	<folder></folder>
	<filename>frame_1918_jpg.rf.4e80d2dd5d2bcb9717a7b92ea8f15aa4.jpg</filename>
	<path>frame_1918_jpg.rf.4e80d2dd5d2bcb9717a7b92ea8f15aa4.jpg</path>
	<source>
		<database>roboflow.ai</database>
	</source>
	<size>
		<width>416</width>
		<height>416</height>
		<depth>3</depth>
	</size>
	<segmented>0</segmented>
	<object>
		<name>car</name>
		<pose>Unspecified</pose>
		<truncated>0</truncated>
		<difficult>0</difficult>
		<occluded>0</occluded>
		<bndbox>
			<xmin>292</xmin>
			<xmax>415</xmax>
			<ymin>109</ymin>
			<ymax>260</ymax>
		</bndbox>
	</object>
	<object>
		<name>auto</name>
		<pose>Unspecified</pose>
		<truncated>0</truncated>
		<difficult>0</difficult>
		<occluded>0</occluded>
		<bndbox>
			<xmin>151</xmin>
			<xmax>245</xmax>
			<ymin>145</ymin>
			<ymax>282</ymax>
		</bndbox>
	</object>
</annotation>
