<annotation>
	<folder></folder>
	<filename>frame_1433_jpg.rf.55ce1ba0518c8049e84f70eb8a2b5285.jpg</filename>
	<path>frame_1433_jpg.rf.55ce1ba0518c8049e84f70eb8a2b5285.jpg</path>
	<source>
		<database>roboflow.ai</database>
	</source>
	<size>
		<width>416</width>
		<height>416</height>
		<depth>3</depth>
	</size>
	<segmented>0</segmented>
	<object>
		<name>auto</name>
		<pose>Unspecified</pose>
		<truncated>0</truncated>
		<difficult>0</difficult>
		<occluded>0</occluded>
		<bndbox>
			<xmin>18</xmin>
			<xmax>190</xmax>
			<ymin>66</ymin>
			<ymax>377</ymax>
		</bndbox>
	</object>
	<object>
		<name>auto</name>
		<pose>Unspecified</pose>
		<truncated>0</truncated>
		<difficult>0</difficult>
		<occluded>0</occluded>
		<bndbox>
			<xmin>175</xmin>
			<xmax>242</xmax>
			<ymin>36</ymin>
			<ymax>148</ymax>
		</bndbox>
	</object>
</annotation>
