<annotation>
	<folder></folder>
	<filename>frame_1852_jpg.rf.64163d3715b27b7e60d9c2ba08a4ecdb.jpg</filename>
	<path>frame_1852_jpg.rf.64163d3715b27b7e60d9c2ba08a4ecdb.jpg</path>
	<source>
		<database>roboflow.ai</database>
	</source>
	<size>
		<width>416</width>
		<height>416</height>
		<depth>3</depth>
	</size>
	<segmented>0</segmented>
	<object>
		<name>auto</name>
		<pose>Unspecified</pose>
		<truncated>0</truncated>
		<difficult>0</difficult>
		<occluded>0</occluded>
		<bndbox>
			<xmin>44</xmin>
			<xmax>345</xmax>
			<ymin>60</ymin>
			<ymax>374</ymax>
		</bndbox>
	</object>
</annotation>
