<annotation>
	<folder></folder>
	<filename>frame_1433_jpg.rf.341e8ba8d70e275029adcd2a5936deca.jpg</filename>
	<path>frame_1433_jpg.rf.341e8ba8d70e275029adcd2a5936deca.jpg</path>
	<source>
		<database>roboflow.ai</database>
	</source>
	<size>
		<width>416</width>
		<height>416</height>
		<depth>3</depth>
	</size>
	<segmented>0</segmented>
	<object>
		<name>auto</name>
		<pose>Unspecified</pose>
		<truncated>0</truncated>
		<difficult>0</difficult>
		<occluded>0</occluded>
		<bndbox>
			<xmin>20</xmin>
			<xmax>193</xmax>
			<ymin>40</ymin>
			<ymax>291</ymax>
		</bndbox>
	</object>
	<object>
		<name>auto</name>
		<pose>Unspecified</pose>
		<truncated>0</truncated>
		<difficult>0</difficult>
		<occluded>0</occluded>
		<bndbox>
			<xmin>197</xmin>
			<xmax>265</xmax>
			<ymin>54</ymin>
			<ymax>144</ymax>
		</bndbox>
	</object>
</annotation>
