<annotation>
	<folder></folder>
	<filename>frame_1890_jpg.rf.3a499a6af629abeeca069a6506844f6d.jpg</filename>
	<path>frame_1890_jpg.rf.3a499a6af629abeeca069a6506844f6d.jpg</path>
	<source>
		<database>roboflow.ai</database>
	</source>
	<size>
		<width>416</width>
		<height>416</height>
		<depth>3</depth>
	</size>
	<segmented>0</segmented>
	<object>
		<name>auto</name>
		<pose>Unspecified</pose>
		<truncated>0</truncated>
		<difficult>0</difficult>
		<occluded>0</occluded>
		<bndbox>
			<xmin>0</xmin>
			<xmax>270</xmax>
			<ymin>107</ymin>
			<ymax>415</ymax>
		</bndbox>
	</object>
	<object>
		<name>motorbike</name>
		<pose>Unspecified</pose>
		<truncated>0</truncated>
		<difficult>0</difficult>
		<occluded>0</occluded>
		<bndbox>
			<xmin>261</xmin>
			<xmax>355</xmax>
			<ymin>196</ymin>
			<ymax>320</ymax>
		</bndbox>
	</object>
</annotation>
