<annotation>
	<folder></folder>
	<filename>frame_1875_jpg.rf.5069f9cff8d466ae8b6fbfa02ecbceb7.jpg</filename>
	<path>frame_1875_jpg.rf.5069f9cff8d466ae8b6fbfa02ecbceb7.jpg</path>
	<source>
		<database>roboflow.ai</database>
	</source>
	<size>
		<width>416</width>
		<height>416</height>
		<depth>3</depth>
	</size>
	<segmented>0</segmented>
	<object>
		<name>auto</name>
		<pose>Unspecified</pose>
		<truncated>0</truncated>
		<difficult>0</difficult>
		<occluded>0</occluded>
		<bndbox>
			<xmin>14</xmin>
			<xmax>181</xmax>
			<ymin>190</ymin>
			<ymax>414</ymax>
		</bndbox>
	</object>
	<object>
		<name>car</name>
		<pose>Unspecified</pose>
		<truncated>0</truncated>
		<difficult>0</difficult>
		<occluded>0</occluded>
		<bndbox>
			<xmin>207</xmin>
			<xmax>231</xmax>
			<ymin>189</ymin>
			<ymax>240</ymax>
		</bndbox>
	</object>
</annotation>
