<annotation>
	<folder></folder>
	<filename>frame_1834_jpg.rf.f973fba3877b907b7451c0d314fa44e8.jpg</filename>
	<path>frame_1834_jpg.rf.f973fba3877b907b7451c0d314fa44e8.jpg</path>
	<source>
		<database>roboflow.ai</database>
	</source>
	<size>
		<width>416</width>
		<height>416</height>
		<depth>3</depth>
	</size>
	<segmented>0</segmented>
	<object>
		<name>auto</name>
		<pose>Unspecified</pose>
		<truncated>0</truncated>
		<difficult>0</difficult>
		<occluded>0</occluded>
		<bndbox>
			<xmin>4</xmin>
			<xmax>299</xmax>
			<ymin>59</ymin>
			<ymax>412</ymax>
		</bndbox>
	</object>
	<object>
		<name>motorbike</name>
		<pose>Unspecified</pose>
		<truncated>0</truncated>
		<difficult>0</difficult>
		<occluded>0</occluded>
		<bndbox>
			<xmin>222</xmin>
			<xmax>293</xmax>
			<ymin>78</ymin>
			<ymax>277</ymax>
		</bndbox>
	</object>
	<object>
		<name>riksha</name>
		<pose>Unspecified</pose>
		<truncated>0</truncated>
		<difficult>0</difficult>
		<occluded>0</occluded>
		<bndbox>
			<xmin>250</xmin>
			<xmax>415</xmax>
			<ymin>79</ymin>
			<ymax>336</ymax>
		</bndbox>
	</object>
</annotation>
