<annotation>
	<folder></folder>
	<filename>frame_1912_jpg.rf.489bef2e2273047c3d72ae3eb05cbeaf.jpg</filename>
	<path>frame_1912_jpg.rf.489bef2e2273047c3d72ae3eb05cbeaf.jpg</path>
	<source>
		<database>roboflow.ai</database>
	</source>
	<size>
		<width>416</width>
		<height>416</height>
		<depth>3</depth>
	</size>
	<segmented>0</segmented>
	<object>
		<name>bus</name>
		<pose>Unspecified</pose>
		<truncated>0</truncated>
		<difficult>0</difficult>
		<occluded>0</occluded>
		<bndbox>
			<xmin>67</xmin>
			<xmax>365</xmax>
			<ymin>103</ymin>
			<ymax>349</ymax>
		</bndbox>
	</object>
	<object>
		<name>bus</name>
		<pose>Unspecified</pose>
		<truncated>0</truncated>
		<difficult>0</difficult>
		<occluded>0</occluded>
		<bndbox>
			<xmin>280</xmin>
			<xmax>415</xmax>
			<ymin>48</ymin>
			<ymax>243</ymax>
		</bndbox>
	</object>
</annotation>
