<annotation>
	<folder></folder>
	<filename>frame_1898_jpg.rf.3f7691d3289f328ae0059ed675f8c3fd.jpg</filename>
	<path>frame_1898_jpg.rf.3f7691d3289f328ae0059ed675f8c3fd.jpg</path>
	<source>
		<database>roboflow.ai</database>
	</source>
	<size>
		<width>416</width>
		<height>416</height>
		<depth>3</depth>
	</size>
	<segmented>0</segmented>
	<object>
		<name>truck</name>
		<pose>Unspecified</pose>
		<truncated>0</truncated>
		<difficult>0</difficult>
		<occluded>0</occluded>
		<bndbox>
			<xmin>50</xmin>
			<xmax>123</xmax>
			<ymin>120</ymin>
			<ymax>225</ymax>
		</bndbox>
	</object>
</annotation>
