<annotation>
	<folder></folder>
	<filename>frame_1429_jpg.rf.c1be57786060f47f68d57eb877d85200.jpg</filename>
	<path>frame_1429_jpg.rf.c1be57786060f47f68d57eb877d85200.jpg</path>
	<source>
		<database>roboflow.ai</database>
	</source>
	<size>
		<width>416</width>
		<height>416</height>
		<depth>3</depth>
	</size>
	<segmented>0</segmented>
	<object>
		<name>auto</name>
		<pose>Unspecified</pose>
		<truncated>0</truncated>
		<difficult>0</difficult>
		<occluded>0</occluded>
		<bndbox>
			<xmin>13</xmin>
			<xmax>373</xmax>
			<ymin>28</ymin>
			<ymax>415</ymax>
		</bndbox>
	</object>
	<object>
		<name>auto</name>
		<pose>Unspecified</pose>
		<truncated>0</truncated>
		<difficult>0</difficult>
		<occluded>0</occluded>
		<bndbox>
			<xmin>292</xmin>
			<xmax>415</xmax>
			<ymin>10</ymin>
			<ymax>248</ymax>
		</bndbox>
	</object>
</annotation>
