<annotation>
	<folder></folder>
	<filename>frame_1829_jpg.rf.32659ebd3ccf4ed0637fa75a4e121c47.jpg</filename>
	<path>frame_1829_jpg.rf.32659ebd3ccf4ed0637fa75a4e121c47.jpg</path>
	<source>
		<database>roboflow.ai</database>
	</source>
	<size>
		<width>416</width>
		<height>416</height>
		<depth>3</depth>
	</size>
	<segmented>0</segmented>
	<object>
		<name>auto</name>
		<pose>Unspecified</pose>
		<truncated>0</truncated>
		<difficult>0</difficult>
		<occluded>0</occluded>
		<bndbox>
			<xmin>94</xmin>
			<xmax>138</xmax>
			<ymin>81</ymin>
			<ymax>144</ymax>
		</bndbox>
	</object>
	<object>
		<name>car</name>
		<pose>Unspecified</pose>
		<truncated>0</truncated>
		<difficult>0</difficult>
		<occluded>0</occluded>
		<bndbox>
			<xmin>122</xmin>
			<xmax>281</xmax>
			<ymin>171</ymin>
			<ymax>360</ymax>
		</bndbox>
	</object>
	<object>
		<name>bus</name>
		<pose>Unspecified</pose>
		<truncated>0</truncated>
		<difficult>0</difficult>
		<occluded>0</occluded>
		<bndbox>
			<xmin>128</xmin>
			<xmax>213</xmax>
			<ymin>74</ymin>
			<ymax>184</ymax>
		</bndbox>
	</object>
</annotation>
