<annotation>
	<folder></folder>
	<filename>frame_1866_jpg.rf.2bae2de2749b68c24aed70d88cb6c3da.jpg</filename>
	<path>frame_1866_jpg.rf.2bae2de2749b68c24aed70d88cb6c3da.jpg</path>
	<source>
		<database>roboflow.ai</database>
	</source>
	<size>
		<width>416</width>
		<height>416</height>
		<depth>3</depth>
	</size>
	<segmented>0</segmented>
	<object>
		<name>auto</name>
		<pose>Unspecified</pose>
		<truncated>0</truncated>
		<difficult>0</difficult>
		<occluded>0</occluded>
		<bndbox>
			<xmin>143</xmin>
			<xmax>231</xmax>
			<ymin>278</ymin>
			<ymax>411</ymax>
		</bndbox>
	</object>
	<object>
		<name>auto</name>
		<pose>Unspecified</pose>
		<truncated>0</truncated>
		<difficult>0</difficult>
		<occluded>0</occluded>
		<bndbox>
			<xmin>217</xmin>
			<xmax>287</xmax>
			<ymin>298</ymin>
			<ymax>408</ymax>
		</bndbox>
	</object>
	<object>
		<name>auto</name>
		<pose>Unspecified</pose>
		<truncated>0</truncated>
		<difficult>0</difficult>
		<occluded>0</occluded>
		<bndbox>
			<xmin>64</xmin>
			<xmax>127</xmax>
			<ymin>254</ymin>
			<ymax>358</ymax>
		</bndbox>
	</object>
</annotation>
