<annotation>
	<folder></folder>
	<filename>frame_1888_jpg.rf.6a41ca056df4863e0559563737bf4030.jpg</filename>
	<path>frame_1888_jpg.rf.6a41ca056df4863e0559563737bf4030.jpg</path>
	<source>
		<database>roboflow.ai</database>
	</source>
	<size>
		<width>416</width>
		<height>416</height>
		<depth>3</depth>
	</size>
	<segmented>0</segmented>
	<object>
		<name>bus</name>
		<pose>Unspecified</pose>
		<truncated>0</truncated>
		<difficult>0</difficult>
		<occluded>0</occluded>
		<bndbox>
			<xmin>158</xmin>
			<xmax>273</xmax>
			<ymin>0</ymin>
			<ymax>124</ymax>
		</bndbox>
	</object>
</annotation>
