<annotation>
	<folder></folder>
	<filename>frame_1913_jpg.rf.3bc0b4a29b91e41c91a01ea0271ec007.jpg</filename>
	<path>frame_1913_jpg.rf.3bc0b4a29b91e41c91a01ea0271ec007.jpg</path>
	<source>
		<database>roboflow.ai</database>
	</source>
	<size>
		<width>416</width>
		<height>416</height>
		<depth>3</depth>
	</size>
	<segmented>0</segmented>
	<object>
		<name>auto</name>
		<pose>Unspecified</pose>
		<truncated>0</truncated>
		<difficult>0</difficult>
		<occluded>0</occluded>
		<bndbox>
			<xmin>7</xmin>
			<xmax>396</xmax>
			<ymin>49</ymin>
			<ymax>415</ymax>
		</bndbox>
	</object>
</annotation>
