<annotation>
	<folder></folder>
	<filename>frame_1858_jpg.rf.3dd5af2ee78f3d157bb8218a63841f29.jpg</filename>
	<path>frame_1858_jpg.rf.3dd5af2ee78f3d157bb8218a63841f29.jpg</path>
	<source>
		<database>roboflow.ai</database>
	</source>
	<size>
		<width>416</width>
		<height>416</height>
		<depth>3</depth>
	</size>
	<segmented>0</segmented>
	<object>
		<name>auto</name>
		<pose>Unspecified</pose>
		<truncated>0</truncated>
		<difficult>0</difficult>
		<occluded>0</occluded>
		<bndbox>
			<xmin>215</xmin>
			<xmax>366</xmax>
			<ymin>139</ymin>
			<ymax>415</ymax>
		</bndbox>
	</object>
</annotation>
