<annotation>
	<folder></folder>
	<filename>frame_1436_jpg.rf.2ee556106be68704f4f7b20e74b2f6da.jpg</filename>
	<path>frame_1436_jpg.rf.2ee556106be68704f4f7b20e74b2f6da.jpg</path>
	<source>
		<database>roboflow.ai</database>
	</source>
	<size>
		<width>416</width>
		<height>416</height>
		<depth>3</depth>
	</size>
	<segmented>0</segmented>
	<object>
		<name>auto</name>
		<pose>Unspecified</pose>
		<truncated>0</truncated>
		<difficult>0</difficult>
		<occluded>0</occluded>
		<bndbox>
			<xmin>0</xmin>
			<xmax>167</xmax>
			<ymin>188</ymin>
			<ymax>413</ymax>
		</bndbox>
	</object>
	<object>
		<name>auto</name>
		<pose>Unspecified</pose>
		<truncated>0</truncated>
		<difficult>0</difficult>
		<occluded>0</occluded>
		<bndbox>
			<xmin>111</xmin>
			<xmax>401</xmax>
			<ymin>183</ymin>
			<ymax>400</ymax>
		</bndbox>
	</object>
</annotation>
