<annotation>
	<folder></folder>
	<filename>frame_1853_jpg.rf.97484d5a82c1da61c8472ec5c7e5678b.jpg</filename>
	<path>frame_1853_jpg.rf.97484d5a82c1da61c8472ec5c7e5678b.jpg</path>
	<source>
		<database>roboflow.ai</database>
	</source>
	<size>
		<width>416</width>
		<height>416</height>
		<depth>3</depth>
	</size>
	<segmented>0</segmented>
	<object>
		<name>auto</name>
		<pose>Unspecified</pose>
		<truncated>0</truncated>
		<difficult>0</difficult>
		<occluded>0</occluded>
		<bndbox>
			<xmin>64</xmin>
			<xmax>246</xmax>
			<ymin>120</ymin>
			<ymax>341</ymax>
		</bndbox>
	</object>
	<object>
		<name>auto</name>
		<pose>Unspecified</pose>
		<truncated>0</truncated>
		<difficult>0</difficult>
		<occluded>0</occluded>
		<bndbox>
			<xmin>13</xmin>
			<xmax>72</xmax>
			<ymin>90</ymin>
			<ymax>208</ymax>
		</bndbox>
	</object>
	<object>
		<name>motorbike</name>
		<pose>Unspecified</pose>
		<truncated>0</truncated>
		<difficult>0</difficult>
		<occluded>0</occluded>
		<bndbox>
			<xmin>5</xmin>
			<xmax>75</xmax>
			<ymin>120</ymin>
			<ymax>345</ymax>
		</bndbox>
	</object>
	<object>
		<name>motorbike</name>
		<pose>Unspecified</pose>
		<truncated>0</truncated>
		<difficult>0</difficult>
		<occluded>0</occluded>
		<bndbox>
			<xmin>163</xmin>
			<xmax>396</xmax>
			<ymin>187</ymin>
			<ymax>415</ymax>
		</bndbox>
	</object>
</annotation>
