<annotation>
	<folder></folder>
	<filename>frame_1915_jpg.rf.c8d979d3397c6b44bd5c6d2afc0db77d.jpg</filename>
	<path>frame_1915_jpg.rf.c8d979d3397c6b44bd5c6d2afc0db77d.jpg</path>
	<source>
		<database>roboflow.ai</database>
	</source>
	<size>
		<width>416</width>
		<height>416</height>
		<depth>3</depth>
	</size>
	<segmented>0</segmented>
	<object>
		<name>auto</name>
		<pose>Unspecified</pose>
		<truncated>0</truncated>
		<difficult>0</difficult>
		<occluded>0</occluded>
		<bndbox>
			<xmin>0</xmin>
			<xmax>120</xmax>
			<ymin>35</ymin>
			<ymax>262</ymax>
		</bndbox>
	</object>
	<object>
		<name>auto</name>
		<pose>Unspecified</pose>
		<truncated>0</truncated>
		<difficult>0</difficult>
		<occluded>0</occluded>
		<bndbox>
			<xmin>248</xmin>
			<xmax>411</xmax>
			<ymin>117</ymin>
			<ymax>415</ymax>
		</bndbox>
	</object>
	<object>
		<name>car</name>
		<pose>Unspecified</pose>
		<truncated>0</truncated>
		<difficult>0</difficult>
		<occluded>0</occluded>
		<bndbox>
			<xmin>182</xmin>
			<xmax>251</xmax>
			<ymin>82</ymin>
			<ymax>198</ymax>
		</bndbox>
	</object>
</annotation>
