<annotation>
	<folder></folder>
	<filename>frame_1859_jpg.rf.92f2b0b2947c4b27526c6ebed28db2b9.jpg</filename>
	<path>frame_1859_jpg.rf.92f2b0b2947c4b27526c6ebed28db2b9.jpg</path>
	<source>
		<database>roboflow.ai</database>
	</source>
	<size>
		<width>416</width>
		<height>416</height>
		<depth>3</depth>
	</size>
	<segmented>0</segmented>
	<object>
		<name>auto</name>
		<pose>Unspecified</pose>
		<truncated>0</truncated>
		<difficult>0</difficult>
		<occluded>0</occluded>
		<bndbox>
			<xmin>22</xmin>
			<xmax>154</xmax>
			<ymin>118</ymin>
			<ymax>327</ymax>
		</bndbox>
	</object>
	<object>
		<name>motorbike</name>
		<pose>Unspecified</pose>
		<truncated>0</truncated>
		<difficult>0</difficult>
		<occluded>0</occluded>
		<bndbox>
			<xmin>0</xmin>
			<xmax>50</xmax>
			<ymin>143</ymin>
			<ymax>270</ymax>
		</bndbox>
	</object>
</annotation>
