<annotation>
	<folder></folder>
	<filename>frame_1432_jpg.rf.099328b813a51551e50aa3140ee63c8f.jpg</filename>
	<path>frame_1432_jpg.rf.099328b813a51551e50aa3140ee63c8f.jpg</path>
	<source>
		<database>roboflow.ai</database>
	</source>
	<size>
		<width>416</width>
		<height>416</height>
		<depth>3</depth>
	</size>
	<segmented>0</segmented>
	<object>
		<name>motorbike</name>
		<pose>Unspecified</pose>
		<truncated>0</truncated>
		<difficult>0</difficult>
		<occluded>0</occluded>
		<bndbox>
			<xmin>12</xmin>
			<xmax>140</xmax>
			<ymin>256</ymin>
			<ymax>415</ymax>
		</bndbox>
	</object>
	<object>
		<name>auto</name>
		<pose>Unspecified</pose>
		<truncated>0</truncated>
		<difficult>0</difficult>
		<occluded>0</occluded>
		<bndbox>
			<xmin>218</xmin>
			<xmax>415</xmax>
			<ymin>100</ymin>
			<ymax>403</ymax>
		</bndbox>
	</object>
</annotation>
