<annotation>
	<folder></folder>
	<filename>frame_1922_jpg.rf.70755f3cc86f7cd5c01e6b599667e0c7.jpg</filename>
	<path>frame_1922_jpg.rf.70755f3cc86f7cd5c01e6b599667e0c7.jpg</path>
	<source>
		<database>roboflow.ai</database>
	</source>
	<size>
		<width>416</width>
		<height>416</height>
		<depth>3</depth>
	</size>
	<segmented>0</segmented>
	<object>
		<name>auto</name>
		<pose>Unspecified</pose>
		<truncated>0</truncated>
		<difficult>0</difficult>
		<occluded>0</occluded>
		<bndbox>
			<xmin>347</xmin>
			<xmax>404</xmax>
			<ymin>137</ymin>
			<ymax>204</ymax>
		</bndbox>
	</object>
	<object>
		<name>auto</name>
		<pose>Unspecified</pose>
		<truncated>0</truncated>
		<difficult>0</difficult>
		<occluded>0</occluded>
		<bndbox>
			<xmin>304</xmin>
			<xmax>361</xmax>
			<ymin>123</ymin>
			<ymax>190</ymax>
		</bndbox>
	</object>
	<object>
		<name>car</name>
		<pose>Unspecified</pose>
		<truncated>0</truncated>
		<difficult>0</difficult>
		<occluded>0</occluded>
		<bndbox>
			<xmin>0</xmin>
			<xmax>341</xmax>
			<ymin>0</ymin>
			<ymax>363</ymax>
		</bndbox>
	</object>
</annotation>
