<annotation>
	<folder></folder>
	<filename>frame_1892_jpg.rf.f8391639f94ccdfd1a4bf35a2193b44e.jpg</filename>
	<path>frame_1892_jpg.rf.f8391639f94ccdfd1a4bf35a2193b44e.jpg</path>
	<source>
		<database>roboflow.ai</database>
	</source>
	<size>
		<width>416</width>
		<height>416</height>
		<depth>3</depth>
	</size>
	<segmented>0</segmented>
	<object>
		<name>auto</name>
		<pose>Unspecified</pose>
		<truncated>0</truncated>
		<difficult>0</difficult>
		<occluded>0</occluded>
		<bndbox>
			<xmin>37</xmin>
			<xmax>356</xmax>
			<ymin>97</ymin>
			<ymax>415</ymax>
		</bndbox>
	</object>
</annotation>
