<annotation>
	<folder></folder>
	<filename>frame_1903_jpg.rf.a3c01f255eb787b828aa6e37940f52ae.jpg</filename>
	<path>frame_1903_jpg.rf.a3c01f255eb787b828aa6e37940f52ae.jpg</path>
	<source>
		<database>roboflow.ai</database>
	</source>
	<size>
		<width>416</width>
		<height>416</height>
		<depth>3</depth>
	</size>
	<segmented>0</segmented>
	<object>
		<name>riksha</name>
		<pose>Unspecified</pose>
		<truncated>0</truncated>
		<difficult>0</difficult>
		<occluded>0</occluded>
		<bndbox>
			<xmin>10</xmin>
			<xmax>244</xmax>
			<ymin>108</ymin>
			<ymax>402</ymax>
		</bndbox>
	</object>
	<object>
		<name>riksha</name>
		<pose>Unspecified</pose>
		<truncated>0</truncated>
		<difficult>0</difficult>
		<occluded>0</occluded>
		<bndbox>
			<xmin>326</xmin>
			<xmax>397</xmax>
			<ymin>88</ymin>
			<ymax>254</ymax>
		</bndbox>
	</object>
	<object>
		<name>motorbike</name>
		<pose>Unspecified</pose>
		<truncated>0</truncated>
		<difficult>0</difficult>
		<occluded>0</occluded>
		<bndbox>
			<xmin>261</xmin>
			<xmax>337</xmax>
			<ymin>133</ymin>
			<ymax>266</ymax>
		</bndbox>
	</object>
</annotation>
