<annotation>
	<folder></folder>
	<filename>frame_1875_jpg.rf.e2413272268a6118089777679e0e8062.jpg</filename>
	<path>frame_1875_jpg.rf.e2413272268a6118089777679e0e8062.jpg</path>
	<source>
		<database>roboflow.ai</database>
	</source>
	<size>
		<width>416</width>
		<height>416</height>
		<depth>3</depth>
	</size>
	<segmented>0</segmented>
	<object>
		<name>auto</name>
		<pose>Unspecified</pose>
		<truncated>0</truncated>
		<difficult>0</difficult>
		<occluded>0</occluded>
		<bndbox>
			<xmin>191</xmin>
			<xmax>372</xmax>
			<ymin>187</ymin>
			<ymax>411</ymax>
		</bndbox>
	</object>
	<object>
		<name>car</name>
		<pose>Unspecified</pose>
		<truncated>0</truncated>
		<difficult>0</difficult>
		<occluded>0</occluded>
		<bndbox>
			<xmin>180</xmin>
			<xmax>208</xmax>
			<ymin>190</ymin>
			<ymax>239</ymax>
		</bndbox>
	</object>
</annotation>
