<annotation>
	<folder></folder>
	<filename>frame_1898_jpg.rf.51e916085b7086e9afd983a9fe961893.jpg</filename>
	<path>frame_1898_jpg.rf.51e916085b7086e9afd983a9fe961893.jpg</path>
	<source>
		<database>roboflow.ai</database>
	</source>
	<size>
		<width>416</width>
		<height>416</height>
		<depth>3</depth>
	</size>
	<segmented>0</segmented>
	<object>
		<name>truck</name>
		<pose>Unspecified</pose>
		<truncated>0</truncated>
		<difficult>0</difficult>
		<occluded>0</occluded>
		<bndbox>
			<xmin>286</xmin>
			<xmax>362</xmax>
			<ymin>116</ymin>
			<ymax>231</ymax>
		</bndbox>
	</object>
</annotation>
