<annotation>
	<folder></folder>
	<filename>frame_1926_jpg.rf.dc3b24cd453711437150ef46e4ecfb8c.jpg</filename>
	<path>frame_1926_jpg.rf.dc3b24cd453711437150ef46e4ecfb8c.jpg</path>
	<source>
		<database>roboflow.ai</database>
	</source>
	<size>
		<width>416</width>
		<height>416</height>
		<depth>3</depth>
	</size>
	<segmented>0</segmented>
	<object>
		<name>auto</name>
		<pose>Unspecified</pose>
		<truncated>0</truncated>
		<difficult>0</difficult>
		<occluded>0</occluded>
		<bndbox>
			<xmin>0</xmin>
			<xmax>290</xmax>
			<ymin>46</ymin>
			<ymax>415</ymax>
		</bndbox>
	</object>
	<object>
		<name>auto</name>
		<pose>Unspecified</pose>
		<truncated>0</truncated>
		<difficult>0</difficult>
		<occluded>0</occluded>
		<bndbox>
			<xmin>248</xmin>
			<xmax>406</xmax>
			<ymin>31</ymin>
			<ymax>269</ymax>
		</bndbox>
	</object>
</annotation>
