<annotation>
	<folder></folder>
	<filename>frame_1859_jpg.rf.328e6f53f7afdd9080b0f0023a650cd0.jpg</filename>
	<path>frame_1859_jpg.rf.328e6f53f7afdd9080b0f0023a650cd0.jpg</path>
	<source>
		<database>roboflow.ai</database>
	</source>
	<size>
		<width>416</width>
		<height>416</height>
		<depth>3</depth>
	</size>
	<segmented>0</segmented>
	<object>
		<name>auto</name>
		<pose>Unspecified</pose>
		<truncated>0</truncated>
		<difficult>0</difficult>
		<occluded>0</occluded>
		<bndbox>
			<xmin>250</xmin>
			<xmax>393</xmax>
			<ymin>97</ymin>
			<ymax>329</ymax>
		</bndbox>
	</object>
	<object>
		<name>motorbike</name>
		<pose>Unspecified</pose>
		<truncated>0</truncated>
		<difficult>0</difficult>
		<occluded>0</occluded>
		<bndbox>
			<xmin>363</xmin>
			<xmax>415</xmax>
			<ymin>120</ymin>
			<ymax>264</ymax>
		</bndbox>
	</object>
</annotation>
