<annotation>
	<folder></folder>
	<filename>frame_1438_jpg.rf.5e73c86444a84364e5ed549ef1cabde5.jpg</filename>
	<path>frame_1438_jpg.rf.5e73c86444a84364e5ed549ef1cabde5.jpg</path>
	<source>
		<database>roboflow.ai</database>
	</source>
	<size>
		<width>416</width>
		<height>416</height>
		<depth>3</depth>
	</size>
	<segmented>0</segmented>
	<object>
		<name>auto</name>
		<pose>Unspecified</pose>
		<truncated>0</truncated>
		<difficult>0</difficult>
		<occluded>0</occluded>
		<bndbox>
			<xmin>9</xmin>
			<xmax>298</xmax>
			<ymin>35</ymin>
			<ymax>375</ymax>
		</bndbox>
	</object>
	<object>
		<name>auto</name>
		<pose>Unspecified</pose>
		<truncated>0</truncated>
		<difficult>0</difficult>
		<occluded>0</occluded>
		<bndbox>
			<xmin>275</xmin>
			<xmax>415</xmax>
			<ymin>30</ymin>
			<ymax>355</ymax>
		</bndbox>
	</object>
</annotation>
