<annotation>
	<folder></folder>
	<filename>frame_1893_jpg.rf.2fb67b5b757d914d877690f76ee69562.jpg</filename>
	<path>frame_1893_jpg.rf.2fb67b5b757d914d877690f76ee69562.jpg</path>
	<source>
		<database>roboflow.ai</database>
	</source>
	<size>
		<width>416</width>
		<height>416</height>
		<depth>3</depth>
	</size>
	<segmented>0</segmented>
	<object>
		<name>auto</name>
		<pose>Unspecified</pose>
		<truncated>0</truncated>
		<difficult>0</difficult>
		<occluded>0</occluded>
		<bndbox>
			<xmin>176</xmin>
			<xmax>312</xmax>
			<ymin>133</ymin>
			<ymax>377</ymax>
		</bndbox>
	</object>
	<object>
		<name>auto</name>
		<pose>Unspecified</pose>
		<truncated>0</truncated>
		<difficult>0</difficult>
		<occluded>0</occluded>
		<bndbox>
			<xmin>56</xmin>
			<xmax>203</xmax>
			<ymin>142</ymin>
			<ymax>389</ymax>
		</bndbox>
	</object>
</annotation>
