<annotation>
	<folder></folder>
	<filename>frame_1433_jpg.rf.8f08cd00ecc8d984eed9e5c730d199cf.jpg</filename>
	<path>frame_1433_jpg.rf.8f08cd00ecc8d984eed9e5c730d199cf.jpg</path>
	<source>
		<database>roboflow.ai</database>
	</source>
	<size>
		<width>416</width>
		<height>416</height>
		<depth>3</depth>
	</size>
	<segmented>0</segmented>
	<object>
		<name>auto</name>
		<pose>Unspecified</pose>
		<truncated>0</truncated>
		<difficult>0</difficult>
		<occluded>0</occluded>
		<bndbox>
			<xmin>31</xmin>
			<xmax>181</xmax>
			<ymin>64</ymin>
			<ymax>326</ymax>
		</bndbox>
	</object>
	<object>
		<name>auto</name>
		<pose>Unspecified</pose>
		<truncated>0</truncated>
		<difficult>0</difficult>
		<occluded>0</occluded>
		<bndbox>
			<xmin>191</xmin>
			<xmax>250</xmax>
			<ymin>44</ymin>
			<ymax>138</ymax>
		</bndbox>
	</object>
</annotation>
