<annotation>
	<folder></folder>
	<filename>frame_1876_jpg.rf.b10f18229fe3d767639eea56b9c07521.jpg</filename>
	<path>frame_1876_jpg.rf.b10f18229fe3d767639eea56b9c07521.jpg</path>
	<source>
		<database>roboflow.ai</database>
	</source>
	<size>
		<width>416</width>
		<height>416</height>
		<depth>3</depth>
	</size>
	<segmented>0</segmented>
	<object>
		<name>auto</name>
		<pose>Unspecified</pose>
		<truncated>0</truncated>
		<difficult>0</difficult>
		<occluded>0</occluded>
		<bndbox>
			<xmin>78</xmin>
			<xmax>331</xmax>
			<ymin>81</ymin>
			<ymax>407</ymax>
		</bndbox>
	</object>
	<object>
		<name>bus</name>
		<pose>Unspecified</pose>
		<truncated>0</truncated>
		<difficult>0</difficult>
		<occluded>0</occluded>
		<bndbox>
			<xmin>23</xmin>
			<xmax>165</xmax>
			<ymin>6</ymin>
			<ymax>239</ymax>
		</bndbox>
	</object>
</annotation>
