<annotation>
	<folder></folder>
	<filename>frame_1903_jpg.rf.cc275e3c7781174a5d0b90434c075759.jpg</filename>
	<path>frame_1903_jpg.rf.cc275e3c7781174a5d0b90434c075759.jpg</path>
	<source>
		<database>roboflow.ai</database>
	</source>
	<size>
		<width>416</width>
		<height>416</height>
		<depth>3</depth>
	</size>
	<segmented>0</segmented>
	<object>
		<name>riksha</name>
		<pose>Unspecified</pose>
		<truncated>0</truncated>
		<difficult>0</difficult>
		<occluded>0</occluded>
		<bndbox>
			<xmin>31</xmin>
			<xmax>248</xmax>
			<ymin>118</ymin>
			<ymax>378</ymax>
		</bndbox>
	</object>
	<object>
		<name>riksha</name>
		<pose>Unspecified</pose>
		<truncated>0</truncated>
		<difficult>0</difficult>
		<occluded>0</occluded>
		<bndbox>
			<xmin>323</xmin>
			<xmax>392</xmax>
			<ymin>113</ymin>
			<ymax>257</ymax>
		</bndbox>
	</object>
	<object>
		<name>motorbike</name>
		<pose>Unspecified</pose>
		<truncated>0</truncated>
		<difficult>0</difficult>
		<occluded>0</occluded>
		<bndbox>
			<xmin>265</xmin>
			<xmax>337</xmax>
			<ymin>150</ymin>
			<ymax>266</ymax>
		</bndbox>
	</object>
</annotation>
