<annotation>
	<folder></folder>
	<filename>frame_1913_jpg.rf.6aa479df8a61fa164878a5d89459202f.jpg</filename>
	<path>frame_1913_jpg.rf.6aa479df8a61fa164878a5d89459202f.jpg</path>
	<source>
		<database>roboflow.ai</database>
	</source>
	<size>
		<width>416</width>
		<height>416</height>
		<depth>3</depth>
	</size>
	<segmented>0</segmented>
	<object>
		<name>auto</name>
		<pose>Unspecified</pose>
		<truncated>0</truncated>
		<difficult>0</difficult>
		<occluded>0</occluded>
		<bndbox>
			<xmin>31</xmin>
			<xmax>372</xmax>
			<ymin>63</ymin>
			<ymax>415</ymax>
		</bndbox>
	</object>
</annotation>
