<annotation>
	<folder></folder>
	<filename>frame_1896_jpg.rf.7101c25bc0792ce4d638e9eccf54b109.jpg</filename>
	<path>frame_1896_jpg.rf.7101c25bc0792ce4d638e9eccf54b109.jpg</path>
	<source>
		<database>roboflow.ai</database>
	</source>
	<size>
		<width>416</width>
		<height>416</height>
		<depth>3</depth>
	</size>
	<segmented>0</segmented>
	<object>
		<name>auto</name>
		<pose>Unspecified</pose>
		<truncated>0</truncated>
		<difficult>0</difficult>
		<occluded>0</occluded>
		<bndbox>
			<xmin>127</xmin>
			<xmax>293</xmax>
			<ymin>192</ymin>
			<ymax>389</ymax>
		</bndbox>
	</object>
	<object>
		<name>truck</name>
		<pose>Unspecified</pose>
		<truncated>0</truncated>
		<difficult>0</difficult>
		<occluded>0</occluded>
		<bndbox>
			<xmin>289</xmin>
			<xmax>415</xmax>
			<ymin>193</ymin>
			<ymax>306</ymax>
		</bndbox>
	</object>
</annotation>
