<annotation>
	<folder></folder>
	<filename>frame_1829_jpg.rf.12744ac4eb22bc434674e9b6c97e5ef2.jpg</filename>
	<path>frame_1829_jpg.rf.12744ac4eb22bc434674e9b6c97e5ef2.jpg</path>
	<source>
		<database>roboflow.ai</database>
	</source>
	<size>
		<width>416</width>
		<height>416</height>
		<depth>3</depth>
	</size>
	<segmented>0</segmented>
	<object>
		<name>auto</name>
		<pose>Unspecified</pose>
		<truncated>0</truncated>
		<difficult>0</difficult>
		<occluded>0</occluded>
		<bndbox>
			<xmin>287</xmin>
			<xmax>327</xmax>
			<ymin>101</ymin>
			<ymax>157</ymax>
		</bndbox>
	</object>
	<object>
		<name>car</name>
		<pose>Unspecified</pose>
		<truncated>0</truncated>
		<difficult>0</difficult>
		<occluded>0</occluded>
		<bndbox>
			<xmin>137</xmin>
			<xmax>283</xmax>
			<ymin>187</ymin>
			<ymax>350</ymax>
		</bndbox>
	</object>
	<object>
		<name>bus</name>
		<pose>Unspecified</pose>
		<truncated>0</truncated>
		<difficult>0</difficult>
		<occluded>0</occluded>
		<bndbox>
			<xmin>213</xmin>
			<xmax>291</xmax>
			<ymin>87</ymin>
			<ymax>183</ymax>
		</bndbox>
	</object>
</annotation>
