<annotation>
	<folder></folder>
	<filename>frame_1866_jpg.rf.7d5751b327743fba6e61c2905b366faa.jpg</filename>
	<path>frame_1866_jpg.rf.7d5751b327743fba6e61c2905b366faa.jpg</path>
	<source>
		<database>roboflow.ai</database>
	</source>
	<size>
		<width>416</width>
		<height>416</height>
		<depth>3</depth>
	</size>
	<segmented>0</segmented>
	<object>
		<name>auto</name>
		<pose>Unspecified</pose>
		<truncated>0</truncated>
		<difficult>0</difficult>
		<occluded>0</occluded>
		<bndbox>
			<xmin>159</xmin>
			<xmax>247</xmax>
			<ymin>296</ymin>
			<ymax>415</ymax>
		</bndbox>
	</object>
	<object>
		<name>auto</name>
		<pose>Unspecified</pose>
		<truncated>0</truncated>
		<difficult>0</difficult>
		<occluded>0</occluded>
		<bndbox>
			<xmin>232</xmin>
			<xmax>301</xmax>
			<ymin>278</ymin>
			<ymax>377</ymax>
		</bndbox>
	</object>
	<object>
		<name>auto</name>
		<pose>Unspecified</pose>
		<truncated>0</truncated>
		<difficult>0</difficult>
		<occluded>0</occluded>
		<bndbox>
			<xmin>79</xmin>
			<xmax>143</xmax>
			<ymin>323</ymin>
			<ymax>415</ymax>
		</bndbox>
	</object>
</annotation>
