<annotation>
	<folder></folder>
	<filename>frame_1842_jpg.rf.30c440f677bbeb55992bf8edd77ff9a9.jpg</filename>
	<path>frame_1842_jpg.rf.30c440f677bbeb55992bf8edd77ff9a9.jpg</path>
	<source>
		<database>roboflow.ai</database>
	</source>
	<size>
		<width>416</width>
		<height>416</height>
		<depth>3</depth>
	</size>
	<segmented>0</segmented>
	<object>
		<name>auto</name>
		<pose>Unspecified</pose>
		<truncated>0</truncated>
		<difficult>0</difficult>
		<occluded>0</occluded>
		<bndbox>
			<xmin>148</xmin>
			<xmax>415</xmax>
			<ymin>62</ymin>
			<ymax>414</ymax>
		</bndbox>
	</object>
	<object>
		<name>auto</name>
		<pose>Unspecified</pose>
		<truncated>0</truncated>
		<difficult>0</difficult>
		<occluded>0</occluded>
		<bndbox>
			<xmin>97</xmin>
			<xmax>186</xmax>
			<ymin>117</ymin>
			<ymax>311</ymax>
		</bndbox>
	</object>
	<object>
		<name>auto</name>
		<pose>Unspecified</pose>
		<truncated>0</truncated>
		<difficult>0</difficult>
		<occluded>0</occluded>
		<bndbox>
			<xmin>35</xmin>
			<xmax>118</xmax>
			<ymin>121</ymin>
			<ymax>282</ymax>
		</bndbox>
	</object>
</annotation>
