<annotation>
	<folder></folder>
	<filename>frame_1902_jpg.rf.57174ed1a1b341c05003674c619bbcd1.jpg</filename>
	<path>frame_1902_jpg.rf.57174ed1a1b341c05003674c619bbcd1.jpg</path>
	<source>
		<database>roboflow.ai</database>
	</source>
	<size>
		<width>416</width>
		<height>416</height>
		<depth>3</depth>
	</size>
	<segmented>0</segmented>
	<object>
		<name>auto</name>
		<pose>Unspecified</pose>
		<truncated>0</truncated>
		<difficult>0</difficult>
		<occluded>0</occluded>
		<bndbox>
			<xmin>34</xmin>
			<xmax>234</xmax>
			<ymin>42</ymin>
			<ymax>410</ymax>
		</bndbox>
	</object>
	<object>
		<name>auto</name>
		<pose>Unspecified</pose>
		<truncated>0</truncated>
		<difficult>0</difficult>
		<occluded>0</occluded>
		<bndbox>
			<xmin>158</xmin>
			<xmax>335</xmax>
			<ymin>21</ymin>
			<ymax>305</ymax>
		</bndbox>
	</object>
	<object>
		<name>auto</name>
		<pose>Unspecified</pose>
		<truncated>0</truncated>
		<difficult>0</difficult>
		<occluded>0</occluded>
		<bndbox>
			<xmin>282</xmin>
			<xmax>389</xmax>
			<ymin>27</ymin>
			<ymax>271</ymax>
		</bndbox>
	</object>
</annotation>
