<annotation>
	<folder></folder>
	<filename>frame_1930_jpg.rf.4b9c90a6660e0d8ec9be6436f050333e.jpg</filename>
	<path>frame_1930_jpg.rf.4b9c90a6660e0d8ec9be6436f050333e.jpg</path>
	<source>
		<database>roboflow.ai</database>
	</source>
	<size>
		<width>416</width>
		<height>416</height>
		<depth>3</depth>
	</size>
	<segmented>0</segmented>
	<object>
		<name>auto</name>
		<pose>Unspecified</pose>
		<truncated>0</truncated>
		<difficult>0</difficult>
		<occluded>0</occluded>
		<bndbox>
			<xmin>122</xmin>
			<xmax>174</xmax>
			<ymin>24</ymin>
			<ymax>113</ymax>
		</bndbox>
	</object>
</annotation>
