<annotation>
	<folder></folder>
	<filename>frame_1437_jpg.rf.f52b290917bfd95ed86ebc685219ef14.jpg</filename>
	<path>frame_1437_jpg.rf.f52b290917bfd95ed86ebc685219ef14.jpg</path>
	<source>
		<database>roboflow.ai</database>
	</source>
	<size>
		<width>416</width>
		<height>416</height>
		<depth>3</depth>
	</size>
	<segmented>0</segmented>
	<object>
		<name>car</name>
		<pose>Unspecified</pose>
		<truncated>0</truncated>
		<difficult>0</difficult>
		<occluded>0</occluded>
		<bndbox>
			<xmin>205</xmin>
			<xmax>348</xmax>
			<ymin>109</ymin>
			<ymax>339</ymax>
		</bndbox>
	</object>
	<object>
		<name>auto</name>
		<pose>Unspecified</pose>
		<truncated>0</truncated>
		<difficult>0</difficult>
		<occluded>0</occluded>
		<bndbox>
			<xmin>11</xmin>
			<xmax>112</xmax>
			<ymin>121</ymin>
			<ymax>368</ymax>
		</bndbox>
	</object>
	<object>
		<name>auto</name>
		<pose>Unspecified</pose>
		<truncated>0</truncated>
		<difficult>0</difficult>
		<occluded>0</occluded>
		<bndbox>
			<xmin>93</xmin>
			<xmax>220</xmax>
			<ymin>106</ymin>
			<ymax>356</ymax>
		</bndbox>
	</object>
	<object>
		<name>bus</name>
		<pose>Unspecified</pose>
		<truncated>0</truncated>
		<difficult>0</difficult>
		<occluded>0</occluded>
		<bndbox>
			<xmin>0</xmin>
			<xmax>54</xmax>
			<ymin>40</ymin>
			<ymax>143</ymax>
		</bndbox>
	</object>
</annotation>
