<annotation>
	<folder></folder>
	<filename>frame_1844_jpg.rf.5c8c05d3d998bc764740fb134e886dda.jpg</filename>
	<path>frame_1844_jpg.rf.5c8c05d3d998bc764740fb134e886dda.jpg</path>
	<source>
		<database>roboflow.ai</database>
	</source>
	<size>
		<width>416</width>
		<height>416</height>
		<depth>3</depth>
	</size>
	<segmented>0</segmented>
	<object>
		<name>auto</name>
		<pose>Unspecified</pose>
		<truncated>0</truncated>
		<difficult>0</difficult>
		<occluded>0</occluded>
		<bndbox>
			<xmin>139</xmin>
			<xmax>339</xmax>
			<ymin>45</ymin>
			<ymax>359</ymax>
		</bndbox>
	</object>
	<object>
		<name>car</name>
		<pose>Unspecified</pose>
		<truncated>0</truncated>
		<difficult>0</difficult>
		<occluded>0</occluded>
		<bndbox>
			<xmin>0</xmin>
			<xmax>106</xmax>
			<ymin>109</ymin>
			<ymax>257</ymax>
		</bndbox>
	</object>
</annotation>
