<annotation>
	<folder></folder>
	<filename>frame_1922_jpg.rf.106a1a5d9cf48469a81fb40b0bf1aaf6.jpg</filename>
	<path>frame_1922_jpg.rf.106a1a5d9cf48469a81fb40b0bf1aaf6.jpg</path>
	<source>
		<database>roboflow.ai</database>
	</source>
	<size>
		<width>416</width>
		<height>416</height>
		<depth>3</depth>
	</size>
	<segmented>0</segmented>
	<object>
		<name>auto</name>
		<pose>Unspecified</pose>
		<truncated>0</truncated>
		<difficult>0</difficult>
		<occluded>0</occluded>
		<bndbox>
			<xmin>334</xmin>
			<xmax>390</xmax>
			<ymin>156</ymin>
			<ymax>229</ymax>
		</bndbox>
	</object>
	<object>
		<name>auto</name>
		<pose>Unspecified</pose>
		<truncated>0</truncated>
		<difficult>0</difficult>
		<occluded>0</occluded>
		<bndbox>
			<xmin>283</xmin>
			<xmax>339</xmax>
			<ymin>136</ymin>
			<ymax>209</ymax>
		</bndbox>
	</object>
	<object>
		<name>car</name>
		<pose>Unspecified</pose>
		<truncated>0</truncated>
		<difficult>0</difficult>
		<occluded>0</occluded>
		<bndbox>
			<xmin>0</xmin>
			<xmax>325</xmax>
			<ymin>0</ymin>
			<ymax>372</ymax>
		</bndbox>
	</object>
</annotation>
