<annotation>
	<folder></folder>
	<filename>frame_1918_jpg.rf.39955546d1befe1912b5f755cd9af699.jpg</filename>
	<path>frame_1918_jpg.rf.39955546d1befe1912b5f755cd9af699.jpg</path>
	<source>
		<database>roboflow.ai</database>
	</source>
	<size>
		<width>416</width>
		<height>416</height>
		<depth>3</depth>
	</size>
	<segmented>0</segmented>
	<object>
		<name>car</name>
		<pose>Unspecified</pose>
		<truncated>0</truncated>
		<difficult>0</difficult>
		<occluded>0</occluded>
		<bndbox>
			<xmin>298</xmin>
			<xmax>415</xmax>
			<ymin>104</ymin>
			<ymax>257</ymax>
		</bndbox>
	</object>
	<object>
		<name>auto</name>
		<pose>Unspecified</pose>
		<truncated>0</truncated>
		<difficult>0</difficult>
		<occluded>0</occluded>
		<bndbox>
			<xmin>154</xmin>
			<xmax>245</xmax>
			<ymin>146</ymin>
			<ymax>281</ymax>
		</bndbox>
	</object>
</annotation>
