<annotation>
	<folder></folder>
	<filename>frame_1892_jpg.rf.280af18d5b546c1fdad2bfe8ab4a7790.jpg</filename>
	<path>frame_1892_jpg.rf.280af18d5b546c1fdad2bfe8ab4a7790.jpg</path>
	<source>
		<database>roboflow.ai</database>
	</source>
	<size>
		<width>416</width>
		<height>416</height>
		<depth>3</depth>
	</size>
	<segmented>0</segmented>
	<object>
		<name>auto</name>
		<pose>Unspecified</pose>
		<truncated>0</truncated>
		<difficult>0</difficult>
		<occluded>0</occluded>
		<bndbox>
			<xmin>103</xmin>
			<xmax>365</xmax>
			<ymin>126</ymin>
			<ymax>415</ymax>
		</bndbox>
	</object>
</annotation>
