<annotation>
	<folder></folder>
	<filename>frame_1913_jpg.rf.3bc0d0895eb3c989659ba4bbff6b81ba.jpg</filename>
	<path>frame_1913_jpg.rf.3bc0d0895eb3c989659ba4bbff6b81ba.jpg</path>
	<source>
		<database>roboflow.ai</database>
	</source>
	<size>
		<width>416</width>
		<height>416</height>
		<depth>3</depth>
	</size>
	<segmented>0</segmented>
	<object>
		<name>auto</name>
		<pose>Unspecified</pose>
		<truncated>0</truncated>
		<difficult>0</difficult>
		<occluded>0</occluded>
		<bndbox>
			<xmin>47</xmin>
			<xmax>374</xmax>
			<ymin>74</ymin>
			<ymax>415</ymax>
		</bndbox>
	</object>
</annotation>
