<annotation>
	<folder></folder>
	<filename>frame_1875_jpg.rf.a7add868726c5dc0f58e715718020d96.jpg</filename>
	<path>frame_1875_jpg.rf.a7add868726c5dc0f58e715718020d96.jpg</path>
	<source>
		<database>roboflow.ai</database>
	</source>
	<size>
		<width>416</width>
		<height>416</height>
		<depth>3</depth>
	</size>
	<segmented>0</segmented>
	<object>
		<name>auto</name>
		<pose>Unspecified</pose>
		<truncated>0</truncated>
		<difficult>0</difficult>
		<occluded>0</occluded>
		<bndbox>
			<xmin>221</xmin>
			<xmax>397</xmax>
			<ymin>142</ymin>
			<ymax>372</ymax>
		</bndbox>
	</object>
	<object>
		<name>car</name>
		<pose>Unspecified</pose>
		<truncated>0</truncated>
		<difficult>0</difficult>
		<occluded>0</occluded>
		<bndbox>
			<xmin>183</xmin>
			<xmax>209</xmax>
			<ymin>194</ymin>
			<ymax>245</ymax>
		</bndbox>
	</object>
</annotation>
