<annotation>
	<folder></folder>
	<filename>frame_1883_jpg.rf.de72035a110bb22d14343bc197ccdc12.jpg</filename>
	<path>frame_1883_jpg.rf.de72035a110bb22d14343bc197ccdc12.jpg</path>
	<source>
		<database>roboflow.ai</database>
	</source>
	<size>
		<width>416</width>
		<height>416</height>
		<depth>3</depth>
	</size>
	<segmented>0</segmented>
	<object>
		<name>auto</name>
		<pose>Unspecified</pose>
		<truncated>0</truncated>
		<difficult>0</difficult>
		<occluded>0</occluded>
		<bndbox>
			<xmin>327</xmin>
			<xmax>393</xmax>
			<ymin>175</ymin>
			<ymax>274</ymax>
		</bndbox>
	</object>
	<object>
		<name>auto</name>
		<pose>Unspecified</pose>
		<truncated>0</truncated>
		<difficult>0</difficult>
		<occluded>0</occluded>
		<bndbox>
			<xmin>139</xmin>
			<xmax>224</xmax>
			<ymin>189</ymin>
			<ymax>318</ymax>
		</bndbox>
	</object>
	<object>
		<name>motorbike</name>
		<pose>Unspecified</pose>
		<truncated>0</truncated>
		<difficult>0</difficult>
		<occluded>0</occluded>
		<bndbox>
			<xmin>30</xmin>
			<xmax>116</xmax>
			<ymin>276</ymin>
			<ymax>362</ymax>
		</bndbox>
	</object>
</annotation>
