<annotation>
	<folder></folder>
	<filename>frame_1844_jpg.rf.4913696ce6f1d59d916ec34ce38c8d23.jpg</filename>
	<path>frame_1844_jpg.rf.4913696ce6f1d59d916ec34ce38c8d23.jpg</path>
	<source>
		<database>roboflow.ai</database>
	</source>
	<size>
		<width>416</width>
		<height>416</height>
		<depth>3</depth>
	</size>
	<segmented>0</segmented>
	<object>
		<name>auto</name>
		<pose>Unspecified</pose>
		<truncated>0</truncated>
		<difficult>0</difficult>
		<occluded>0</occluded>
		<bndbox>
			<xmin>93</xmin>
			<xmax>262</xmax>
			<ymin>74</ymin>
			<ymax>351</ymax>
		</bndbox>
	</object>
	<object>
		<name>car</name>
		<pose>Unspecified</pose>
		<truncated>0</truncated>
		<difficult>0</difficult>
		<occluded>0</occluded>
		<bndbox>
			<xmin>291</xmin>
			<xmax>406</xmax>
			<ymin>67</ymin>
			<ymax>189</ymax>
		</bndbox>
	</object>
</annotation>
