<annotation>
	<folder></folder>
	<filename>frame_1926_jpg.rf.88ae58b8838da31e365b337cf742718c.jpg</filename>
	<path>frame_1926_jpg.rf.88ae58b8838da31e365b337cf742718c.jpg</path>
	<source>
		<database>roboflow.ai</database>
	</source>
	<size>
		<width>416</width>
		<height>416</height>
		<depth>3</depth>
	</size>
	<segmented>0</segmented>
	<object>
		<name>auto</name>
		<pose>Unspecified</pose>
		<truncated>0</truncated>
		<difficult>0</difficult>
		<occluded>0</occluded>
		<bndbox>
			<xmin>142</xmin>
			<xmax>415</xmax>
			<ymin>11</ymin>
			<ymax>415</ymax>
		</bndbox>
	</object>
	<object>
		<name>auto</name>
		<pose>Unspecified</pose>
		<truncated>0</truncated>
		<difficult>0</difficult>
		<occluded>0</occluded>
		<bndbox>
			<xmin>0</xmin>
			<xmax>151</xmax>
			<ymin>49</ymin>
			<ymax>311</ymax>
		</bndbox>
	</object>
</annotation>
