<annotation>
	<folder></folder>
	<filename>frame_1859_jpg.rf.7221658a8816482f038094788e700cf8.jpg</filename>
	<path>frame_1859_jpg.rf.7221658a8816482f038094788e700cf8.jpg</path>
	<source>
		<database>roboflow.ai</database>
	</source>
	<size>
		<width>416</width>
		<height>416</height>
		<depth>3</depth>
	</size>
	<segmented>0</segmented>
	<object>
		<name>auto</name>
		<pose>Unspecified</pose>
		<truncated>0</truncated>
		<difficult>0</difficult>
		<occluded>0</occluded>
		<bndbox>
			<xmin>39</xmin>
			<xmax>141</xmax>
			<ymin>165</ymin>
			<ymax>378</ymax>
		</bndbox>
	</object>
	<object>
		<name>motorbike</name>
		<pose>Unspecified</pose>
		<truncated>0</truncated>
		<difficult>0</difficult>
		<occluded>0</occluded>
		<bndbox>
			<xmin>8</xmin>
			<xmax>37</xmax>
			<ymin>217</ymin>
			<ymax>352</ymax>
		</bndbox>
	</object>
</annotation>
