<annotation>
	<folder></folder>
	<filename>frame_1915_jpg.rf.eaae1e2bdf3455fee743fa9d6b91fe43.jpg</filename>
	<path>frame_1915_jpg.rf.eaae1e2bdf3455fee743fa9d6b91fe43.jpg</path>
	<source>
		<database>roboflow.ai</database>
	</source>
	<size>
		<width>416</width>
		<height>416</height>
		<depth>3</depth>
	</size>
	<segmented>0</segmented>
	<object>
		<name>auto</name>
		<pose>Unspecified</pose>
		<truncated>0</truncated>
		<difficult>0</difficult>
		<occluded>0</occluded>
		<bndbox>
			<xmin>296</xmin>
			<xmax>415</xmax>
			<ymin>0</ymin>
			<ymax>235</ymax>
		</bndbox>
	</object>
	<object>
		<name>auto</name>
		<pose>Unspecified</pose>
		<truncated>0</truncated>
		<difficult>0</difficult>
		<occluded>0</occluded>
		<bndbox>
			<xmin>10</xmin>
			<xmax>170</xmax>
			<ymin>130</ymin>
			<ymax>415</ymax>
		</bndbox>
	</object>
	<object>
		<name>car</name>
		<pose>Unspecified</pose>
		<truncated>0</truncated>
		<difficult>0</difficult>
		<occluded>0</occluded>
		<bndbox>
			<xmin>160</xmin>
			<xmax>227</xmax>
			<ymin>84</ymin>
			<ymax>210</ymax>
		</bndbox>
	</object>
</annotation>
