<annotation>
	<folder></folder>
	<filename>frame_1921_jpg.rf.0650e973764ac15c8b23d28b28f66a8b.jpg</filename>
	<path>frame_1921_jpg.rf.0650e973764ac15c8b23d28b28f66a8b.jpg</path>
	<source>
		<database>roboflow.ai</database>
	</source>
	<size>
		<width>416</width>
		<height>416</height>
		<depth>3</depth>
	</size>
	<segmented>0</segmented>
	<object>
		<name>auto</name>
		<pose>Unspecified</pose>
		<truncated>0</truncated>
		<difficult>0</difficult>
		<occluded>0</occluded>
		<bndbox>
			<xmin>74</xmin>
			<xmax>415</xmax>
			<ymin>0</ymin>
			<ymax>415</ymax>
		</bndbox>
	</object>
	<object>
		<name>auto</name>
		<pose>Unspecified</pose>
		<truncated>0</truncated>
		<difficult>0</difficult>
		<occluded>0</occluded>
		<bndbox>
			<xmin>0</xmin>
			<xmax>56</xmax>
			<ymin>33</ymin>
			<ymax>156</ymax>
		</bndbox>
	</object>
</annotation>
