<annotation>
	<folder></folder>
	<filename>frame_1921_jpg.rf.c706e77092b0c612dc0abd0f3a93afe1.jpg</filename>
	<path>frame_1921_jpg.rf.c706e77092b0c612dc0abd0f3a93afe1.jpg</path>
	<source>
		<database>roboflow.ai</database>
	</source>
	<size>
		<width>416</width>
		<height>416</height>
		<depth>3</depth>
	</size>
	<segmented>0</segmented>
	<object>
		<name>auto</name>
		<pose>Unspecified</pose>
		<truncated>0</truncated>
		<difficult>0</difficult>
		<occluded>0</occluded>
		<bndbox>
			<xmin>103</xmin>
			<xmax>393</xmax>
			<ymin>7</ymin>
			<ymax>415</ymax>
		</bndbox>
	</object>
	<object>
		<name>auto</name>
		<pose>Unspecified</pose>
		<truncated>0</truncated>
		<difficult>0</difficult>
		<occluded>0</occluded>
		<bndbox>
			<xmin>37</xmin>
			<xmax>109</xmax>
			<ymin>13</ymin>
			<ymax>125</ymax>
		</bndbox>
	</object>
</annotation>
