<annotation>
	<folder></folder>
	<filename>frame_1840_jpg.rf.ee577d1a199381a7adcc5d5713f62140.jpg</filename>
	<path>frame_1840_jpg.rf.ee577d1a199381a7adcc5d5713f62140.jpg</path>
	<source>
		<database>roboflow.ai</database>
	</source>
	<size>
		<width>416</width>
		<height>416</height>
		<depth>3</depth>
	</size>
	<segmented>0</segmented>
	<object>
		<name>auto</name>
		<pose>Unspecified</pose>
		<truncated>0</truncated>
		<difficult>0</difficult>
		<occluded>0</occluded>
		<bndbox>
			<xmin>199</xmin>
			<xmax>415</xmax>
			<ymin>84</ymin>
			<ymax>413</ymax>
		</bndbox>
	</object>
	<object>
		<name>auto</name>
		<pose>Unspecified</pose>
		<truncated>0</truncated>
		<difficult>0</difficult>
		<occluded>0</occluded>
		<bndbox>
			<xmin>69</xmin>
			<xmax>258</xmax>
			<ymin>111</ymin>
			<ymax>402</ymax>
		</bndbox>
	</object>
	<object>
		<name>auto</name>
		<pose>Unspecified</pose>
		<truncated>0</truncated>
		<difficult>0</difficult>
		<occluded>0</occluded>
		<bndbox>
			<xmin>0</xmin>
			<xmax>92</xmax>
			<ymin>157</ymin>
			<ymax>337</ymax>
		</bndbox>
	</object>
</annotation>
