<annotation>
	<folder></folder>
	<filename>frame_1869_jpg.rf.fe8fd8d56709e8b59c23ee1a866f3058.jpg</filename>
	<path>frame_1869_jpg.rf.fe8fd8d56709e8b59c23ee1a866f3058.jpg</path>
	<source>
		<database>roboflow.ai</database>
	</source>
	<size>
		<width>416</width>
		<height>416</height>
		<depth>3</depth>
	</size>
	<segmented>0</segmented>
	<object>
		<name>auto</name>
		<pose>Unspecified</pose>
		<truncated>0</truncated>
		<difficult>0</difficult>
		<occluded>0</occluded>
		<bndbox>
			<xmin>223</xmin>
			<xmax>322</xmax>
			<ymin>115</ymin>
			<ymax>261</ymax>
		</bndbox>
	</object>
	<object>
		<name>auto</name>
		<pose>Unspecified</pose>
		<truncated>0</truncated>
		<difficult>0</difficult>
		<occluded>0</occluded>
		<bndbox>
			<xmin>138</xmin>
			<xmax>237</xmax>
			<ymin>147</ymin>
			<ymax>293</ymax>
		</bndbox>
	</object>
	<object>
		<name>auto</name>
		<pose>Unspecified</pose>
		<truncated>0</truncated>
		<difficult>0</difficult>
		<occluded>0</occluded>
		<bndbox>
			<xmin>32</xmin>
			<xmax>123</xmax>
			<ymin>205</ymin>
			<ymax>311</ymax>
		</bndbox>
	</object>
</annotation>
