<annotation>
	<folder></folder>
	<filename>frame_1873_jpg.rf.3a7ff164d5f49bbb2dfb5344b788b0da.jpg</filename>
	<path>frame_1873_jpg.rf.3a7ff164d5f49bbb2dfb5344b788b0da.jpg</path>
	<source>
		<database>roboflow.ai</database>
	</source>
	<size>
		<width>416</width>
		<height>416</height>
		<depth>3</depth>
	</size>
	<segmented>0</segmented>
	<object>
		<name>auto</name>
		<pose>Unspecified</pose>
		<truncated>0</truncated>
		<difficult>0</difficult>
		<occluded>0</occluded>
		<bndbox>
			<xmin>13</xmin>
			<xmax>159</xmax>
			<ymin>142</ymin>
			<ymax>338</ymax>
		</bndbox>
	</object>
	<object>
		<name>auto</name>
		<pose>Unspecified</pose>
		<truncated>0</truncated>
		<difficult>0</difficult>
		<occluded>0</occluded>
		<bndbox>
			<xmin>123</xmin>
			<xmax>233</xmax>
			<ymin>117</ymin>
			<ymax>300</ymax>
		</bndbox>
	</object>
</annotation>
