<annotation>
	<folder></folder>
	<filename>frame_1852_jpg.rf.2a72d5d2237ee8c9a71110cd020ea97e.jpg</filename>
	<path>frame_1852_jpg.rf.2a72d5d2237ee8c9a71110cd020ea97e.jpg</path>
	<source>
		<database>roboflow.ai</database>
	</source>
	<size>
		<width>416</width>
		<height>416</height>
		<depth>3</depth>
	</size>
	<segmented>0</segmented>
	<object>
		<name>auto</name>
		<pose>Unspecified</pose>
		<truncated>0</truncated>
		<difficult>0</difficult>
		<occluded>0</occluded>
		<bndbox>
			<xmin>31</xmin>
			<xmax>360</xmax>
			<ymin>61</ymin>
			<ymax>368</ymax>
		</bndbox>
	</object>
</annotation>
