<annotation>
	<folder></folder>
	<filename>frame_1434_jpg.rf.adf307a6688489367a9a37d1aee3f913.jpg</filename>
	<path>frame_1434_jpg.rf.adf307a6688489367a9a37d1aee3f913.jpg</path>
	<source>
		<database>roboflow.ai</database>
	</source>
	<size>
		<width>416</width>
		<height>416</height>
		<depth>3</depth>
	</size>
	<segmented>0</segmented>
	<object>
		<name>auto</name>
		<pose>Unspecified</pose>
		<truncated>0</truncated>
		<difficult>0</difficult>
		<occluded>0</occluded>
		<bndbox>
			<xmin>0</xmin>
			<xmax>162</xmax>
			<ymin>93</ymin>
			<ymax>407</ymax>
		</bndbox>
	</object>
	<object>
		<name>auto</name>
		<pose>Unspecified</pose>
		<truncated>0</truncated>
		<difficult>0</difficult>
		<occluded>0</occluded>
		<bndbox>
			<xmin>303</xmin>
			<xmax>369</xmax>
			<ymin>58</ymin>
			<ymax>207</ymax>
		</bndbox>
	</object>
	<object>
		<name>auto</name>
		<pose>Unspecified</pose>
		<truncated>0</truncated>
		<difficult>0</difficult>
		<occluded>0</occluded>
		<bndbox>
			<xmin>212</xmin>
			<xmax>247</xmax>
			<ymin>104</ymin>
			<ymax>196</ymax>
		</bndbox>
	</object>
</annotation>
