<annotation>
	<folder></folder>
	<filename>frame_1921_jpg.rf.11bc53b975747649ad19def219814168.jpg</filename>
	<path>frame_1921_jpg.rf.11bc53b975747649ad19def219814168.jpg</path>
	<source>
		<database>roboflow.ai</database>
	</source>
	<size>
		<width>416</width>
		<height>416</height>
		<depth>3</depth>
	</size>
	<segmented>0</segmented>
	<object>
		<name>auto</name>
		<pose>Unspecified</pose>
		<truncated>0</truncated>
		<difficult>0</difficult>
		<occluded>0</occluded>
		<bndbox>
			<xmin>32</xmin>
			<xmax>303</xmax>
			<ymin>10</ymin>
			<ymax>402</ymax>
		</bndbox>
	</object>
	<object>
		<name>auto</name>
		<pose>Unspecified</pose>
		<truncated>0</truncated>
		<difficult>0</difficult>
		<occluded>0</occluded>
		<bndbox>
			<xmin>337</xmin>
			<xmax>404</xmax>
			<ymin>43</ymin>
			<ymax>151</ymax>
		</bndbox>
	</object>
</annotation>
