<annotation>
	<folder></folder>
	<filename>frame_1924_jpg.rf.41765f3da547be4fc06cbae4ed88212e.jpg</filename>
	<path>frame_1924_jpg.rf.41765f3da547be4fc06cbae4ed88212e.jpg</path>
	<source>
		<database>roboflow.ai</database>
	</source>
	<size>
		<width>416</width>
		<height>416</height>
		<depth>3</depth>
	</size>
	<segmented>0</segmented>
	<object>
		<name>auto</name>
		<pose>Unspecified</pose>
		<truncated>0</truncated>
		<difficult>0</difficult>
		<occluded>0</occluded>
		<bndbox>
			<xmin>208</xmin>
			<xmax>347</xmax>
			<ymin>157</ymin>
			<ymax>348</ymax>
		</bndbox>
	</object>
	<object>
		<name>auto</name>
		<pose>Unspecified</pose>
		<truncated>0</truncated>
		<difficult>0</difficult>
		<occluded>0</occluded>
		<bndbox>
			<xmin>11</xmin>
			<xmax>230</xmax>
			<ymin>165</ymin>
			<ymax>415</ymax>
		</bndbox>
	</object>
</annotation>
