<annotation>
	<folder></folder>
	<filename>frame_1904_jpg.rf.fa6ce83581a03d5116e932b75f76c3ea.jpg</filename>
	<path>frame_1904_jpg.rf.fa6ce83581a03d5116e932b75f76c3ea.jpg</path>
	<source>
		<database>roboflow.ai</database>
	</source>
	<size>
		<width>416</width>
		<height>416</height>
		<depth>3</depth>
	</size>
	<segmented>0</segmented>
	<object>
		<name>auto</name>
		<pose>Unspecified</pose>
		<truncated>0</truncated>
		<difficult>0</difficult>
		<occluded>0</occluded>
		<bndbox>
			<xmin>123</xmin>
			<xmax>297</xmax>
			<ymin>162</ymin>
			<ymax>415</ymax>
		</bndbox>
	</object>
</annotation>
