<annotation>
	<folder></folder>
	<filename>frame_1892_jpg.rf.7624492f87f32f465a333691828954ab.jpg</filename>
	<path>frame_1892_jpg.rf.7624492f87f32f465a333691828954ab.jpg</path>
	<source>
		<database>roboflow.ai</database>
	</source>
	<size>
		<width>416</width>
		<height>416</height>
		<depth>3</depth>
	</size>
	<segmented>0</segmented>
	<object>
		<name>auto</name>
		<pose>Unspecified</pose>
		<truncated>0</truncated>
		<difficult>0</difficult>
		<occluded>0</occluded>
		<bndbox>
			<xmin>102</xmin>
			<xmax>378</xmax>
			<ymin>99</ymin>
			<ymax>415</ymax>
		</bndbox>
	</object>
</annotation>
