<annotation>
	<folder></folder>
	<filename>frame_1433_jpg.rf.7038bcaf5c2f576249a8b61672183b93.jpg</filename>
	<path>frame_1433_jpg.rf.7038bcaf5c2f576249a8b61672183b93.jpg</path>
	<source>
		<database>roboflow.ai</database>
	</source>
	<size>
		<width>416</width>
		<height>416</height>
		<depth>3</depth>
	</size>
	<segmented>0</segmented>
	<object>
		<name>auto</name>
		<pose>Unspecified</pose>
		<truncated>0</truncated>
		<difficult>0</difficult>
		<occluded>0</occluded>
		<bndbox>
			<xmin>46</xmin>
			<xmax>175</xmax>
			<ymin>53</ymin>
			<ymax>320</ymax>
		</bndbox>
	</object>
	<object>
		<name>auto</name>
		<pose>Unspecified</pose>
		<truncated>0</truncated>
		<difficult>0</difficult>
		<occluded>0</occluded>
		<bndbox>
			<xmin>213</xmin>
			<xmax>265</xmax>
			<ymin>45</ymin>
			<ymax>139</ymax>
		</bndbox>
	</object>
</annotation>
