<annotation>
	<folder></folder>
	<filename>frame_1900_jpg.rf.5a09a172edab23d2e8e6c893b39e436c.jpg</filename>
	<path>frame_1900_jpg.rf.5a09a172edab23d2e8e6c893b39e436c.jpg</path>
	<source>
		<database>roboflow.ai</database>
	</source>
	<size>
		<width>416</width>
		<height>416</height>
		<depth>3</depth>
	</size>
	<segmented>0</segmented>
	<object>
		<name>auto</name>
		<pose>Unspecified</pose>
		<truncated>0</truncated>
		<difficult>0</difficult>
		<occluded>0</occluded>
		<bndbox>
			<xmin>73</xmin>
			<xmax>295</xmax>
			<ymin>67</ymin>
			<ymax>371</ymax>
		</bndbox>
	</object>
	<object>
		<name>auto</name>
		<pose>Unspecified</pose>
		<truncated>0</truncated>
		<difficult>0</difficult>
		<occluded>0</occluded>
		<bndbox>
			<xmin>273</xmin>
			<xmax>415</xmax>
			<ymin>32</ymin>
			<ymax>268</ymax>
		</bndbox>
	</object>
</annotation>
