<annotation>
	<folder></folder>
	<filename>frame_1904_jpg.rf.c18da840838caa40e27c10997d868cf8.jpg</filename>
	<path>frame_1904_jpg.rf.c18da840838caa40e27c10997d868cf8.jpg</path>
	<source>
		<database>roboflow.ai</database>
	</source>
	<size>
		<width>416</width>
		<height>416</height>
		<depth>3</depth>
	</size>
	<segmented>0</segmented>
	<object>
		<name>auto</name>
		<pose>Unspecified</pose>
		<truncated>0</truncated>
		<difficult>0</difficult>
		<occluded>0</occluded>
		<bndbox>
			<xmin>148</xmin>
			<xmax>316</xmax>
			<ymin>162</ymin>
			<ymax>415</ymax>
		</bndbox>
	</object>
</annotation>
