<annotation>
	<folder></folder>
	<filename>frame_1858_jpg.rf.22e78a3293cbe6841e9ec8fe15c833f3.jpg</filename>
	<path>frame_1858_jpg.rf.22e78a3293cbe6841e9ec8fe15c833f3.jpg</path>
	<source>
		<database>roboflow.ai</database>
	</source>
	<size>
		<width>416</width>
		<height>416</height>
		<depth>3</depth>
	</size>
	<segmented>0</segmented>
	<object>
		<name>auto</name>
		<pose>Unspecified</pose>
		<truncated>0</truncated>
		<difficult>0</difficult>
		<occluded>0</occluded>
		<bndbox>
			<xmin>219</xmin>
			<xmax>397</xmax>
			<ymin>102</ymin>
			<ymax>400</ymax>
		</bndbox>
	</object>
</annotation>
