<annotation>
	<folder></folder>
	<filename>frame_1898_jpg.rf.6bba61cc4bd7dc9ecdec367b221d1430.jpg</filename>
	<path>frame_1898_jpg.rf.6bba61cc4bd7dc9ecdec367b221d1430.jpg</path>
	<source>
		<database>roboflow.ai</database>
	</source>
	<size>
		<width>416</width>
		<height>416</height>
		<depth>3</depth>
	</size>
	<segmented>0</segmented>
	<object>
		<name>truck</name>
		<pose>Unspecified</pose>
		<truncated>0</truncated>
		<difficult>0</difficult>
		<occluded>0</occluded>
		<bndbox>
			<xmin>288</xmin>
			<xmax>376</xmax>
			<ymin>156</ymin>
			<ymax>273</ymax>
		</bndbox>
	</object>
</annotation>
