<annotation>
	<folder></folder>
	<filename>frame_1923_jpg.rf.fbd2f81f0c04079b33529f852c5c2f85.jpg</filename>
	<path>frame_1923_jpg.rf.fbd2f81f0c04079b33529f852c5c2f85.jpg</path>
	<source>
		<database>roboflow.ai</database>
	</source>
	<size>
		<width>416</width>
		<height>416</height>
		<depth>3</depth>
	</size>
	<segmented>0</segmented>
	<object>
		<name>auto</name>
		<pose>Unspecified</pose>
		<truncated>0</truncated>
		<difficult>0</difficult>
		<occluded>0</occluded>
		<bndbox>
			<xmin>18</xmin>
			<xmax>359</xmax>
			<ymin>4</ymin>
			<ymax>415</ymax>
		</bndbox>
	</object>
</annotation>
