<annotation>
	<folder></folder>
	<filename>frame_1926_jpg.rf.627cd25b0ed6c2cb2e3742a847931aa8.jpg</filename>
	<path>frame_1926_jpg.rf.627cd25b0ed6c2cb2e3742a847931aa8.jpg</path>
	<source>
		<database>roboflow.ai</database>
	</source>
	<size>
		<width>416</width>
		<height>416</height>
		<depth>3</depth>
	</size>
	<segmented>0</segmented>
	<object>
		<name>auto</name>
		<pose>Unspecified</pose>
		<truncated>0</truncated>
		<difficult>0</difficult>
		<occluded>0</occluded>
		<bndbox>
			<xmin>173</xmin>
			<xmax>387</xmax>
			<ymin>55</ymin>
			<ymax>401</ymax>
		</bndbox>
	</object>
	<object>
		<name>auto</name>
		<pose>Unspecified</pose>
		<truncated>0</truncated>
		<difficult>0</difficult>
		<occluded>0</occluded>
		<bndbox>
			<xmin>22</xmin>
			<xmax>133</xmax>
			<ymin>72</ymin>
			<ymax>285</ymax>
		</bndbox>
	</object>
</annotation>
