<annotation>
	<folder></folder>
	<filename>frame_1874_jpg.rf.5681083c9bea52700b60ccd9ff1a9e43.jpg</filename>
	<path>frame_1874_jpg.rf.5681083c9bea52700b60ccd9ff1a9e43.jpg</path>
	<source>
		<database>roboflow.ai</database>
	</source>
	<size>
		<width>416</width>
		<height>416</height>
		<depth>3</depth>
	</size>
	<segmented>0</segmented>
	<object>
		<name>auto</name>
		<pose>Unspecified</pose>
		<truncated>0</truncated>
		<difficult>0</difficult>
		<occluded>0</occluded>
		<bndbox>
			<xmin>5</xmin>
			<xmax>205</xmax>
			<ymin>7</ymin>
			<ymax>415</ymax>
		</bndbox>
	</object>
	<object>
		<name>car</name>
		<pose>Unspecified</pose>
		<truncated>0</truncated>
		<difficult>0</difficult>
		<occluded>0</occluded>
		<bndbox>
			<xmin>159</xmin>
			<xmax>254</xmax>
			<ymin>206</ymin>
			<ymax>314</ymax>
		</bndbox>
	</object>
	<object>
		<name>car</name>
		<pose>Unspecified</pose>
		<truncated>0</truncated>
		<difficult>0</difficult>
		<occluded>0</occluded>
		<bndbox>
			<xmin>273</xmin>
			<xmax>415</xmax>
			<ymin>187</ymin>
			<ymax>341</ymax>
		</bndbox>
	</object>
</annotation>
