<annotation>
	<folder></folder>
	<filename>frame_1922_jpg.rf.0b695b0e33301942b0664a850d83dc19.jpg</filename>
	<path>frame_1922_jpg.rf.0b695b0e33301942b0664a850d83dc19.jpg</path>
	<source>
		<database>roboflow.ai</database>
	</source>
	<size>
		<width>416</width>
		<height>416</height>
		<depth>3</depth>
	</size>
	<segmented>0</segmented>
	<object>
		<name>auto</name>
		<pose>Unspecified</pose>
		<truncated>0</truncated>
		<difficult>0</difficult>
		<occluded>0</occluded>
		<bndbox>
			<xmin>347</xmin>
			<xmax>402</xmax>
			<ymin>114</ymin>
			<ymax>191</ymax>
		</bndbox>
	</object>
	<object>
		<name>auto</name>
		<pose>Unspecified</pose>
		<truncated>0</truncated>
		<difficult>0</difficult>
		<occluded>0</occluded>
		<bndbox>
			<xmin>302</xmin>
			<xmax>357</xmax>
			<ymin>105</ymin>
			<ymax>182</ymax>
		</bndbox>
	</object>
	<object>
		<name>car</name>
		<pose>Unspecified</pose>
		<truncated>0</truncated>
		<difficult>0</difficult>
		<occluded>0</occluded>
		<bndbox>
			<xmin>0</xmin>
			<xmax>332</xmax>
			<ymin>0</ymin>
			<ymax>395</ymax>
		</bndbox>
	</object>
</annotation>
