<annotation>
	<folder></folder>
	<filename>frame_1900_jpg.rf.91dc8f65765463e37a5328dcd75ae884.jpg</filename>
	<path>frame_1900_jpg.rf.91dc8f65765463e37a5328dcd75ae884.jpg</path>
	<source>
		<database>roboflow.ai</database>
	</source>
	<size>
		<width>416</width>
		<height>416</height>
		<depth>3</depth>
	</size>
	<segmented>0</segmented>
	<object>
		<name>auto</name>
		<pose>Unspecified</pose>
		<truncated>0</truncated>
		<difficult>0</difficult>
		<occluded>0</occluded>
		<bndbox>
			<xmin>88</xmin>
			<xmax>279</xmax>
			<ymin>68</ymin>
			<ymax>366</ymax>
		</bndbox>
	</object>
	<object>
		<name>auto</name>
		<pose>Unspecified</pose>
		<truncated>0</truncated>
		<difficult>0</difficult>
		<occluded>0</occluded>
		<bndbox>
			<xmin>288</xmin>
			<xmax>415</xmax>
			<ymin>43</ymin>
			<ymax>275</ymax>
		</bndbox>
	</object>
</annotation>
