<annotation>
	<folder></folder>
	<filename>frame_1870_jpg.rf.6d0fa3655d01e913e728193e20d8a4ee.jpg</filename>
	<path>frame_1870_jpg.rf.6d0fa3655d01e913e728193e20d8a4ee.jpg</path>
	<source>
		<database>roboflow.ai</database>
	</source>
	<size>
		<width>416</width>
		<height>416</height>
		<depth>3</depth>
	</size>
	<segmented>0</segmented>
	<object>
		<name>auto</name>
		<pose>Unspecified</pose>
		<truncated>0</truncated>
		<difficult>0</difficult>
		<occluded>0</occluded>
		<bndbox>
			<xmin>124</xmin>
			<xmax>401</xmax>
			<ymin>27</ymin>
			<ymax>370</ymax>
		</bndbox>
	</object>
	<object>
		<name>auto</name>
		<pose>Unspecified</pose>
		<truncated>0</truncated>
		<difficult>0</difficult>
		<occluded>0</occluded>
		<bndbox>
			<xmin>23</xmin>
			<xmax>171</xmax>
			<ymin>40</ymin>
			<ymax>231</ymax>
		</bndbox>
	</object>
</annotation>
