<annotation>
	<folder></folder>
	<filename>frame_1429_jpg.rf.befd9740cb380be3f2f92985b3aecfec.jpg</filename>
	<path>frame_1429_jpg.rf.befd9740cb380be3f2f92985b3aecfec.jpg</path>
	<source>
		<database>roboflow.ai</database>
	</source>
	<size>
		<width>416</width>
		<height>416</height>
		<depth>3</depth>
	</size>
	<segmented>0</segmented>
	<object>
		<name>auto</name>
		<pose>Unspecified</pose>
		<truncated>0</truncated>
		<difficult>0</difficult>
		<occluded>0</occluded>
		<bndbox>
			<xmin>4</xmin>
			<xmax>374</xmax>
			<ymin>18</ymin>
			<ymax>413</ymax>
		</bndbox>
	</object>
	<object>
		<name>auto</name>
		<pose>Unspecified</pose>
		<truncated>0</truncated>
		<difficult>0</difficult>
		<occluded>0</occluded>
		<bndbox>
			<xmin>316</xmin>
			<xmax>415</xmax>
			<ymin>67</ymin>
			<ymax>315</ymax>
		</bndbox>
	</object>
</annotation>
