<annotation>
	<folder></folder>
	<filename>frame_1917_jpg.rf.926e013b91f2f310071a9a38ca5681a1.jpg</filename>
	<path>frame_1917_jpg.rf.926e013b91f2f310071a9a38ca5681a1.jpg</path>
	<source>
		<database>roboflow.ai</database>
	</source>
	<size>
		<width>416</width>
		<height>416</height>
		<depth>3</depth>
	</size>
	<segmented>0</segmented>
	<object>
		<name>riksha</name>
		<pose>Unspecified</pose>
		<truncated>0</truncated>
		<difficult>0</difficult>
		<occluded>0</occluded>
		<bndbox>
			<xmin>84</xmin>
			<xmax>342</xmax>
			<ymin>117</ymin>
			<ymax>390</ymax>
		</bndbox>
	</object>
</annotation>
