<annotation>
	<folder></folder>
	<filename>frame_1831_jpg.rf.8110d3573ce7c2e06fc649d27cd61618.jpg</filename>
	<path>frame_1831_jpg.rf.8110d3573ce7c2e06fc649d27cd61618.jpg</path>
	<source>
		<database>roboflow.ai</database>
	</source>
	<size>
		<width>416</width>
		<height>416</height>
		<depth>3</depth>
	</size>
	<segmented>0</segmented>
	<object>
		<name>auto</name>
		<pose>Unspecified</pose>
		<truncated>0</truncated>
		<difficult>0</difficult>
		<occluded>0</occluded>
		<bndbox>
			<xmin>195</xmin>
			<xmax>242</xmax>
			<ymin>253</ymin>
			<ymax>351</ymax>
		</bndbox>
	</object>
	<object>
		<name>motorbike</name>
		<pose>Unspecified</pose>
		<truncated>0</truncated>
		<difficult>0</difficult>
		<occluded>0</occluded>
		<bndbox>
			<xmin>350</xmin>
			<xmax>412</xmax>
			<ymin>315</ymin>
			<ymax>415</ymax>
		</bndbox>
	</object>
	<object>
		<name>riksha</name>
		<pose>Unspecified</pose>
		<truncated>0</truncated>
		<difficult>0</difficult>
		<occluded>0</occluded>
		<bndbox>
			<xmin>135</xmin>
			<xmax>179</xmax>
			<ymin>232</ymin>
			<ymax>347</ymax>
		</bndbox>
	</object>
	<object>
		<name>riksha</name>
		<pose>Unspecified</pose>
		<truncated>0</truncated>
		<difficult>0</difficult>
		<occluded>0</occluded>
		<bndbox>
			<xmin>274</xmin>
			<xmax>322</xmax>
			<ymin>268</ymin>
			<ymax>387</ymax>
		</bndbox>
	</object>
	<object>
		<name>motorbike</name>
		<pose>Unspecified</pose>
		<truncated>0</truncated>
		<difficult>0</difficult>
		<occluded>0</occluded>
		<bndbox>
			<xmin>89</xmin>
			<xmax>121</xmax>
			<ymin>243</ymin>
			<ymax>335</ymax>
		</bndbox>
	</object>
	<object>
		<name>motorbike</name>
		<pose>Unspecified</pose>
		<truncated>0</truncated>
		<difficult>0</difficult>
		<occluded>0</occluded>
		<bndbox>
			<xmin>114</xmin>
			<xmax>136</xmax>
			<ymin>249</ymin>
			<ymax>326</ymax>
		</bndbox>
	</object>
</annotation>
