<annotation>
	<folder></folder>
	<filename>frame_1896_jpg.rf.db85b1dc2149839be1bb6f97b4bde83a.jpg</filename>
	<path>frame_1896_jpg.rf.db85b1dc2149839be1bb6f97b4bde83a.jpg</path>
	<source>
		<database>roboflow.ai</database>
	</source>
	<size>
		<width>416</width>
		<height>416</height>
		<depth>3</depth>
	</size>
	<segmented>0</segmented>
	<object>
		<name>auto</name>
		<pose>Unspecified</pose>
		<truncated>0</truncated>
		<difficult>0</difficult>
		<occluded>0</occluded>
		<bndbox>
			<xmin>130</xmin>
			<xmax>292</xmax>
			<ymin>185</ymin>
			<ymax>395</ymax>
		</bndbox>
	</object>
	<object>
		<name>truck</name>
		<pose>Unspecified</pose>
		<truncated>0</truncated>
		<difficult>0</difficult>
		<occluded>0</occluded>
		<bndbox>
			<xmin>1</xmin>
			<xmax>127</xmax>
			<ymin>179</ymin>
			<ymax>298</ymax>
		</bndbox>
	</object>
</annotation>
