<annotation>
	<folder></folder>
	<filename>frame_1904_jpg.rf.7b385fd64d554c31afddce9d86664291.jpg</filename>
	<path>frame_1904_jpg.rf.7b385fd64d554c31afddce9d86664291.jpg</path>
	<source>
		<database>roboflow.ai</database>
	</source>
	<size>
		<width>416</width>
		<height>416</height>
		<depth>3</depth>
	</size>
	<segmented>0</segmented>
	<object>
		<name>auto</name>
		<pose>Unspecified</pose>
		<truncated>0</truncated>
		<difficult>0</difficult>
		<occluded>0</occluded>
		<bndbox>
			<xmin>99</xmin>
			<xmax>265</xmax>
			<ymin>157</ymin>
			<ymax>415</ymax>
		</bndbox>
	</object>
</annotation>
