<annotation>
	<folder></folder>
	<filename>frame_1918_jpg.rf.82da3e7479f8bda25c7dc3e1280575bc.jpg</filename>
	<path>frame_1918_jpg.rf.82da3e7479f8bda25c7dc3e1280575bc.jpg</path>
	<source>
		<database>roboflow.ai</database>
	</source>
	<size>
		<width>416</width>
		<height>416</height>
		<depth>3</depth>
	</size>
	<segmented>0</segmented>
	<object>
		<name>car</name>
		<pose>Unspecified</pose>
		<truncated>0</truncated>
		<difficult>0</difficult>
		<occluded>0</occluded>
		<bndbox>
			<xmin>7</xmin>
			<xmax>126</xmax>
			<ymin>191</ymin>
			<ymax>323</ymax>
		</bndbox>
	</object>
	<object>
		<name>auto</name>
		<pose>Unspecified</pose>
		<truncated>0</truncated>
		<difficult>0</difficult>
		<occluded>0</occluded>
		<bndbox>
			<xmin>175</xmin>
			<xmax>261</xmax>
			<ymin>149</ymin>
			<ymax>269</ymax>
		</bndbox>
	</object>
</annotation>
