<annotation>
	<folder></folder>
	<filename>frame_1851_jpg.rf.a8c460e6052d8a502583e63de07a0b00.jpg</filename>
	<path>frame_1851_jpg.rf.a8c460e6052d8a502583e63de07a0b00.jpg</path>
	<source>
		<database>roboflow.ai</database>
	</source>
	<size>
		<width>416</width>
		<height>416</height>
		<depth>3</depth>
	</size>
	<segmented>0</segmented>
	<object>
		<name>auto</name>
		<pose>Unspecified</pose>
		<truncated>0</truncated>
		<difficult>0</difficult>
		<occluded>0</occluded>
		<bndbox>
			<xmin>25</xmin>
			<xmax>415</xmax>
			<ymin>54</ymin>
			<ymax>416</ymax>
		</bndbox>
	</object>
</annotation>
