<annotation>
	<folder></folder>
	<filename>frame_1888_jpg.rf.84fe26793ecb291023ebd45d0ae6f9c7.jpg</filename>
	<path>frame_1888_jpg.rf.84fe26793ecb291023ebd45d0ae6f9c7.jpg</path>
	<source>
		<database>roboflow.ai</database>
	</source>
	<size>
		<width>416</width>
		<height>416</height>
		<depth>3</depth>
	</size>
	<segmented>0</segmented>
	<object>
		<name>bus</name>
		<pose>Unspecified</pose>
		<truncated>0</truncated>
		<difficult>0</difficult>
		<occluded>0</occluded>
		<bndbox>
			<xmin>265</xmin>
			<xmax>364</xmax>
			<ymin>6</ymin>
			<ymax>126</ymax>
		</bndbox>
	</object>
</annotation>
