<annotation>
	<folder></folder>
	<filename>frame_1436_jpg.rf.19831e6c9a6c314f3201e9c5d803f20a.jpg</filename>
	<path>frame_1436_jpg.rf.19831e6c9a6c314f3201e9c5d803f20a.jpg</path>
	<source>
		<database>roboflow.ai</database>
	</source>
	<size>
		<width>416</width>
		<height>416</height>
		<depth>3</depth>
	</size>
	<segmented>0</segmented>
	<object>
		<name>auto</name>
		<pose>Unspecified</pose>
		<truncated>0</truncated>
		<difficult>0</difficult>
		<occluded>0</occluded>
		<bndbox>
			<xmin>219</xmin>
			<xmax>415</xmax>
			<ymin>216</ymin>
			<ymax>415</ymax>
		</bndbox>
	</object>
	<object>
		<name>auto</name>
		<pose>Unspecified</pose>
		<truncated>0</truncated>
		<difficult>0</difficult>
		<occluded>0</occluded>
		<bndbox>
			<xmin>0</xmin>
			<xmax>327</xmax>
			<ymin>134</ymin>
			<ymax>395</ymax>
		</bndbox>
	</object>
</annotation>
