<annotation>
	<folder></folder>
	<filename>frame_1870_jpg.rf.d6a92beb3a7a0247052f9408e59e549e.jpg</filename>
	<path>frame_1870_jpg.rf.d6a92beb3a7a0247052f9408e59e549e.jpg</path>
	<source>
		<database>roboflow.ai</database>
	</source>
	<size>
		<width>416</width>
		<height>416</height>
		<depth>3</depth>
	</size>
	<segmented>0</segmented>
	<object>
		<name>auto</name>
		<pose>Unspecified</pose>
		<truncated>0</truncated>
		<difficult>0</difficult>
		<occluded>0</occluded>
		<bndbox>
			<xmin>10</xmin>
			<xmax>287</xmax>
			<ymin>50</ymin>
			<ymax>410</ymax>
		</bndbox>
	</object>
	<object>
		<name>auto</name>
		<pose>Unspecified</pose>
		<truncated>0</truncated>
		<difficult>0</difficult>
		<occluded>0</occluded>
		<bndbox>
			<xmin>206</xmin>
			<xmax>355</xmax>
			<ymin>0</ymin>
			<ymax>198</ymax>
		</bndbox>
	</object>
</annotation>
