<annotation>
	<folder></folder>
	<filename>frame_1923_jpg.rf.1cff84164e4427e979ff185839bfb007.jpg</filename>
	<path>frame_1923_jpg.rf.1cff84164e4427e979ff185839bfb007.jpg</path>
	<source>
		<database>roboflow.ai</database>
	</source>
	<size>
		<width>416</width>
		<height>416</height>
		<depth>3</depth>
	</size>
	<segmented>0</segmented>
	<object>
		<name>auto</name>
		<pose>Unspecified</pose>
		<truncated>0</truncated>
		<difficult>0</difficult>
		<occluded>0</occluded>
		<bndbox>
			<xmin>43</xmin>
			<xmax>406</xmax>
			<ymin>40</ymin>
			<ymax>402</ymax>
		</bndbox>
	</object>
</annotation>
