<annotation>
	<folder></folder>
	<filename>frame_1858_jpg.rf.a4e971198848042ef68dc6275eee9b34.jpg</filename>
	<path>frame_1858_jpg.rf.a4e971198848042ef68dc6275eee9b34.jpg</path>
	<source>
		<database>roboflow.ai</database>
	</source>
	<size>
		<width>416</width>
		<height>416</height>
		<depth>3</depth>
	</size>
	<segmented>0</segmented>
	<object>
		<name>auto</name>
		<pose>Unspecified</pose>
		<truncated>0</truncated>
		<difficult>0</difficult>
		<occluded>0</occluded>
		<bndbox>
			<xmin>21</xmin>
			<xmax>176</xmax>
			<ymin>179</ymin>
			<ymax>415</ymax>
		</bndbox>
	</object>
</annotation>
