<annotation>
	<folder></folder>
	<filename>frame_1893_jpg.rf.1347e032da19323df3ed0e707ced8de1.jpg</filename>
	<path>frame_1893_jpg.rf.1347e032da19323df3ed0e707ced8de1.jpg</path>
	<source>
		<database>roboflow.ai</database>
	</source>
	<size>
		<width>416</width>
		<height>416</height>
		<depth>3</depth>
	</size>
	<segmented>0</segmented>
	<object>
		<name>auto</name>
		<pose>Unspecified</pose>
		<truncated>0</truncated>
		<difficult>0</difficult>
		<occluded>0</occluded>
		<bndbox>
			<xmin>116</xmin>
			<xmax>268</xmax>
			<ymin>121</ymin>
			<ymax>395</ymax>
		</bndbox>
	</object>
	<object>
		<name>auto</name>
		<pose>Unspecified</pose>
		<truncated>0</truncated>
		<difficult>0</difficult>
		<occluded>0</occluded>
		<bndbox>
			<xmin>224</xmin>
			<xmax>388</xmax>
			<ymin>119</ymin>
			<ymax>398</ymax>
		</bndbox>
	</object>
</annotation>
