<annotation>
	<folder></folder>
	<filename>frame_1890_jpg.rf.67fcac4e2826986589ab31a2dab0ca17.jpg</filename>
	<path>frame_1890_jpg.rf.67fcac4e2826986589ab31a2dab0ca17.jpg</path>
	<source>
		<database>roboflow.ai</database>
	</source>
	<size>
		<width>416</width>
		<height>416</height>
		<depth>3</depth>
	</size>
	<segmented>0</segmented>
	<object>
		<name>auto</name>
		<pose>Unspecified</pose>
		<truncated>0</truncated>
		<difficult>0</difficult>
		<occluded>0</occluded>
		<bndbox>
			<xmin>0</xmin>
			<xmax>274</xmax>
			<ymin>98</ymin>
			<ymax>408</ymax>
		</bndbox>
	</object>
	<object>
		<name>motorbike</name>
		<pose>Unspecified</pose>
		<truncated>0</truncated>
		<difficult>0</difficult>
		<occluded>0</occluded>
		<bndbox>
			<xmin>256</xmin>
			<xmax>354</xmax>
			<ymin>216</ymin>
			<ymax>338</ymax>
		</bndbox>
	</object>
</annotation>
