<annotation>
	<folder></folder>
	<filename>frame_1856_jpg.rf.4596be18c2d46d735d176b3f5014ef9d.jpg</filename>
	<path>frame_1856_jpg.rf.4596be18c2d46d735d176b3f5014ef9d.jpg</path>
	<source>
		<database>roboflow.ai</database>
	</source>
	<size>
		<width>416</width>
		<height>416</height>
		<depth>3</depth>
	</size>
	<segmented>0</segmented>
	<object>
		<name>riksha</name>
		<pose>Unspecified</pose>
		<truncated>0</truncated>
		<difficult>0</difficult>
		<occluded>0</occluded>
		<bndbox>
			<xmin>0</xmin>
			<xmax>376</xmax>
			<ymin>0</ymin>
			<ymax>415</ymax>
		</bndbox>
	</object>
</annotation>
