<annotation>
	<folder></folder>
	<filename>frame_1915_jpg.rf.76f3da6a812ea09b73b7ab2e661e1dca.jpg</filename>
	<path>frame_1915_jpg.rf.76f3da6a812ea09b73b7ab2e661e1dca.jpg</path>
	<source>
		<database>roboflow.ai</database>
	</source>
	<size>
		<width>416</width>
		<height>416</height>
		<depth>3</depth>
	</size>
	<segmented>0</segmented>
	<object>
		<name>auto</name>
		<pose>Unspecified</pose>
		<truncated>0</truncated>
		<difficult>0</difficult>
		<occluded>0</occluded>
		<bndbox>
			<xmin>298</xmin>
			<xmax>415</xmax>
			<ymin>5</ymin>
			<ymax>238</ymax>
		</bndbox>
	</object>
	<object>
		<name>auto</name>
		<pose>Unspecified</pose>
		<truncated>0</truncated>
		<difficult>0</difficult>
		<occluded>0</occluded>
		<bndbox>
			<xmin>28</xmin>
			<xmax>165</xmax>
			<ymin>131</ymin>
			<ymax>415</ymax>
		</bndbox>
	</object>
	<object>
		<name>car</name>
		<pose>Unspecified</pose>
		<truncated>0</truncated>
		<difficult>0</difficult>
		<occluded>0</occluded>
		<bndbox>
			<xmin>157</xmin>
			<xmax>214</xmax>
			<ymin>86</ymin>
			<ymax>206</ymax>
		</bndbox>
	</object>
</annotation>
