<annotation>
	<folder></folder>
	<filename>frame_1859_jpg.rf.ae07dec4bb919970c27b7bf71478af07.jpg</filename>
	<path>frame_1859_jpg.rf.ae07dec4bb919970c27b7bf71478af07.jpg</path>
	<source>
		<database>roboflow.ai</database>
	</source>
	<size>
		<width>416</width>
		<height>416</height>
		<depth>3</depth>
	</size>
	<segmented>0</segmented>
	<object>
		<name>auto</name>
		<pose>Unspecified</pose>
		<truncated>0</truncated>
		<difficult>0</difficult>
		<occluded>0</occluded>
		<bndbox>
			<xmin>46</xmin>
			<xmax>148</xmax>
			<ymin>168</ymin>
			<ymax>395</ymax>
		</bndbox>
	</object>
	<object>
		<name>motorbike</name>
		<pose>Unspecified</pose>
		<truncated>0</truncated>
		<difficult>0</difficult>
		<occluded>0</occluded>
		<bndbox>
			<xmin>14</xmin>
			<xmax>47</xmax>
			<ymin>230</ymin>
			<ymax>372</ymax>
		</bndbox>
	</object>
</annotation>
