<annotation>
	<folder></folder>
	<filename>frame_1877_jpg.rf.214a1dfec5ee579d76181c083361db3c.jpg</filename>
	<path>frame_1877_jpg.rf.214a1dfec5ee579d76181c083361db3c.jpg</path>
	<source>
		<database>roboflow.ai</database>
	</source>
	<size>
		<width>416</width>
		<height>416</height>
		<depth>3</depth>
	</size>
	<segmented>0</segmented>
	<object>
		<name>auto</name>
		<pose>Unspecified</pose>
		<truncated>0</truncated>
		<difficult>0</difficult>
		<occluded>0</occluded>
		<bndbox>
			<xmin>15</xmin>
			<xmax>322</xmax>
			<ymin>48</ymin>
			<ymax>415</ymax>
		</bndbox>
	</object>
	<object>
		<name>auto</name>
		<pose>Unspecified</pose>
		<truncated>0</truncated>
		<difficult>0</difficult>
		<occluded>0</occluded>
		<bndbox>
			<xmin>272</xmin>
			<xmax>348</xmax>
			<ymin>30</ymin>
			<ymax>246</ymax>
		</bndbox>
	</object>
	<object>
		<name>auto</name>
		<pose>Unspecified</pose>
		<truncated>0</truncated>
		<difficult>0</difficult>
		<occluded>0</occluded>
		<bndbox>
			<xmin>335</xmin>
			<xmax>412</xmax>
			<ymin>12</ymin>
			<ymax>216</ymax>
		</bndbox>
	</object>
</annotation>
