<annotation>
	<folder></folder>
	<filename>frame_1881_jpg.rf.e776f74028e0cc2248b9ef752cad737d.jpg</filename>
	<path>frame_1881_jpg.rf.e776f74028e0cc2248b9ef752cad737d.jpg</path>
	<source>
		<database>roboflow.ai</database>
	</source>
	<size>
		<width>416</width>
		<height>416</height>
		<depth>3</depth>
	</size>
	<segmented>0</segmented>
	<object>
		<name>auto</name>
		<pose>Unspecified</pose>
		<truncated>0</truncated>
		<difficult>0</difficult>
		<occluded>0</occluded>
		<bndbox>
			<xmin>127</xmin>
			<xmax>281</xmax>
			<ymin>76</ymin>
			<ymax>377</ymax>
		</bndbox>
	</object>
</annotation>
