<annotation>
	<folder></folder>
	<filename>frame_1869_jpg.rf.9b4ce63ed4cdba8d79c8ba2b12549a0e.jpg</filename>
	<path>frame_1869_jpg.rf.9b4ce63ed4cdba8d79c8ba2b12549a0e.jpg</path>
	<source>
		<database>roboflow.ai</database>
	</source>
	<size>
		<width>416</width>
		<height>416</height>
		<depth>3</depth>
	</size>
	<segmented>0</segmented>
	<object>
		<name>auto</name>
		<pose>Unspecified</pose>
		<truncated>0</truncated>
		<difficult>0</difficult>
		<occluded>0</occluded>
		<bndbox>
			<xmin>109</xmin>
			<xmax>179</xmax>
			<ymin>154</ymin>
			<ymax>270</ymax>
		</bndbox>
	</object>
	<object>
		<name>auto</name>
		<pose>Unspecified</pose>
		<truncated>0</truncated>
		<difficult>0</difficult>
		<occluded>0</occluded>
		<bndbox>
			<xmin>194</xmin>
			<xmax>264</xmax>
			<ymin>154</ymin>
			<ymax>270</ymax>
		</bndbox>
	</object>
	<object>
		<name>auto</name>
		<pose>Unspecified</pose>
		<truncated>0</truncated>
		<difficult>0</difficult>
		<occluded>0</occluded>
		<bndbox>
			<xmin>304</xmin>
			<xmax>370</xmax>
			<ymin>171</ymin>
			<ymax>252</ymax>
		</bndbox>
	</object>
</annotation>
