<annotation>
	<folder></folder>
	<filename>frame_1918_jpg.rf.4da45a2cf72028ae21a90c637486dbb8.jpg</filename>
	<path>frame_1918_jpg.rf.4da45a2cf72028ae21a90c637486dbb8.jpg</path>
	<source>
		<database>roboflow.ai</database>
	</source>
	<size>
		<width>416</width>
		<height>416</height>
		<depth>3</depth>
	</size>
	<segmented>0</segmented>
	<object>
		<name>car</name>
		<pose>Unspecified</pose>
		<truncated>0</truncated>
		<difficult>0</difficult>
		<occluded>0</occluded>
		<bndbox>
			<xmin>300</xmin>
			<xmax>415</xmax>
			<ymin>166</ymin>
			<ymax>321</ymax>
		</bndbox>
	</object>
	<object>
		<name>auto</name>
		<pose>Unspecified</pose>
		<truncated>0</truncated>
		<difficult>0</difficult>
		<occluded>0</occluded>
		<bndbox>
			<xmin>157</xmin>
			<xmax>242</xmax>
			<ymin>141</ymin>
			<ymax>279</ymax>
		</bndbox>
	</object>
</annotation>
