<annotation>
	<folder></folder>
	<filename>frame_1434_jpg.rf.94ba801bf9c699a2e4db8add0c084842.jpg</filename>
	<path>frame_1434_jpg.rf.94ba801bf9c699a2e4db8add0c084842.jpg</path>
	<source>
		<database>roboflow.ai</database>
	</source>
	<size>
		<width>416</width>
		<height>416</height>
		<depth>3</depth>
	</size>
	<segmented>0</segmented>
	<object>
		<name>auto</name>
		<pose>Unspecified</pose>
		<truncated>0</truncated>
		<difficult>0</difficult>
		<occluded>0</occluded>
		<bndbox>
			<xmin>0</xmin>
			<xmax>179</xmax>
			<ymin>49</ymin>
			<ymax>375</ymax>
		</bndbox>
	</object>
	<object>
		<name>auto</name>
		<pose>Unspecified</pose>
		<truncated>0</truncated>
		<difficult>0</difficult>
		<occluded>0</occluded>
		<bndbox>
			<xmin>299</xmin>
			<xmax>382</xmax>
			<ymin>92</ymin>
			<ymax>245</ymax>
		</bndbox>
	</object>
	<object>
		<name>auto</name>
		<pose>Unspecified</pose>
		<truncated>0</truncated>
		<difficult>0</difficult>
		<occluded>0</occluded>
		<bndbox>
			<xmin>216</xmin>
			<xmax>262</xmax>
			<ymin>107</ymin>
			<ymax>199</ymax>
		</bndbox>
	</object>
</annotation>
