<annotation>
	<folder></folder>
	<filename>frame_1436_jpg.rf.595d7a8de0261554c825d33266b6e2a2.jpg</filename>
	<path>frame_1436_jpg.rf.595d7a8de0261554c825d33266b6e2a2.jpg</path>
	<source>
		<database>roboflow.ai</database>
	</source>
	<size>
		<width>416</width>
		<height>416</height>
		<depth>3</depth>
	</size>
	<segmented>0</segmented>
	<object>
		<name>auto</name>
		<pose>Unspecified</pose>
		<truncated>0</truncated>
		<difficult>0</difficult>
		<occluded>0</occluded>
		<bndbox>
			<xmin>6</xmin>
			<xmax>205</xmax>
			<ymin>176</ymin>
			<ymax>413</ymax>
		</bndbox>
	</object>
	<object>
		<name>auto</name>
		<pose>Unspecified</pose>
		<truncated>0</truncated>
		<difficult>0</difficult>
		<occluded>0</occluded>
		<bndbox>
			<xmin>130</xmin>
			<xmax>415</xmax>
			<ymin>166</ymin>
			<ymax>415</ymax>
		</bndbox>
	</object>
</annotation>
