<annotation>
	<folder></folder>
	<filename>frame_1898_jpg.rf.e2d63b1f10f20248fa64fb2efa169380.jpg</filename>
	<path>frame_1898_jpg.rf.e2d63b1f10f20248fa64fb2efa169380.jpg</path>
	<source>
		<database>roboflow.ai</database>
	</source>
	<size>
		<width>416</width>
		<height>416</height>
		<depth>3</depth>
	</size>
	<segmented>0</segmented>
	<object>
		<name>truck</name>
		<pose>Unspecified</pose>
		<truncated>0</truncated>
		<difficult>0</difficult>
		<occluded>0</occluded>
		<bndbox>
			<xmin>288</xmin>
			<xmax>367</xmax>
			<ymin>138</ymin>
			<ymax>245</ymax>
		</bndbox>
	</object>
</annotation>
