<annotation>
	<folder></folder>
	<filename>frame_1445_jpg.rf.5cf6dc4cb74e0eb755a4082592697936.jpg</filename>
	<path>frame_1445_jpg.rf.5cf6dc4cb74e0eb755a4082592697936.jpg</path>
	<source>
		<database>roboflow.ai</database>
	</source>
	<size>
		<width>416</width>
		<height>416</height>
		<depth>3</depth>
	</size>
	<segmented>0</segmented>
	<object>
		<name>motorbike</name>
		<pose>Unspecified</pose>
		<truncated>0</truncated>
		<difficult>0</difficult>
		<occluded>0</occluded>
		<bndbox>
			<xmin>174</xmin>
			<xmax>229</xmax>
			<ymin>66</ymin>
			<ymax>161</ymax>
		</bndbox>
	</object>
	<object>
		<name>motorbike</name>
		<pose>Unspecified</pose>
		<truncated>0</truncated>
		<difficult>0</difficult>
		<occluded>0</occluded>
		<bndbox>
			<xmin>78</xmin>
			<xmax>118</xmax>
			<ymin>56</ymin>
			<ymax>141</ymax>
		</bndbox>
	</object>
	<object>
		<name>auto</name>
		<pose>Unspecified</pose>
		<truncated>0</truncated>
		<difficult>0</difficult>
		<occluded>0</occluded>
		<bndbox>
			<xmin>98</xmin>
			<xmax>191</xmax>
			<ymin>50</ymin>
			<ymax>188</ymax>
		</bndbox>
	</object>
	<object>
		<name>auto</name>
		<pose>Unspecified</pose>
		<truncated>0</truncated>
		<difficult>0</difficult>
		<occluded>0</occluded>
		<bndbox>
			<xmin>0</xmin>
			<xmax>122</xmax>
			<ymin>0</ymin>
			<ymax>256</ymax>
		</bndbox>
	</object>
</annotation>
