<annotation>
	<folder></folder>
	<filename>frame_1870_jpg.rf.bd54de9c9dbb3c547d6aaee4346b14c8.jpg</filename>
	<path>frame_1870_jpg.rf.bd54de9c9dbb3c547d6aaee4346b14c8.jpg</path>
	<source>
		<database>roboflow.ai</database>
	</source>
	<size>
		<width>416</width>
		<height>416</height>
		<depth>3</depth>
	</size>
	<segmented>0</segmented>
	<object>
		<name>auto</name>
		<pose>Unspecified</pose>
		<truncated>0</truncated>
		<difficult>0</difficult>
		<occluded>0</occluded>
		<bndbox>
			<xmin>23</xmin>
			<xmax>280</xmax>
			<ymin>31</ymin>
			<ymax>379</ymax>
		</bndbox>
	</object>
	<object>
		<name>auto</name>
		<pose>Unspecified</pose>
		<truncated>0</truncated>
		<difficult>0</difficult>
		<occluded>0</occluded>
		<bndbox>
			<xmin>247</xmin>
			<xmax>384</xmax>
			<ymin>28</ymin>
			<ymax>222</ymax>
		</bndbox>
	</object>
</annotation>
