<annotation>
	<folder></folder>
	<filename>frame_1930_jpg.rf.5d0cd81485acc11eedd67ece7b01d3cd.jpg</filename>
	<path>frame_1930_jpg.rf.5d0cd81485acc11eedd67ece7b01d3cd.jpg</path>
	<source>
		<database>roboflow.ai</database>
	</source>
	<size>
		<width>416</width>
		<height>416</height>
		<depth>3</depth>
	</size>
	<segmented>0</segmented>
	<object>
		<name>auto</name>
		<pose>Unspecified</pose>
		<truncated>0</truncated>
		<difficult>0</difficult>
		<occluded>0</occluded>
		<bndbox>
			<xmin>212</xmin>
			<xmax>258</xmax>
			<ymin>25</ymin>
			<ymax>107</ymax>
		</bndbox>
	</object>
</annotation>
