<annotation>
	<folder></folder>
	<filename>frame_1922_jpg.rf.672a173b089c9964a32a8fb6ae31f8bc.jpg</filename>
	<path>frame_1922_jpg.rf.672a173b089c9964a32a8fb6ae31f8bc.jpg</path>
	<source>
		<database>roboflow.ai</database>
	</source>
	<size>
		<width>416</width>
		<height>416</height>
		<depth>3</depth>
	</size>
	<segmented>0</segmented>
	<object>
		<name>auto</name>
		<pose>Unspecified</pose>
		<truncated>0</truncated>
		<difficult>0</difficult>
		<occluded>0</occluded>
		<bndbox>
			<xmin>53</xmin>
			<xmax>94</xmax>
			<ymin>116</ymin>
			<ymax>185</ymax>
		</bndbox>
	</object>
	<object>
		<name>auto</name>
		<pose>Unspecified</pose>
		<truncated>0</truncated>
		<difficult>0</difficult>
		<occluded>0</occluded>
		<bndbox>
			<xmin>102</xmin>
			<xmax>143</xmax>
			<ymin>108</ymin>
			<ymax>177</ymax>
		</bndbox>
	</object>
	<object>
		<name>car</name>
		<pose>Unspecified</pose>
		<truncated>0</truncated>
		<difficult>0</difficult>
		<occluded>0</occluded>
		<bndbox>
			<xmin>136</xmin>
			<xmax>415</xmax>
			<ymin>8</ymin>
			<ymax>367</ymax>
		</bndbox>
	</object>
</annotation>
