<annotation>
	<folder></folder>
	<filename>frame_1440_jpg.rf.ae1b2bde6e33370bfdf29d68dfc3f16d.jpg</filename>
	<path>frame_1440_jpg.rf.ae1b2bde6e33370bfdf29d68dfc3f16d.jpg</path>
	<source>
		<database>roboflow.ai</database>
	</source>
	<size>
		<width>416</width>
		<height>416</height>
		<depth>3</depth>
	</size>
	<segmented>0</segmented>
	<object>
		<name>auto</name>
		<pose>Unspecified</pose>
		<truncated>0</truncated>
		<difficult>0</difficult>
		<occluded>0</occluded>
		<bndbox>
			<xmin>383</xmin>
			<xmax>412</xmax>
			<ymin>242</ymin>
			<ymax>329</ymax>
		</bndbox>
	</object>
	<object>
		<name>auto</name>
		<pose>Unspecified</pose>
		<truncated>0</truncated>
		<difficult>0</difficult>
		<occluded>0</occluded>
		<bndbox>
			<xmin>301</xmin>
			<xmax>375</xmax>
			<ymin>237</ymin>
			<ymax>347</ymax>
		</bndbox>
	</object>
	<object>
		<name>motorbike</name>
		<pose>Unspecified</pose>
		<truncated>0</truncated>
		<difficult>0</difficult>
		<occluded>0</occluded>
		<bndbox>
			<xmin>152</xmin>
			<xmax>190</xmax>
			<ymin>243</ymin>
			<ymax>352</ymax>
		</bndbox>
	</object>
	<object>
		<name>truck</name>
		<pose>Unspecified</pose>
		<truncated>0</truncated>
		<difficult>0</difficult>
		<occluded>0</occluded>
		<bndbox>
			<xmin>117</xmin>
			<xmax>143</xmax>
			<ymin>255</ymin>
			<ymax>302</ymax>
		</bndbox>
	</object>
</annotation>
