<annotation>
	<folder></folder>
	<filename>frame_1900_jpg.rf.f5098794810660f240f7f6e5e1defc18.jpg</filename>
	<path>frame_1900_jpg.rf.f5098794810660f240f7f6e5e1defc18.jpg</path>
	<source>
		<database>roboflow.ai</database>
	</source>
	<size>
		<width>416</width>
		<height>416</height>
		<depth>3</depth>
	</size>
	<segmented>0</segmented>
	<object>
		<name>auto</name>
		<pose>Unspecified</pose>
		<truncated>0</truncated>
		<difficult>0</difficult>
		<occluded>0</occluded>
		<bndbox>
			<xmin>71</xmin>
			<xmax>295</xmax>
			<ymin>58</ymin>
			<ymax>364</ymax>
		</bndbox>
	</object>
	<object>
		<name>auto</name>
		<pose>Unspecified</pose>
		<truncated>0</truncated>
		<difficult>0</difficult>
		<occluded>0</occluded>
		<bndbox>
			<xmin>275</xmin>
			<xmax>415</xmax>
			<ymin>74</ymin>
			<ymax>313</ymax>
		</bndbox>
	</object>
</annotation>
