<annotation>
	<folder></folder>
	<filename>frame_1876_jpg.rf.b4a9643dc7d96bc99b1b631825cd6c51.jpg</filename>
	<path>frame_1876_jpg.rf.b4a9643dc7d96bc99b1b631825cd6c51.jpg</path>
	<source>
		<database>roboflow.ai</database>
	</source>
	<size>
		<width>416</width>
		<height>416</height>
		<depth>3</depth>
	</size>
	<segmented>0</segmented>
	<object>
		<name>auto</name>
		<pose>Unspecified</pose>
		<truncated>0</truncated>
		<difficult>0</difficult>
		<occluded>0</occluded>
		<bndbox>
			<xmin>78</xmin>
			<xmax>331</xmax>
			<ymin>84</ymin>
			<ymax>403</ymax>
		</bndbox>
	</object>
	<object>
		<name>bus</name>
		<pose>Unspecified</pose>
		<truncated>0</truncated>
		<difficult>0</difficult>
		<occluded>0</occluded>
		<bndbox>
			<xmin>24</xmin>
			<xmax>163</xmax>
			<ymin>13</ymin>
			<ymax>243</ymax>
		</bndbox>
	</object>
</annotation>
