<annotation>
	<folder></folder>
	<filename>frame_1877_jpg.rf.f7f052a599548ee04aaa119e55fa10e3.jpg</filename>
	<path>frame_1877_jpg.rf.f7f052a599548ee04aaa119e55fa10e3.jpg</path>
	<source>
		<database>roboflow.ai</database>
	</source>
	<size>
		<width>416</width>
		<height>416</height>
		<depth>3</depth>
	</size>
	<segmented>0</segmented>
	<object>
		<name>auto</name>
		<pose>Unspecified</pose>
		<truncated>0</truncated>
		<difficult>0</difficult>
		<occluded>0</occluded>
		<bndbox>
			<xmin>106</xmin>
			<xmax>390</xmax>
			<ymin>50</ymin>
			<ymax>395</ymax>
		</bndbox>
	</object>
	<object>
		<name>auto</name>
		<pose>Unspecified</pose>
		<truncated>0</truncated>
		<difficult>0</difficult>
		<occluded>0</occluded>
		<bndbox>
			<xmin>76</xmin>
			<xmax>139</xmax>
			<ymin>75</ymin>
			<ymax>279</ymax>
		</bndbox>
	</object>
	<object>
		<name>auto</name>
		<pose>Unspecified</pose>
		<truncated>0</truncated>
		<difficult>0</difficult>
		<occluded>0</occluded>
		<bndbox>
			<xmin>11</xmin>
			<xmax>76</xmax>
			<ymin>81</ymin>
			<ymax>273</ymax>
		</bndbox>
	</object>
</annotation>
