<annotation>
	<folder></folder>
	<filename>frame_1867_jpg.rf.3c2c72e3f816a9bbeffcfd63a4631698.jpg</filename>
	<path>frame_1867_jpg.rf.3c2c72e3f816a9bbeffcfd63a4631698.jpg</path>
	<source>
		<database>roboflow.ai</database>
	</source>
	<size>
		<width>416</width>
		<height>416</height>
		<depth>3</depth>
	</size>
	<segmented>0</segmented>
	<object>
		<name>auto</name>
		<pose>Unspecified</pose>
		<truncated>0</truncated>
		<difficult>0</difficult>
		<occluded>0</occluded>
		<bndbox>
			<xmin>110</xmin>
			<xmax>289</xmax>
			<ymin>67</ymin>
			<ymax>395</ymax>
		</bndbox>
	</object>
	<object>
		<name>car</name>
		<pose>Unspecified</pose>
		<truncated>0</truncated>
		<difficult>0</difficult>
		<occluded>0</occluded>
		<bndbox>
			<xmin>0</xmin>
			<xmax>140</xmax>
			<ymin>153</ymin>
			<ymax>291</ymax>
		</bndbox>
	</object>
	<object>
		<name>car</name>
		<pose>Unspecified</pose>
		<truncated>0</truncated>
		<difficult>0</difficult>
		<occluded>0</occluded>
		<bndbox>
			<xmin>332</xmin>
			<xmax>397</xmax>
			<ymin>69</ymin>
			<ymax>167</ymax>
		</bndbox>
	</object>
</annotation>
