<annotation>
	<folder></folder>
	<filename>frame_1866_jpg.rf.94f45f488d2dc8391016741d5516bf38.jpg</filename>
	<path>frame_1866_jpg.rf.94f45f488d2dc8391016741d5516bf38.jpg</path>
	<source>
		<database>roboflow.ai</database>
	</source>
	<size>
		<width>416</width>
		<height>416</height>
		<depth>3</depth>
	</size>
	<segmented>0</segmented>
	<object>
		<name>auto</name>
		<pose>Unspecified</pose>
		<truncated>0</truncated>
		<difficult>0</difficult>
		<occluded>0</occluded>
		<bndbox>
			<xmin>162</xmin>
			<xmax>238</xmax>
			<ymin>290</ymin>
			<ymax>412</ymax>
		</bndbox>
	</object>
	<object>
		<name>auto</name>
		<pose>Unspecified</pose>
		<truncated>0</truncated>
		<difficult>0</difficult>
		<occluded>0</occluded>
		<bndbox>
			<xmin>233</xmin>
			<xmax>292</xmax>
			<ymin>300</ymin>
			<ymax>402</ymax>
		</bndbox>
	</object>
	<object>
		<name>auto</name>
		<pose>Unspecified</pose>
		<truncated>0</truncated>
		<difficult>0</difficult>
		<occluded>0</occluded>
		<bndbox>
			<xmin>81</xmin>
			<xmax>134</xmax>
			<ymin>276</ymin>
			<ymax>372</ymax>
		</bndbox>
	</object>
</annotation>
