<annotation>
	<folder></folder>
	<filename>frame_1836_jpg.rf.671e9e12a817d41e198001f215c07080.jpg</filename>
	<path>frame_1836_jpg.rf.671e9e12a817d41e198001f215c07080.jpg</path>
	<source>
		<database>roboflow.ai</database>
	</source>
	<size>
		<width>416</width>
		<height>416</height>
		<depth>3</depth>
	</size>
	<segmented>0</segmented>
	<object>
		<name>auto</name>
		<pose>Unspecified</pose>
		<truncated>0</truncated>
		<difficult>0</difficult>
		<occluded>0</occluded>
		<bndbox>
			<xmin>157</xmin>
			<xmax>415</xmax>
			<ymin>112</ymin>
			<ymax>364</ymax>
		</bndbox>
	</object>
</annotation>
