<annotation>
	<folder></folder>
	<filename>frame_1906_jpg.rf.caf98d236fc85e420e05609aca0fb971.jpg</filename>
	<path>frame_1906_jpg.rf.caf98d236fc85e420e05609aca0fb971.jpg</path>
	<source>
		<database>roboflow.ai</database>
	</source>
	<size>
		<width>416</width>
		<height>416</height>
		<depth>3</depth>
	</size>
	<segmented>0</segmented>
	<object>
		<name>auto</name>
		<pose>Unspecified</pose>
		<truncated>0</truncated>
		<difficult>0</difficult>
		<occluded>0</occluded>
		<bndbox>
			<xmin>104</xmin>
			<xmax>242</xmax>
			<ymin>127</ymin>
			<ymax>397</ymax>
		</bndbox>
	</object>
</annotation>
