<annotation>
	<folder></folder>
	<filename>frame_1840_jpg.rf.0441f17e4b70056a9496d686c8b86de8.jpg</filename>
	<path>frame_1840_jpg.rf.0441f17e4b70056a9496d686c8b86de8.jpg</path>
	<source>
		<database>roboflow.ai</database>
	</source>
	<size>
		<width>416</width>
		<height>416</height>
		<depth>3</depth>
	</size>
	<segmented>0</segmented>
	<object>
		<name>auto</name>
		<pose>Unspecified</pose>
		<truncated>0</truncated>
		<difficult>0</difficult>
		<occluded>0</occluded>
		<bndbox>
			<xmin>0</xmin>
			<xmax>206</xmax>
			<ymin>100</ymin>
			<ymax>387</ymax>
		</bndbox>
	</object>
	<object>
		<name>auto</name>
		<pose>Unspecified</pose>
		<truncated>0</truncated>
		<difficult>0</difficult>
		<occluded>0</occluded>
		<bndbox>
			<xmin>182</xmin>
			<xmax>339</xmax>
			<ymin>128</ymin>
			<ymax>390</ymax>
		</bndbox>
	</object>
	<object>
		<name>auto</name>
		<pose>Unspecified</pose>
		<truncated>0</truncated>
		<difficult>0</difficult>
		<occluded>0</occluded>
		<bndbox>
			<xmin>343</xmin>
			<xmax>415</xmax>
			<ymin>173</ymin>
			<ymax>338</ymax>
		</bndbox>
	</object>
</annotation>
