<annotation>
	<folder></folder>
	<filename>frame_1429_jpg.rf.a385dc42e525fe521cea1e8d3283b09c.jpg</filename>
	<path>frame_1429_jpg.rf.a385dc42e525fe521cea1e8d3283b09c.jpg</path>
	<source>
		<database>roboflow.ai</database>
	</source>
	<size>
		<width>416</width>
		<height>416</height>
		<depth>3</depth>
	</size>
	<segmented>0</segmented>
	<object>
		<name>auto</name>
		<pose>Unspecified</pose>
		<truncated>0</truncated>
		<difficult>0</difficult>
		<occluded>0</occluded>
		<bndbox>
			<xmin>0</xmin>
			<xmax>405</xmax>
			<ymin>0</ymin>
			<ymax>415</ymax>
		</bndbox>
	</object>
	<object>
		<name>auto</name>
		<pose>Unspecified</pose>
		<truncated>0</truncated>
		<difficult>0</difficult>
		<occluded>0</occluded>
		<bndbox>
			<xmin>304</xmin>
			<xmax>415</xmax>
			<ymin>43</ymin>
			<ymax>317</ymax>
		</bndbox>
	</object>
</annotation>
