<annotation>
	<folder></folder>
	<filename>frame_1852_jpg.rf.de6e897e7fc61e32a71852dfaf7db099.jpg</filename>
	<path>frame_1852_jpg.rf.de6e897e7fc61e32a71852dfaf7db099.jpg</path>
	<source>
		<database>roboflow.ai</database>
	</source>
	<size>
		<width>416</width>
		<height>416</height>
		<depth>3</depth>
	</size>
	<segmented>0</segmented>
	<object>
		<name>auto</name>
		<pose>Unspecified</pose>
		<truncated>0</truncated>
		<difficult>0</difficult>
		<occluded>0</occluded>
		<bndbox>
			<xmin>92</xmin>
			<xmax>354</xmax>
			<ymin>72</ymin>
			<ymax>357</ymax>
		</bndbox>
	</object>
</annotation>
