<annotation>
	<folder></folder>
	<filename>frame_1924_jpg.rf.86474209bbbc49a16f84f6cd624fb879.jpg</filename>
	<path>frame_1924_jpg.rf.86474209bbbc49a16f84f6cd624fb879.jpg</path>
	<source>
		<database>roboflow.ai</database>
	</source>
	<size>
		<width>416</width>
		<height>416</height>
		<depth>3</depth>
	</size>
	<segmented>0</segmented>
	<object>
		<name>auto</name>
		<pose>Unspecified</pose>
		<truncated>0</truncated>
		<difficult>0</difficult>
		<occluded>0</occluded>
		<bndbox>
			<xmin>224</xmin>
			<xmax>361</xmax>
			<ymin>153</ymin>
			<ymax>361</ymax>
		</bndbox>
	</object>
	<object>
		<name>auto</name>
		<pose>Unspecified</pose>
		<truncated>0</truncated>
		<difficult>0</difficult>
		<occluded>0</occluded>
		<bndbox>
			<xmin>41</xmin>
			<xmax>255</xmax>
			<ymin>149</ymin>
			<ymax>415</ymax>
		</bndbox>
	</object>
</annotation>
