<annotation>
	<folder></folder>
	<filename>frame_1429_jpg.rf.738187c69097fb9b1a5bb2732ff111e9.jpg</filename>
	<path>frame_1429_jpg.rf.738187c69097fb9b1a5bb2732ff111e9.jpg</path>
	<source>
		<database>roboflow.ai</database>
	</source>
	<size>
		<width>416</width>
		<height>416</height>
		<depth>3</depth>
	</size>
	<segmented>0</segmented>
	<object>
		<name>auto</name>
		<pose>Unspecified</pose>
		<truncated>0</truncated>
		<difficult>0</difficult>
		<occluded>0</occluded>
		<bndbox>
			<xmin>0</xmin>
			<xmax>380</xmax>
			<ymin>31</ymin>
			<ymax>398</ymax>
		</bndbox>
	</object>
	<object>
		<name>auto</name>
		<pose>Unspecified</pose>
		<truncated>0</truncated>
		<difficult>0</difficult>
		<occluded>0</occluded>
		<bndbox>
			<xmin>313</xmin>
			<xmax>415</xmax>
			<ymin>84</ymin>
			<ymax>316</ymax>
		</bndbox>
	</object>
</annotation>
