<annotation>
	<folder></folder>
	<filename>frame_1429_jpg.rf.30adbde311aa24426ef6210fd38ff21e.jpg</filename>
	<path>frame_1429_jpg.rf.30adbde311aa24426ef6210fd38ff21e.jpg</path>
	<source>
		<database>roboflow.ai</database>
	</source>
	<size>
		<width>416</width>
		<height>416</height>
		<depth>3</depth>
	</size>
	<segmented>0</segmented>
	<object>
		<name>auto</name>
		<pose>Unspecified</pose>
		<truncated>0</truncated>
		<difficult>0</difficult>
		<occluded>0</occluded>
		<bndbox>
			<xmin>22</xmin>
			<xmax>355</xmax>
			<ymin>29</ymin>
			<ymax>403</ymax>
		</bndbox>
	</object>
	<object>
		<name>auto</name>
		<pose>Unspecified</pose>
		<truncated>0</truncated>
		<difficult>0</difficult>
		<occluded>0</occluded>
		<bndbox>
			<xmin>323</xmin>
			<xmax>415</xmax>
			<ymin>66</ymin>
			<ymax>306</ymax>
		</bndbox>
	</object>
</annotation>
