<annotation>
	<folder></folder>
	<filename>frame_1446_jpg.rf.5ee7c7670ae4f3b7c6f93711bb6587d3.jpg</filename>
	<path>frame_1446_jpg.rf.5ee7c7670ae4f3b7c6f93711bb6587d3.jpg</path>
	<source>
		<database>roboflow.ai</database>
	</source>
	<size>
		<width>416</width>
		<height>416</height>
		<depth>3</depth>
	</size>
	<segmented>0</segmented>
	<object>
		<name>auto</name>
		<pose>Unspecified</pose>
		<truncated>0</truncated>
		<difficult>0</difficult>
		<occluded>0</occluded>
		<bndbox>
			<xmin>0</xmin>
			<xmax>260</xmax>
			<ymin>31</ymin>
			<ymax>415</ymax>
		</bndbox>
	</object>
	<object>
		<name>car</name>
		<pose>Unspecified</pose>
		<truncated>0</truncated>
		<difficult>0</difficult>
		<occluded>0</occluded>
		<bndbox>
			<xmin>215</xmin>
			<xmax>415</xmax>
			<ymin>17</ymin>
			<ymax>382</ymax>
		</bndbox>
	</object>
</annotation>
