<annotation>
	<folder></folder>
	<filename>frame_1915_jpg.rf.8e532280c843ce848771694dc973010a.jpg</filename>
	<path>frame_1915_jpg.rf.8e532280c843ce848771694dc973010a.jpg</path>
	<source>
		<database>roboflow.ai</database>
	</source>
	<size>
		<width>416</width>
		<height>416</height>
		<depth>3</depth>
	</size>
	<segmented>0</segmented>
	<object>
		<name>auto</name>
		<pose>Unspecified</pose>
		<truncated>0</truncated>
		<difficult>0</difficult>
		<occluded>0</occluded>
		<bndbox>
			<xmin>1</xmin>
			<xmax>156</xmax>
			<ymin>0</ymin>
			<ymax>221</ymax>
		</bndbox>
	</object>
	<object>
		<name>auto</name>
		<pose>Unspecified</pose>
		<truncated>0</truncated>
		<difficult>0</difficult>
		<occluded>0</occluded>
		<bndbox>
			<xmin>207</xmin>
			<xmax>394</xmax>
			<ymin>143</ymin>
			<ymax>415</ymax>
		</bndbox>
	</object>
	<object>
		<name>car</name>
		<pose>Unspecified</pose>
		<truncated>0</truncated>
		<difficult>0</difficult>
		<occluded>0</occluded>
		<bndbox>
			<xmin>211</xmin>
			<xmax>287</xmax>
			<ymin>91</ymin>
			<ymax>216</ymax>
		</bndbox>
	</object>
</annotation>
