<annotation>
	<folder></folder>
	<filename>frame_1893_jpg.rf.edf79481c2b553e9643d8b1ca047dc4d.jpg</filename>
	<path>frame_1893_jpg.rf.edf79481c2b553e9643d8b1ca047dc4d.jpg</path>
	<source>
		<database>roboflow.ai</database>
	</source>
	<size>
		<width>416</width>
		<height>416</height>
		<depth>3</depth>
	</size>
	<segmented>0</segmented>
	<object>
		<name>auto</name>
		<pose>Unspecified</pose>
		<truncated>0</truncated>
		<difficult>0</difficult>
		<occluded>0</occluded>
		<bndbox>
			<xmin>150</xmin>
			<xmax>302</xmax>
			<ymin>111</ymin>
			<ymax>406</ymax>
		</bndbox>
	</object>
	<object>
		<name>auto</name>
		<pose>Unspecified</pose>
		<truncated>0</truncated>
		<difficult>0</difficult>
		<occluded>0</occluded>
		<bndbox>
			<xmin>31</xmin>
			<xmax>194</xmax>
			<ymin>108</ymin>
			<ymax>409</ymax>
		</bndbox>
	</object>
</annotation>
