<annotation>
	<folder></folder>
	<filename>frame_1903_jpg.rf.afb75796042ae761092cdb64b9a1fdbe.jpg</filename>
	<path>frame_1903_jpg.rf.afb75796042ae761092cdb64b9a1fdbe.jpg</path>
	<source>
		<database>roboflow.ai</database>
	</source>
	<size>
		<width>416</width>
		<height>416</height>
		<depth>3</depth>
	</size>
	<segmented>0</segmented>
	<object>
		<name>riksha</name>
		<pose>Unspecified</pose>
		<truncated>0</truncated>
		<difficult>0</difficult>
		<occluded>0</occluded>
		<bndbox>
			<xmin>0</xmin>
			<xmax>283</xmax>
			<ymin>114</ymin>
			<ymax>407</ymax>
		</bndbox>
	</object>
	<object>
		<name>riksha</name>
		<pose>Unspecified</pose>
		<truncated>0</truncated>
		<difficult>0</difficult>
		<occluded>0</occluded>
		<bndbox>
			<xmin>309</xmin>
			<xmax>416</xmax>
			<ymin>79</ymin>
			<ymax>232</ymax>
		</bndbox>
	</object>
	<object>
		<name>motorbike</name>
		<pose>Unspecified</pose>
		<truncated>0</truncated>
		<difficult>0</difficult>
		<occluded>0</occluded>
		<bndbox>
			<xmin>252</xmin>
			<xmax>355</xmax>
			<ymin>127</ymin>
			<ymax>253</ymax>
		</bndbox>
	</object>
</annotation>
