<annotation>
	<folder></folder>
	<filename>frame_1873_jpg.rf.f82662d2023e3ce950dbc71b8b2e34ff.jpg</filename>
	<path>frame_1873_jpg.rf.f82662d2023e3ce950dbc71b8b2e34ff.jpg</path>
	<source>
		<database>roboflow.ai</database>
	</source>
	<size>
		<width>416</width>
		<height>416</height>
		<depth>3</depth>
	</size>
	<segmented>0</segmented>
	<object>
		<name>auto</name>
		<pose>Unspecified</pose>
		<truncated>0</truncated>
		<difficult>0</difficult>
		<occluded>0</occluded>
		<bndbox>
			<xmin>264</xmin>
			<xmax>394</xmax>
			<ymin>108</ymin>
			<ymax>289</ymax>
		</bndbox>
	</object>
	<object>
		<name>auto</name>
		<pose>Unspecified</pose>
		<truncated>0</truncated>
		<difficult>0</difficult>
		<occluded>0</occluded>
		<bndbox>
			<xmin>190</xmin>
			<xmax>284</xmax>
			<ymin>112</ymin>
			<ymax>284</ymax>
		</bndbox>
	</object>
</annotation>
