<annotation>
	<folder></folder>
	<filename>frame_1875_jpg.rf.1966ab74f3aae71478927a79ee33ced1.jpg</filename>
	<path>frame_1875_jpg.rf.1966ab74f3aae71478927a79ee33ced1.jpg</path>
	<source>
		<database>roboflow.ai</database>
	</source>
	<size>
		<width>416</width>
		<height>416</height>
		<depth>3</depth>
	</size>
	<segmented>0</segmented>
	<object>
		<name>auto</name>
		<pose>Unspecified</pose>
		<truncated>0</truncated>
		<difficult>0</difficult>
		<occluded>0</occluded>
		<bndbox>
			<xmin>231</xmin>
			<xmax>415</xmax>
			<ymin>150</ymin>
			<ymax>416</ymax>
		</bndbox>
	</object>
	<object>
		<name>car</name>
		<pose>Unspecified</pose>
		<truncated>0</truncated>
		<difficult>0</difficult>
		<occluded>0</occluded>
		<bndbox>
			<xmin>184</xmin>
			<xmax>216</xmax>
			<ymin>189</ymin>
			<ymax>246</ymax>
		</bndbox>
	</object>
</annotation>
