<annotation>
	<folder></folder>
	<filename>frame_1926_jpg.rf.2506bfb9bc50f3531438e6e9d817581c.jpg</filename>
	<path>frame_1926_jpg.rf.2506bfb9bc50f3531438e6e9d817581c.jpg</path>
	<source>
		<database>roboflow.ai</database>
	</source>
	<size>
		<width>416</width>
		<height>416</height>
		<depth>3</depth>
	</size>
	<segmented>0</segmented>
	<object>
		<name>auto</name>
		<pose>Unspecified</pose>
		<truncated>0</truncated>
		<difficult>0</difficult>
		<occluded>0</occluded>
		<bndbox>
			<xmin>128</xmin>
			<xmax>415</xmax>
			<ymin>42</ymin>
			<ymax>415</ymax>
		</bndbox>
	</object>
	<object>
		<name>auto</name>
		<pose>Unspecified</pose>
		<truncated>0</truncated>
		<difficult>0</difficult>
		<occluded>0</occluded>
		<bndbox>
			<xmin>0</xmin>
			<xmax>160</xmax>
			<ymin>10</ymin>
			<ymax>265</ymax>
		</bndbox>
	</object>
</annotation>
