<annotation>
	<folder></folder>
	<filename>frame_1916_jpg.rf.a8f757b00a4da8b7c531a1108958823b.jpg</filename>
	<path>frame_1916_jpg.rf.a8f757b00a4da8b7c531a1108958823b.jpg</path>
	<source>
		<database>roboflow.ai</database>
	</source>
	<size>
		<width>416</width>
		<height>416</height>
		<depth>3</depth>
	</size>
	<segmented>0</segmented>
	<object>
		<name>auto</name>
		<pose>Unspecified</pose>
		<truncated>0</truncated>
		<difficult>0</difficult>
		<occluded>0</occluded>
		<bndbox>
			<xmin>0</xmin>
			<xmax>413</xmax>
			<ymin>15</ymin>
			<ymax>410</ymax>
		</bndbox>
	</object>
</annotation>
