<annotation>
	<folder></folder>
	<filename>frame_1438_jpg.rf.7365779cfaa0d14361eeed3e68a466de.jpg</filename>
	<path>frame_1438_jpg.rf.7365779cfaa0d14361eeed3e68a466de.jpg</path>
	<source>
		<database>roboflow.ai</database>
	</source>
	<size>
		<width>416</width>
		<height>416</height>
		<depth>3</depth>
	</size>
	<segmented>0</segmented>
	<object>
		<name>auto</name>
		<pose>Unspecified</pose>
		<truncated>0</truncated>
		<difficult>0</difficult>
		<occluded>0</occluded>
		<bndbox>
			<xmin>0</xmin>
			<xmax>337</xmax>
			<ymin>24</ymin>
			<ymax>371</ymax>
		</bndbox>
	</object>
	<object>
		<name>auto</name>
		<pose>Unspecified</pose>
		<truncated>0</truncated>
		<difficult>0</difficult>
		<occluded>0</occluded>
		<bndbox>
			<xmin>248</xmin>
			<xmax>415</xmax>
			<ymin>51</ymin>
			<ymax>371</ymax>
		</bndbox>
	</object>
</annotation>
