<annotation>
	<folder></folder>
	<filename>frame_1893_jpg.rf.427ee77da1f26153407440ee6ca9a76e.jpg</filename>
	<path>frame_1893_jpg.rf.427ee77da1f26153407440ee6ca9a76e.jpg</path>
	<source>
		<database>roboflow.ai</database>
	</source>
	<size>
		<width>416</width>
		<height>416</height>
		<depth>3</depth>
	</size>
	<segmented>0</segmented>
	<object>
		<name>auto</name>
		<pose>Unspecified</pose>
		<truncated>0</truncated>
		<difficult>0</difficult>
		<occluded>0</occluded>
		<bndbox>
			<xmin>154</xmin>
			<xmax>298</xmax>
			<ymin>138</ymin>
			<ymax>382</ymax>
		</bndbox>
	</object>
	<object>
		<name>auto</name>
		<pose>Unspecified</pose>
		<truncated>0</truncated>
		<difficult>0</difficult>
		<occluded>0</occluded>
		<bndbox>
			<xmin>32</xmin>
			<xmax>189</xmax>
			<ymin>128</ymin>
			<ymax>375</ymax>
		</bndbox>
	</object>
</annotation>
