<annotation>
	<folder></folder>
	<filename>frame_1432_jpg.rf.27c0cc082275b0e1011812d429d422cd.jpg</filename>
	<path>frame_1432_jpg.rf.27c0cc082275b0e1011812d429d422cd.jpg</path>
	<source>
		<database>roboflow.ai</database>
	</source>
	<size>
		<width>416</width>
		<height>416</height>
		<depth>3</depth>
	</size>
	<segmented>0</segmented>
	<object>
		<name>motorbike</name>
		<pose>Unspecified</pose>
		<truncated>0</truncated>
		<difficult>0</difficult>
		<occluded>0</occluded>
		<bndbox>
			<xmin>7</xmin>
			<xmax>142</xmax>
			<ymin>193</ymin>
			<ymax>389</ymax>
		</bndbox>
	</object>
	<object>
		<name>auto</name>
		<pose>Unspecified</pose>
		<truncated>0</truncated>
		<difficult>0</difficult>
		<occluded>0</occluded>
		<bndbox>
			<xmin>202</xmin>
			<xmax>415</xmax>
			<ymin>146</ymin>
			<ymax>415</ymax>
		</bndbox>
	</object>
</annotation>
