<annotation>
	<folder></folder>
	<filename>frame_1864_jpg.rf.c374d7f9c28969ba1e7cb922156de3e8.jpg</filename>
	<path>frame_1864_jpg.rf.c374d7f9c28969ba1e7cb922156de3e8.jpg</path>
	<source>
		<database>roboflow.ai</database>
	</source>
	<size>
		<width>416</width>
		<height>416</height>
		<depth>3</depth>
	</size>
	<segmented>0</segmented>
	<object>
		<name>auto</name>
		<pose>Unspecified</pose>
		<truncated>0</truncated>
		<difficult>0</difficult>
		<occluded>0</occluded>
		<bndbox>
			<xmin>0</xmin>
			<xmax>194</xmax>
			<ymin>7</ymin>
			<ymax>408</ymax>
		</bndbox>
	</object>
</annotation>
