<annotation>
	<folder></folder>
	<filename>frame_1830_jpg.rf.b4fe0a48ba8dd6743754df070dc4d051.jpg</filename>
	<path>frame_1830_jpg.rf.b4fe0a48ba8dd6743754df070dc4d051.jpg</path>
	<source>
		<database>roboflow.ai</database>
	</source>
	<size>
		<width>416</width>
		<height>416</height>
		<depth>3</depth>
	</size>
	<segmented>0</segmented>
	<object>
		<name>auto</name>
		<pose>Unspecified</pose>
		<truncated>0</truncated>
		<difficult>0</difficult>
		<occluded>0</occluded>
		<bndbox>
			<xmin>56</xmin>
			<xmax>382</xmax>
			<ymin>0</ymin>
			<ymax>415</ymax>
		</bndbox>
	</object>
</annotation>
