<annotation>
	<folder></folder>
	<filename>frame_1886_jpg.rf.b2601a1a40ea082aacd76be7c8eadfe5.jpg</filename>
	<path>frame_1886_jpg.rf.b2601a1a40ea082aacd76be7c8eadfe5.jpg</path>
	<source>
		<database>roboflow.ai</database>
	</source>
	<size>
		<width>416</width>
		<height>416</height>
		<depth>3</depth>
	</size>
	<segmented>0</segmented>
	<object>
		<name>motorbike</name>
		<pose>Unspecified</pose>
		<truncated>0</truncated>
		<difficult>0</difficult>
		<occluded>0</occluded>
		<bndbox>
			<xmin>325</xmin>
			<xmax>415</xmax>
			<ymin>174</ymin>
			<ymax>349</ymax>
		</bndbox>
	</object>
	<object>
		<name>auto</name>
		<pose>Unspecified</pose>
		<truncated>0</truncated>
		<difficult>0</difficult>
		<occluded>0</occluded>
		<bndbox>
			<xmin>68</xmin>
			<xmax>309</xmax>
			<ymin>55</ymin>
			<ymax>384</ymax>
		</bndbox>
	</object>
</annotation>
