<annotation>
	<folder></folder>
	<filename>frame_1871_jpg.rf.5e1a12cd0a673419da8fb7559a8f2afb.jpg</filename>
	<path>frame_1871_jpg.rf.5e1a12cd0a673419da8fb7559a8f2afb.jpg</path>
	<source>
		<database>roboflow.ai</database>
	</source>
	<size>
		<width>416</width>
		<height>416</height>
		<depth>3</depth>
	</size>
	<segmented>0</segmented>
	<object>
		<name>auto</name>
		<pose>Unspecified</pose>
		<truncated>0</truncated>
		<difficult>0</difficult>
		<occluded>0</occluded>
		<bndbox>
			<xmin>178</xmin>
			<xmax>415</xmax>
			<ymin>111</ymin>
			<ymax>369</ymax>
		</bndbox>
	</object>
	<object>
		<name>auto</name>
		<pose>Unspecified</pose>
		<truncated>0</truncated>
		<difficult>0</difficult>
		<occluded>0</occluded>
		<bndbox>
			<xmin>0</xmin>
			<xmax>208</xmax>
			<ymin>12</ymin>
			<ymax>408</ymax>
		</bndbox>
	</object>
</annotation>
