<annotation>
	<folder></folder>
	<filename>frame_1859_jpg.rf.4956af1c5c8b9cbc1f0dad4137e0bf40.jpg</filename>
	<path>frame_1859_jpg.rf.4956af1c5c8b9cbc1f0dad4137e0bf40.jpg</path>
	<source>
		<database>roboflow.ai</database>
	</source>
	<size>
		<width>416</width>
		<height>416</height>
		<depth>3</depth>
	</size>
	<segmented>0</segmented>
	<object>
		<name>auto</name>
		<pose>Unspecified</pose>
		<truncated>0</truncated>
		<difficult>0</difficult>
		<occluded>0</occluded>
		<bndbox>
			<xmin>46</xmin>
			<xmax>191</xmax>
			<ymin>134</ymin>
			<ymax>370</ymax>
		</bndbox>
	</object>
	<object>
		<name>motorbike</name>
		<pose>Unspecified</pose>
		<truncated>0</truncated>
		<difficult>0</difficult>
		<occluded>0</occluded>
		<bndbox>
			<xmin>28</xmin>
			<xmax>83</xmax>
			<ymin>181</ymin>
			<ymax>325</ymax>
		</bndbox>
	</object>
</annotation>
