<annotation>
	<folder></folder>
	<filename>frame_1917_jpg.rf.5b314a164ebfd65f19ab41262816f6e9.jpg</filename>
	<path>frame_1917_jpg.rf.5b314a164ebfd65f19ab41262816f6e9.jpg</path>
	<source>
		<database>roboflow.ai</database>
	</source>
	<size>
		<width>416</width>
		<height>416</height>
		<depth>3</depth>
	</size>
	<segmented>0</segmented>
	<object>
		<name>riksha</name>
		<pose>Unspecified</pose>
		<truncated>0</truncated>
		<difficult>0</difficult>
		<occluded>0</occluded>
		<bndbox>
			<xmin>93</xmin>
			<xmax>298</xmax>
			<ymin>116</ymin>
			<ymax>391</ymax>
		</bndbox>
	</object>
</annotation>
