<annotation>
	<folder></folder>
	<filename>frame_1436_jpg.rf.acdb9366fec722a947c78a8d16a44471.jpg</filename>
	<path>frame_1436_jpg.rf.acdb9366fec722a947c78a8d16a44471.jpg</path>
	<source>
		<database>roboflow.ai</database>
	</source>
	<size>
		<width>416</width>
		<height>416</height>
		<depth>3</depth>
	</size>
	<segmented>0</segmented>
	<object>
		<name>auto</name>
		<pose>Unspecified</pose>
		<truncated>0</truncated>
		<difficult>0</difficult>
		<occluded>0</occluded>
		<bndbox>
			<xmin>0</xmin>
			<xmax>169</xmax>
			<ymin>167</ymin>
			<ymax>405</ymax>
		</bndbox>
	</object>
	<object>
		<name>auto</name>
		<pose>Unspecified</pose>
		<truncated>0</truncated>
		<difficult>0</difficult>
		<occluded>0</occluded>
		<bndbox>
			<xmin>72</xmin>
			<xmax>405</xmax>
			<ymin>175</ymin>
			<ymax>415</ymax>
		</bndbox>
	</object>
</annotation>
