<annotation>
	<folder></folder>
	<filename>frame_1442_jpg.rf.9d919543b94b75808d9fc1b25f6c2373.jpg</filename>
	<path>frame_1442_jpg.rf.9d919543b94b75808d9fc1b25f6c2373.jpg</path>
	<source>
		<database>roboflow.ai</database>
	</source>
	<size>
		<width>416</width>
		<height>416</height>
		<depth>3</depth>
	</size>
	<segmented>0</segmented>
	<object>
		<name>auto</name>
		<pose>Unspecified</pose>
		<truncated>0</truncated>
		<difficult>0</difficult>
		<occluded>0</occluded>
		<bndbox>
			<xmin>0</xmin>
			<xmax>415</xmax>
			<ymin>1</ymin>
			<ymax>415</ymax>
		</bndbox>
	</object>
</annotation>
