<annotation>
	<folder></folder>
	<filename>frame_1871_jpg.rf.5be3600b86d8f50fac05cf6c9a49582e.jpg</filename>
	<path>frame_1871_jpg.rf.5be3600b86d8f50fac05cf6c9a49582e.jpg</path>
	<source>
		<database>roboflow.ai</database>
	</source>
	<size>
		<width>416</width>
		<height>416</height>
		<depth>3</depth>
	</size>
	<segmented>0</segmented>
	<object>
		<name>auto</name>
		<pose>Unspecified</pose>
		<truncated>0</truncated>
		<difficult>0</difficult>
		<occluded>0</occluded>
		<bndbox>
			<xmin>1</xmin>
			<xmax>232</xmax>
			<ymin>111</ymin>
			<ymax>374</ymax>
		</bndbox>
	</object>
	<object>
		<name>auto</name>
		<pose>Unspecified</pose>
		<truncated>0</truncated>
		<difficult>0</difficult>
		<occluded>0</occluded>
		<bndbox>
			<xmin>217</xmin>
			<xmax>415</xmax>
			<ymin>2</ymin>
			<ymax>411</ymax>
		</bndbox>
	</object>
</annotation>
