<annotation>
	<folder></folder>
	<filename>frame_1434_jpg.rf.156d4fe6deda5a73187ded3e56aca5d0.jpg</filename>
	<path>frame_1434_jpg.rf.156d4fe6deda5a73187ded3e56aca5d0.jpg</path>
	<source>
		<database>roboflow.ai</database>
	</source>
	<size>
		<width>416</width>
		<height>416</height>
		<depth>3</depth>
	</size>
	<segmented>0</segmented>
	<object>
		<name>auto</name>
		<pose>Unspecified</pose>
		<truncated>0</truncated>
		<difficult>0</difficult>
		<occluded>0</occluded>
		<bndbox>
			<xmin>219</xmin>
			<xmax>415</xmax>
			<ymin>49</ymin>
			<ymax>362</ymax>
		</bndbox>
	</object>
	<object>
		<name>auto</name>
		<pose>Unspecified</pose>
		<truncated>0</truncated>
		<difficult>0</difficult>
		<occluded>0</occluded>
		<bndbox>
			<xmin>24</xmin>
			<xmax>121</xmax>
			<ymin>101</ymin>
			<ymax>248</ymax>
		</bndbox>
	</object>
	<object>
		<name>auto</name>
		<pose>Unspecified</pose>
		<truncated>0</truncated>
		<difficult>0</difficult>
		<occluded>0</occluded>
		<bndbox>
			<xmin>142</xmin>
			<xmax>196</xmax>
			<ymin>111</ymin>
			<ymax>200</ymax>
		</bndbox>
	</object>
</annotation>
