<annotation>
	<folder></folder>
	<filename>frame_1926_jpg.rf.7b96a9988a756896c914cbb24128dfaf.jpg</filename>
	<path>frame_1926_jpg.rf.7b96a9988a756896c914cbb24128dfaf.jpg</path>
	<source>
		<database>roboflow.ai</database>
	</source>
	<size>
		<width>416</width>
		<height>416</height>
		<depth>3</depth>
	</size>
	<segmented>0</segmented>
	<object>
		<name>auto</name>
		<pose>Unspecified</pose>
		<truncated>0</truncated>
		<difficult>0</difficult>
		<occluded>0</occluded>
		<bndbox>
			<xmin>112</xmin>
			<xmax>415</xmax>
			<ymin>0</ymin>
			<ymax>415</ymax>
		</bndbox>
	</object>
	<object>
		<name>auto</name>
		<pose>Unspecified</pose>
		<truncated>0</truncated>
		<difficult>0</difficult>
		<occluded>0</occluded>
		<bndbox>
			<xmin>0</xmin>
			<xmax>167</xmax>
			<ymin>95</ymin>
			<ymax>350</ymax>
		</bndbox>
	</object>
</annotation>
