<annotation>
	<folder></folder>
	<filename>frame_1893_jpg.rf.fdfaa2bfccf258f89023abbfcd8c8e43.jpg</filename>
	<path>frame_1893_jpg.rf.fdfaa2bfccf258f89023abbfcd8c8e43.jpg</path>
	<source>
		<database>roboflow.ai</database>
	</source>
	<size>
		<width>416</width>
		<height>416</height>
		<depth>3</depth>
	</size>
	<segmented>0</segmented>
	<object>
		<name>auto</name>
		<pose>Unspecified</pose>
		<truncated>0</truncated>
		<difficult>0</difficult>
		<occluded>0</occluded>
		<bndbox>
			<xmin>180</xmin>
			<xmax>306</xmax>
			<ymin>128</ymin>
			<ymax>393</ymax>
		</bndbox>
	</object>
	<object>
		<name>auto</name>
		<pose>Unspecified</pose>
		<truncated>0</truncated>
		<difficult>0</difficult>
		<occluded>0</occluded>
		<bndbox>
			<xmin>59</xmin>
			<xmax>197</xmax>
			<ymin>118</ymin>
			<ymax>387</ymax>
		</bndbox>
	</object>
</annotation>
