<annotation>
	<folder></folder>
	<filename>frame_1858_jpg.rf.c247f70b6f3a68451d2ede1094e48c36.jpg</filename>
	<path>frame_1858_jpg.rf.c247f70b6f3a68451d2ede1094e48c36.jpg</path>
	<source>
		<database>roboflow.ai</database>
	</source>
	<size>
		<width>416</width>
		<height>416</height>
		<depth>3</depth>
	</size>
	<segmented>0</segmented>
	<object>
		<name>auto</name>
		<pose>Unspecified</pose>
		<truncated>0</truncated>
		<difficult>0</difficult>
		<occluded>0</occluded>
		<bndbox>
			<xmin>231</xmin>
			<xmax>360</xmax>
			<ymin>170</ymin>
			<ymax>407</ymax>
		</bndbox>
	</object>
</annotation>
