<annotation>
	<folder></folder>
	<filename>frame_1858_jpg.rf.afbce7ed9c946675f85e22876baf1ff0.jpg</filename>
	<path>frame_1858_jpg.rf.afbce7ed9c946675f85e22876baf1ff0.jpg</path>
	<source>
		<database>roboflow.ai</database>
	</source>
	<size>
		<width>416</width>
		<height>416</height>
		<depth>3</depth>
	</size>
	<segmented>0</segmented>
	<object>
		<name>auto</name>
		<pose>Unspecified</pose>
		<truncated>0</truncated>
		<difficult>0</difficult>
		<occluded>0</occluded>
		<bndbox>
			<xmin>225</xmin>
			<xmax>365</xmax>
			<ymin>145</ymin>
			<ymax>415</ymax>
		</bndbox>
	</object>
</annotation>
