<annotation>
	<folder></folder>
	<filename>frame_1878_jpg.rf.c04866412a3e10025d1bcaf0ad78e71c.jpg</filename>
	<path>frame_1878_jpg.rf.c04866412a3e10025d1bcaf0ad78e71c.jpg</path>
	<source>
		<database>roboflow.ai</database>
	</source>
	<size>
		<width>416</width>
		<height>416</height>
		<depth>3</depth>
	</size>
	<segmented>0</segmented>
	<object>
		<name>auto</name>
		<pose>Unspecified</pose>
		<truncated>0</truncated>
		<difficult>0</difficult>
		<occluded>0</occluded>
		<bndbox>
			<xmin>74</xmin>
			<xmax>245</xmax>
			<ymin>97</ymin>
			<ymax>375</ymax>
		</bndbox>
	</object>
	<object>
		<name>auto</name>
		<pose>Unspecified</pose>
		<truncated>0</truncated>
		<difficult>0</difficult>
		<occluded>0</occluded>
		<bndbox>
			<xmin>241</xmin>
			<xmax>292</xmax>
			<ymin>122</ymin>
			<ymax>239</ymax>
		</bndbox>
	</object>
	<object>
		<name>car</name>
		<pose>Unspecified</pose>
		<truncated>0</truncated>
		<difficult>0</difficult>
		<occluded>0</occluded>
		<bndbox>
			<xmin>0</xmin>
			<xmax>98</xmax>
			<ymin>154</ymin>
			<ymax>347</ymax>
		</bndbox>
	</object>
</annotation>
