<annotation>
	<folder></folder>
	<filename>frame_1924_jpg.rf.cdd6d03484abbb2000463025ad133f60.jpg</filename>
	<path>frame_1924_jpg.rf.cdd6d03484abbb2000463025ad133f60.jpg</path>
	<source>
		<database>roboflow.ai</database>
	</source>
	<size>
		<width>416</width>
		<height>416</height>
		<depth>3</depth>
	</size>
	<segmented>0</segmented>
	<object>
		<name>auto</name>
		<pose>Unspecified</pose>
		<truncated>0</truncated>
		<difficult>0</difficult>
		<occluded>0</occluded>
		<bndbox>
			<xmin>89</xmin>
			<xmax>222</xmax>
			<ymin>148</ymin>
			<ymax>371</ymax>
		</bndbox>
	</object>
	<object>
		<name>auto</name>
		<pose>Unspecified</pose>
		<truncated>0</truncated>
		<difficult>0</difficult>
		<occluded>0</occluded>
		<bndbox>
			<xmin>207</xmin>
			<xmax>416</xmax>
			<ymin>138</ymin>
			<ymax>415</ymax>
		</bndbox>
	</object>
</annotation>
