<annotation>
	<folder></folder>
	<filename>frame_1873_jpg.rf.0e460748cde2898d670cfe825043bd0e.jpg</filename>
	<path>frame_1873_jpg.rf.0e460748cde2898d670cfe825043bd0e.jpg</path>
	<source>
		<database>roboflow.ai</database>
	</source>
	<size>
		<width>416</width>
		<height>416</height>
		<depth>3</depth>
	</size>
	<segmented>0</segmented>
	<object>
		<name>auto</name>
		<pose>Unspecified</pose>
		<truncated>0</truncated>
		<difficult>0</difficult>
		<occluded>0</occluded>
		<bndbox>
			<xmin>265</xmin>
			<xmax>395</xmax>
			<ymin>85</ymin>
			<ymax>287</ymax>
		</bndbox>
	</object>
	<object>
		<name>auto</name>
		<pose>Unspecified</pose>
		<truncated>0</truncated>
		<difficult>0</difficult>
		<occluded>0</occluded>
		<bndbox>
			<xmin>194</xmin>
			<xmax>284</xmax>
			<ymin>98</ymin>
			<ymax>292</ymax>
		</bndbox>
	</object>
</annotation>
