<annotation>
	<folder></folder>
	<filename>frame_1896_jpg.rf.5604a26d9848475156be76630489e01d.jpg</filename>
	<path>frame_1896_jpg.rf.5604a26d9848475156be76630489e01d.jpg</path>
	<source>
		<database>roboflow.ai</database>
	</source>
	<size>
		<width>416</width>
		<height>416</height>
		<depth>3</depth>
	</size>
	<segmented>0</segmented>
	<object>
		<name>auto</name>
		<pose>Unspecified</pose>
		<truncated>0</truncated>
		<difficult>0</difficult>
		<occluded>0</occluded>
		<bndbox>
			<xmin>73</xmin>
			<xmax>289</xmax>
			<ymin>185</ymin>
			<ymax>393</ymax>
		</bndbox>
	</object>
	<object>
		<name>truck</name>
		<pose>Unspecified</pose>
		<truncated>0</truncated>
		<difficult>0</difficult>
		<occluded>0</occluded>
		<bndbox>
			<xmin>253</xmin>
			<xmax>415</xmax>
			<ymin>205</ymin>
			<ymax>327</ymax>
		</bndbox>
	</object>
</annotation>
