<annotation>
	<folder></folder>
	<filename>frame_1890_jpg.rf.468b15b530f7617a76adc1dfed6c79bc.jpg</filename>
	<path>frame_1890_jpg.rf.468b15b530f7617a76adc1dfed6c79bc.jpg</path>
	<source>
		<database>roboflow.ai</database>
	</source>
	<size>
		<width>416</width>
		<height>416</height>
		<depth>3</depth>
	</size>
	<segmented>0</segmented>
	<object>
		<name>auto</name>
		<pose>Unspecified</pose>
		<truncated>0</truncated>
		<difficult>0</difficult>
		<occluded>0</occluded>
		<bndbox>
			<xmin>164</xmin>
			<xmax>373</xmax>
			<ymin>115</ymin>
			<ymax>415</ymax>
		</bndbox>
	</object>
	<object>
		<name>motorbike</name>
		<pose>Unspecified</pose>
		<truncated>0</truncated>
		<difficult>0</difficult>
		<occluded>0</occluded>
		<bndbox>
			<xmin>57</xmin>
			<xmax>129</xmax>
			<ymin>177</ymin>
			<ymax>303</ymax>
		</bndbox>
	</object>
</annotation>
