<annotation>
	<folder></folder>
	<filename>frame_1917_jpg.rf.9456851b34a360f72374428ac9d44cca.jpg</filename>
	<path>frame_1917_jpg.rf.9456851b34a360f72374428ac9d44cca.jpg</path>
	<source>
		<database>roboflow.ai</database>
	</source>
	<size>
		<width>416</width>
		<height>416</height>
		<depth>3</depth>
	</size>
	<segmented>0</segmented>
	<object>
		<name>riksha</name>
		<pose>Unspecified</pose>
		<truncated>0</truncated>
		<difficult>0</difficult>
		<occluded>0</occluded>
		<bndbox>
			<xmin>83</xmin>
			<xmax>303</xmax>
			<ymin>95</ymin>
			<ymax>415</ymax>
		</bndbox>
	</object>
</annotation>
