<annotation>
	<folder></folder>
	<filename>frame_1888_jpg.rf.e517ce9e12cea0bf90120333fd7d1b10.jpg</filename>
	<path>frame_1888_jpg.rf.e517ce9e12cea0bf90120333fd7d1b10.jpg</path>
	<source>
		<database>roboflow.ai</database>
	</source>
	<size>
		<width>416</width>
		<height>416</height>
		<depth>3</depth>
	</size>
	<segmented>0</segmented>
	<object>
		<name>bus</name>
		<pose>Unspecified</pose>
		<truncated>0</truncated>
		<difficult>0</difficult>
		<occluded>0</occluded>
		<bndbox>
			<xmin>246</xmin>
			<xmax>339</xmax>
			<ymin>22</ymin>
			<ymax>139</ymax>
		</bndbox>
	</object>
</annotation>
