<annotation>
	<folder></folder>
	<filename>frame_1874_jpg.rf.bc2ebc316b2a506cc25cfa6e25e58533.jpg</filename>
	<path>frame_1874_jpg.rf.bc2ebc316b2a506cc25cfa6e25e58533.jpg</path>
	<source>
		<database>roboflow.ai</database>
	</source>
	<size>
		<width>416</width>
		<height>416</height>
		<depth>3</depth>
	</size>
	<segmented>0</segmented>
	<object>
		<name>auto</name>
		<pose>Unspecified</pose>
		<truncated>0</truncated>
		<difficult>0</difficult>
		<occluded>0</occluded>
		<bndbox>
			<xmin>0</xmin>
			<xmax>215</xmax>
			<ymin>8</ymin>
			<ymax>384</ymax>
		</bndbox>
	</object>
	<object>
		<name>car</name>
		<pose>Unspecified</pose>
		<truncated>0</truncated>
		<difficult>0</difficult>
		<occluded>0</occluded>
		<bndbox>
			<xmin>164</xmin>
			<xmax>265</xmax>
			<ymin>210</ymin>
			<ymax>310</ymax>
		</bndbox>
	</object>
	<object>
		<name>car</name>
		<pose>Unspecified</pose>
		<truncated>0</truncated>
		<difficult>0</difficult>
		<occluded>0</occluded>
		<bndbox>
			<xmin>279</xmin>
			<xmax>415</xmax>
			<ymin>216</ymin>
			<ymax>360</ymax>
		</bndbox>
	</object>
</annotation>
