<annotation>
	<folder></folder>
	<filename>frame_1892_jpg.rf.3211705b9b720de976550f4df87e030c.jpg</filename>
	<path>frame_1892_jpg.rf.3211705b9b720de976550f4df87e030c.jpg</path>
	<source>
		<database>roboflow.ai</database>
	</source>
	<size>
		<width>416</width>
		<height>416</height>
		<depth>3</depth>
	</size>
	<segmented>0</segmented>
	<object>
		<name>auto</name>
		<pose>Unspecified</pose>
		<truncated>0</truncated>
		<difficult>0</difficult>
		<occluded>0</occluded>
		<bndbox>
			<xmin>92</xmin>
			<xmax>395</xmax>
			<ymin>108</ymin>
			<ymax>415</ymax>
		</bndbox>
	</object>
</annotation>
