<annotation>
	<folder></folder>
	<filename>frame_2023_jpg.rf.ee62eb0124345129323b1ca9b51130de.jpg</filename>
	<path>frame_2023_jpg.rf.ee62eb0124345129323b1ca9b51130de.jpg</path>
	<source>
		<database>roboflow.ai</database>
	</source>
	<size>
		<width>416</width>
		<height>416</height>
		<depth>3</depth>
	</size>
	<segmented>0</segmented>
	<object>
		<name>auto</name>
		<pose>Unspecified</pose>
		<truncated>0</truncated>
		<difficult>0</difficult>
		<occluded>0</occluded>
		<bndbox>
			<xmin>38</xmin>
			<xmax>372</xmax>
			<ymin>64</ymin>
			<ymax>415</ymax>
		</bndbox>
	</object>
</annotation>
