<annotation>
	<folder></folder>
	<filename>frame_1998_jpg.rf.e5efc0295dffc77850ff7e27aa7ad826.jpg</filename>
	<path>frame_1998_jpg.rf.e5efc0295dffc77850ff7e27aa7ad826.jpg</path>
	<source>
		<database>roboflow.ai</database>
	</source>
	<size>
		<width>416</width>
		<height>416</height>
		<depth>3</depth>
	</size>
	<segmented>0</segmented>
	<object>
		<name>auto</name>
		<pose>Unspecified</pose>
		<truncated>0</truncated>
		<difficult>0</difficult>
		<occluded>0</occluded>
		<bndbox>
			<xmin>9</xmin>
			<xmax>311</xmax>
			<ymin>67</ymin>
			<ymax>415</ymax>
		</bndbox>
	</object>
</annotation>
