<annotation>
	<folder></folder>
	<filename>frame_1947_jpg.rf.b1fd7d406036d19097c894908c2bd5a0.jpg</filename>
	<path>frame_1947_jpg.rf.b1fd7d406036d19097c894908c2bd5a0.jpg</path>
	<source>
		<database>roboflow.ai</database>
	</source>
	<size>
		<width>416</width>
		<height>416</height>
		<depth>3</depth>
	</size>
	<segmented>0</segmented>
	<object>
		<name>auto</name>
		<pose>Unspecified</pose>
		<truncated>0</truncated>
		<difficult>0</difficult>
		<occluded>0</occluded>
		<bndbox>
			<xmin>74</xmin>
			<xmax>397</xmax>
			<ymin>117</ymin>
			<ymax>415</ymax>
		</bndbox>
	</object>
</annotation>
