<annotation>
	<folder></folder>
	<filename>frame_1959_jpg.rf.84982986518e38cfbde88e9bfa4461a2.jpg</filename>
	<path>frame_1959_jpg.rf.84982986518e38cfbde88e9bfa4461a2.jpg</path>
	<source>
		<database>roboflow.ai</database>
	</source>
	<size>
		<width>416</width>
		<height>416</height>
		<depth>3</depth>
	</size>
	<segmented>0</segmented>
	<object>
		<name>auto</name>
		<pose>Unspecified</pose>
		<truncated>0</truncated>
		<difficult>0</difficult>
		<occluded>0</occluded>
		<bndbox>
			<xmin>203</xmin>
			<xmax>336</xmax>
			<ymin>80</ymin>
			<ymax>280</ymax>
		</bndbox>
	</object>
</annotation>
