<annotation>
	<folder></folder>
	<filename>frame_2027_jpg.rf.bd1892b1b4657c6e7dd3f0e9a1cb28c8.jpg</filename>
	<path>frame_2027_jpg.rf.bd1892b1b4657c6e7dd3f0e9a1cb28c8.jpg</path>
	<source>
		<database>roboflow.ai</database>
	</source>
	<size>
		<width>416</width>
		<height>416</height>
		<depth>3</depth>
	</size>
	<segmented>0</segmented>
	<object>
		<name>auto</name>
		<pose>Unspecified</pose>
		<truncated>0</truncated>
		<difficult>0</difficult>
		<occluded>0</occluded>
		<bndbox>
			<xmin>216</xmin>
			<xmax>306</xmax>
			<ymin>281</ymin>
			<ymax>388</ymax>
		</bndbox>
	</object>
</annotation>
