<annotation>
	<folder></folder>
	<filename>frame_1932_jpg.rf.8a4e4b6589779a482b5027547f9427dd.jpg</filename>
	<path>frame_1932_jpg.rf.8a4e4b6589779a482b5027547f9427dd.jpg</path>
	<source>
		<database>roboflow.ai</database>
	</source>
	<size>
		<width>416</width>
		<height>416</height>
		<depth>3</depth>
	</size>
	<segmented>0</segmented>
	<object>
		<name>auto</name>
		<pose>Unspecified</pose>
		<truncated>0</truncated>
		<difficult>0</difficult>
		<occluded>0</occluded>
		<bndbox>
			<xmin>80</xmin>
			<xmax>225</xmax>
			<ymin>122</ymin>
			<ymax>415</ymax>
		</bndbox>
	</object>
	<object>
		<name>auto</name>
		<pose>Unspecified</pose>
		<truncated>0</truncated>
		<difficult>0</difficult>
		<occluded>0</occluded>
		<bndbox>
			<xmin>249</xmin>
			<xmax>311</xmax>
			<ymin>86</ymin>
			<ymax>226</ymax>
		</bndbox>
	</object>
</annotation>
