<annotation>
	<folder></folder>
	<filename>frame_2029_jpg.rf.3cbf6eab3bcb6b25f982da20426ad969.jpg</filename>
	<path>frame_2029_jpg.rf.3cbf6eab3bcb6b25f982da20426ad969.jpg</path>
	<source>
		<database>roboflow.ai</database>
	</source>
	<size>
		<width>416</width>
		<height>416</height>
		<depth>3</depth>
	</size>
	<segmented>0</segmented>
	<object>
		<name>auto</name>
		<pose>Unspecified</pose>
		<truncated>0</truncated>
		<difficult>0</difficult>
		<occluded>0</occluded>
		<bndbox>
			<xmin>37</xmin>
			<xmax>354</xmax>
			<ymin>12</ymin>
			<ymax>404</ymax>
		</bndbox>
	</object>
	<object>
		<name>motorbike</name>
		<pose>Unspecified</pose>
		<truncated>0</truncated>
		<difficult>0</difficult>
		<occluded>0</occluded>
		<bndbox>
			<xmin>0</xmin>
			<xmax>53</xmax>
			<ymin>103</ymin>
			<ymax>220</ymax>
		</bndbox>
	</object>
</annotation>
