<annotation>
	<folder></folder>
	<filename>frame_1951_jpg.rf.954c17e42b7c14932889356b4eed5ed2.jpg</filename>
	<path>frame_1951_jpg.rf.954c17e42b7c14932889356b4eed5ed2.jpg</path>
	<source>
		<database>roboflow.ai</database>
	</source>
	<size>
		<width>416</width>
		<height>416</height>
		<depth>3</depth>
	</size>
	<segmented>0</segmented>
	<object>
		<name>auto</name>
		<pose>Unspecified</pose>
		<truncated>0</truncated>
		<difficult>0</difficult>
		<occluded>0</occluded>
		<bndbox>
			<xmin>24</xmin>
			<xmax>373</xmax>
			<ymin>41</ymin>
			<ymax>385</ymax>
		</bndbox>
	</object>
</annotation>
