<annotation>
	<folder></folder>
	<filename>frame_1991_jpg.rf.5dc0eab4b47c364e0e0a6b168f134857.jpg</filename>
	<path>frame_1991_jpg.rf.5dc0eab4b47c364e0e0a6b168f134857.jpg</path>
	<source>
		<database>roboflow.ai</database>
	</source>
	<size>
		<width>416</width>
		<height>416</height>
		<depth>3</depth>
	</size>
	<segmented>0</segmented>
	<object>
		<name>auto</name>
		<pose>Unspecified</pose>
		<truncated>0</truncated>
		<difficult>0</difficult>
		<occluded>0</occluded>
		<bndbox>
			<xmin>219</xmin>
			<xmax>409</xmax>
			<ymin>10</ymin>
			<ymax>415</ymax>
		</bndbox>
	</object>
</annotation>
