<annotation>
	<folder></folder>
	<filename>frame_2027_jpg.rf.45c347e63bd3fd0c0b2d4904fa0a65ef.jpg</filename>
	<path>frame_2027_jpg.rf.45c347e63bd3fd0c0b2d4904fa0a65ef.jpg</path>
	<source>
		<database>roboflow.ai</database>
	</source>
	<size>
		<width>416</width>
		<height>416</height>
		<depth>3</depth>
	</size>
	<segmented>0</segmented>
	<object>
		<name>auto</name>
		<pose>Unspecified</pose>
		<truncated>0</truncated>
		<difficult>0</difficult>
		<occluded>0</occluded>
		<bndbox>
			<xmin>179</xmin>
			<xmax>261</xmax>
			<ymin>280</ymin>
			<ymax>386</ymax>
		</bndbox>
	</object>
</annotation>
