<annotation>
	<folder></folder>
	<filename>frame_1960_jpg.rf.273c7889051e7d3412b87595b7690b82.jpg</filename>
	<path>frame_1960_jpg.rf.273c7889051e7d3412b87595b7690b82.jpg</path>
	<source>
		<database>roboflow.ai</database>
	</source>
	<size>
		<width>416</width>
		<height>416</height>
		<depth>3</depth>
	</size>
	<segmented>0</segmented>
	<object>
		<name>auto</name>
		<pose>Unspecified</pose>
		<truncated>0</truncated>
		<difficult>0</difficult>
		<occluded>0</occluded>
		<bndbox>
			<xmin>0</xmin>
			<xmax>181</xmax>
			<ymin>160</ymin>
			<ymax>343</ymax>
		</bndbox>
	</object>
	<object>
		<name>auto</name>
		<pose>Unspecified</pose>
		<truncated>0</truncated>
		<difficult>0</difficult>
		<occluded>0</occluded>
		<bndbox>
			<xmin>168</xmin>
			<xmax>275</xmax>
			<ymin>158</ymin>
			<ymax>331</ymax>
		</bndbox>
	</object>
	<object>
		<name>auto</name>
		<pose>Unspecified</pose>
		<truncated>0</truncated>
		<difficult>0</difficult>
		<occluded>0</occluded>
		<bndbox>
			<xmin>293</xmin>
			<xmax>400</xmax>
			<ymin>150</ymin>
			<ymax>334</ymax>
		</bndbox>
	</object>
</annotation>
