<annotation>
	<folder></folder>
	<filename>frame_2028_jpg.rf.6b940c27815af66dd8d6f4bc5c8afc91.jpg</filename>
	<path>frame_2028_jpg.rf.6b940c27815af66dd8d6f4bc5c8afc91.jpg</path>
	<source>
		<database>roboflow.ai</database>
	</source>
	<size>
		<width>416</width>
		<height>416</height>
		<depth>3</depth>
	</size>
	<segmented>0</segmented>
	<object>
		<name>auto</name>
		<pose>Unspecified</pose>
		<truncated>0</truncated>
		<difficult>0</difficult>
		<occluded>0</occluded>
		<bndbox>
			<xmin>0</xmin>
			<xmax>287</xmax>
			<ymin>132</ymin>
			<ymax>408</ymax>
		</bndbox>
	</object>
</annotation>
