<annotation>
	<folder></folder>
	<filename>frame_1422_jpg.rf.2aa68916e14eedfaac4f7b4d07b84702.jpg</filename>
	<path>frame_1422_jpg.rf.2aa68916e14eedfaac4f7b4d07b84702.jpg</path>
	<source>
		<database>roboflow.ai</database>
	</source>
	<size>
		<width>416</width>
		<height>416</height>
		<depth>3</depth>
	</size>
	<segmented>0</segmented>
	<object>
		<name>auto</name>
		<pose>Unspecified</pose>
		<truncated>0</truncated>
		<difficult>0</difficult>
		<occluded>0</occluded>
		<bndbox>
			<xmin>23</xmin>
			<xmax>97</xmax>
			<ymin>208</ymin>
			<ymax>290</ymax>
		</bndbox>
	</object>
	<object>
		<name>auto</name>
		<pose>Unspecified</pose>
		<truncated>0</truncated>
		<difficult>0</difficult>
		<occluded>0</occluded>
		<bndbox>
			<xmin>313</xmin>
			<xmax>365</xmax>
			<ymin>127</ymin>
			<ymax>201</ymax>
		</bndbox>
	</object>
	<object>
		<name>bus</name>
		<pose>Unspecified</pose>
		<truncated>0</truncated>
		<difficult>0</difficult>
		<occluded>0</occluded>
		<bndbox>
			<xmin>349</xmin>
			<xmax>416</xmax>
			<ymin>54</ymin>
			<ymax>174</ymax>
		</bndbox>
	</object>
</annotation>
