<annotation>
	<folder></folder>
	<filename>frame_2029_jpg.rf.cf0227f77da9bef7c9805e3099229109.jpg</filename>
	<path>frame_2029_jpg.rf.cf0227f77da9bef7c9805e3099229109.jpg</path>
	<source>
		<database>roboflow.ai</database>
	</source>
	<size>
		<width>416</width>
		<height>416</height>
		<depth>3</depth>
	</size>
	<segmented>0</segmented>
	<object>
		<name>auto</name>
		<pose>Unspecified</pose>
		<truncated>0</truncated>
		<difficult>0</difficult>
		<occluded>0</occluded>
		<bndbox>
			<xmin>76</xmin>
			<xmax>368</xmax>
			<ymin>19</ymin>
			<ymax>401</ymax>
		</bndbox>
	</object>
	<object>
		<name>motorbike</name>
		<pose>Unspecified</pose>
		<truncated>0</truncated>
		<difficult>0</difficult>
		<occluded>0</occluded>
		<bndbox>
			<xmin>355</xmin>
			<xmax>407</xmax>
			<ymin>129</ymin>
			<ymax>241</ymax>
		</bndbox>
	</object>
</annotation>
