<annotation>
	<folder></folder>
	<filename>frame_2039_jpg.rf.f99516c4f037685350115031b756e871.jpg</filename>
	<path>frame_2039_jpg.rf.f99516c4f037685350115031b756e871.jpg</path>
	<source>
		<database>roboflow.ai</database>
	</source>
	<size>
		<width>416</width>
		<height>416</height>
		<depth>3</depth>
	</size>
	<segmented>0</segmented>
	<object>
		<name>auto</name>
		<pose>Unspecified</pose>
		<truncated>0</truncated>
		<difficult>0</difficult>
		<occluded>0</occluded>
		<bndbox>
			<xmin>122</xmin>
			<xmax>332</xmax>
			<ymin>103</ymin>
			<ymax>395</ymax>
		</bndbox>
	</object>
	<object>
		<name>motorbike</name>
		<pose>Unspecified</pose>
		<truncated>0</truncated>
		<difficult>0</difficult>
		<occluded>0</occluded>
		<bndbox>
			<xmin>70</xmin>
			<xmax>146</xmax>
			<ymin>169</ymin>
			<ymax>300</ymax>
		</bndbox>
	</object>
	<object>
		<name>bicycle</name>
		<pose>Unspecified</pose>
		<truncated>0</truncated>
		<difficult>0</difficult>
		<occluded>0</occluded>
		<bndbox>
			<xmin>317</xmin>
			<xmax>416</xmax>
			<ymin>211</ymin>
			<ymax>415</ymax>
		</bndbox>
	</object>
</annotation>
