<annotation>
	<folder></folder>
	<filename>frame_1995_jpg.rf.076d56554e5f7ddb742b650919278ee1.jpg</filename>
	<path>frame_1995_jpg.rf.076d56554e5f7ddb742b650919278ee1.jpg</path>
	<source>
		<database>roboflow.ai</database>
	</source>
	<size>
		<width>416</width>
		<height>416</height>
		<depth>3</depth>
	</size>
	<segmented>0</segmented>
	<object>
		<name>auto</name>
		<pose>Unspecified</pose>
		<truncated>0</truncated>
		<difficult>0</difficult>
		<occluded>0</occluded>
		<bndbox>
			<xmin>25</xmin>
			<xmax>76</xmax>
			<ymin>151</ymin>
			<ymax>251</ymax>
		</bndbox>
	</object>
	<object>
		<name>auto</name>
		<pose>Unspecified</pose>
		<truncated>0</truncated>
		<difficult>0</difficult>
		<occluded>0</occluded>
		<bndbox>
			<xmin>121</xmin>
			<xmax>172</xmax>
			<ymin>125</ymin>
			<ymax>220</ymax>
		</bndbox>
	</object>
	<object>
		<name>bus</name>
		<pose>Unspecified</pose>
		<truncated>0</truncated>
		<difficult>0</difficult>
		<occluded>0</occluded>
		<bndbox>
			<xmin>151</xmin>
			<xmax>351</xmax>
			<ymin>5</ymin>
			<ymax>344</ymax>
		</bndbox>
	</object>
</annotation>
