<annotation>
	<folder></folder>
	<filename>frame_1422_jpg.rf.6d0161e6d6564262e0243c324465c4f3.jpg</filename>
	<path>frame_1422_jpg.rf.6d0161e6d6564262e0243c324465c4f3.jpg</path>
	<source>
		<database>roboflow.ai</database>
	</source>
	<size>
		<width>416</width>
		<height>416</height>
		<depth>3</depth>
	</size>
	<segmented>0</segmented>
	<object>
		<name>auto</name>
		<pose>Unspecified</pose>
		<truncated>0</truncated>
		<difficult>0</difficult>
		<occluded>0</occluded>
		<bndbox>
			<xmin>318</xmin>
			<xmax>395</xmax>
			<ymin>213</ymin>
			<ymax>296</ymax>
		</bndbox>
	</object>
	<object>
		<name>auto</name>
		<pose>Unspecified</pose>
		<truncated>0</truncated>
		<difficult>0</difficult>
		<occluded>0</occluded>
		<bndbox>
			<xmin>51</xmin>
			<xmax>106</xmax>
			<ymin>122</ymin>
			<ymax>196</ymax>
		</bndbox>
	</object>
	<object>
		<name>bus</name>
		<pose>Unspecified</pose>
		<truncated>0</truncated>
		<difficult>0</difficult>
		<occluded>0</occluded>
		<bndbox>
			<xmin>4</xmin>
			<xmax>79</xmax>
			<ymin>51</ymin>
			<ymax>167</ymax>
		</bndbox>
	</object>
</annotation>
