<annotation>
	<folder></folder>
	<filename>frame_1947_jpg.rf.d38321a87c486239d94bc8dbe6db9975.jpg</filename>
	<path>frame_1947_jpg.rf.d38321a87c486239d94bc8dbe6db9975.jpg</path>
	<source>
		<database>roboflow.ai</database>
	</source>
	<size>
		<width>416</width>
		<height>416</height>
		<depth>3</depth>
	</size>
	<segmented>0</segmented>
	<object>
		<name>auto</name>
		<pose>Unspecified</pose>
		<truncated>0</truncated>
		<difficult>0</difficult>
		<occluded>0</occluded>
		<bndbox>
			<xmin>39</xmin>
			<xmax>415</xmax>
			<ymin>127</ymin>
			<ymax>412</ymax>
		</bndbox>
	</object>
</annotation>
