<annotation>
	<folder></folder>
	<filename>frame_1992_jpg.rf.0bebdd9cdc63e65223fb97c9288d6065.jpg</filename>
	<path>frame_1992_jpg.rf.0bebdd9cdc63e65223fb97c9288d6065.jpg</path>
	<source>
		<database>roboflow.ai</database>
	</source>
	<size>
		<width>416</width>
		<height>416</height>
		<depth>3</depth>
	</size>
	<segmented>0</segmented>
	<object>
		<name>auto</name>
		<pose>Unspecified</pose>
		<truncated>0</truncated>
		<difficult>0</difficult>
		<occluded>0</occluded>
		<bndbox>
			<xmin>239</xmin>
			<xmax>415</xmax>
			<ymin>27</ymin>
			<ymax>286</ymax>
		</bndbox>
	</object>
	<object>
		<name>van</name>
		<pose>Unspecified</pose>
		<truncated>0</truncated>
		<difficult>0</difficult>
		<occluded>0</occluded>
		<bndbox>
			<xmin>79</xmin>
			<xmax>213</xmax>
			<ymin>102</ymin>
			<ymax>236</ymax>
		</bndbox>
	</object>
</annotation>
