<annotation>
	<folder></folder>
	<filename>frame_2021_jpg.rf.971ff11dc4af2ddf10628242e184c5c1.jpg</filename>
	<path>frame_2021_jpg.rf.971ff11dc4af2ddf10628242e184c5c1.jpg</path>
	<source>
		<database>roboflow.ai</database>
	</source>
	<size>
		<width>416</width>
		<height>416</height>
		<depth>3</depth>
	</size>
	<segmented>0</segmented>
	<object>
		<name>auto</name>
		<pose>Unspecified</pose>
		<truncated>0</truncated>
		<difficult>0</difficult>
		<occluded>0</occluded>
		<bndbox>
			<xmin>42</xmin>
			<xmax>326</xmax>
			<ymin>145</ymin>
			<ymax>403</ymax>
		</bndbox>
	</object>
</annotation>
