<annotation>
	<folder></folder>
	<filename>frame_2023_jpg.rf.ff0de595c7554cb4619f256606c0f03c.jpg</filename>
	<path>frame_2023_jpg.rf.ff0de595c7554cb4619f256606c0f03c.jpg</path>
	<source>
		<database>roboflow.ai</database>
	</source>
	<size>
		<width>416</width>
		<height>416</height>
		<depth>3</depth>
	</size>
	<segmented>0</segmented>
	<object>
		<name>auto</name>
		<pose>Unspecified</pose>
		<truncated>0</truncated>
		<difficult>0</difficult>
		<occluded>0</occluded>
		<bndbox>
			<xmin>22</xmin>
			<xmax>395</xmax>
			<ymin>72</ymin>
			<ymax>415</ymax>
		</bndbox>
	</object>
</annotation>
