<annotation>
	<folder></folder>
	<filename>frame_1965_jpg.rf.ab17b2a0a95adc5f9afcf9f62c5425e3.jpg</filename>
	<path>frame_1965_jpg.rf.ab17b2a0a95adc5f9afcf9f62c5425e3.jpg</path>
	<source>
		<database>roboflow.ai</database>
	</source>
	<size>
		<width>416</width>
		<height>416</height>
		<depth>3</depth>
	</size>
	<segmented>0</segmented>
	<object>
		<name>auto</name>
		<pose>Unspecified</pose>
		<truncated>0</truncated>
		<difficult>0</difficult>
		<occluded>0</occluded>
		<bndbox>
			<xmin>174</xmin>
			<xmax>386</xmax>
			<ymin>73</ymin>
			<ymax>415</ymax>
		</bndbox>
	</object>
</annotation>
