<annotation>
	<folder></folder>
	<filename>frame_2030_jpg.rf.18e76bf1ad0acba3590d7beac75d00bd.jpg</filename>
	<path>frame_2030_jpg.rf.18e76bf1ad0acba3590d7beac75d00bd.jpg</path>
	<source>
		<database>roboflow.ai</database>
	</source>
	<size>
		<width>416</width>
		<height>416</height>
		<depth>3</depth>
	</size>
	<segmented>0</segmented>
	<object>
		<name>auto</name>
		<pose>Unspecified</pose>
		<truncated>0</truncated>
		<difficult>0</difficult>
		<occluded>0</occluded>
		<bndbox>
			<xmin>107</xmin>
			<xmax>415</xmax>
			<ymin>118</ymin>
			<ymax>415</ymax>
		</bndbox>
	</object>
</annotation>
