<annotation>
	<folder></folder>
	<filename>frame_1996_jpg.rf.e0d98e2594952030555fdc5860119ebd.jpg</filename>
	<path>frame_1996_jpg.rf.e0d98e2594952030555fdc5860119ebd.jpg</path>
	<source>
		<database>roboflow.ai</database>
	</source>
	<size>
		<width>416</width>
		<height>416</height>
		<depth>3</depth>
	</size>
	<segmented>0</segmented>
	<object>
		<name>motorbike</name>
		<pose>Unspecified</pose>
		<truncated>0</truncated>
		<difficult>0</difficult>
		<occluded>0</occluded>
		<bndbox>
			<xmin>190</xmin>
			<xmax>219</xmax>
			<ymin>251</ymin>
			<ymax>290</ymax>
		</bndbox>
	</object>
	<object>
		<name>motorbike</name>
		<pose>Unspecified</pose>
		<truncated>0</truncated>
		<difficult>0</difficult>
		<occluded>0</occluded>
		<bndbox>
			<xmin>275</xmin>
			<xmax>305</xmax>
			<ymin>233</ymin>
			<ymax>296</ymax>
		</bndbox>
	</object>
	<object>
		<name>auto</name>
		<pose>Unspecified</pose>
		<truncated>0</truncated>
		<difficult>0</difficult>
		<occluded>0</occluded>
		<bndbox>
			<xmin>305</xmin>
			<xmax>339</xmax>
			<ymin>223</ymin>
			<ymax>269</ymax>
		</bndbox>
	</object>
</annotation>
