<annotation>
	<folder></folder>
	<filename>frame_2030_jpg.rf.f4921ac6409fbc31281fe3f9da57150b.jpg</filename>
	<path>frame_2030_jpg.rf.f4921ac6409fbc31281fe3f9da57150b.jpg</path>
	<source>
		<database>roboflow.ai</database>
	</source>
	<size>
		<width>416</width>
		<height>416</height>
		<depth>3</depth>
	</size>
	<segmented>0</segmented>
	<object>
		<name>auto</name>
		<pose>Unspecified</pose>
		<truncated>0</truncated>
		<difficult>0</difficult>
		<occluded>0</occluded>
		<bndbox>
			<xmin>0</xmin>
			<xmax>313</xmax>
			<ymin>135</ymin>
			<ymax>415</ymax>
		</bndbox>
	</object>
</annotation>
