<annotation>
	<folder></folder>
	<filename>frame_2006_jpg.rf.9883695990c512042e15c21f8bebfe9c.jpg</filename>
	<path>frame_2006_jpg.rf.9883695990c512042e15c21f8bebfe9c.jpg</path>
	<source>
		<database>roboflow.ai</database>
	</source>
	<size>
		<width>416</width>
		<height>416</height>
		<depth>3</depth>
	</size>
	<segmented>0</segmented>
	<object>
		<name>auto</name>
		<pose>Unspecified</pose>
		<truncated>0</truncated>
		<difficult>0</difficult>
		<occluded>0</occluded>
		<bndbox>
			<xmin>54</xmin>
			<xmax>205</xmax>
			<ymin>205</ymin>
			<ymax>415</ymax>
		</bndbox>
	</object>
	<object>
		<name>car</name>
		<pose>Unspecified</pose>
		<truncated>0</truncated>
		<difficult>0</difficult>
		<occluded>0</occluded>
		<bndbox>
			<xmin>237</xmin>
			<xmax>397</xmax>
			<ymin>131</ymin>
			<ymax>325</ymax>
		</bndbox>
	</object>
	<object>
		<name>riksha</name>
		<pose>Unspecified</pose>
		<truncated>0</truncated>
		<difficult>0</difficult>
		<occluded>0</occluded>
		<bndbox>
			<xmin>337</xmin>
			<xmax>415</xmax>
			<ymin>88</ymin>
			<ymax>242</ymax>
		</bndbox>
	</object>
</annotation>
