<annotation>
	<folder></folder>
	<filename>frame_1422_jpg.rf.1c4d3160daea648f8b8d4bb7d45d9c2f.jpg</filename>
	<path>frame_1422_jpg.rf.1c4d3160daea648f8b8d4bb7d45d9c2f.jpg</path>
	<source>
		<database>roboflow.ai</database>
	</source>
	<size>
		<width>416</width>
		<height>416</height>
		<depth>3</depth>
	</size>
	<segmented>0</segmented>
	<object>
		<name>auto</name>
		<pose>Unspecified</pose>
		<truncated>0</truncated>
		<difficult>0</difficult>
		<occluded>0</occluded>
		<bndbox>
			<xmin>35</xmin>
			<xmax>110</xmax>
			<ymin>138</ymin>
			<ymax>211</ymax>
		</bndbox>
	</object>
	<object>
		<name>auto</name>
		<pose>Unspecified</pose>
		<truncated>0</truncated>
		<difficult>0</difficult>
		<occluded>0</occluded>
		<bndbox>
			<xmin>304</xmin>
			<xmax>357</xmax>
			<ymin>196</ymin>
			<ymax>261</ymax>
		</bndbox>
	</object>
	<object>
		<name>bus</name>
		<pose>Unspecified</pose>
		<truncated>0</truncated>
		<difficult>0</difficult>
		<occluded>0</occluded>
		<bndbox>
			<xmin>347</xmin>
			<xmax>415</xmax>
			<ymin>146</ymin>
			<ymax>250</ymax>
		</bndbox>
	</object>
</annotation>
