<annotation>
	<folder></folder>
	<filename>frame_1421_jpg.rf.06302f13772f5849b265ff7baa24300b.jpg</filename>
	<path>frame_1421_jpg.rf.06302f13772f5849b265ff7baa24300b.jpg</path>
	<source>
		<database>roboflow.ai</database>
	</source>
	<size>
		<width>416</width>
		<height>416</height>
		<depth>3</depth>
	</size>
	<segmented>0</segmented>
	<object>
		<name>auto</name>
		<pose>Unspecified</pose>
		<truncated>0</truncated>
		<difficult>0</difficult>
		<occluded>0</occluded>
		<bndbox>
			<xmin>200</xmin>
			<xmax>415</xmax>
			<ymin>231</ymin>
			<ymax>415</ymax>
		</bndbox>
	</object>
	<object>
		<name>auto</name>
		<pose>Unspecified</pose>
		<truncated>0</truncated>
		<difficult>0</difficult>
		<occluded>0</occluded>
		<bndbox>
			<xmin>0</xmin>
			<xmax>143</xmax>
			<ymin>162</ymin>
			<ymax>379</ymax>
		</bndbox>
	</object>
</annotation>
