<annotation>
	<folder></folder>
	<filename>frame_2013_jpg.rf.7f823497f84d8abf179a746b1424e072.jpg</filename>
	<path>frame_2013_jpg.rf.7f823497f84d8abf179a746b1424e072.jpg</path>
	<source>
		<database>roboflow.ai</database>
	</source>
	<size>
		<width>416</width>
		<height>416</height>
		<depth>3</depth>
	</size>
	<segmented>0</segmented>
	<object>
		<name>auto</name>
		<pose>Unspecified</pose>
		<truncated>0</truncated>
		<difficult>0</difficult>
		<occluded>0</occluded>
		<bndbox>
			<xmin>6</xmin>
			<xmax>135</xmax>
			<ymin>114</ymin>
			<ymax>402</ymax>
		</bndbox>
	</object>
	<object>
		<name>auto</name>
		<pose>Unspecified</pose>
		<truncated>0</truncated>
		<difficult>0</difficult>
		<occluded>0</occluded>
		<bndbox>
			<xmin>141</xmin>
			<xmax>270</xmax>
			<ymin>127</ymin>
			<ymax>415</ymax>
		</bndbox>
	</object>
	<object>
		<name>auto</name>
		<pose>Unspecified</pose>
		<truncated>0</truncated>
		<difficult>0</difficult>
		<occluded>0</occluded>
		<bndbox>
			<xmin>288</xmin>
			<xmax>415</xmax>
			<ymin>160</ymin>
			<ymax>415</ymax>
		</bndbox>
	</object>
</annotation>
