<annotation>
	<folder></folder>
	<filename>frame_1421_jpg.rf.53001c07388c20343e27b1b76fdc1b06.jpg</filename>
	<path>frame_1421_jpg.rf.53001c07388c20343e27b1b76fdc1b06.jpg</path>
	<source>
		<database>roboflow.ai</database>
	</source>
	<size>
		<width>416</width>
		<height>416</height>
		<depth>3</depth>
	</size>
	<segmented>0</segmented>
	<object>
		<name>auto</name>
		<pose>Unspecified</pose>
		<truncated>0</truncated>
		<difficult>0</difficult>
		<occluded>0</occluded>
		<bndbox>
			<xmin>204</xmin>
			<xmax>415</xmax>
			<ymin>231</ymin>
			<ymax>416</ymax>
		</bndbox>
	</object>
	<object>
		<name>auto</name>
		<pose>Unspecified</pose>
		<truncated>0</truncated>
		<difficult>0</difficult>
		<occluded>0</occluded>
		<bndbox>
			<xmin>2</xmin>
			<xmax>150</xmax>
			<ymin>182</ymin>
			<ymax>384</ymax>
		</bndbox>
	</object>
</annotation>
