<annotation>
	<folder></folder>
	<filename>frame_2030_jpg.rf.84af292a48eed3ea3d53f3cb6c0343d4.jpg</filename>
	<path>frame_2030_jpg.rf.84af292a48eed3ea3d53f3cb6c0343d4.jpg</path>
	<source>
		<database>roboflow.ai</database>
	</source>
	<size>
		<width>416</width>
		<height>416</height>
		<depth>3</depth>
	</size>
	<segmented>0</segmented>
	<object>
		<name>auto</name>
		<pose>Unspecified</pose>
		<truncated>0</truncated>
		<difficult>0</difficult>
		<occluded>0</occluded>
		<bndbox>
			<xmin>0</xmin>
			<xmax>303</xmax>
			<ymin>121</ymin>
			<ymax>407</ymax>
		</bndbox>
	</object>
</annotation>
