<annotation>
	<folder></folder>
	<filename>frame_1996_jpg.rf.f7bedf3505a5f69fbfca7acbcb4f15bb.jpg</filename>
	<path>frame_1996_jpg.rf.f7bedf3505a5f69fbfca7acbcb4f15bb.jpg</path>
	<source>
		<database>roboflow.ai</database>
	</source>
	<size>
		<width>416</width>
		<height>416</height>
		<depth>3</depth>
	</size>
	<segmented>0</segmented>
	<object>
		<name>motorbike</name>
		<pose>Unspecified</pose>
		<truncated>0</truncated>
		<difficult>0</difficult>
		<occluded>0</occluded>
		<bndbox>
			<xmin>183</xmin>
			<xmax>219</xmax>
			<ymin>243</ymin>
			<ymax>289</ymax>
		</bndbox>
	</object>
	<object>
		<name>motorbike</name>
		<pose>Unspecified</pose>
		<truncated>0</truncated>
		<difficult>0</difficult>
		<occluded>0</occluded>
		<bndbox>
			<xmin>264</xmin>
			<xmax>307</xmax>
			<ymin>267</ymin>
			<ymax>336</ymax>
		</bndbox>
	</object>
	<object>
		<name>auto</name>
		<pose>Unspecified</pose>
		<truncated>0</truncated>
		<difficult>0</difficult>
		<occluded>0</occluded>
		<bndbox>
			<xmin>296</xmin>
			<xmax>340</xmax>
			<ymin>273</ymin>
			<ymax>326</ymax>
		</bndbox>
	</object>
</annotation>
