<annotation>
	<folder></folder>
	<filename>frame_2033_jpg.rf.d2863f9225227ee8ba0ac6dedcb41223.jpg</filename>
	<path>frame_2033_jpg.rf.d2863f9225227ee8ba0ac6dedcb41223.jpg</path>
	<source>
		<database>roboflow.ai</database>
	</source>
	<size>
		<width>416</width>
		<height>416</height>
		<depth>3</depth>
	</size>
	<segmented>0</segmented>
	<object>
		<name>auto</name>
		<pose>Unspecified</pose>
		<truncated>0</truncated>
		<difficult>0</difficult>
		<occluded>0</occluded>
		<bndbox>
			<xmin>158</xmin>
			<xmax>304</xmax>
			<ymin>146</ymin>
			<ymax>339</ymax>
		</bndbox>
	</object>
</annotation>
