<annotation>
	<folder></folder>
	<filename>frame_1951_jpg.rf.9e636a9836d9697de6685557c74407c4.jpg</filename>
	<path>frame_1951_jpg.rf.9e636a9836d9697de6685557c74407c4.jpg</path>
	<source>
		<database>roboflow.ai</database>
	</source>
	<size>
		<width>416</width>
		<height>416</height>
		<depth>3</depth>
	</size>
	<segmented>0</segmented>
	<object>
		<name>auto</name>
		<pose>Unspecified</pose>
		<truncated>0</truncated>
		<difficult>0</difficult>
		<occluded>0</occluded>
		<bndbox>
			<xmin>35</xmin>
			<xmax>367</xmax>
			<ymin>13</ymin>
			<ymax>415</ymax>
		</bndbox>
	</object>
</annotation>
