<annotation>
	<folder></folder>
	<filename>frame_1951_jpg.rf.5e1b910c0498fed88611dbd8ae1643a6.jpg</filename>
	<path>frame_1951_jpg.rf.5e1b910c0498fed88611dbd8ae1643a6.jpg</path>
	<source>
		<database>roboflow.ai</database>
	</source>
	<size>
		<width>416</width>
		<height>416</height>
		<depth>3</depth>
	</size>
	<segmented>0</segmented>
	<object>
		<name>auto</name>
		<pose>Unspecified</pose>
		<truncated>0</truncated>
		<difficult>0</difficult>
		<occluded>0</occluded>
		<bndbox>
			<xmin>25</xmin>
			<xmax>373</xmax>
			<ymin>9</ymin>
			<ymax>411</ymax>
		</bndbox>
	</object>
</annotation>
