<annotation>
	<folder></folder>
	<filename>frame_1937_jpg.rf.75e1c4fe469f01a4efe58f6777c9641c.jpg</filename>
	<path>frame_1937_jpg.rf.75e1c4fe469f01a4efe58f6777c9641c.jpg</path>
	<source>
		<database>roboflow.ai</database>
	</source>
	<size>
		<width>416</width>
		<height>416</height>
		<depth>3</depth>
	</size>
	<segmented>0</segmented>
	<object>
		<name>motorbike</name>
		<pose>Unspecified</pose>
		<truncated>0</truncated>
		<difficult>0</difficult>
		<occluded>0</occluded>
		<bndbox>
			<xmin>60</xmin>
			<xmax>103</xmax>
			<ymin>169</ymin>
			<ymax>355</ymax>
		</bndbox>
	</object>
	<object>
		<name>auto</name>
		<pose>Unspecified</pose>
		<truncated>0</truncated>
		<difficult>0</difficult>
		<occluded>0</occluded>
		<bndbox>
			<xmin>106</xmin>
			<xmax>296</xmax>
			<ymin>25</ymin>
			<ymax>415</ymax>
		</bndbox>
	</object>
</annotation>
