<annotation>
	<folder></folder>
	<filename>frame_1982_jpg.rf.b5a33e7e7841972e6eec25895c1f9569.jpg</filename>
	<path>frame_1982_jpg.rf.b5a33e7e7841972e6eec25895c1f9569.jpg</path>
	<source>
		<database>roboflow.ai</database>
	</source>
	<size>
		<width>416</width>
		<height>416</height>
		<depth>3</depth>
	</size>
	<segmented>0</segmented>
	<object>
		<name>motorbike</name>
		<pose>Unspecified</pose>
		<truncated>0</truncated>
		<difficult>0</difficult>
		<occluded>0</occluded>
		<bndbox>
			<xmin>279</xmin>
			<xmax>334</xmax>
			<ymin>211</ymin>
			<ymax>353</ymax>
		</bndbox>
	</object>
	<object>
		<name>auto</name>
		<pose>Unspecified</pose>
		<truncated>0</truncated>
		<difficult>0</difficult>
		<occluded>0</occluded>
		<bndbox>
			<xmin>141</xmin>
			<xmax>253</xmax>
			<ymin>182</ymin>
			<ymax>374</ymax>
		</bndbox>
	</object>
</annotation>
