<annotation>
	<folder></folder>
	<filename>frame_2006_jpg.rf.4edd0581b2c6ba1c1fa037664a42a4d7.jpg</filename>
	<path>frame_2006_jpg.rf.4edd0581b2c6ba1c1fa037664a42a4d7.jpg</path>
	<source>
		<database>roboflow.ai</database>
	</source>
	<size>
		<width>416</width>
		<height>416</height>
		<depth>3</depth>
	</size>
	<segmented>0</segmented>
	<object>
		<name>auto</name>
		<pose>Unspecified</pose>
		<truncated>0</truncated>
		<difficult>0</difficult>
		<occluded>0</occluded>
		<bndbox>
			<xmin>43</xmin>
			<xmax>200</xmax>
			<ymin>204</ymin>
			<ymax>415</ymax>
		</bndbox>
	</object>
	<object>
		<name>car</name>
		<pose>Unspecified</pose>
		<truncated>0</truncated>
		<difficult>0</difficult>
		<occluded>0</occluded>
		<bndbox>
			<xmin>230</xmin>
			<xmax>397</xmax>
			<ymin>129</ymin>
			<ymax>326</ymax>
		</bndbox>
	</object>
	<object>
		<name>riksha</name>
		<pose>Unspecified</pose>
		<truncated>0</truncated>
		<difficult>0</difficult>
		<occluded>0</occluded>
		<bndbox>
			<xmin>336</xmin>
			<xmax>415</xmax>
			<ymin>85</ymin>
			<ymax>242</ymax>
		</bndbox>
	</object>
</annotation>
