<annotation>
	<folder></folder>
	<filename>frame_1421_jpg.rf.b0730d073b41f22e6273582adb6dfc1d.jpg</filename>
	<path>frame_1421_jpg.rf.b0730d073b41f22e6273582adb6dfc1d.jpg</path>
	<source>
		<database>roboflow.ai</database>
	</source>
	<size>
		<width>416</width>
		<height>416</height>
		<depth>3</depth>
	</size>
	<segmented>0</segmented>
	<object>
		<name>auto</name>
		<pose>Unspecified</pose>
		<truncated>0</truncated>
		<difficult>0</difficult>
		<occluded>0</occluded>
		<bndbox>
			<xmin>3</xmin>
			<xmax>203</xmax>
			<ymin>188</ymin>
			<ymax>407</ymax>
		</bndbox>
	</object>
	<object>
		<name>auto</name>
		<pose>Unspecified</pose>
		<truncated>0</truncated>
		<difficult>0</difficult>
		<occluded>0</occluded>
		<bndbox>
			<xmin>280</xmin>
			<xmax>415</xmax>
			<ymin>235</ymin>
			<ymax>415</ymax>
		</bndbox>
	</object>
</annotation>
