<annotation>
	<folder></folder>
	<filename>frame_1985_jpg.rf.9c99b5158b84b9942416863868637c45.jpg</filename>
	<path>frame_1985_jpg.rf.9c99b5158b84b9942416863868637c45.jpg</path>
	<source>
		<database>roboflow.ai</database>
	</source>
	<size>
		<width>416</width>
		<height>416</height>
		<depth>3</depth>
	</size>
	<segmented>0</segmented>
	<object>
		<name>auto</name>
		<pose>Unspecified</pose>
		<truncated>0</truncated>
		<difficult>0</difficult>
		<occluded>0</occluded>
		<bndbox>
			<xmin>204</xmin>
			<xmax>400</xmax>
			<ymin>54</ymin>
			<ymax>405</ymax>
		</bndbox>
	</object>
</annotation>
