<annotation>
	<folder></folder>
	<filename>frame_1994_jpg.rf.27921ee0feff1af58fcadd05071ea91e.jpg</filename>
	<path>frame_1994_jpg.rf.27921ee0feff1af58fcadd05071ea91e.jpg</path>
	<source>
		<database>roboflow.ai</database>
	</source>
	<size>
		<width>416</width>
		<height>416</height>
		<depth>3</depth>
	</size>
	<segmented>0</segmented>
	<object>
		<name>auto</name>
		<pose>Unspecified</pose>
		<truncated>0</truncated>
		<difficult>0</difficult>
		<occluded>0</occluded>
		<bndbox>
			<xmin>0</xmin>
			<xmax>222</xmax>
			<ymin>0</ymin>
			<ymax>382</ymax>
		</bndbox>
	</object>
	<object>
		<name>auto</name>
		<pose>Unspecified</pose>
		<truncated>0</truncated>
		<difficult>0</difficult>
		<occluded>0</occluded>
		<bndbox>
			<xmin>174</xmin>
			<xmax>315</xmax>
			<ymin>31</ymin>
			<ymax>328</ymax>
		</bndbox>
	</object>
	<object>
		<name>auto</name>
		<pose>Unspecified</pose>
		<truncated>0</truncated>
		<difficult>0</difficult>
		<occluded>0</occluded>
		<bndbox>
			<xmin>302</xmin>
			<xmax>395</xmax>
			<ymin>77</ymin>
			<ymax>276</ymax>
		</bndbox>
	</object>
</annotation>
