<annotation>
	<folder></folder>
	<filename>frame_1976_jpg.rf.966f1862fa8c15d4ea66d19b3856bb11.jpg</filename>
	<path>frame_1976_jpg.rf.966f1862fa8c15d4ea66d19b3856bb11.jpg</path>
	<source>
		<database>roboflow.ai</database>
	</source>
	<size>
		<width>416</width>
		<height>416</height>
		<depth>3</depth>
	</size>
	<segmented>0</segmented>
	<object>
		<name>auto</name>
		<pose>Unspecified</pose>
		<truncated>0</truncated>
		<difficult>0</difficult>
		<occluded>0</occluded>
		<bndbox>
			<xmin>5</xmin>
			<xmax>389</xmax>
			<ymin>22</ymin>
			<ymax>385</ymax>
		</bndbox>
	</object>
</annotation>
