<annotation>
	<folder></folder>
	<filename>frame_1992_jpg.rf.e71bc557aae608f7b81f82b00e3b6792.jpg</filename>
	<path>frame_1992_jpg.rf.e71bc557aae608f7b81f82b00e3b6792.jpg</path>
	<source>
		<database>roboflow.ai</database>
	</source>
	<size>
		<width>416</width>
		<height>416</height>
		<depth>3</depth>
	</size>
	<segmented>0</segmented>
	<object>
		<name>auto</name>
		<pose>Unspecified</pose>
		<truncated>0</truncated>
		<difficult>0</difficult>
		<occluded>0</occluded>
		<bndbox>
			<xmin>0</xmin>
			<xmax>178</xmax>
			<ymin>96</ymin>
			<ymax>335</ymax>
		</bndbox>
	</object>
	<object>
		<name>van</name>
		<pose>Unspecified</pose>
		<truncated>0</truncated>
		<difficult>0</difficult>
		<occluded>0</occluded>
		<bndbox>
			<xmin>208</xmin>
			<xmax>340</xmax>
			<ymin>76</ymin>
			<ymax>199</ymax>
		</bndbox>
	</object>
</annotation>
