<annotation>
	<folder></folder>
	<filename>frame_1991_jpg.rf.e877ba19c833a184e4b30d7d9d2506c6.jpg</filename>
	<path>frame_1991_jpg.rf.e877ba19c833a184e4b30d7d9d2506c6.jpg</path>
	<source>
		<database>roboflow.ai</database>
	</source>
	<size>
		<width>416</width>
		<height>416</height>
		<depth>3</depth>
	</size>
	<segmented>0</segmented>
	<object>
		<name>auto</name>
		<pose>Unspecified</pose>
		<truncated>0</truncated>
		<difficult>0</difficult>
		<occluded>0</occluded>
		<bndbox>
			<xmin>0</xmin>
			<xmax>231</xmax>
			<ymin>21</ymin>
			<ymax>415</ymax>
		</bndbox>
	</object>
</annotation>
