<annotation>
	<folder></folder>
	<filename>frame_1424_jpg.rf.d530a853cf60523ac3e36f1674c6e8bc.jpg</filename>
	<path>frame_1424_jpg.rf.d530a853cf60523ac3e36f1674c6e8bc.jpg</path>
	<source>
		<database>roboflow.ai</database>
	</source>
	<size>
		<width>416</width>
		<height>416</height>
		<depth>3</depth>
	</size>
	<segmented>0</segmented>
	<object>
		<name>auto</name>
		<pose>Unspecified</pose>
		<truncated>0</truncated>
		<difficult>0</difficult>
		<occluded>0</occluded>
		<bndbox>
			<xmin>339</xmin>
			<xmax>402</xmax>
			<ymin>220</ymin>
			<ymax>344</ymax>
		</bndbox>
	</object>
	<object>
		<name>auto</name>
		<pose>Unspecified</pose>
		<truncated>0</truncated>
		<difficult>0</difficult>
		<occluded>0</occluded>
		<bndbox>
			<xmin>213</xmin>
			<xmax>301</xmax>
			<ymin>234</ymin>
			<ymax>376</ymax>
		</bndbox>
	</object>
	<object>
		<name>auto</name>
		<pose>Unspecified</pose>
		<truncated>0</truncated>
		<difficult>0</difficult>
		<occluded>0</occluded>
		<bndbox>
			<xmin>12</xmin>
			<xmax>181</xmax>
			<ymin>249</ymin>
			<ymax>415</ymax>
		</bndbox>
	</object>
</annotation>
