<annotation>
	<folder></folder>
	<filename>frame_1930_jpg.rf.979080b3260f82ba12a77c95e379afe0.jpg</filename>
	<path>frame_1930_jpg.rf.979080b3260f82ba12a77c95e379afe0.jpg</path>
	<source>
		<database>roboflow.ai</database>
	</source>
	<size>
		<width>416</width>
		<height>416</height>
		<depth>3</depth>
	</size>
	<segmented>0</segmented>
	<object>
		<name>auto</name>
		<pose>Unspecified</pose>
		<truncated>0</truncated>
		<difficult>0</difficult>
		<occluded>0</occluded>
		<bndbox>
			<xmin>132</xmin>
			<xmax>194</xmax>
			<ymin>14</ymin>
			<ymax>105</ymax>
		</bndbox>
	</object>
</annotation>
