<annotation>
	<folder></folder>
	<filename>frame_1983_jpg.rf.d355f4317832899cc82d4b01ccee067b.jpg</filename>
	<path>frame_1983_jpg.rf.d355f4317832899cc82d4b01ccee067b.jpg</path>
	<source>
		<database>roboflow.ai</database>
	</source>
	<size>
		<width>416</width>
		<height>416</height>
		<depth>3</depth>
	</size>
	<segmented>0</segmented>
	<object>
		<name>auto</name>
		<pose>Unspecified</pose>
		<truncated>0</truncated>
		<difficult>0</difficult>
		<occluded>0</occluded>
		<bndbox>
			<xmin>98</xmin>
			<xmax>360</xmax>
			<ymin>76</ymin>
			<ymax>415</ymax>
		</bndbox>
	</object>
	<object>
		<name>auto</name>
		<pose>Unspecified</pose>
		<truncated>0</truncated>
		<difficult>0</difficult>
		<occluded>0</occluded>
		<bndbox>
			<xmin>31</xmin>
			<xmax>109</xmax>
			<ymin>210</ymin>
			<ymax>307</ymax>
		</bndbox>
	</object>
</annotation>
