<annotation>
	<folder></folder>
	<filename>frame_2041_jpg.rf.c8c0e68cb519ca2e34857c6dd92447ff.jpg</filename>
	<path>frame_2041_jpg.rf.c8c0e68cb519ca2e34857c6dd92447ff.jpg</path>
	<source>
		<database>roboflow.ai</database>
	</source>
	<size>
		<width>416</width>
		<height>416</height>
		<depth>3</depth>
	</size>
	<segmented>0</segmented>
	<object>
		<name>auto</name>
		<pose>Unspecified</pose>
		<truncated>0</truncated>
		<difficult>0</difficult>
		<occluded>0</occluded>
		<bndbox>
			<xmin>66</xmin>
			<xmax>387</xmax>
			<ymin>29</ymin>
			<ymax>415</ymax>
		</bndbox>
	</object>
</annotation>
