<annotation>
	<folder></folder>
	<filename>frame_1988_jpg.rf.3192d8e98a54128ab22ca1c766be8d66.jpg</filename>
	<path>frame_1988_jpg.rf.3192d8e98a54128ab22ca1c766be8d66.jpg</path>
	<source>
		<database>roboflow.ai</database>
	</source>
	<size>
		<width>416</width>
		<height>416</height>
		<depth>3</depth>
	</size>
	<segmented>0</segmented>
	<object>
		<name>auto</name>
		<pose>Unspecified</pose>
		<truncated>0</truncated>
		<difficult>0</difficult>
		<occluded>0</occluded>
		<bndbox>
			<xmin>36</xmin>
			<xmax>128</xmax>
			<ymin>200</ymin>
			<ymax>381</ymax>
		</bndbox>
	</object>
</annotation>
