<annotation>
	<folder></folder>
	<filename>frame_2033_jpg.rf.dbd06ec57f56273c796114cdd506f767.jpg</filename>
	<path>frame_2033_jpg.rf.dbd06ec57f56273c796114cdd506f767.jpg</path>
	<source>
		<database>roboflow.ai</database>
	</source>
	<size>
		<width>416</width>
		<height>416</height>
		<depth>3</depth>
	</size>
	<segmented>0</segmented>
	<object>
		<name>auto</name>
		<pose>Unspecified</pose>
		<truncated>0</truncated>
		<difficult>0</difficult>
		<occluded>0</occluded>
		<bndbox>
			<xmin>142</xmin>
			<xmax>348</xmax>
			<ymin>126</ymin>
			<ymax>364</ymax>
		</bndbox>
	</object>
</annotation>
