<annotation>
	<folder></folder>
	<filename>frame_2039_jpg.rf.568e5a39859a5d909635e4024d380739.jpg</filename>
	<path>frame_2039_jpg.rf.568e5a39859a5d909635e4024d380739.jpg</path>
	<source>
		<database>roboflow.ai</database>
	</source>
	<size>
		<width>416</width>
		<height>416</height>
		<depth>3</depth>
	</size>
	<segmented>0</segmented>
	<object>
		<name>auto</name>
		<pose>Unspecified</pose>
		<truncated>0</truncated>
		<difficult>0</difficult>
		<occluded>0</occluded>
		<bndbox>
			<xmin>132</xmin>
			<xmax>329</xmax>
			<ymin>102</ymin>
			<ymax>392</ymax>
		</bndbox>
	</object>
	<object>
		<name>motorbike</name>
		<pose>Unspecified</pose>
		<truncated>0</truncated>
		<difficult>0</difficult>
		<occluded>0</occluded>
		<bndbox>
			<xmin>79</xmin>
			<xmax>150</xmax>
			<ymin>192</ymin>
			<ymax>321</ymax>
		</bndbox>
	</object>
	<object>
		<name>bicycle</name>
		<pose>Unspecified</pose>
		<truncated>0</truncated>
		<difficult>0</difficult>
		<occluded>0</occluded>
		<bndbox>
			<xmin>325</xmin>
			<xmax>415</xmax>
			<ymin>179</ymin>
			<ymax>399</ymax>
		</bndbox>
	</object>
</annotation>
