<annotation>
	<folder></folder>
	<filename>frame_1992_jpg.rf.3c539ce45b27e988e59614c10909513a.jpg</filename>
	<path>frame_1992_jpg.rf.3c539ce45b27e988e59614c10909513a.jpg</path>
	<source>
		<database>roboflow.ai</database>
	</source>
	<size>
		<width>416</width>
		<height>416</height>
		<depth>3</depth>
	</size>
	<segmented>0</segmented>
	<object>
		<name>auto</name>
		<pose>Unspecified</pose>
		<truncated>0</truncated>
		<difficult>0</difficult>
		<occluded>0</occluded>
		<bndbox>
			<xmin>252</xmin>
			<xmax>411</xmax>
			<ymin>49</ymin>
			<ymax>290</ymax>
		</bndbox>
	</object>
	<object>
		<name>van</name>
		<pose>Unspecified</pose>
		<truncated>0</truncated>
		<difficult>0</difficult>
		<occluded>0</occluded>
		<bndbox>
			<xmin>87</xmin>
			<xmax>204</xmax>
			<ymin>99</ymin>
			<ymax>221</ymax>
		</bndbox>
	</object>
</annotation>
