<annotation>
	<folder></folder>
	<filename>frame_2026_jpg.rf.ccc23368fcc287566089879f1982d01f.jpg</filename>
	<path>frame_2026_jpg.rf.ccc23368fcc287566089879f1982d01f.jpg</path>
	<source>
		<database>roboflow.ai</database>
	</source>
	<size>
		<width>416</width>
		<height>416</height>
		<depth>3</depth>
	</size>
	<segmented>0</segmented>
	<object>
		<name>auto</name>
		<pose>Unspecified</pose>
		<truncated>0</truncated>
		<difficult>0</difficult>
		<occluded>0</occluded>
		<bndbox>
			<xmin>134</xmin>
			<xmax>395</xmax>
			<ymin>43</ymin>
			<ymax>394</ymax>
		</bndbox>
	</object>
</annotation>
