<annotation>
	<folder></folder>
	<filename>frame_1980_jpg.rf.428c6d43b739b178c3d04f82a83fb30d.jpg</filename>
	<path>frame_1980_jpg.rf.428c6d43b739b178c3d04f82a83fb30d.jpg</path>
	<source>
		<database>roboflow.ai</database>
	</source>
	<size>
		<width>416</width>
		<height>416</height>
		<depth>3</depth>
	</size>
	<segmented>0</segmented>
	<object>
		<name>auto</name>
		<pose>Unspecified</pose>
		<truncated>0</truncated>
		<difficult>0</difficult>
		<occluded>0</occluded>
		<bndbox>
			<xmin>54</xmin>
			<xmax>404</xmax>
			<ymin>54</ymin>
			<ymax>393</ymax>
		</bndbox>
	</object>
</annotation>
