<annotation>
	<folder></folder>
	<filename>frame_2025_jpg.rf.5ff5317a6aaeb06959dbd4f8f89d154d.jpg</filename>
	<path>frame_2025_jpg.rf.5ff5317a6aaeb06959dbd4f8f89d154d.jpg</path>
	<source>
		<database>roboflow.ai</database>
	</source>
	<size>
		<width>416</width>
		<height>416</height>
		<depth>3</depth>
	</size>
	<segmented>0</segmented>
	<object>
		<name>auto</name>
		<pose>Unspecified</pose>
		<truncated>0</truncated>
		<difficult>0</difficult>
		<occluded>0</occluded>
		<bndbox>
			<xmin>0</xmin>
			<xmax>245</xmax>
			<ymin>136</ymin>
			<ymax>378</ymax>
		</bndbox>
	</object>
</annotation>
