<annotation>
	<folder></folder>
	<filename>frame_1976_jpg.rf.af6b3be69c35cddaaf8ce552805e8465.jpg</filename>
	<path>frame_1976_jpg.rf.af6b3be69c35cddaaf8ce552805e8465.jpg</path>
	<source>
		<database>roboflow.ai</database>
	</source>
	<size>
		<width>416</width>
		<height>416</height>
		<depth>3</depth>
	</size>
	<segmented>0</segmented>
	<object>
		<name>auto</name>
		<pose>Unspecified</pose>
		<truncated>0</truncated>
		<difficult>0</difficult>
		<occluded>0</occluded>
		<bndbox>
			<xmin>41</xmin>
			<xmax>401</xmax>
			<ymin>19</ymin>
			<ymax>389</ymax>
		</bndbox>
	</object>
</annotation>
