<annotation>
	<folder></folder>
	<filename>frame_1932_jpg.rf.4482cc6706fff8eae4c5094bc79af897.jpg</filename>
	<path>frame_1932_jpg.rf.4482cc6706fff8eae4c5094bc79af897.jpg</path>
	<source>
		<database>roboflow.ai</database>
	</source>
	<size>
		<width>416</width>
		<height>416</height>
		<depth>3</depth>
	</size>
	<segmented>0</segmented>
	<object>
		<name>auto</name>
		<pose>Unspecified</pose>
		<truncated>0</truncated>
		<difficult>0</difficult>
		<occluded>0</occluded>
		<bndbox>
			<xmin>179</xmin>
			<xmax>372</xmax>
			<ymin>100</ymin>
			<ymax>415</ymax>
		</bndbox>
	</object>
	<object>
		<name>auto</name>
		<pose>Unspecified</pose>
		<truncated>0</truncated>
		<difficult>0</difficult>
		<occluded>0</occluded>
		<bndbox>
			<xmin>87</xmin>
			<xmax>172</xmax>
			<ymin>86</ymin>
			<ymax>241</ymax>
		</bndbox>
	</object>
</annotation>
