<annotation>
	<folder></folder>
	<filename>frame_1423_jpg.rf.b846638987ca0148118c30b5abbf827a.jpg</filename>
	<path>frame_1423_jpg.rf.b846638987ca0148118c30b5abbf827a.jpg</path>
	<source>
		<database>roboflow.ai</database>
	</source>
	<size>
		<width>416</width>
		<height>416</height>
		<depth>3</depth>
	</size>
	<segmented>0</segmented>
	<object>
		<name>auto</name>
		<pose>Unspecified</pose>
		<truncated>0</truncated>
		<difficult>0</difficult>
		<occluded>0</occluded>
		<bndbox>
			<xmin>2</xmin>
			<xmax>223</xmax>
			<ymin>81</ymin>
			<ymax>414</ymax>
		</bndbox>
	</object>
	<object>
		<name>auto</name>
		<pose>Unspecified</pose>
		<truncated>0</truncated>
		<difficult>0</difficult>
		<occluded>0</occluded>
		<bndbox>
			<xmin>300</xmin>
			<xmax>411</xmax>
			<ymin>19</ymin>
			<ymax>248</ymax>
		</bndbox>
	</object>
	<object>
		<name>auto</name>
		<pose>Unspecified</pose>
		<truncated>0</truncated>
		<difficult>0</difficult>
		<occluded>0</occluded>
		<bndbox>
			<xmin>216</xmin>
			<xmax>318</xmax>
			<ymin>45</ymin>
			<ymax>297</ymax>
		</bndbox>
	</object>
</annotation>
