<annotation>
	<folder></folder>
	<filename>frame_2027_jpg.rf.cefa6789e9a2c13b98aa7c02a1e3ab5f.jpg</filename>
	<path>frame_2027_jpg.rf.cefa6789e9a2c13b98aa7c02a1e3ab5f.jpg</path>
	<source>
		<database>roboflow.ai</database>
	</source>
	<size>
		<width>416</width>
		<height>416</height>
		<depth>3</depth>
	</size>
	<segmented>0</segmented>
	<object>
		<name>auto</name>
		<pose>Unspecified</pose>
		<truncated>0</truncated>
		<difficult>0</difficult>
		<occluded>0</occluded>
		<bndbox>
			<xmin>136</xmin>
			<xmax>228</xmax>
			<ymin>286</ymin>
			<ymax>394</ymax>
		</bndbox>
	</object>
</annotation>
