<annotation>
	<folder></folder>
	<filename>frame_1425_jpg.rf.ef4acaa8933a3fa81ddb8cfdfc604751.jpg</filename>
	<path>frame_1425_jpg.rf.ef4acaa8933a3fa81ddb8cfdfc604751.jpg</path>
	<source>
		<database>roboflow.ai</database>
	</source>
	<size>
		<width>416</width>
		<height>416</height>
		<depth>3</depth>
	</size>
	<segmented>0</segmented>
	<object>
		<name>auto</name>
		<pose>Unspecified</pose>
		<truncated>0</truncated>
		<difficult>0</difficult>
		<occluded>0</occluded>
		<bndbox>
			<xmin>276</xmin>
			<xmax>381</xmax>
			<ymin>92</ymin>
			<ymax>258</ymax>
		</bndbox>
	</object>
	<object>
		<name>auto</name>
		<pose>Unspecified</pose>
		<truncated>0</truncated>
		<difficult>0</difficult>
		<occluded>0</occluded>
		<bndbox>
			<xmin>96</xmin>
			<xmax>284</xmax>
			<ymin>32</ymin>
			<ymax>326</ymax>
		</bndbox>
	</object>
	<object>
		<name>auto</name>
		<pose>Unspecified</pose>
		<truncated>0</truncated>
		<difficult>0</difficult>
		<occluded>0</occluded>
		<bndbox>
			<xmin>0</xmin>
			<xmax>67</xmax>
			<ymin>26</ymin>
			<ymax>323</ymax>
		</bndbox>
	</object>
</annotation>
