<annotation>
	<folder></folder>
	<filename>frame_1973_jpg.rf.0106d4e2cfa6a6c903e6ab0ec1f5d049.jpg</filename>
	<path>frame_1973_jpg.rf.0106d4e2cfa6a6c903e6ab0ec1f5d049.jpg</path>
	<source>
		<database>roboflow.ai</database>
	</source>
	<size>
		<width>416</width>
		<height>416</height>
		<depth>3</depth>
	</size>
	<segmented>0</segmented>
	<object>
		<name>auto</name>
		<pose>Unspecified</pose>
		<truncated>0</truncated>
		<difficult>0</difficult>
		<occluded>0</occluded>
		<bndbox>
			<xmin>54</xmin>
			<xmax>272</xmax>
			<ymin>62</ymin>
			<ymax>415</ymax>
		</bndbox>
	</object>
	<object>
		<name>auto</name>
		<pose>Unspecified</pose>
		<truncated>0</truncated>
		<difficult>0</difficult>
		<occluded>0</occluded>
		<bndbox>
			<xmin>211</xmin>
			<xmax>415</xmax>
			<ymin>50</ymin>
			<ymax>415</ymax>
		</bndbox>
	</object>
</annotation>
