<annotation>
	<folder></folder>
	<filename>frame_1993_jpg.rf.c05d107b8fa260c6d2056be9cc0d8aa5.jpg</filename>
	<path>frame_1993_jpg.rf.c05d107b8fa260c6d2056be9cc0d8aa5.jpg</path>
	<source>
		<database>roboflow.ai</database>
	</source>
	<size>
		<width>416</width>
		<height>416</height>
		<depth>3</depth>
	</size>
	<segmented>0</segmented>
	<object>
		<name>auto</name>
		<pose>Unspecified</pose>
		<truncated>0</truncated>
		<difficult>0</difficult>
		<occluded>0</occluded>
		<bndbox>
			<xmin>196</xmin>
			<xmax>263</xmax>
			<ymin>244</ymin>
			<ymax>342</ymax>
		</bndbox>
	</object>
	<object>
		<name>auto</name>
		<pose>Unspecified</pose>
		<truncated>0</truncated>
		<difficult>0</difficult>
		<occluded>0</occluded>
		<bndbox>
			<xmin>67</xmin>
			<xmax>144</xmax>
			<ymin>253</ymin>
			<ymax>365</ymax>
		</bndbox>
	</object>
	<object>
		<name>bus</name>
		<pose>Unspecified</pose>
		<truncated>0</truncated>
		<difficult>0</difficult>
		<occluded>0</occluded>
		<bndbox>
			<xmin>147</xmin>
			<xmax>235</xmax>
			<ymin>168</ymin>
			<ymax>330</ymax>
		</bndbox>
	</object>
</annotation>
