<annotation>
	<folder></folder>
	<filename>frame_1974_jpg.rf.6b44969cafca0bca604e3d8dba51f0ef.jpg</filename>
	<path>frame_1974_jpg.rf.6b44969cafca0bca604e3d8dba51f0ef.jpg</path>
	<source>
		<database>roboflow.ai</database>
	</source>
	<size>
		<width>416</width>
		<height>416</height>
		<depth>3</depth>
	</size>
	<segmented>0</segmented>
	<object>
		<name>auto</name>
		<pose>Unspecified</pose>
		<truncated>0</truncated>
		<difficult>0</difficult>
		<occluded>0</occluded>
		<bndbox>
			<xmin>272</xmin>
			<xmax>415</xmax>
			<ymin>133</ymin>
			<ymax>415</ymax>
		</bndbox>
	</object>
	<object>
		<name>bicycle</name>
		<pose>Unspecified</pose>
		<truncated>0</truncated>
		<difficult>0</difficult>
		<occluded>0</occluded>
		<bndbox>
			<xmin>92</xmin>
			<xmax>178</xmax>
			<ymin>148</ymin>
			<ymax>307</ymax>
		</bndbox>
	</object>
	<object>
		<name>car</name>
		<pose>Unspecified</pose>
		<truncated>0</truncated>
		<difficult>0</difficult>
		<occluded>0</occluded>
		<bndbox>
			<xmin>200</xmin>
			<xmax>256</xmax>
			<ymin>203</ymin>
			<ymax>249</ymax>
		</bndbox>
	</object>
</annotation>
