<annotation>
	<folder></folder>
	<filename>frame_1961_jpg.rf.d6207c73bf09b3f65e0250aa47219554.jpg</filename>
	<path>frame_1961_jpg.rf.d6207c73bf09b3f65e0250aa47219554.jpg</path>
	<source>
		<database>roboflow.ai</database>
	</source>
	<size>
		<width>416</width>
		<height>416</height>
		<depth>3</depth>
	</size>
	<segmented>0</segmented>
	<object>
		<name>auto</name>
		<pose>Unspecified</pose>
		<truncated>0</truncated>
		<difficult>0</difficult>
		<occluded>0</occluded>
		<bndbox>
			<xmin>46</xmin>
			<xmax>341</xmax>
			<ymin>49</ymin>
			<ymax>415</ymax>
		</bndbox>
	</object>
</annotation>
