<annotation>
	<folder></folder>
	<filename>frame_1420_jpg.rf.515b144018d3234a180e4b3112aaee7b.jpg</filename>
	<path>frame_1420_jpg.rf.515b144018d3234a180e4b3112aaee7b.jpg</path>
	<source>
		<database>roboflow.ai</database>
	</source>
	<size>
		<width>416</width>
		<height>416</height>
		<depth>3</depth>
	</size>
	<segmented>0</segmented>
	<object>
		<name>auto</name>
		<pose>Unspecified</pose>
		<truncated>0</truncated>
		<difficult>0</difficult>
		<occluded>0</occluded>
		<bndbox>
			<xmin>26</xmin>
			<xmax>330</xmax>
			<ymin>47</ymin>
			<ymax>415</ymax>
		</bndbox>
	</object>
</annotation>
