<annotation>
	<folder></folder>
	<filename>frame_2029_jpg.rf.2cd75788607b051b3028ab3148c0a5c6.jpg</filename>
	<path>frame_2029_jpg.rf.2cd75788607b051b3028ab3148c0a5c6.jpg</path>
	<source>
		<database>roboflow.ai</database>
	</source>
	<size>
		<width>416</width>
		<height>416</height>
		<depth>3</depth>
	</size>
	<segmented>0</segmented>
	<object>
		<name>auto</name>
		<pose>Unspecified</pose>
		<truncated>0</truncated>
		<difficult>0</difficult>
		<occluded>0</occluded>
		<bndbox>
			<xmin>30</xmin>
			<xmax>359</xmax>
			<ymin>16</ymin>
			<ymax>395</ymax>
		</bndbox>
	</object>
	<object>
		<name>motorbike</name>
		<pose>Unspecified</pose>
		<truncated>0</truncated>
		<difficult>0</difficult>
		<occluded>0</occluded>
		<bndbox>
			<xmin>0</xmin>
			<xmax>54</xmax>
			<ymin>76</ymin>
			<ymax>188</ymax>
		</bndbox>
	</object>
</annotation>
