<annotation>
	<folder></folder>
	<filename>frame_1988_jpg.rf.82e5185427babb2c460b948c934d4093.jpg</filename>
	<path>frame_1988_jpg.rf.82e5185427babb2c460b948c934d4093.jpg</path>
	<source>
		<database>roboflow.ai</database>
	</source>
	<size>
		<width>416</width>
		<height>416</height>
		<depth>3</depth>
	</size>
	<segmented>0</segmented>
	<object>
		<name>auto</name>
		<pose>Unspecified</pose>
		<truncated>0</truncated>
		<difficult>0</difficult>
		<occluded>0</occluded>
		<bndbox>
			<xmin>39</xmin>
			<xmax>164</xmax>
			<ymin>193</ymin>
			<ymax>369</ymax>
		</bndbox>
	</object>
</annotation>
