<annotation>
	<folder></folder>
	<filename>frame_1932_jpg.rf.12c78eb858908ece568a603c30229078.jpg</filename>
	<path>frame_1932_jpg.rf.12c78eb858908ece568a603c30229078.jpg</path>
	<source>
		<database>roboflow.ai</database>
	</source>
	<size>
		<width>416</width>
		<height>416</height>
		<depth>3</depth>
	</size>
	<segmented>0</segmented>
	<object>
		<name>auto</name>
		<pose>Unspecified</pose>
		<truncated>0</truncated>
		<difficult>0</difficult>
		<occluded>0</occluded>
		<bndbox>
			<xmin>97</xmin>
			<xmax>242</xmax>
			<ymin>114</ymin>
			<ymax>415</ymax>
		</bndbox>
	</object>
	<object>
		<name>auto</name>
		<pose>Unspecified</pose>
		<truncated>0</truncated>
		<difficult>0</difficult>
		<occluded>0</occluded>
		<bndbox>
			<xmin>236</xmin>
			<xmax>298</xmax>
			<ymin>99</ymin>
			<ymax>237</ymax>
		</bndbox>
	</object>
</annotation>
