<annotation>
	<folder></folder>
	<filename>frame_1982_jpg.rf.e30142c9db19997e868acce833a410ba.jpg</filename>
	<path>frame_1982_jpg.rf.e30142c9db19997e868acce833a410ba.jpg</path>
	<source>
		<database>roboflow.ai</database>
	</source>
	<size>
		<width>416</width>
		<height>416</height>
		<depth>3</depth>
	</size>
	<segmented>0</segmented>
	<object>
		<name>motorbike</name>
		<pose>Unspecified</pose>
		<truncated>0</truncated>
		<difficult>0</difficult>
		<occluded>0</occluded>
		<bndbox>
			<xmin>55</xmin>
			<xmax>108</xmax>
			<ymin>220</ymin>
			<ymax>345</ymax>
		</bndbox>
	</object>
	<object>
		<name>auto</name>
		<pose>Unspecified</pose>
		<truncated>0</truncated>
		<difficult>0</difficult>
		<occluded>0</occluded>
		<bndbox>
			<xmin>142</xmin>
			<xmax>249</xmax>
			<ymin>193</ymin>
			<ymax>363</ymax>
		</bndbox>
	</object>
</annotation>
