<annotation>
	<folder></folder>
	<filename>frame_2025_jpg.rf.9fcab902dbf8e1639bbe53c2dce427d3.jpg</filename>
	<path>frame_2025_jpg.rf.9fcab902dbf8e1639bbe53c2dce427d3.jpg</path>
	<source>
		<database>roboflow.ai</database>
	</source>
	<size>
		<width>416</width>
		<height>416</height>
		<depth>3</depth>
	</size>
	<segmented>0</segmented>
	<object>
		<name>auto</name>
		<pose>Unspecified</pose>
		<truncated>0</truncated>
		<difficult>0</difficult>
		<occluded>0</occluded>
		<bndbox>
			<xmin>156</xmin>
			<xmax>415</xmax>
			<ymin>163</ymin>
			<ymax>415</ymax>
		</bndbox>
	</object>
</annotation>
