<annotation>
	<folder></folder>
	<filename>frame_2046_jpg.rf.7774d41e8001a355b61547061472642a.jpg</filename>
	<path>frame_2046_jpg.rf.7774d41e8001a355b61547061472642a.jpg</path>
	<source>
		<database>roboflow.ai</database>
	</source>
	<size>
		<width>416</width>
		<height>416</height>
		<depth>3</depth>
	</size>
	<segmented>0</segmented>
	<object>
		<name>auto</name>
		<pose>Unspecified</pose>
		<truncated>0</truncated>
		<difficult>0</difficult>
		<occluded>0</occluded>
		<bndbox>
			<xmin>96</xmin>
			<xmax>305</xmax>
			<ymin>65</ymin>
			<ymax>319</ymax>
		</bndbox>
	</object>
	<object>
		<name>auto</name>
		<pose>Unspecified</pose>
		<truncated>0</truncated>
		<difficult>0</difficult>
		<occluded>0</occluded>
		<bndbox>
			<xmin>265</xmin>
			<xmax>379</xmax>
			<ymin>47</ymin>
			<ymax>235</ymax>
		</bndbox>
	</object>
</annotation>
