<annotation>
	<folder></folder>
	<filename>frame_1979_jpg.rf.225fb4dfa2144ad003aa48388105a05c.jpg</filename>
	<path>frame_1979_jpg.rf.225fb4dfa2144ad003aa48388105a05c.jpg</path>
	<source>
		<database>roboflow.ai</database>
	</source>
	<size>
		<width>416</width>
		<height>416</height>
		<depth>3</depth>
	</size>
	<segmented>0</segmented>
	<object>
		<name>auto</name>
		<pose>Unspecified</pose>
		<truncated>0</truncated>
		<difficult>0</difficult>
		<occluded>0</occluded>
		<bndbox>
			<xmin>163</xmin>
			<xmax>415</xmax>
			<ymin>120</ymin>
			<ymax>380</ymax>
		</bndbox>
	</object>
	<object>
		<name>auto</name>
		<pose>Unspecified</pose>
		<truncated>0</truncated>
		<difficult>0</difficult>
		<occluded>0</occluded>
		<bndbox>
			<xmin>101</xmin>
			<xmax>200</xmax>
			<ymin>149</ymin>
			<ymax>308</ymax>
		</bndbox>
	</object>
	<object>
		<name>auto</name>
		<pose>Unspecified</pose>
		<truncated>0</truncated>
		<difficult>0</difficult>
		<occluded>0</occluded>
		<bndbox>
			<xmin>16</xmin>
			<xmax>106</xmax>
			<ymin>166</ymin>
			<ymax>310</ymax>
		</bndbox>
	</object>
</annotation>
