<annotation>
	<folder></folder>
	<filename>frame_2033_jpg.rf.2325b7cae384818e4e3a3abef1d72cd7.jpg</filename>
	<path>frame_2033_jpg.rf.2325b7cae384818e4e3a3abef1d72cd7.jpg</path>
	<source>
		<database>roboflow.ai</database>
	</source>
	<size>
		<width>416</width>
		<height>416</height>
		<depth>3</depth>
	</size>
	<segmented>0</segmented>
	<object>
		<name>auto</name>
		<pose>Unspecified</pose>
		<truncated>0</truncated>
		<difficult>0</difficult>
		<occluded>0</occluded>
		<bndbox>
			<xmin>145</xmin>
			<xmax>344</xmax>
			<ymin>143</ymin>
			<ymax>344</ymax>
		</bndbox>
	</object>
</annotation>
