<annotation>
	<folder></folder>
	<filename>frame_2039_jpg.rf.6585433b9a276f9de8b34a2251b255ad.jpg</filename>
	<path>frame_2039_jpg.rf.6585433b9a276f9de8b34a2251b255ad.jpg</path>
	<source>
		<database>roboflow.ai</database>
	</source>
	<size>
		<width>416</width>
		<height>416</height>
		<depth>3</depth>
	</size>
	<segmented>0</segmented>
	<object>
		<name>auto</name>
		<pose>Unspecified</pose>
		<truncated>0</truncated>
		<difficult>0</difficult>
		<occluded>0</occluded>
		<bndbox>
			<xmin>109</xmin>
			<xmax>341</xmax>
			<ymin>114</ymin>
			<ymax>371</ymax>
		</bndbox>
	</object>
	<object>
		<name>motorbike</name>
		<pose>Unspecified</pose>
		<truncated>0</truncated>
		<difficult>0</difficult>
		<occluded>0</occluded>
		<bndbox>
			<xmin>62</xmin>
			<xmax>146</xmax>
			<ymin>217</ymin>
			<ymax>331</ymax>
		</bndbox>
	</object>
	<object>
		<name>bicycle</name>
		<pose>Unspecified</pose>
		<truncated>0</truncated>
		<difficult>0</difficult>
		<occluded>0</occluded>
		<bndbox>
			<xmin>307</xmin>
			<xmax>413</xmax>
			<ymin>163</ymin>
			<ymax>357</ymax>
		</bndbox>
	</object>
</annotation>
