<annotation>
	<folder></folder>
	<filename>frame_1423_jpg.rf.af2d30595be3dbb26812527cf5f319cf.jpg</filename>
	<path>frame_1423_jpg.rf.af2d30595be3dbb26812527cf5f319cf.jpg</path>
	<source>
		<database>roboflow.ai</database>
	</source>
	<size>
		<width>416</width>
		<height>416</height>
		<depth>3</depth>
	</size>
	<segmented>0</segmented>
	<object>
		<name>auto</name>
		<pose>Unspecified</pose>
		<truncated>0</truncated>
		<difficult>0</difficult>
		<occluded>0</occluded>
		<bndbox>
			<xmin>0</xmin>
			<xmax>229</xmax>
			<ymin>47</ymin>
			<ymax>412</ymax>
		</bndbox>
	</object>
	<object>
		<name>auto</name>
		<pose>Unspecified</pose>
		<truncated>0</truncated>
		<difficult>0</difficult>
		<occluded>0</occluded>
		<bndbox>
			<xmin>312</xmin>
			<xmax>415</xmax>
			<ymin>32</ymin>
			<ymax>289</ymax>
		</bndbox>
	</object>
	<object>
		<name>auto</name>
		<pose>Unspecified</pose>
		<truncated>0</truncated>
		<difficult>0</difficult>
		<occluded>0</occluded>
		<bndbox>
			<xmin>226</xmin>
			<xmax>329</xmax>
			<ymin>42</ymin>
			<ymax>323</ymax>
		</bndbox>
	</object>
</annotation>
