<annotation>
	<folder></folder>
	<filename>frame_2041_jpg.rf.8ad9843e92c2fc85a8d5f5530e0bb3db.jpg</filename>
	<path>frame_2041_jpg.rf.8ad9843e92c2fc85a8d5f5530e0bb3db.jpg</path>
	<source>
		<database>roboflow.ai</database>
	</source>
	<size>
		<width>416</width>
		<height>416</height>
		<depth>3</depth>
	</size>
	<segmented>0</segmented>
	<object>
		<name>auto</name>
		<pose>Unspecified</pose>
		<truncated>0</truncated>
		<difficult>0</difficult>
		<occluded>0</occluded>
		<bndbox>
			<xmin>61</xmin>
			<xmax>415</xmax>
			<ymin>22</ymin>
			<ymax>415</ymax>
		</bndbox>
	</object>
</annotation>
