<annotation>
	<folder></folder>
	<filename>frame_1420_jpg.rf.084ebc6d0ed455093ffe4f63b81640b1.jpg</filename>
	<path>frame_1420_jpg.rf.084ebc6d0ed455093ffe4f63b81640b1.jpg</path>
	<source>
		<database>roboflow.ai</database>
	</source>
	<size>
		<width>416</width>
		<height>416</height>
		<depth>3</depth>
	</size>
	<segmented>0</segmented>
	<object>
		<name>auto</name>
		<pose>Unspecified</pose>
		<truncated>0</truncated>
		<difficult>0</difficult>
		<occluded>0</occluded>
		<bndbox>
			<xmin>60</xmin>
			<xmax>415</xmax>
			<ymin>22</ymin>
			<ymax>415</ymax>
		</bndbox>
	</object>
</annotation>
