<annotation>
	<folder></folder>
	<filename>frame_1947_jpg.rf.808b75b1412e2d2b1c043237bcb11de9.jpg</filename>
	<path>frame_1947_jpg.rf.808b75b1412e2d2b1c043237bcb11de9.jpg</path>
	<source>
		<database>roboflow.ai</database>
	</source>
	<size>
		<width>416</width>
		<height>416</height>
		<depth>3</depth>
	</size>
	<segmented>0</segmented>
	<object>
		<name>auto</name>
		<pose>Unspecified</pose>
		<truncated>0</truncated>
		<difficult>0</difficult>
		<occluded>0</occluded>
		<bndbox>
			<xmin>37</xmin>
			<xmax>350</xmax>
			<ymin>141</ymin>
			<ymax>394</ymax>
		</bndbox>
	</object>
</annotation>
