<annotation>
	<folder></folder>
	<filename>frame_2025_jpg.rf.a1e8493048fe62079df5cb54b1fcdd5b.jpg</filename>
	<path>frame_2025_jpg.rf.a1e8493048fe62079df5cb54b1fcdd5b.jpg</path>
	<source>
		<database>roboflow.ai</database>
	</source>
	<size>
		<width>416</width>
		<height>416</height>
		<depth>3</depth>
	</size>
	<segmented>0</segmented>
	<object>
		<name>auto</name>
		<pose>Unspecified</pose>
		<truncated>0</truncated>
		<difficult>0</difficult>
		<occluded>0</occluded>
		<bndbox>
			<xmin>180</xmin>
			<xmax>415</xmax>
			<ymin>168</ymin>
			<ymax>378</ymax>
		</bndbox>
	</object>
</annotation>
