<annotation>
	<folder></folder>
	<filename>frame_2035_jpg.rf.ba3600e01f33e65b3087b51102ee6c35.jpg</filename>
	<path>frame_2035_jpg.rf.ba3600e01f33e65b3087b51102ee6c35.jpg</path>
	<source>
		<database>roboflow.ai</database>
	</source>
	<size>
		<width>416</width>
		<height>416</height>
		<depth>3</depth>
	</size>
	<segmented>0</segmented>
	<object>
		<name>auto</name>
		<pose>Unspecified</pose>
		<truncated>0</truncated>
		<difficult>0</difficult>
		<occluded>0</occluded>
		<bndbox>
			<xmin>19</xmin>
			<xmax>303</xmax>
			<ymin>74</ymin>
			<ymax>399</ymax>
		</bndbox>
	</object>
</annotation>
