<annotation>
	<folder></folder>
	<filename>frame_1985_jpg.rf.195851d01820f4a72bf69bbd94c7dacd.jpg</filename>
	<path>frame_1985_jpg.rf.195851d01820f4a72bf69bbd94c7dacd.jpg</path>
	<source>
		<database>roboflow.ai</database>
	</source>
	<size>
		<width>416</width>
		<height>416</height>
		<depth>3</depth>
	</size>
	<segmented>0</segmented>
	<object>
		<name>auto</name>
		<pose>Unspecified</pose>
		<truncated>0</truncated>
		<difficult>0</difficult>
		<occluded>0</occluded>
		<bndbox>
			<xmin>19</xmin>
			<xmax>198</xmax>
			<ymin>54</ymin>
			<ymax>402</ymax>
		</bndbox>
	</object>
</annotation>
