<annotation>
	<folder></folder>
	<filename>frame_1960_jpg.rf.e6cb6fa68379b9218318c00bf0956d15.jpg</filename>
	<path>frame_1960_jpg.rf.e6cb6fa68379b9218318c00bf0956d15.jpg</path>
	<source>
		<database>roboflow.ai</database>
	</source>
	<size>
		<width>416</width>
		<height>416</height>
		<depth>3</depth>
	</size>
	<segmented>0</segmented>
	<object>
		<name>auto</name>
		<pose>Unspecified</pose>
		<truncated>0</truncated>
		<difficult>0</difficult>
		<occluded>0</occluded>
		<bndbox>
			<xmin>13</xmin>
			<xmax>229</xmax>
			<ymin>169</ymin>
			<ymax>373</ymax>
		</bndbox>
	</object>
	<object>
		<name>auto</name>
		<pose>Unspecified</pose>
		<truncated>0</truncated>
		<difficult>0</difficult>
		<occluded>0</occluded>
		<bndbox>
			<xmin>170</xmin>
			<xmax>313</xmax>
			<ymin>148</ymin>
			<ymax>330</ymax>
		</bndbox>
	</object>
	<object>
		<name>auto</name>
		<pose>Unspecified</pose>
		<truncated>0</truncated>
		<difficult>0</difficult>
		<occluded>0</occluded>
		<bndbox>
			<xmin>286</xmin>
			<xmax>415</xmax>
			<ymin>117</ymin>
			<ymax>311</ymax>
		</bndbox>
	</object>
</annotation>
