<annotation>
	<folder></folder>
	<filename>frame_1973_jpg.rf.11e4137bce14dcafd21e999d9f8fa5b0.jpg</filename>
	<path>frame_1973_jpg.rf.11e4137bce14dcafd21e999d9f8fa5b0.jpg</path>
	<source>
		<database>roboflow.ai</database>
	</source>
	<size>
		<width>416</width>
		<height>416</height>
		<depth>3</depth>
	</size>
	<segmented>0</segmented>
	<object>
		<name>auto</name>
		<pose>Unspecified</pose>
		<truncated>0</truncated>
		<difficult>0</difficult>
		<occluded>0</occluded>
		<bndbox>
			<xmin>168</xmin>
			<xmax>352</xmax>
			<ymin>56</ymin>
			<ymax>415</ymax>
		</bndbox>
	</object>
	<object>
		<name>auto</name>
		<pose>Unspecified</pose>
		<truncated>0</truncated>
		<difficult>0</difficult>
		<occluded>0</occluded>
		<bndbox>
			<xmin>7</xmin>
			<xmax>191</xmax>
			<ymin>60</ymin>
			<ymax>415</ymax>
		</bndbox>
	</object>
</annotation>
