<annotation>
	<folder></folder>
	<filename>frame_2029_jpg.rf.1827fa6e58b086c166bcf02b2ab878f6.jpg</filename>
	<path>frame_2029_jpg.rf.1827fa6e58b086c166bcf02b2ab878f6.jpg</path>
	<source>
		<database>roboflow.ai</database>
	</source>
	<size>
		<width>416</width>
		<height>416</height>
		<depth>3</depth>
	</size>
	<segmented>0</segmented>
	<object>
		<name>auto</name>
		<pose>Unspecified</pose>
		<truncated>0</truncated>
		<difficult>0</difficult>
		<occluded>0</occluded>
		<bndbox>
			<xmin>45</xmin>
			<xmax>344</xmax>
			<ymin>17</ymin>
			<ymax>395</ymax>
		</bndbox>
	</object>
	<object>
		<name>motorbike</name>
		<pose>Unspecified</pose>
		<truncated>0</truncated>
		<difficult>0</difficult>
		<occluded>0</occluded>
		<bndbox>
			<xmin>0</xmin>
			<xmax>53</xmax>
			<ymin>78</ymin>
			<ymax>190</ymax>
		</bndbox>
	</object>
</annotation>
