<annotation>
	<folder></folder>
	<filename>frame_2039_jpg.rf.d60714ed390098cc217a3357ca240e02.jpg</filename>
	<path>frame_2039_jpg.rf.d60714ed390098cc217a3357ca240e02.jpg</path>
	<source>
		<database>roboflow.ai</database>
	</source>
	<size>
		<width>416</width>
		<height>416</height>
		<depth>3</depth>
	</size>
	<segmented>0</segmented>
	<object>
		<name>auto</name>
		<pose>Unspecified</pose>
		<truncated>0</truncated>
		<difficult>0</difficult>
		<occluded>0</occluded>
		<bndbox>
			<xmin>127</xmin>
			<xmax>321</xmax>
			<ymin>114</ymin>
			<ymax>372</ymax>
		</bndbox>
	</object>
	<object>
		<name>motorbike</name>
		<pose>Unspecified</pose>
		<truncated>0</truncated>
		<difficult>0</difficult>
		<occluded>0</occluded>
		<bndbox>
			<xmin>69</xmin>
			<xmax>137</xmax>
			<ymin>210</ymin>
			<ymax>328</ymax>
		</bndbox>
	</object>
	<object>
		<name>bicycle</name>
		<pose>Unspecified</pose>
		<truncated>0</truncated>
		<difficult>0</difficult>
		<occluded>0</occluded>
		<bndbox>
			<xmin>314</xmin>
			<xmax>399</xmax>
			<ymin>170</ymin>
			<ymax>369</ymax>
		</bndbox>
	</object>
</annotation>
