<annotation>
	<folder></folder>
	<filename>frame_1980_jpg.rf.c3df9529b7d8e3bfce50ede4bc64a7d1.jpg</filename>
	<path>frame_1980_jpg.rf.c3df9529b7d8e3bfce50ede4bc64a7d1.jpg</path>
	<source>
		<database>roboflow.ai</database>
	</source>
	<size>
		<width>416</width>
		<height>416</height>
		<depth>3</depth>
	</size>
	<segmented>0</segmented>
	<object>
		<name>auto</name>
		<pose>Unspecified</pose>
		<truncated>0</truncated>
		<difficult>0</difficult>
		<occluded>0</occluded>
		<bndbox>
			<xmin>0</xmin>
			<xmax>383</xmax>
			<ymin>48</ymin>
			<ymax>407</ymax>
		</bndbox>
	</object>
</annotation>
