<annotation>
	<folder></folder>
	<filename>frame_1982_jpg.rf.5a7114b6f5f371b140b9de8678a50841.jpg</filename>
	<path>frame_1982_jpg.rf.5a7114b6f5f371b140b9de8678a50841.jpg</path>
	<source>
		<database>roboflow.ai</database>
	</source>
	<size>
		<width>416</width>
		<height>416</height>
		<depth>3</depth>
	</size>
	<segmented>0</segmented>
	<object>
		<name>motorbike</name>
		<pose>Unspecified</pose>
		<truncated>0</truncated>
		<difficult>0</difficult>
		<occluded>0</occluded>
		<bndbox>
			<xmin>30</xmin>
			<xmax>104</xmax>
			<ymin>214</ymin>
			<ymax>359</ymax>
		</bndbox>
	</object>
	<object>
		<name>auto</name>
		<pose>Unspecified</pose>
		<truncated>0</truncated>
		<difficult>0</difficult>
		<occluded>0</occluded>
		<bndbox>
			<xmin>110</xmin>
			<xmax>249</xmax>
			<ymin>178</ymin>
			<ymax>379</ymax>
		</bndbox>
	</object>
</annotation>
