<annotation>
	<folder></folder>
	<filename>frame_1420_jpg.rf.03e73b8d9ca48daf64d4cf4ef833faf9.jpg</filename>
	<path>frame_1420_jpg.rf.03e73b8d9ca48daf64d4cf4ef833faf9.jpg</path>
	<source>
		<database>roboflow.ai</database>
	</source>
	<size>
		<width>416</width>
		<height>416</height>
		<depth>3</depth>
	</size>
	<segmented>0</segmented>
	<object>
		<name>auto</name>
		<pose>Unspecified</pose>
		<truncated>0</truncated>
		<difficult>0</difficult>
		<occluded>0</occluded>
		<bndbox>
			<xmin>3</xmin>
			<xmax>361</xmax>
			<ymin>59</ymin>
			<ymax>404</ymax>
		</bndbox>
	</object>
</annotation>
