<annotation>
	<folder></folder>
	<filename>frame_1994_jpg.rf.68c2d13404ad7d4c86ae96050930cdb9.jpg</filename>
	<path>frame_1994_jpg.rf.68c2d13404ad7d4c86ae96050930cdb9.jpg</path>
	<source>
		<database>roboflow.ai</database>
	</source>
	<size>
		<width>416</width>
		<height>416</height>
		<depth>3</depth>
	</size>
	<segmented>0</segmented>
	<object>
		<name>auto</name>
		<pose>Unspecified</pose>
		<truncated>0</truncated>
		<difficult>0</difficult>
		<occluded>0</occluded>
		<bndbox>
			<xmin>2</xmin>
			<xmax>212</xmax>
			<ymin>0</ymin>
			<ymax>387</ymax>
		</bndbox>
	</object>
	<object>
		<name>auto</name>
		<pose>Unspecified</pose>
		<truncated>0</truncated>
		<difficult>0</difficult>
		<occluded>0</occluded>
		<bndbox>
			<xmin>185</xmin>
			<xmax>313</xmax>
			<ymin>24</ymin>
			<ymax>340</ymax>
		</bndbox>
	</object>
	<object>
		<name>auto</name>
		<pose>Unspecified</pose>
		<truncated>0</truncated>
		<difficult>0</difficult>
		<occluded>0</occluded>
		<bndbox>
			<xmin>311</xmin>
			<xmax>395</xmax>
			<ymin>79</ymin>
			<ymax>291</ymax>
		</bndbox>
	</object>
</annotation>
