<annotation>
	<folder></folder>
	<filename>frame_1966_jpg.rf.7a86f53323378d076552d6e1666d2b71.jpg</filename>
	<path>frame_1966_jpg.rf.7a86f53323378d076552d6e1666d2b71.jpg</path>
	<source>
		<database>roboflow.ai</database>
	</source>
	<size>
		<width>416</width>
		<height>416</height>
		<depth>3</depth>
	</size>
	<segmented>0</segmented>
	<object>
		<name>auto</name>
		<pose>Unspecified</pose>
		<truncated>0</truncated>
		<difficult>0</difficult>
		<occluded>0</occluded>
		<bndbox>
			<xmin>33</xmin>
			<xmax>305</xmax>
			<ymin>113</ymin>
			<ymax>415</ymax>
		</bndbox>
	</object>
</annotation>
