<annotation>
	<folder></folder>
	<filename>frame_2035_jpg.rf.eb50e3f2e250361be7d2f5ac59c90f76.jpg</filename>
	<path>frame_2035_jpg.rf.eb50e3f2e250361be7d2f5ac59c90f76.jpg</path>
	<source>
		<database>roboflow.ai</database>
	</source>
	<size>
		<width>416</width>
		<height>416</height>
		<depth>3</depth>
	</size>
	<segmented>0</segmented>
	<object>
		<name>auto</name>
		<pose>Unspecified</pose>
		<truncated>0</truncated>
		<difficult>0</difficult>
		<occluded>0</occluded>
		<bndbox>
			<xmin>27</xmin>
			<xmax>296</xmax>
			<ymin>70</ymin>
			<ymax>389</ymax>
		</bndbox>
	</object>
</annotation>
