<annotation>
	<folder></folder>
	<filename>frame_1951_jpg.rf.ae91173e846906c0834a8866abbbd3fd.jpg</filename>
	<path>frame_1951_jpg.rf.ae91173e846906c0834a8866abbbd3fd.jpg</path>
	<source>
		<database>roboflow.ai</database>
	</source>
	<size>
		<width>416</width>
		<height>416</height>
		<depth>3</depth>
	</size>
	<segmented>0</segmented>
	<object>
		<name>auto</name>
		<pose>Unspecified</pose>
		<truncated>0</truncated>
		<difficult>0</difficult>
		<occluded>0</occluded>
		<bndbox>
			<xmin>9</xmin>
			<xmax>390</xmax>
			<ymin>10</ymin>
			<ymax>415</ymax>
		</bndbox>
	</object>
</annotation>
