<annotation>
	<folder></folder>
	<filename>frame_1421_jpg.rf.8987a2df5903f18d68713758ad78b022.jpg</filename>
	<path>frame_1421_jpg.rf.8987a2df5903f18d68713758ad78b022.jpg</path>
	<source>
		<database>roboflow.ai</database>
	</source>
	<size>
		<width>416</width>
		<height>416</height>
		<depth>3</depth>
	</size>
	<segmented>0</segmented>
	<object>
		<name>auto</name>
		<pose>Unspecified</pose>
		<truncated>0</truncated>
		<difficult>0</difficult>
		<occluded>0</occluded>
		<bndbox>
			<xmin>0</xmin>
			<xmax>217</xmax>
			<ymin>231</ymin>
			<ymax>415</ymax>
		</bndbox>
	</object>
	<object>
		<name>auto</name>
		<pose>Unspecified</pose>
		<truncated>0</truncated>
		<difficult>0</difficult>
		<occluded>0</occluded>
		<bndbox>
			<xmin>271</xmin>
			<xmax>414</xmax>
			<ymin>152</ymin>
			<ymax>378</ymax>
		</bndbox>
	</object>
</annotation>
