<annotation>
	<folder></folder>
	<filename>frame_1959_jpg.rf.8f28ae56455d30e8746167560ee864e6.jpg</filename>
	<path>frame_1959_jpg.rf.8f28ae56455d30e8746167560ee864e6.jpg</path>
	<source>
		<database>roboflow.ai</database>
	</source>
	<size>
		<width>416</width>
		<height>416</height>
		<depth>3</depth>
	</size>
	<segmented>0</segmented>
	<object>
		<name>auto</name>
		<pose>Unspecified</pose>
		<truncated>0</truncated>
		<difficult>0</difficult>
		<occluded>0</occluded>
		<bndbox>
			<xmin>197</xmin>
			<xmax>339</xmax>
			<ymin>69</ymin>
			<ymax>303</ymax>
		</bndbox>
	</object>
</annotation>
