<annotation>
	<folder></folder>
	<filename>frame_1937_jpg.rf.7a14619d9f65efc71d4335a52e708174.jpg</filename>
	<path>frame_1937_jpg.rf.7a14619d9f65efc71d4335a52e708174.jpg</path>
	<source>
		<database>roboflow.ai</database>
	</source>
	<size>
		<width>416</width>
		<height>416</height>
		<depth>3</depth>
	</size>
	<segmented>0</segmented>
	<object>
		<name>motorbike</name>
		<pose>Unspecified</pose>
		<truncated>0</truncated>
		<difficult>0</difficult>
		<occluded>0</occluded>
		<bndbox>
			<xmin>52</xmin>
			<xmax>109</xmax>
			<ymin>156</ymin>
			<ymax>333</ymax>
		</bndbox>
	</object>
	<object>
		<name>auto</name>
		<pose>Unspecified</pose>
		<truncated>0</truncated>
		<difficult>0</difficult>
		<occluded>0</occluded>
		<bndbox>
			<xmin>92</xmin>
			<xmax>308</xmax>
			<ymin>29</ymin>
			<ymax>407</ymax>
		</bndbox>
	</object>
</annotation>
