<annotation>
	<folder></folder>
	<filename>frame_1982_jpg.rf.893777999608f9cc9b5b3a96aadf136b.jpg</filename>
	<path>frame_1982_jpg.rf.893777999608f9cc9b5b3a96aadf136b.jpg</path>
	<source>
		<database>roboflow.ai</database>
	</source>
	<size>
		<width>416</width>
		<height>416</height>
		<depth>3</depth>
	</size>
	<segmented>0</segmented>
	<object>
		<name>motorbike</name>
		<pose>Unspecified</pose>
		<truncated>0</truncated>
		<difficult>0</difficult>
		<occluded>0</occluded>
		<bndbox>
			<xmin>62</xmin>
			<xmax>112</xmax>
			<ymin>237</ymin>
			<ymax>372</ymax>
		</bndbox>
	</object>
	<object>
		<name>auto</name>
		<pose>Unspecified</pose>
		<truncated>0</truncated>
		<difficult>0</difficult>
		<occluded>0</occluded>
		<bndbox>
			<xmin>151</xmin>
			<xmax>253</xmax>
			<ymin>187</ymin>
			<ymax>369</ymax>
		</bndbox>
	</object>
</annotation>
