<annotation>
	<folder></folder>
	<filename>frame_1932_jpg.rf.cd2b8cbd72dedc8a712d1781eaf2c1a6.jpg</filename>
	<path>frame_1932_jpg.rf.cd2b8cbd72dedc8a712d1781eaf2c1a6.jpg</path>
	<source>
		<database>roboflow.ai</database>
	</source>
	<size>
		<width>416</width>
		<height>416</height>
		<depth>3</depth>
	</size>
	<segmented>0</segmented>
	<object>
		<name>auto</name>
		<pose>Unspecified</pose>
		<truncated>0</truncated>
		<difficult>0</difficult>
		<occluded>0</occluded>
		<bndbox>
			<xmin>180</xmin>
			<xmax>369</xmax>
			<ymin>79</ymin>
			<ymax>415</ymax>
		</bndbox>
	</object>
	<object>
		<name>auto</name>
		<pose>Unspecified</pose>
		<truncated>0</truncated>
		<difficult>0</difficult>
		<occluded>0</occluded>
		<bndbox>
			<xmin>89</xmin>
			<xmax>172</xmax>
			<ymin>114</ymin>
			<ymax>267</ymax>
		</bndbox>
	</object>
</annotation>
