<annotation>
	<folder></folder>
	<filename>frame_1992_jpg.rf.c5ed6107e46b7fc47b05276ffb1ac7ac.jpg</filename>
	<path>frame_1992_jpg.rf.c5ed6107e46b7fc47b05276ffb1ac7ac.jpg</path>
	<source>
		<database>roboflow.ai</database>
	</source>
	<size>
		<width>416</width>
		<height>416</height>
		<depth>3</depth>
	</size>
	<segmented>0</segmented>
	<object>
		<name>auto</name>
		<pose>Unspecified</pose>
		<truncated>0</truncated>
		<difficult>0</difficult>
		<occluded>0</occluded>
		<bndbox>
			<xmin>18</xmin>
			<xmax>152</xmax>
			<ymin>46</ymin>
			<ymax>293</ymax>
		</bndbox>
	</object>
	<object>
		<name>van</name>
		<pose>Unspecified</pose>
		<truncated>0</truncated>
		<difficult>0</difficult>
		<occluded>0</occluded>
		<bndbox>
			<xmin>217</xmin>
			<xmax>319</xmax>
			<ymin>98</ymin>
			<ymax>220</ymax>
		</bndbox>
	</object>
</annotation>
