<annotation>
	<folder></folder>
	<filename>frame_1998_jpg.rf.d77419d6d30073b9ef1d1e166816d8a4.jpg</filename>
	<path>frame_1998_jpg.rf.d77419d6d30073b9ef1d1e166816d8a4.jpg</path>
	<source>
		<database>roboflow.ai</database>
	</source>
	<size>
		<width>416</width>
		<height>416</height>
		<depth>3</depth>
	</size>
	<segmented>0</segmented>
	<object>
		<name>auto</name>
		<pose>Unspecified</pose>
		<truncated>0</truncated>
		<difficult>0</difficult>
		<occluded>0</occluded>
		<bndbox>
			<xmin>123</xmin>
			<xmax>415</xmax>
			<ymin>42</ymin>
			<ymax>415</ymax>
		</bndbox>
	</object>
</annotation>
