<annotation>
	<folder></folder>
	<filename>frame_1976_jpg.rf.3c1444ad566b4888f2d7b16f3180c2d1.jpg</filename>
	<path>frame_1976_jpg.rf.3c1444ad566b4888f2d7b16f3180c2d1.jpg</path>
	<source>
		<database>roboflow.ai</database>
	</source>
	<size>
		<width>416</width>
		<height>416</height>
		<depth>3</depth>
	</size>
	<segmented>0</segmented>
	<object>
		<name>auto</name>
		<pose>Unspecified</pose>
		<truncated>0</truncated>
		<difficult>0</difficult>
		<occluded>0</occluded>
		<bndbox>
			<xmin>22</xmin>
			<xmax>415</xmax>
			<ymin>35</ymin>
			<ymax>370</ymax>
		</bndbox>
	</object>
</annotation>
