<annotation>
	<folder></folder>
	<filename>frame_2021_jpg.rf.b9d16f8c5d8930399fc9ad1b3be014a6.jpg</filename>
	<path>frame_2021_jpg.rf.b9d16f8c5d8930399fc9ad1b3be014a6.jpg</path>
	<source>
		<database>roboflow.ai</database>
	</source>
	<size>
		<width>416</width>
		<height>416</height>
		<depth>3</depth>
	</size>
	<segmented>0</segmented>
	<object>
		<name>auto</name>
		<pose>Unspecified</pose>
		<truncated>0</truncated>
		<difficult>0</difficult>
		<occluded>0</occluded>
		<bndbox>
			<xmin>36</xmin>
			<xmax>354</xmax>
			<ymin>117</ymin>
			<ymax>415</ymax>
		</bndbox>
	</object>
</annotation>
