<annotation>
	<folder></folder>
	<filename>frame_1993_jpg.rf.257882bada2e5f6eb31eca24bec08584.jpg</filename>
	<path>frame_1993_jpg.rf.257882bada2e5f6eb31eca24bec08584.jpg</path>
	<source>
		<database>roboflow.ai</database>
	</source>
	<size>
		<width>416</width>
		<height>416</height>
		<depth>3</depth>
	</size>
	<segmented>0</segmented>
	<object>
		<name>auto</name>
		<pose>Unspecified</pose>
		<truncated>0</truncated>
		<difficult>0</difficult>
		<occluded>0</occluded>
		<bndbox>
			<xmin>196</xmin>
			<xmax>263</xmax>
			<ymin>240</ymin>
			<ymax>342</ymax>
		</bndbox>
	</object>
	<object>
		<name>auto</name>
		<pose>Unspecified</pose>
		<truncated>0</truncated>
		<difficult>0</difficult>
		<occluded>0</occluded>
		<bndbox>
			<xmin>67</xmin>
			<xmax>144</xmax>
			<ymin>254</ymin>
			<ymax>371</ymax>
		</bndbox>
	</object>
	<object>
		<name>bus</name>
		<pose>Unspecified</pose>
		<truncated>0</truncated>
		<difficult>0</difficult>
		<occluded>0</occluded>
		<bndbox>
			<xmin>147</xmin>
			<xmax>235</xmax>
			<ymin>166</ymin>
			<ymax>335</ymax>
		</bndbox>
	</object>
</annotation>
