<annotation>
	<folder></folder>
	<filename>frame_1937_jpg.rf.25568b35e4463d58741ac5e525939e3f.jpg</filename>
	<path>frame_1937_jpg.rf.25568b35e4463d58741ac5e525939e3f.jpg</path>
	<source>
		<database>roboflow.ai</database>
	</source>
	<size>
		<width>416</width>
		<height>416</height>
		<depth>3</depth>
	</size>
	<segmented>0</segmented>
	<object>
		<name>motorbike</name>
		<pose>Unspecified</pose>
		<truncated>0</truncated>
		<difficult>0</difficult>
		<occluded>0</occluded>
		<bndbox>
			<xmin>41</xmin>
			<xmax>112</xmax>
			<ymin>147</ymin>
			<ymax>317</ymax>
		</bndbox>
	</object>
	<object>
		<name>auto</name>
		<pose>Unspecified</pose>
		<truncated>0</truncated>
		<difficult>0</difficult>
		<occluded>0</occluded>
		<bndbox>
			<xmin>72</xmin>
			<xmax>325</xmax>
			<ymin>34</ymin>
			<ymax>402</ymax>
		</bndbox>
	</object>
</annotation>
