<annotation>
	<folder></folder>
	<filename>frame_1423_jpg.rf.7e9fbd8880e39e819b56c7f948e45ecb.jpg</filename>
	<path>frame_1423_jpg.rf.7e9fbd8880e39e819b56c7f948e45ecb.jpg</path>
	<source>
		<database>roboflow.ai</database>
	</source>
	<size>
		<width>416</width>
		<height>416</height>
		<depth>3</depth>
	</size>
	<segmented>0</segmented>
	<object>
		<name>auto</name>
		<pose>Unspecified</pose>
		<truncated>0</truncated>
		<difficult>0</difficult>
		<occluded>0</occluded>
		<bndbox>
			<xmin>3</xmin>
			<xmax>208</xmax>
			<ymin>75</ymin>
			<ymax>400</ymax>
		</bndbox>
	</object>
	<object>
		<name>auto</name>
		<pose>Unspecified</pose>
		<truncated>0</truncated>
		<difficult>0</difficult>
		<occluded>0</occluded>
		<bndbox>
			<xmin>326</xmin>
			<xmax>415</xmax>
			<ymin>32</ymin>
			<ymax>266</ymax>
		</bndbox>
	</object>
	<object>
		<name>auto</name>
		<pose>Unspecified</pose>
		<truncated>0</truncated>
		<difficult>0</difficult>
		<occluded>0</occluded>
		<bndbox>
			<xmin>239</xmin>
			<xmax>313</xmax>
			<ymin>48</ymin>
			<ymax>308</ymax>
		</bndbox>
	</object>
</annotation>
