<annotation>
	<folder></folder>
	<filename>frame_1982_jpg.rf.cc5b46ef5e249aa47f812db215a63077.jpg</filename>
	<path>frame_1982_jpg.rf.cc5b46ef5e249aa47f812db215a63077.jpg</path>
	<source>
		<database>roboflow.ai</database>
	</source>
	<size>
		<width>416</width>
		<height>416</height>
		<depth>3</depth>
	</size>
	<segmented>0</segmented>
	<object>
		<name>motorbike</name>
		<pose>Unspecified</pose>
		<truncated>0</truncated>
		<difficult>0</difficult>
		<occluded>0</occluded>
		<bndbox>
			<xmin>271</xmin>
			<xmax>346</xmax>
			<ymin>257</ymin>
			<ymax>409</ymax>
		</bndbox>
	</object>
	<object>
		<name>auto</name>
		<pose>Unspecified</pose>
		<truncated>0</truncated>
		<difficult>0</difficult>
		<occluded>0</occluded>
		<bndbox>
			<xmin>132</xmin>
			<xmax>266</xmax>
			<ymin>168</ymin>
			<ymax>381</ymax>
		</bndbox>
	</object>
</annotation>
