<annotation>
	<folder></folder>
	<filename>frame_1983_jpg.rf.c7bc798a8ff23d388dfde8076f395fe4.jpg</filename>
	<path>frame_1983_jpg.rf.c7bc798a8ff23d388dfde8076f395fe4.jpg</path>
	<source>
		<database>roboflow.ai</database>
	</source>
	<size>
		<width>416</width>
		<height>416</height>
		<depth>3</depth>
	</size>
	<segmented>0</segmented>
	<object>
		<name>auto</name>
		<pose>Unspecified</pose>
		<truncated>0</truncated>
		<difficult>0</difficult>
		<occluded>0</occluded>
		<bndbox>
			<xmin>83</xmin>
			<xmax>345</xmax>
			<ymin>62</ymin>
			<ymax>415</ymax>
		</bndbox>
	</object>
	<object>
		<name>auto</name>
		<pose>Unspecified</pose>
		<truncated>0</truncated>
		<difficult>0</difficult>
		<occluded>0</occluded>
		<bndbox>
			<xmin>325</xmin>
			<xmax>402</xmax>
			<ymin>172</ymin>
			<ymax>278</ymax>
		</bndbox>
	</object>
</annotation>
