<annotation>
	<folder></folder>
	<filename>frame_2021_jpg.rf.8d7209e6c1ce9b3ab433184a509efcf0.jpg</filename>
	<path>frame_2021_jpg.rf.8d7209e6c1ce9b3ab433184a509efcf0.jpg</path>
	<source>
		<database>roboflow.ai</database>
	</source>
	<size>
		<width>416</width>
		<height>416</height>
		<depth>3</depth>
	</size>
	<segmented>0</segmented>
	<object>
		<name>auto</name>
		<pose>Unspecified</pose>
		<truncated>0</truncated>
		<difficult>0</difficult>
		<occluded>0</occluded>
		<bndbox>
			<xmin>66</xmin>
			<xmax>371</xmax>
			<ymin>124</ymin>
			<ymax>415</ymax>
		</bndbox>
	</object>
</annotation>
