<annotation>
	<folder></folder>
	<filename>frame_2041_jpg.rf.f47c5cb14e2ca7d26a7e05b88396d08e.jpg</filename>
	<path>frame_2041_jpg.rf.f47c5cb14e2ca7d26a7e05b88396d08e.jpg</path>
	<source>
		<database>roboflow.ai</database>
	</source>
	<size>
		<width>416</width>
		<height>416</height>
		<depth>3</depth>
	</size>
	<segmented>0</segmented>
	<object>
		<name>auto</name>
		<pose>Unspecified</pose>
		<truncated>0</truncated>
		<difficult>0</difficult>
		<occluded>0</occluded>
		<bndbox>
			<xmin>42</xmin>
			<xmax>415</xmax>
			<ymin>5</ymin>
			<ymax>415</ymax>
		</bndbox>
	</object>
</annotation>
