<annotation>
	<folder></folder>
	<filename>frame_1980_jpg.rf.0724521165de1b2991790b670819cc88.jpg</filename>
	<path>frame_1980_jpg.rf.0724521165de1b2991790b670819cc88.jpg</path>
	<source>
		<database>roboflow.ai</database>
	</source>
	<size>
		<width>416</width>
		<height>416</height>
		<depth>3</depth>
	</size>
	<segmented>0</segmented>
	<object>
		<name>auto</name>
		<pose>Unspecified</pose>
		<truncated>0</truncated>
		<difficult>0</difficult>
		<occluded>0</occluded>
		<bndbox>
			<xmin>30</xmin>
			<xmax>357</xmax>
			<ymin>54</ymin>
			<ymax>391</ymax>
		</bndbox>
	</object>
</annotation>
