<annotation>
	<folder></folder>
	<filename>frame_1425_jpg.rf.5279af34b3826395c98db2828ae7cc13.jpg</filename>
	<path>frame_1425_jpg.rf.5279af34b3826395c98db2828ae7cc13.jpg</path>
	<source>
		<database>roboflow.ai</database>
	</source>
	<size>
		<width>416</width>
		<height>416</height>
		<depth>3</depth>
	</size>
	<segmented>0</segmented>
	<object>
		<name>auto</name>
		<pose>Unspecified</pose>
		<truncated>0</truncated>
		<difficult>0</difficult>
		<occluded>0</occluded>
		<bndbox>
			<xmin>7</xmin>
			<xmax>138</xmax>
			<ymin>67</ymin>
			<ymax>240</ymax>
		</bndbox>
	</object>
	<object>
		<name>auto</name>
		<pose>Unspecified</pose>
		<truncated>0</truncated>
		<difficult>0</difficult>
		<occluded>0</occluded>
		<bndbox>
			<xmin>97</xmin>
			<xmax>335</xmax>
			<ymin>28</ymin>
			<ymax>336</ymax>
		</bndbox>
	</object>
	<object>
		<name>auto</name>
		<pose>Unspecified</pose>
		<truncated>0</truncated>
		<difficult>0</difficult>
		<occluded>0</occluded>
		<bndbox>
			<xmin>323</xmin>
			<xmax>415</xmax>
			<ymin>57</ymin>
			<ymax>350</ymax>
		</bndbox>
	</object>
</annotation>
