<annotation>
	<folder></folder>
	<filename>frame_1993_jpg.rf.99d382f185f52171d13c2dbdf3fc2521.jpg</filename>
	<path>frame_1993_jpg.rf.99d382f185f52171d13c2dbdf3fc2521.jpg</path>
	<source>
		<database>roboflow.ai</database>
	</source>
	<size>
		<width>416</width>
		<height>416</height>
		<depth>3</depth>
	</size>
	<segmented>0</segmented>
	<object>
		<name>auto</name>
		<pose>Unspecified</pose>
		<truncated>0</truncated>
		<difficult>0</difficult>
		<occluded>0</occluded>
		<bndbox>
			<xmin>193</xmin>
			<xmax>261</xmax>
			<ymin>245</ymin>
			<ymax>341</ymax>
		</bndbox>
	</object>
	<object>
		<name>auto</name>
		<pose>Unspecified</pose>
		<truncated>0</truncated>
		<difficult>0</difficult>
		<occluded>0</occluded>
		<bndbox>
			<xmin>64</xmin>
			<xmax>142</xmax>
			<ymin>252</ymin>
			<ymax>362</ymax>
		</bndbox>
	</object>
	<object>
		<name>bus</name>
		<pose>Unspecified</pose>
		<truncated>0</truncated>
		<difficult>0</difficult>
		<occluded>0</occluded>
		<bndbox>
			<xmin>145</xmin>
			<xmax>235</xmax>
			<ymin>170</ymin>
			<ymax>329</ymax>
		</bndbox>
	</object>
</annotation>
