<annotation>
	<folder></folder>
	<filename>frame_2035_jpg.rf.2fca9610ba7eb762379be6f55ef919fd.jpg</filename>
	<path>frame_2035_jpg.rf.2fca9610ba7eb762379be6f55ef919fd.jpg</path>
	<source>
		<database>roboflow.ai</database>
	</source>
	<size>
		<width>416</width>
		<height>416</height>
		<depth>3</depth>
	</size>
	<segmented>0</segmented>
	<object>
		<name>auto</name>
		<pose>Unspecified</pose>
		<truncated>0</truncated>
		<difficult>0</difficult>
		<occluded>0</occluded>
		<bndbox>
			<xmin>112</xmin>
			<xmax>414</xmax>
			<ymin>65</ymin>
			<ymax>387</ymax>
		</bndbox>
	</object>
</annotation>
