<annotation>
	<folder></folder>
	<filename>frame_1961_jpg.rf.ce033bf80d6dc3ad886e43079b5a27f8.jpg</filename>
	<path>frame_1961_jpg.rf.ce033bf80d6dc3ad886e43079b5a27f8.jpg</path>
	<source>
		<database>roboflow.ai</database>
	</source>
	<size>
		<width>416</width>
		<height>416</height>
		<depth>3</depth>
	</size>
	<segmented>0</segmented>
	<object>
		<name>auto</name>
		<pose>Unspecified</pose>
		<truncated>0</truncated>
		<difficult>0</difficult>
		<occluded>0</occluded>
		<bndbox>
			<xmin>79</xmin>
			<xmax>352</xmax>
			<ymin>41</ymin>
			<ymax>415</ymax>
		</bndbox>
	</object>
</annotation>
