<annotation>
	<folder></folder>
	<filename>frame_2013_jpg.rf.e2d1abf9c52d5380b07c1e70eb0f4bd2.jpg</filename>
	<path>frame_2013_jpg.rf.e2d1abf9c52d5380b07c1e70eb0f4bd2.jpg</path>
	<source>
		<database>roboflow.ai</database>
	</source>
	<size>
		<width>416</width>
		<height>416</height>
		<depth>3</depth>
	</size>
	<segmented>0</segmented>
	<object>
		<name>auto</name>
		<pose>Unspecified</pose>
		<truncated>0</truncated>
		<difficult>0</difficult>
		<occluded>0</occluded>
		<bndbox>
			<xmin>0</xmin>
			<xmax>158</xmax>
			<ymin>128</ymin>
			<ymax>392</ymax>
		</bndbox>
	</object>
	<object>
		<name>auto</name>
		<pose>Unspecified</pose>
		<truncated>0</truncated>
		<difficult>0</difficult>
		<occluded>0</occluded>
		<bndbox>
			<xmin>118</xmin>
			<xmax>295</xmax>
			<ymin>139</ymin>
			<ymax>401</ymax>
		</bndbox>
	</object>
	<object>
		<name>auto</name>
		<pose>Unspecified</pose>
		<truncated>0</truncated>
		<difficult>0</difficult>
		<occluded>0</occluded>
		<bndbox>
			<xmin>266</xmin>
			<xmax>415</xmax>
			<ymin>169</ymin>
			<ymax>415</ymax>
		</bndbox>
	</object>
</annotation>
