<annotation>
	<folder></folder>
	<filename>frame_1947_jpg.rf.e22cdbdc5c2347a3cc3f344ddd29fdcc.jpg</filename>
	<path>frame_1947_jpg.rf.e22cdbdc5c2347a3cc3f344ddd29fdcc.jpg</path>
	<source>
		<database>roboflow.ai</database>
	</source>
	<size>
		<width>416</width>
		<height>416</height>
		<depth>3</depth>
	</size>
	<segmented>0</segmented>
	<object>
		<name>auto</name>
		<pose>Unspecified</pose>
		<truncated>0</truncated>
		<difficult>0</difficult>
		<occluded>0</occluded>
		<bndbox>
			<xmin>0</xmin>
			<xmax>363</xmax>
			<ymin>123</ymin>
			<ymax>396</ymax>
		</bndbox>
	</object>
</annotation>
