<annotation>
	<folder></folder>
	<filename>frame_1992_jpg.rf.5a77b8dc7327f5cf6deda028a0f9a0bc.jpg</filename>
	<path>frame_1992_jpg.rf.5a77b8dc7327f5cf6deda028a0f9a0bc.jpg</path>
	<source>
		<database>roboflow.ai</database>
	</source>
	<size>
		<width>416</width>
		<height>416</height>
		<depth>3</depth>
	</size>
	<segmented>0</segmented>
	<object>
		<name>auto</name>
		<pose>Unspecified</pose>
		<truncated>0</truncated>
		<difficult>0</difficult>
		<occluded>0</occluded>
		<bndbox>
			<xmin>245</xmin>
			<xmax>415</xmax>
			<ymin>98</ymin>
			<ymax>343</ymax>
		</bndbox>
	</object>
	<object>
		<name>van</name>
		<pose>Unspecified</pose>
		<truncated>0</truncated>
		<difficult>0</difficult>
		<occluded>0</occluded>
		<bndbox>
			<xmin>91</xmin>
			<xmax>212</xmax>
			<ymin>72</ymin>
			<ymax>199</ymax>
		</bndbox>
	</object>
</annotation>
