<annotation>
	<folder></folder>
	<filename>frame_1930_jpg.rf.ddc6c6effeaf2fd069f39c67d8e8715c.jpg</filename>
	<path>frame_1930_jpg.rf.ddc6c6effeaf2fd069f39c67d8e8715c.jpg</path>
	<source>
		<database>roboflow.ai</database>
	</source>
	<size>
		<width>416</width>
		<height>416</height>
		<depth>3</depth>
	</size>
	<segmented>0</segmented>
	<object>
		<name>auto</name>
		<pose>Unspecified</pose>
		<truncated>0</truncated>
		<difficult>0</difficult>
		<occluded>0</occluded>
		<bndbox>
			<xmin>205</xmin>
			<xmax>245</xmax>
			<ymin>21</ymin>
			<ymax>111</ymax>
		</bndbox>
	</object>
</annotation>
