<annotation>
	<folder></folder>
	<filename>frame_2021_jpg.rf.fd34a81b654198c3d7ed399319887848.jpg</filename>
	<path>frame_2021_jpg.rf.fd34a81b654198c3d7ed399319887848.jpg</path>
	<source>
		<database>roboflow.ai</database>
	</source>
	<size>
		<width>416</width>
		<height>416</height>
		<depth>3</depth>
	</size>
	<segmented>0</segmented>
	<object>
		<name>auto</name>
		<pose>Unspecified</pose>
		<truncated>0</truncated>
		<difficult>0</difficult>
		<occluded>0</occluded>
		<bndbox>
			<xmin>71</xmin>
			<xmax>349</xmax>
			<ymin>150</ymin>
			<ymax>402</ymax>
		</bndbox>
	</object>
</annotation>
