<annotation>
	<folder></folder>
	<filename>frame_1973_jpg.rf.968fddbf9f7fdff510ac7b2baca12f9d.jpg</filename>
	<path>frame_1973_jpg.rf.968fddbf9f7fdff510ac7b2baca12f9d.jpg</path>
	<source>
		<database>roboflow.ai</database>
	</source>
	<size>
		<width>416</width>
		<height>416</height>
		<depth>3</depth>
	</size>
	<segmented>0</segmented>
	<object>
		<name>auto</name>
		<pose>Unspecified</pose>
		<truncated>0</truncated>
		<difficult>0</difficult>
		<occluded>0</occluded>
		<bndbox>
			<xmin>164</xmin>
			<xmax>350</xmax>
			<ymin>80</ymin>
			<ymax>413</ymax>
		</bndbox>
	</object>
	<object>
		<name>auto</name>
		<pose>Unspecified</pose>
		<truncated>0</truncated>
		<difficult>0</difficult>
		<occluded>0</occluded>
		<bndbox>
			<xmin>3</xmin>
			<xmax>189</xmax>
			<ymin>74</ymin>
			<ymax>407</ymax>
		</bndbox>
	</object>
</annotation>
