<annotation>
	<folder></folder>
	<filename>frame_1425_jpg.rf.5c2238b7d3d3cf134441f886ec8b8f2b.jpg</filename>
	<path>frame_1425_jpg.rf.5c2238b7d3d3cf134441f886ec8b8f2b.jpg</path>
	<source>
		<database>roboflow.ai</database>
	</source>
	<size>
		<width>416</width>
		<height>416</height>
		<depth>3</depth>
	</size>
	<segmented>0</segmented>
	<object>
		<name>auto</name>
		<pose>Unspecified</pose>
		<truncated>0</truncated>
		<difficult>0</difficult>
		<occluded>0</occluded>
		<bndbox>
			<xmin>277</xmin>
			<xmax>398</xmax>
			<ymin>62</ymin>
			<ymax>216</ymax>
		</bndbox>
	</object>
	<object>
		<name>auto</name>
		<pose>Unspecified</pose>
		<truncated>0</truncated>
		<difficult>0</difficult>
		<occluded>0</occluded>
		<bndbox>
			<xmin>83</xmin>
			<xmax>303</xmax>
			<ymin>47</ymin>
			<ymax>321</ymax>
		</bndbox>
	</object>
	<object>
		<name>auto</name>
		<pose>Unspecified</pose>
		<truncated>0</truncated>
		<difficult>0</difficult>
		<occluded>0</occluded>
		<bndbox>
			<xmin>0</xmin>
			<xmax>78</xmax>
			<ymin>91</ymin>
			<ymax>359</ymax>
		</bndbox>
	</object>
</annotation>
