<annotation>
	<folder></folder>
	<filename>frame_1966_jpg.rf.53a0f69929291e6e74f8b65acf2aa3d4.jpg</filename>
	<path>frame_1966_jpg.rf.53a0f69929291e6e74f8b65acf2aa3d4.jpg</path>
	<source>
		<database>roboflow.ai</database>
	</source>
	<size>
		<width>416</width>
		<height>416</height>
		<depth>3</depth>
	</size>
	<segmented>0</segmented>
	<object>
		<name>auto</name>
		<pose>Unspecified</pose>
		<truncated>0</truncated>
		<difficult>0</difficult>
		<occluded>0</occluded>
		<bndbox>
			<xmin>27</xmin>
			<xmax>263</xmax>
			<ymin>129</ymin>
			<ymax>401</ymax>
		</bndbox>
	</object>
</annotation>
