<annotation>
	<folder></folder>
	<filename>frame_1961_jpg.rf.81f787c8d263c2e8a7ab36c7963ac9ed.jpg</filename>
	<path>frame_1961_jpg.rf.81f787c8d263c2e8a7ab36c7963ac9ed.jpg</path>
	<source>
		<database>roboflow.ai</database>
	</source>
	<size>
		<width>416</width>
		<height>416</height>
		<depth>3</depth>
	</size>
	<segmented>0</segmented>
	<object>
		<name>auto</name>
		<pose>Unspecified</pose>
		<truncated>0</truncated>
		<difficult>0</difficult>
		<occluded>0</occluded>
		<bndbox>
			<xmin>70</xmin>
			<xmax>375</xmax>
			<ymin>36</ymin>
			<ymax>415</ymax>
		</bndbox>
	</object>
</annotation>
