<annotation>
	<folder></folder>
	<filename>frame_1953_jpg.rf.1bd4f21c56049636451d5b03b6042723.jpg</filename>
	<path>frame_1953_jpg.rf.1bd4f21c56049636451d5b03b6042723.jpg</path>
	<source>
		<database>roboflow.ai</database>
	</source>
	<size>
		<width>416</width>
		<height>416</height>
		<depth>3</depth>
	</size>
	<segmented>0</segmented>
	<object>
		<name>auto</name>
		<pose>Unspecified</pose>
		<truncated>0</truncated>
		<difficult>0</difficult>
		<occluded>0</occluded>
		<bndbox>
			<xmin>121</xmin>
			<xmax>303</xmax>
			<ymin>28</ymin>
			<ymax>325</ymax>
		</bndbox>
	</object>
	<object>
		<name>auto</name>
		<pose>Unspecified</pose>
		<truncated>0</truncated>
		<difficult>0</difficult>
		<occluded>0</occluded>
		<bndbox>
			<xmin>251</xmin>
			<xmax>415</xmax>
			<ymin>0</ymin>
			<ymax>413</ymax>
		</bndbox>
	</object>
</annotation>
