<annotation>
	<folder></folder>
	<filename>frame_2028_jpg.rf.8ddd61ffb8f49ef7e0a72f0d92acb38f.jpg</filename>
	<path>frame_2028_jpg.rf.8ddd61ffb8f49ef7e0a72f0d92acb38f.jpg</path>
	<source>
		<database>roboflow.ai</database>
	</source>
	<size>
		<width>416</width>
		<height>416</height>
		<depth>3</depth>
	</size>
	<segmented>0</segmented>
	<object>
		<name>auto</name>
		<pose>Unspecified</pose>
		<truncated>0</truncated>
		<difficult>0</difficult>
		<occluded>0</occluded>
		<bndbox>
			<xmin>0</xmin>
			<xmax>284</xmax>
			<ymin>87</ymin>
			<ymax>407</ymax>
		</bndbox>
	</object>
</annotation>
