<annotation>
	<folder></folder>
	<filename>frame_1983_jpg.rf.b0cfdca739592275bbc646d62b149174.jpg</filename>
	<path>frame_1983_jpg.rf.b0cfdca739592275bbc646d62b149174.jpg</path>
	<source>
		<database>roboflow.ai</database>
	</source>
	<size>
		<width>416</width>
		<height>416</height>
		<depth>3</depth>
	</size>
	<segmented>0</segmented>
	<object>
		<name>auto</name>
		<pose>Unspecified</pose>
		<truncated>0</truncated>
		<difficult>0</difficult>
		<occluded>0</occluded>
		<bndbox>
			<xmin>106</xmin>
			<xmax>297</xmax>
			<ymin>79</ymin>
			<ymax>415</ymax>
		</bndbox>
	</object>
	<object>
		<name>auto</name>
		<pose>Unspecified</pose>
		<truncated>0</truncated>
		<difficult>0</difficult>
		<occluded>0</occluded>
		<bndbox>
			<xmin>332</xmin>
			<xmax>390</xmax>
			<ymin>157</ymin>
			<ymax>252</ymax>
		</bndbox>
	</object>
</annotation>
