<annotation>
	<folder></folder>
	<filename>frame_1988_jpg.rf.dd61a5ca122aaffcde2d94d89511d1c7.jpg</filename>
	<path>frame_1988_jpg.rf.dd61a5ca122aaffcde2d94d89511d1c7.jpg</path>
	<source>
		<database>roboflow.ai</database>
	</source>
	<size>
		<width>416</width>
		<height>416</height>
		<depth>3</depth>
	</size>
	<segmented>0</segmented>
	<object>
		<name>auto</name>
		<pose>Unspecified</pose>
		<truncated>0</truncated>
		<difficult>0</difficult>
		<occluded>0</occluded>
		<bndbox>
			<xmin>23</xmin>
			<xmax>134</xmax>
			<ymin>202</ymin>
			<ymax>389</ymax>
		</bndbox>
	</object>
</annotation>
