<annotation>
	<folder></folder>
	<filename>frame_1423_jpg.rf.3acf5bab61a85073c0d60cd8f308157a.jpg</filename>
	<path>frame_1423_jpg.rf.3acf5bab61a85073c0d60cd8f308157a.jpg</path>
	<source>
		<database>roboflow.ai</database>
	</source>
	<size>
		<width>416</width>
		<height>416</height>
		<depth>3</depth>
	</size>
	<segmented>0</segmented>
	<object>
		<name>auto</name>
		<pose>Unspecified</pose>
		<truncated>0</truncated>
		<difficult>0</difficult>
		<occluded>0</occluded>
		<bndbox>
			<xmin>16</xmin>
			<xmax>201</xmax>
			<ymin>32</ymin>
			<ymax>373</ymax>
		</bndbox>
	</object>
	<object>
		<name>auto</name>
		<pose>Unspecified</pose>
		<truncated>0</truncated>
		<difficult>0</difficult>
		<occluded>0</occluded>
		<bndbox>
			<xmin>322</xmin>
			<xmax>403</xmax>
			<ymin>81</ymin>
			<ymax>326</ymax>
		</bndbox>
	</object>
	<object>
		<name>auto</name>
		<pose>Unspecified</pose>
		<truncated>0</truncated>
		<difficult>0</difficult>
		<occluded>0</occluded>
		<bndbox>
			<xmin>238</xmin>
			<xmax>302</xmax>
			<ymin>63</ymin>
			<ymax>337</ymax>
		</bndbox>
	</object>
</annotation>
