<annotation>
	<folder></folder>
	<filename>frame_1961_jpg.rf.de59e7988d374b5e6f997399961ed08a.jpg</filename>
	<path>frame_1961_jpg.rf.de59e7988d374b5e6f997399961ed08a.jpg</path>
	<source>
		<database>roboflow.ai</database>
	</source>
	<size>
		<width>416</width>
		<height>416</height>
		<depth>3</depth>
	</size>
	<segmented>0</segmented>
	<object>
		<name>auto</name>
		<pose>Unspecified</pose>
		<truncated>0</truncated>
		<difficult>0</difficult>
		<occluded>0</occluded>
		<bndbox>
			<xmin>87</xmin>
			<xmax>347</xmax>
			<ymin>66</ymin>
			<ymax>410</ymax>
		</bndbox>
	</object>
</annotation>
