<annotation>
	<folder></folder>
	<filename>frame_1931_jpg.rf.a6c1bfe5879c81f8ae1d028fb53cc2e5.jpg</filename>
	<path>frame_1931_jpg.rf.a6c1bfe5879c81f8ae1d028fb53cc2e5.jpg</path>
	<source>
		<database>roboflow.ai</database>
	</source>
	<size>
		<width>416</width>
		<height>416</height>
		<depth>3</depth>
	</size>
	<segmented>0</segmented>
	<object>
		<name>auto</name>
		<pose>Unspecified</pose>
		<truncated>0</truncated>
		<difficult>0</difficult>
		<occluded>0</occluded>
		<bndbox>
			<xmin>0</xmin>
			<xmax>415</xmax>
			<ymin>21</ymin>
			<ymax>415</ymax>
		</bndbox>
	</object>
</annotation>
