<annotation>
	<folder></folder>
	<filename>frame_2026_jpg.rf.6a78026d29f99e2d24a3e722f5d2318e.jpg</filename>
	<path>frame_2026_jpg.rf.6a78026d29f99e2d24a3e722f5d2318e.jpg</path>
	<source>
		<database>roboflow.ai</database>
	</source>
	<size>
		<width>416</width>
		<height>416</height>
		<depth>3</depth>
	</size>
	<segmented>0</segmented>
	<object>
		<name>auto</name>
		<pose>Unspecified</pose>
		<truncated>0</truncated>
		<difficult>0</difficult>
		<occluded>0</occluded>
		<bndbox>
			<xmin>144</xmin>
			<xmax>385</xmax>
			<ymin>50</ymin>
			<ymax>407</ymax>
		</bndbox>
	</object>
</annotation>
