<annotation>
	<folder></folder>
	<filename>frame_1965_jpg.rf.f336a5262bf2f0cf64ed5c813f15f298.jpg</filename>
	<path>frame_1965_jpg.rf.f336a5262bf2f0cf64ed5c813f15f298.jpg</path>
	<source>
		<database>roboflow.ai</database>
	</source>
	<size>
		<width>416</width>
		<height>416</height>
		<depth>3</depth>
	</size>
	<segmented>0</segmented>
	<object>
		<name>auto</name>
		<pose>Unspecified</pose>
		<truncated>0</truncated>
		<difficult>0</difficult>
		<occluded>0</occluded>
		<bndbox>
			<xmin>170</xmin>
			<xmax>391</xmax>
			<ymin>15</ymin>
			<ymax>410</ymax>
		</bndbox>
	</object>
</annotation>
