<annotation>
	<folder></folder>
	<filename>frame_1979_jpg.rf.a40b6d60af00575e3dd5117d65c0d6f0.jpg</filename>
	<path>frame_1979_jpg.rf.a40b6d60af00575e3dd5117d65c0d6f0.jpg</path>
	<source>
		<database>roboflow.ai</database>
	</source>
	<size>
		<width>416</width>
		<height>416</height>
		<depth>3</depth>
	</size>
	<segmented>0</segmented>
	<object>
		<name>auto</name>
		<pose>Unspecified</pose>
		<truncated>0</truncated>
		<difficult>0</difficult>
		<occluded>0</occluded>
		<bndbox>
			<xmin>174</xmin>
			<xmax>415</xmax>
			<ymin>129</ymin>
			<ymax>378</ymax>
		</bndbox>
	</object>
	<object>
		<name>auto</name>
		<pose>Unspecified</pose>
		<truncated>0</truncated>
		<difficult>0</difficult>
		<occluded>0</occluded>
		<bndbox>
			<xmin>106</xmin>
			<xmax>209</xmax>
			<ymin>150</ymin>
			<ymax>302</ymax>
		</bndbox>
	</object>
	<object>
		<name>auto</name>
		<pose>Unspecified</pose>
		<truncated>0</truncated>
		<difficult>0</difficult>
		<occluded>0</occluded>
		<bndbox>
			<xmin>23</xmin>
			<xmax>117</xmax>
			<ymin>163</ymin>
			<ymax>301</ymax>
		</bndbox>
	</object>
</annotation>
