<annotation>
	<folder></folder>
	<filename>frame_1995_jpg.rf.f42c9051a080d5313ff46c17f1e53231.jpg</filename>
	<path>frame_1995_jpg.rf.f42c9051a080d5313ff46c17f1e53231.jpg</path>
	<source>
		<database>roboflow.ai</database>
	</source>
	<size>
		<width>416</width>
		<height>416</height>
		<depth>3</depth>
	</size>
	<segmented>0</segmented>
	<object>
		<name>auto</name>
		<pose>Unspecified</pose>
		<truncated>0</truncated>
		<difficult>0</difficult>
		<occluded>0</occluded>
		<bndbox>
			<xmin>21</xmin>
			<xmax>83</xmax>
			<ymin>82</ymin>
			<ymax>183</ymax>
		</bndbox>
	</object>
	<object>
		<name>auto</name>
		<pose>Unspecified</pose>
		<truncated>0</truncated>
		<difficult>0</difficult>
		<occluded>0</occluded>
		<bndbox>
			<xmin>120</xmin>
			<xmax>182</xmax>
			<ymin>100</ymin>
			<ymax>196</ymax>
		</bndbox>
	</object>
	<object>
		<name>bus</name>
		<pose>Unspecified</pose>
		<truncated>0</truncated>
		<difficult>0</difficult>
		<occluded>0</occluded>
		<bndbox>
			<xmin>133</xmin>
			<xmax>376</xmax>
			<ymin>24</ymin>
			<ymax>367</ymax>
		</bndbox>
	</object>
</annotation>
