<annotation>
	<folder></folder>
	<filename>frame_1424_jpg.rf.1d97936d0909ed07b116dea44484a367.jpg</filename>
	<path>frame_1424_jpg.rf.1d97936d0909ed07b116dea44484a367.jpg</path>
	<source>
		<database>roboflow.ai</database>
	</source>
	<size>
		<width>416</width>
		<height>416</height>
		<depth>3</depth>
	</size>
	<segmented>0</segmented>
	<object>
		<name>auto</name>
		<pose>Unspecified</pose>
		<truncated>0</truncated>
		<difficult>0</difficult>
		<occluded>0</occluded>
		<bndbox>
			<xmin>347</xmin>
			<xmax>411</xmax>
			<ymin>219</ymin>
			<ymax>342</ymax>
		</bndbox>
	</object>
	<object>
		<name>auto</name>
		<pose>Unspecified</pose>
		<truncated>0</truncated>
		<difficult>0</difficult>
		<occluded>0</occluded>
		<bndbox>
			<xmin>222</xmin>
			<xmax>313</xmax>
			<ymin>234</ymin>
			<ymax>374</ymax>
		</bndbox>
	</object>
	<object>
		<name>auto</name>
		<pose>Unspecified</pose>
		<truncated>0</truncated>
		<difficult>0</difficult>
		<occluded>0</occluded>
		<bndbox>
			<xmin>22</xmin>
			<xmax>195</xmax>
			<ymin>250</ymin>
			<ymax>415</ymax>
		</bndbox>
	</object>
</annotation>
