<annotation>
	<folder></folder>
	<filename>frame_2046_jpg.rf.6a8ed47cb0e65fd9af9569d09f17b128.jpg</filename>
	<path>frame_2046_jpg.rf.6a8ed47cb0e65fd9af9569d09f17b128.jpg</path>
	<source>
		<database>roboflow.ai</database>
	</source>
	<size>
		<width>416</width>
		<height>416</height>
		<depth>3</depth>
	</size>
	<segmented>0</segmented>
	<object>
		<name>auto</name>
		<pose>Unspecified</pose>
		<truncated>0</truncated>
		<difficult>0</difficult>
		<occluded>0</occluded>
		<bndbox>
			<xmin>100</xmin>
			<xmax>315</xmax>
			<ymin>58</ymin>
			<ymax>320</ymax>
		</bndbox>
	</object>
	<object>
		<name>auto</name>
		<pose>Unspecified</pose>
		<truncated>0</truncated>
		<difficult>0</difficult>
		<occluded>0</occluded>
		<bndbox>
			<xmin>275</xmin>
			<xmax>390</xmax>
			<ymin>76</ymin>
			<ymax>270</ymax>
		</bndbox>
	</object>
</annotation>
