<annotation>
	<folder></folder>
	<filename>frame_2029_jpg.rf.8e4e5ce9ac36442192cfb236e0ba05e6.jpg</filename>
	<path>frame_2029_jpg.rf.8e4e5ce9ac36442192cfb236e0ba05e6.jpg</path>
	<source>
		<database>roboflow.ai</database>
	</source>
	<size>
		<width>416</width>
		<height>416</height>
		<depth>3</depth>
	</size>
	<segmented>0</segmented>
	<object>
		<name>auto</name>
		<pose>Unspecified</pose>
		<truncated>0</truncated>
		<difficult>0</difficult>
		<occluded>0</occluded>
		<bndbox>
			<xmin>29</xmin>
			<xmax>358</xmax>
			<ymin>28</ymin>
			<ymax>399</ymax>
		</bndbox>
	</object>
	<object>
		<name>motorbike</name>
		<pose>Unspecified</pose>
		<truncated>0</truncated>
		<difficult>0</difficult>
		<occluded>0</occluded>
		<bndbox>
			<xmin>0</xmin>
			<xmax>57</xmax>
			<ymin>170</ymin>
			<ymax>280</ymax>
		</bndbox>
	</object>
</annotation>
