<annotation>
	<folder></folder>
	<filename>frame_2026_jpg.rf.062ae9502e04c9183afb3fbae25f7e74.jpg</filename>
	<path>frame_2026_jpg.rf.062ae9502e04c9183afb3fbae25f7e74.jpg</path>
	<source>
		<database>roboflow.ai</database>
	</source>
	<size>
		<width>416</width>
		<height>416</height>
		<depth>3</depth>
	</size>
	<segmented>0</segmented>
	<object>
		<name>auto</name>
		<pose>Unspecified</pose>
		<truncated>0</truncated>
		<difficult>0</difficult>
		<occluded>0</occluded>
		<bndbox>
			<xmin>47</xmin>
			<xmax>263</xmax>
			<ymin>33</ymin>
			<ymax>391</ymax>
		</bndbox>
	</object>
</annotation>
