<annotation>
	<folder></folder>
	<filename>frame_2023_jpg.rf.2d67e5201c7146712620c7342a26e9d7.jpg</filename>
	<path>frame_2023_jpg.rf.2d67e5201c7146712620c7342a26e9d7.jpg</path>
	<source>
		<database>roboflow.ai</database>
	</source>
	<size>
		<width>416</width>
		<height>416</height>
		<depth>3</depth>
	</size>
	<segmented>0</segmented>
	<object>
		<name>auto</name>
		<pose>Unspecified</pose>
		<truncated>0</truncated>
		<difficult>0</difficult>
		<occluded>0</occluded>
		<bndbox>
			<xmin>0</xmin>
			<xmax>405</xmax>
			<ymin>68</ymin>
			<ymax>415</ymax>
		</bndbox>
	</object>
</annotation>
