<annotation>
	<folder></folder>
	<filename>frame_1995_jpg.rf.154a935c705a200c6871f1e8b1073165.jpg</filename>
	<path>frame_1995_jpg.rf.154a935c705a200c6871f1e8b1073165.jpg</path>
	<source>
		<database>roboflow.ai</database>
	</source>
	<size>
		<width>416</width>
		<height>416</height>
		<depth>3</depth>
	</size>
	<segmented>0</segmented>
	<object>
		<name>auto</name>
		<pose>Unspecified</pose>
		<truncated>0</truncated>
		<difficult>0</difficult>
		<occluded>0</occluded>
		<bndbox>
			<xmin>333</xmin>
			<xmax>400</xmax>
			<ymin>176</ymin>
			<ymax>285</ymax>
		</bndbox>
	</object>
	<object>
		<name>auto</name>
		<pose>Unspecified</pose>
		<truncated>0</truncated>
		<difficult>0</difficult>
		<occluded>0</occluded>
		<bndbox>
			<xmin>238</xmin>
			<xmax>305</xmax>
			<ymin>133</ymin>
			<ymax>237</ymax>
		</bndbox>
	</object>
	<object>
		<name>bus</name>
		<pose>Unspecified</pose>
		<truncated>0</truncated>
		<difficult>0</difficult>
		<occluded>0</occluded>
		<bndbox>
			<xmin>39</xmin>
			<xmax>293</xmax>
			<ymin>0</ymin>
			<ymax>355</ymax>
		</bndbox>
	</object>
</annotation>
