<annotation>
	<folder></folder>
	<filename>frame_1953_jpg.rf.e76d1a4d0a9571947ed156b41a785752.jpg</filename>
	<path>frame_1953_jpg.rf.e76d1a4d0a9571947ed156b41a785752.jpg</path>
	<source>
		<database>roboflow.ai</database>
	</source>
	<size>
		<width>416</width>
		<height>416</height>
		<depth>3</depth>
	</size>
	<segmented>0</segmented>
	<object>
		<name>auto</name>
		<pose>Unspecified</pose>
		<truncated>0</truncated>
		<difficult>0</difficult>
		<occluded>0</occluded>
		<bndbox>
			<xmin>134</xmin>
			<xmax>274</xmax>
			<ymin>49</ymin>
			<ymax>303</ymax>
		</bndbox>
	</object>
	<object>
		<name>auto</name>
		<pose>Unspecified</pose>
		<truncated>0</truncated>
		<difficult>0</difficult>
		<occluded>0</occluded>
		<bndbox>
			<xmin>274</xmin>
			<xmax>415</xmax>
			<ymin>13</ymin>
			<ymax>402</ymax>
		</bndbox>
	</object>
</annotation>
