<annotation>
	<folder></folder>
	<filename>frame_1998_jpg.rf.358d8945263e72e3debf77c6dfd56420.jpg</filename>
	<path>frame_1998_jpg.rf.358d8945263e72e3debf77c6dfd56420.jpg</path>
	<source>
		<database>roboflow.ai</database>
	</source>
	<size>
		<width>416</width>
		<height>416</height>
		<depth>3</depth>
	</size>
	<segmented>0</segmented>
	<object>
		<name>auto</name>
		<pose>Unspecified</pose>
		<truncated>0</truncated>
		<difficult>0</difficult>
		<occluded>0</occluded>
		<bndbox>
			<xmin>148</xmin>
			<xmax>388</xmax>
			<ymin>60</ymin>
			<ymax>415</ymax>
		</bndbox>
	</object>
</annotation>
