<annotation>
	<folder></folder>
	<filename>frame_1420_jpg.rf.174655cfef022507f9f3842eff7cd08b.jpg</filename>
	<path>frame_1420_jpg.rf.174655cfef022507f9f3842eff7cd08b.jpg</path>
	<source>
		<database>roboflow.ai</database>
	</source>
	<size>
		<width>416</width>
		<height>416</height>
		<depth>3</depth>
	</size>
	<segmented>0</segmented>
	<object>
		<name>auto</name>
		<pose>Unspecified</pose>
		<truncated>0</truncated>
		<difficult>0</difficult>
		<occluded>0</occluded>
		<bndbox>
			<xmin>61</xmin>
			<xmax>415</xmax>
			<ymin>31</ymin>
			<ymax>415</ymax>
		</bndbox>
	</object>
</annotation>
