<annotation>
	<folder></folder>
	<filename>frame_2030_jpg.rf.f2cafc8e97146b5f7ae1b44a12621cb3.jpg</filename>
	<path>frame_2030_jpg.rf.f2cafc8e97146b5f7ae1b44a12621cb3.jpg</path>
	<source>
		<database>roboflow.ai</database>
	</source>
	<size>
		<width>416</width>
		<height>416</height>
		<depth>3</depth>
	</size>
	<segmented>0</segmented>
	<object>
		<name>auto</name>
		<pose>Unspecified</pose>
		<truncated>0</truncated>
		<difficult>0</difficult>
		<occluded>0</occluded>
		<bndbox>
			<xmin>71</xmin>
			<xmax>415</xmax>
			<ymin>120</ymin>
			<ymax>415</ymax>
		</bndbox>
	</object>
</annotation>
