<annotation>
	<folder></folder>
	<filename>frame_1425_jpg.rf.5b3ea020c8b44b811983c5fd071c8200.jpg</filename>
	<path>frame_1425_jpg.rf.5b3ea020c8b44b811983c5fd071c8200.jpg</path>
	<source>
		<database>roboflow.ai</database>
	</source>
	<size>
		<width>416</width>
		<height>416</height>
		<depth>3</depth>
	</size>
	<segmented>0</segmented>
	<object>
		<name>auto</name>
		<pose>Unspecified</pose>
		<truncated>0</truncated>
		<difficult>0</difficult>
		<occluded>0</occluded>
		<bndbox>
			<xmin>282</xmin>
			<xmax>401</xmax>
			<ymin>48</ymin>
			<ymax>227</ymax>
		</bndbox>
	</object>
	<object>
		<name>auto</name>
		<pose>Unspecified</pose>
		<truncated>0</truncated>
		<difficult>0</difficult>
		<occluded>0</occluded>
		<bndbox>
			<xmin>89</xmin>
			<xmax>305</xmax>
			<ymin>25</ymin>
			<ymax>342</ymax>
		</bndbox>
	</object>
	<object>
		<name>auto</name>
		<pose>Unspecified</pose>
		<truncated>0</truncated>
		<difficult>0</difficult>
		<occluded>0</occluded>
		<bndbox>
			<xmin>0</xmin>
			<xmax>83</xmax>
			<ymin>69</ymin>
			<ymax>378</ymax>
		</bndbox>
	</object>
</annotation>
