<annotation>
	<folder></folder>
	<filename>frame_2027_jpg.rf.2ad7967e77cddbb937fda8aefd009bd9.jpg</filename>
	<path>frame_2027_jpg.rf.2ad7967e77cddbb937fda8aefd009bd9.jpg</path>
	<source>
		<database>roboflow.ai</database>
	</source>
	<size>
		<width>416</width>
		<height>416</height>
		<depth>3</depth>
	</size>
	<segmented>0</segmented>
	<object>
		<name>auto</name>
		<pose>Unspecified</pose>
		<truncated>0</truncated>
		<difficult>0</difficult>
		<occluded>0</occluded>
		<bndbox>
			<xmin>117</xmin>
			<xmax>220</xmax>
			<ymin>273</ymin>
			<ymax>379</ymax>
		</bndbox>
	</object>
</annotation>
