<annotation>
	<folder></folder>
	<filename>frame_1953_jpg.rf.e83462f4f456930447b900c7b17b3531.jpg</filename>
	<path>frame_1953_jpg.rf.e83462f4f456930447b900c7b17b3531.jpg</path>
	<source>
		<database>roboflow.ai</database>
	</source>
	<size>
		<width>416</width>
		<height>416</height>
		<depth>3</depth>
	</size>
	<segmented>0</segmented>
	<object>
		<name>auto</name>
		<pose>Unspecified</pose>
		<truncated>0</truncated>
		<difficult>0</difficult>
		<occluded>0</occluded>
		<bndbox>
			<xmin>117</xmin>
			<xmax>308</xmax>
			<ymin>43</ymin>
			<ymax>309</ymax>
		</bndbox>
	</object>
	<object>
		<name>auto</name>
		<pose>Unspecified</pose>
		<truncated>0</truncated>
		<difficult>0</difficult>
		<occluded>0</occluded>
		<bndbox>
			<xmin>240</xmin>
			<xmax>415</xmax>
			<ymin>15</ymin>
			<ymax>415</ymax>
		</bndbox>
	</object>
</annotation>
