<annotation>
	<folder></folder>
	<filename>frame_1983_jpg.rf.39d7d1ef439f2ff2bb807821dcaa3156.jpg</filename>
	<path>frame_1983_jpg.rf.39d7d1ef439f2ff2bb807821dcaa3156.jpg</path>
	<source>
		<database>roboflow.ai</database>
	</source>
	<size>
		<width>416</width>
		<height>416</height>
		<depth>3</depth>
	</size>
	<segmented>0</segmented>
	<object>
		<name>auto</name>
		<pose>Unspecified</pose>
		<truncated>0</truncated>
		<difficult>0</difficult>
		<occluded>0</occluded>
		<bndbox>
			<xmin>72</xmin>
			<xmax>311</xmax>
			<ymin>66</ymin>
			<ymax>415</ymax>
		</bndbox>
	</object>
	<object>
		<name>auto</name>
		<pose>Unspecified</pose>
		<truncated>0</truncated>
		<difficult>0</difficult>
		<occluded>0</occluded>
		<bndbox>
			<xmin>317</xmin>
			<xmax>388</xmax>
			<ymin>181</ymin>
			<ymax>284</ymax>
		</bndbox>
	</object>
</annotation>
