<annotation>
	<folder></folder>
	<filename>frame_1994_jpg.rf.682c623d310c7caf8aa4a4295f92847c.jpg</filename>
	<path>frame_1994_jpg.rf.682c623d310c7caf8aa4a4295f92847c.jpg</path>
	<source>
		<database>roboflow.ai</database>
	</source>
	<size>
		<width>416</width>
		<height>416</height>
		<depth>3</depth>
	</size>
	<segmented>0</segmented>
	<object>
		<name>auto</name>
		<pose>Unspecified</pose>
		<truncated>0</truncated>
		<difficult>0</difficult>
		<occluded>0</occluded>
		<bndbox>
			<xmin>0</xmin>
			<xmax>249</xmax>
			<ymin>14</ymin>
			<ymax>415</ymax>
		</bndbox>
	</object>
	<object>
		<name>auto</name>
		<pose>Unspecified</pose>
		<truncated>0</truncated>
		<difficult>0</difficult>
		<occluded>0</occluded>
		<bndbox>
			<xmin>154</xmin>
			<xmax>340</xmax>
			<ymin>11</ymin>
			<ymax>323</ymax>
		</bndbox>
	</object>
	<object>
		<name>auto</name>
		<pose>Unspecified</pose>
		<truncated>0</truncated>
		<difficult>0</difficult>
		<occluded>0</occluded>
		<bndbox>
			<xmin>291</xmin>
			<xmax>414</xmax>
			<ymin>28</ymin>
			<ymax>238</ymax>
		</bndbox>
	</object>
</annotation>
