<annotation>
	<folder></folder>
	<filename>frame_2026_jpg.rf.804fc8dd341328e35833914384cce75c.jpg</filename>
	<path>frame_2026_jpg.rf.804fc8dd341328e35833914384cce75c.jpg</path>
	<source>
		<database>roboflow.ai</database>
	</source>
	<size>
		<width>416</width>
		<height>416</height>
		<depth>3</depth>
	</size>
	<segmented>0</segmented>
	<object>
		<name>auto</name>
		<pose>Unspecified</pose>
		<truncated>0</truncated>
		<difficult>0</difficult>
		<occluded>0</occluded>
		<bndbox>
			<xmin>62</xmin>
			<xmax>246</xmax>
			<ymin>70</ymin>
			<ymax>376</ymax>
		</bndbox>
	</object>
</annotation>
