<annotation>
	<folder></folder>
	<filename>frame_1965_jpg.rf.f8f93e3a169d776c39f0bc4a8a3c47bc.jpg</filename>
	<path>frame_1965_jpg.rf.f8f93e3a169d776c39f0bc4a8a3c47bc.jpg</path>
	<source>
		<database>roboflow.ai</database>
	</source>
	<size>
		<width>416</width>
		<height>416</height>
		<depth>3</depth>
	</size>
	<segmented>0</segmented>
	<object>
		<name>auto</name>
		<pose>Unspecified</pose>
		<truncated>0</truncated>
		<difficult>0</difficult>
		<occluded>0</occluded>
		<bndbox>
			<xmin>16</xmin>
			<xmax>241</xmax>
			<ymin>44</ymin>
			<ymax>415</ymax>
		</bndbox>
	</object>
</annotation>
