<annotation>
	<folder></folder>
	<filename>frame_1994_jpg.rf.8a9194633a179f6a842fde8ea1b6185b.jpg</filename>
	<path>frame_1994_jpg.rf.8a9194633a179f6a842fde8ea1b6185b.jpg</path>
	<source>
		<database>roboflow.ai</database>
	</source>
	<size>
		<width>416</width>
		<height>416</height>
		<depth>3</depth>
	</size>
	<segmented>0</segmented>
	<object>
		<name>auto</name>
		<pose>Unspecified</pose>
		<truncated>0</truncated>
		<difficult>0</difficult>
		<occluded>0</occluded>
		<bndbox>
			<xmin>184</xmin>
			<xmax>415</xmax>
			<ymin>0</ymin>
			<ymax>403</ymax>
		</bndbox>
	</object>
	<object>
		<name>auto</name>
		<pose>Unspecified</pose>
		<truncated>0</truncated>
		<difficult>0</difficult>
		<occluded>0</occluded>
		<bndbox>
			<xmin>94</xmin>
			<xmax>254</xmax>
			<ymin>19</ymin>
			<ymax>332</ymax>
		</bndbox>
	</object>
	<object>
		<name>auto</name>
		<pose>Unspecified</pose>
		<truncated>0</truncated>
		<difficult>0</difficult>
		<occluded>0</occluded>
		<bndbox>
			<xmin>19</xmin>
			<xmax>125</xmax>
			<ymin>56</ymin>
			<ymax>266</ymax>
		</bndbox>
	</object>
</annotation>
