<annotation>
	<folder></folder>
	<filename>frame_1995_jpg.rf.8e8c4beb5f9d6f06db645f809b4516db.jpg</filename>
	<path>frame_1995_jpg.rf.8e8c4beb5f9d6f06db645f809b4516db.jpg</path>
	<source>
		<database>roboflow.ai</database>
	</source>
	<size>
		<width>416</width>
		<height>416</height>
		<depth>3</depth>
	</size>
	<segmented>0</segmented>
	<object>
		<name>auto</name>
		<pose>Unspecified</pose>
		<truncated>0</truncated>
		<difficult>0</difficult>
		<occluded>0</occluded>
		<bndbox>
			<xmin>29</xmin>
			<xmax>77</xmax>
			<ymin>146</ymin>
			<ymax>246</ymax>
		</bndbox>
	</object>
	<object>
		<name>auto</name>
		<pose>Unspecified</pose>
		<truncated>0</truncated>
		<difficult>0</difficult>
		<occluded>0</occluded>
		<bndbox>
			<xmin>125</xmin>
			<xmax>173</xmax>
			<ymin>122</ymin>
			<ymax>218</ymax>
		</bndbox>
	</object>
	<object>
		<name>bus</name>
		<pose>Unspecified</pose>
		<truncated>0</truncated>
		<difficult>0</difficult>
		<occluded>0</occluded>
		<bndbox>
			<xmin>158</xmin>
			<xmax>347</xmax>
			<ymin>6</ymin>
			<ymax>345</ymax>
		</bndbox>
	</object>
</annotation>
