<annotation>
	<folder></folder>
	<filename>frame_1973_jpg.rf.e2d8ee6e7ab3b37caa28bedccdb2c5ef.jpg</filename>
	<path>frame_1973_jpg.rf.e2d8ee6e7ab3b37caa28bedccdb2c5ef.jpg</path>
	<source>
		<database>roboflow.ai</database>
	</source>
	<size>
		<width>416</width>
		<height>416</height>
		<depth>3</depth>
	</size>
	<segmented>0</segmented>
	<object>
		<name>auto</name>
		<pose>Unspecified</pose>
		<truncated>0</truncated>
		<difficult>0</difficult>
		<occluded>0</occluded>
		<bndbox>
			<xmin>67</xmin>
			<xmax>249</xmax>
			<ymin>84</ymin>
			<ymax>410</ymax>
		</bndbox>
	</object>
	<object>
		<name>auto</name>
		<pose>Unspecified</pose>
		<truncated>0</truncated>
		<difficult>0</difficult>
		<occluded>0</occluded>
		<bndbox>
			<xmin>229</xmin>
			<xmax>411</xmax>
			<ymin>75</ymin>
			<ymax>401</ymax>
		</bndbox>
	</object>
</annotation>
