<annotation>
	<folder></folder>
	<filename>frame_1947_jpg.rf.1d428e5c460f0adda325819ca82f2407.jpg</filename>
	<path>frame_1947_jpg.rf.1d428e5c460f0adda325819ca82f2407.jpg</path>
	<source>
		<database>roboflow.ai</database>
	</source>
	<size>
		<width>416</width>
		<height>416</height>
		<depth>3</depth>
	</size>
	<segmented>0</segmented>
	<object>
		<name>auto</name>
		<pose>Unspecified</pose>
		<truncated>0</truncated>
		<difficult>0</difficult>
		<occluded>0</occluded>
		<bndbox>
			<xmin>64</xmin>
			<xmax>376</xmax>
			<ymin>124</ymin>
			<ymax>414</ymax>
		</bndbox>
	</object>
</annotation>
