<annotation>
	<folder></folder>
	<filename>frame_1422_jpg.rf.a0e0a2d3e4d7e8c66bba476f1d4a1999.jpg</filename>
	<path>frame_1422_jpg.rf.a0e0a2d3e4d7e8c66bba476f1d4a1999.jpg</path>
	<source>
		<database>roboflow.ai</database>
	</source>
	<size>
		<width>416</width>
		<height>416</height>
		<depth>3</depth>
	</size>
	<segmented>0</segmented>
	<object>
		<name>auto</name>
		<pose>Unspecified</pose>
		<truncated>0</truncated>
		<difficult>0</difficult>
		<occluded>0</occluded>
		<bndbox>
			<xmin>34</xmin>
			<xmax>105</xmax>
			<ymin>147</ymin>
			<ymax>222</ymax>
		</bndbox>
	</object>
	<object>
		<name>auto</name>
		<pose>Unspecified</pose>
		<truncated>0</truncated>
		<difficult>0</difficult>
		<occluded>0</occluded>
		<bndbox>
			<xmin>308</xmin>
			<xmax>358</xmax>
			<ymin>188</ymin>
			<ymax>255</ymax>
		</bndbox>
	</object>
	<object>
		<name>bus</name>
		<pose>Unspecified</pose>
		<truncated>0</truncated>
		<difficult>0</difficult>
		<occluded>0</occluded>
		<bndbox>
			<xmin>349</xmin>
			<xmax>415</xmax>
			<ymin>133</ymin>
			<ymax>241</ymax>
		</bndbox>
	</object>
</annotation>
