<annotation>
	<folder></folder>
	<filename>frame_2006_jpg.rf.73c752f67a6d80fa878dc877fb391930.jpg</filename>
	<path>frame_2006_jpg.rf.73c752f67a6d80fa878dc877fb391930.jpg</path>
	<source>
		<database>roboflow.ai</database>
	</source>
	<size>
		<width>416</width>
		<height>416</height>
		<depth>3</depth>
	</size>
	<segmented>0</segmented>
	<object>
		<name>auto</name>
		<pose>Unspecified</pose>
		<truncated>0</truncated>
		<difficult>0</difficult>
		<occluded>0</occluded>
		<bndbox>
			<xmin>231</xmin>
			<xmax>340</xmax>
			<ymin>201</ymin>
			<ymax>374</ymax>
		</bndbox>
	</object>
	<object>
		<name>car</name>
		<pose>Unspecified</pose>
		<truncated>0</truncated>
		<difficult>0</difficult>
		<occluded>0</occluded>
		<bndbox>
			<xmin>36</xmin>
			<xmax>161</xmax>
			<ymin>197</ymin>
			<ymax>344</ymax>
		</bndbox>
	</object>
	<object>
		<name>riksha</name>
		<pose>Unspecified</pose>
		<truncated>0</truncated>
		<difficult>0</difficult>
		<occluded>0</occluded>
		<bndbox>
			<xmin>14</xmin>
			<xmax>65</xmax>
			<ymin>167</ymin>
			<ymax>293</ymax>
		</bndbox>
	</object>
</annotation>
