<annotation>
	<folder></folder>
	<filename>frame_2026_jpg.rf.ba9ef6332b97ac800528727973de2eaf.jpg</filename>
	<path>frame_2026_jpg.rf.ba9ef6332b97ac800528727973de2eaf.jpg</path>
	<source>
		<database>roboflow.ai</database>
	</source>
	<size>
		<width>416</width>
		<height>416</height>
		<depth>3</depth>
	</size>
	<segmented>0</segmented>
	<object>
		<name>auto</name>
		<pose>Unspecified</pose>
		<truncated>0</truncated>
		<difficult>0</difficult>
		<occluded>0</occluded>
		<bndbox>
			<xmin>120</xmin>
			<xmax>387</xmax>
			<ymin>35</ymin>
			<ymax>414</ymax>
		</bndbox>
	</object>
</annotation>
