<annotation>
	<folder></folder>
	<filename>frame_2041_jpg.rf.34b84f80b289b76a9b491d115a4f5c09.jpg</filename>
	<path>frame_2041_jpg.rf.34b84f80b289b76a9b491d115a4f5c09.jpg</path>
	<source>
		<database>roboflow.ai</database>
	</source>
	<size>
		<width>416</width>
		<height>416</height>
		<depth>3</depth>
	</size>
	<segmented>0</segmented>
	<object>
		<name>auto</name>
		<pose>Unspecified</pose>
		<truncated>0</truncated>
		<difficult>0</difficult>
		<occluded>0</occluded>
		<bndbox>
			<xmin>32</xmin>
			<xmax>341</xmax>
			<ymin>58</ymin>
			<ymax>415</ymax>
		</bndbox>
	</object>
</annotation>
