<annotation>
	<folder></folder>
	<filename>frame_2027_jpg.rf.9f4994b49168c739dc47e0cdd1fdc933.jpg</filename>
	<path>frame_2027_jpg.rf.9f4994b49168c739dc47e0cdd1fdc933.jpg</path>
	<source>
		<database>roboflow.ai</database>
	</source>
	<size>
		<width>416</width>
		<height>416</height>
		<depth>3</depth>
	</size>
	<segmented>0</segmented>
	<object>
		<name>auto</name>
		<pose>Unspecified</pose>
		<truncated>0</truncated>
		<difficult>0</difficult>
		<occluded>0</occluded>
		<bndbox>
			<xmin>163</xmin>
			<xmax>264</xmax>
			<ymin>273</ymin>
			<ymax>403</ymax>
		</bndbox>
	</object>
</annotation>
