<annotation>
	<folder></folder>
	<filename>frame_2018_jpg.rf.bf749836666d78ce5bc194c13dafaa92.jpg</filename>
	<path>frame_2018_jpg.rf.bf749836666d78ce5bc194c13dafaa92.jpg</path>
	<source>
		<database>roboflow.ai</database>
	</source>
	<size>
		<width>416</width>
		<height>416</height>
		<depth>3</depth>
	</size>
	<segmented>0</segmented>
	<object>
		<name>motorbike</name>
		<pose>Unspecified</pose>
		<truncated>0</truncated>
		<difficult>0</difficult>
		<occluded>0</occluded>
		<bndbox>
			<xmin>200</xmin>
			<xmax>221</xmax>
			<ymin>274</ymin>
			<ymax>313</ymax>
		</bndbox>
	</object>
	<object>
		<name>car</name>
		<pose>Unspecified</pose>
		<truncated>0</truncated>
		<difficult>0</difficult>
		<occluded>0</occluded>
		<bndbox>
			<xmin>149</xmin>
			<xmax>171</xmax>
			<ymin>203</ymin>
			<ymax>231</ymax>
		</bndbox>
	</object>
	<object>
		<name>auto</name>
		<pose>Unspecified</pose>
		<truncated>0</truncated>
		<difficult>0</difficult>
		<occluded>0</occluded>
		<bndbox>
			<xmin>294</xmin>
			<xmax>311</xmax>
			<ymin>211</ymin>
			<ymax>247</ymax>
		</bndbox>
	</object>
</annotation>
