<annotation>
	<folder></folder>
	<filename>frame_1959_jpg.rf.ccbe12c99aa303ab91d1621c4efe597b.jpg</filename>
	<path>frame_1959_jpg.rf.ccbe12c99aa303ab91d1621c4efe597b.jpg</path>
	<source>
		<database>roboflow.ai</database>
	</source>
	<size>
		<width>416</width>
		<height>416</height>
		<depth>3</depth>
	</size>
	<segmented>0</segmented>
	<object>
		<name>auto</name>
		<pose>Unspecified</pose>
		<truncated>0</truncated>
		<difficult>0</difficult>
		<occluded>0</occluded>
		<bndbox>
			<xmin>76</xmin>
			<xmax>197</xmax>
			<ymin>84</ymin>
			<ymax>280</ymax>
		</bndbox>
	</object>
</annotation>
