<annotation>
	<folder></folder>
	<filename>frame_1993_jpg.rf.e7ea2d461838d40f289383b4bb120aa6.jpg</filename>
	<path>frame_1993_jpg.rf.e7ea2d461838d40f289383b4bb120aa6.jpg</path>
	<source>
		<database>roboflow.ai</database>
	</source>
	<size>
		<width>416</width>
		<height>416</height>
		<depth>3</depth>
	</size>
	<segmented>0</segmented>
	<object>
		<name>auto</name>
		<pose>Unspecified</pose>
		<truncated>0</truncated>
		<difficult>0</difficult>
		<occluded>0</occluded>
		<bndbox>
			<xmin>158</xmin>
			<xmax>232</xmax>
			<ymin>244</ymin>
			<ymax>349</ymax>
		</bndbox>
	</object>
	<object>
		<name>auto</name>
		<pose>Unspecified</pose>
		<truncated>0</truncated>
		<difficult>0</difficult>
		<occluded>0</occluded>
		<bndbox>
			<xmin>274</xmin>
			<xmax>360</xmax>
			<ymin>242</ymin>
			<ymax>363</ymax>
		</bndbox>
	</object>
	<object>
		<name>bus</name>
		<pose>Unspecified</pose>
		<truncated>0</truncated>
		<difficult>0</difficult>
		<occluded>0</occluded>
		<bndbox>
			<xmin>177</xmin>
			<xmax>279</xmax>
			<ymin>163</ymin>
			<ymax>335</ymax>
		</bndbox>
	</object>
</annotation>
