<annotation>
	<folder></folder>
	<filename>frame_1985_jpg.rf.79403e5f609ca61f17dbc474bfc25551.jpg</filename>
	<path>frame_1985_jpg.rf.79403e5f609ca61f17dbc474bfc25551.jpg</path>
	<source>
		<database>roboflow.ai</database>
	</source>
	<size>
		<width>416</width>
		<height>416</height>
		<depth>3</depth>
	</size>
	<segmented>0</segmented>
	<object>
		<name>auto</name>
		<pose>Unspecified</pose>
		<truncated>0</truncated>
		<difficult>0</difficult>
		<occluded>0</occluded>
		<bndbox>
			<xmin>36</xmin>
			<xmax>200</xmax>
			<ymin>33</ymin>
			<ymax>415</ymax>
		</bndbox>
	</object>
</annotation>
