<annotation>
	<folder></folder>
	<filename>frame_1966_jpg.rf.3cff8429340fb014e66c7dc7cef9d985.jpg</filename>
	<path>frame_1966_jpg.rf.3cff8429340fb014e66c7dc7cef9d985.jpg</path>
	<source>
		<database>roboflow.ai</database>
	</source>
	<size>
		<width>416</width>
		<height>416</height>
		<depth>3</depth>
	</size>
	<segmented>0</segmented>
	<object>
		<name>auto</name>
		<pose>Unspecified</pose>
		<truncated>0</truncated>
		<difficult>0</difficult>
		<occluded>0</occluded>
		<bndbox>
			<xmin>150</xmin>
			<xmax>382</xmax>
			<ymin>122</ymin>
			<ymax>415</ymax>
		</bndbox>
	</object>
</annotation>
