<annotation>
	<folder></folder>
	<filename>frame_1932_jpg.rf.14761c50948f87f259118f83982b76a8.jpg</filename>
	<path>frame_1932_jpg.rf.14761c50948f87f259118f83982b76a8.jpg</path>
	<source>
		<database>roboflow.ai</database>
	</source>
	<size>
		<width>416</width>
		<height>416</height>
		<depth>3</depth>
	</size>
	<segmented>0</segmented>
	<object>
		<name>auto</name>
		<pose>Unspecified</pose>
		<truncated>0</truncated>
		<difficult>0</difficult>
		<occluded>0</occluded>
		<bndbox>
			<xmin>141</xmin>
			<xmax>333</xmax>
			<ymin>127</ymin>
			<ymax>415</ymax>
		</bndbox>
	</object>
	<object>
		<name>auto</name>
		<pose>Unspecified</pose>
		<truncated>0</truncated>
		<difficult>0</difficult>
		<occluded>0</occluded>
		<bndbox>
			<xmin>117</xmin>
			<xmax>200</xmax>
			<ymin>82</ymin>
			<ymax>221</ymax>
		</bndbox>
	</object>
</annotation>
