<annotation>
	<folder></folder>
	<filename>frame_1931_jpg.rf.c1810ecf074d7ecc92540b44e8369fbe.jpg</filename>
	<path>frame_1931_jpg.rf.c1810ecf074d7ecc92540b44e8369fbe.jpg</path>
	<source>
		<database>roboflow.ai</database>
	</source>
	<size>
		<width>416</width>
		<height>416</height>
		<depth>3</depth>
	</size>
	<segmented>0</segmented>
	<object>
		<name>auto</name>
		<pose>Unspecified</pose>
		<truncated>0</truncated>
		<difficult>0</difficult>
		<occluded>0</occluded>
		<bndbox>
			<xmin>0</xmin>
			<xmax>415</xmax>
			<ymin>16</ymin>
			<ymax>415</ymax>
		</bndbox>
	</object>
</annotation>
