<annotation>
	<folder></folder>
	<filename>frame_1973_jpg.rf.5b8b20cf42c4b54bbdb85daf857504b8.jpg</filename>
	<path>frame_1973_jpg.rf.5b8b20cf42c4b54bbdb85daf857504b8.jpg</path>
	<source>
		<database>roboflow.ai</database>
	</source>
	<size>
		<width>416</width>
		<height>416</height>
		<depth>3</depth>
	</size>
	<segmented>0</segmented>
	<object>
		<name>auto</name>
		<pose>Unspecified</pose>
		<truncated>0</truncated>
		<difficult>0</difficult>
		<occluded>0</occluded>
		<bndbox>
			<xmin>198</xmin>
			<xmax>347</xmax>
			<ymin>77</ymin>
			<ymax>415</ymax>
		</bndbox>
	</object>
	<object>
		<name>auto</name>
		<pose>Unspecified</pose>
		<truncated>0</truncated>
		<difficult>0</difficult>
		<occluded>0</occluded>
		<bndbox>
			<xmin>33</xmin>
			<xmax>181</xmax>
			<ymin>56</ymin>
			<ymax>405</ymax>
		</bndbox>
	</object>
</annotation>
