<annotation>
	<folder></folder>
	<filename>frame_1421_jpg.rf.2e57924d79e08d7f8fd5e74ac5450198.jpg</filename>
	<path>frame_1421_jpg.rf.2e57924d79e08d7f8fd5e74ac5450198.jpg</path>
	<source>
		<database>roboflow.ai</database>
	</source>
	<size>
		<width>416</width>
		<height>416</height>
		<depth>3</depth>
	</size>
	<segmented>0</segmented>
	<object>
		<name>auto</name>
		<pose>Unspecified</pose>
		<truncated>0</truncated>
		<difficult>0</difficult>
		<occluded>0</occluded>
		<bndbox>
			<xmin>0</xmin>
			<xmax>169</xmax>
			<ymin>212</ymin>
			<ymax>415</ymax>
		</bndbox>
	</object>
	<object>
		<name>auto</name>
		<pose>Unspecified</pose>
		<truncated>0</truncated>
		<difficult>0</difficult>
		<occluded>0</occluded>
		<bndbox>
			<xmin>245</xmin>
			<xmax>409</xmax>
			<ymin>206</ymin>
			<ymax>410</ymax>
		</bndbox>
	</object>
</annotation>
