<annotation>
	<folder></folder>
	<filename>frame_1988_jpg.rf.4920c1c90fff09419649cfef0b141764.jpg</filename>
	<path>frame_1988_jpg.rf.4920c1c90fff09419649cfef0b141764.jpg</path>
	<source>
		<database>roboflow.ai</database>
	</source>
	<size>
		<width>416</width>
		<height>416</height>
		<depth>3</depth>
	</size>
	<segmented>0</segmented>
	<object>
		<name>auto</name>
		<pose>Unspecified</pose>
		<truncated>0</truncated>
		<difficult>0</difficult>
		<occluded>0</occluded>
		<bndbox>
			<xmin>29</xmin>
			<xmax>145</xmax>
			<ymin>146</ymin>
			<ymax>327</ymax>
		</bndbox>
	</object>
</annotation>
