<annotation>
	<folder></folder>
	<filename>frame_1976_jpg.rf.c88ba55d6002a77cac6415721b4031dd.jpg</filename>
	<path>frame_1976_jpg.rf.c88ba55d6002a77cac6415721b4031dd.jpg</path>
	<source>
		<database>roboflow.ai</database>
	</source>
	<size>
		<width>416</width>
		<height>416</height>
		<depth>3</depth>
	</size>
	<segmented>0</segmented>
	<object>
		<name>auto</name>
		<pose>Unspecified</pose>
		<truncated>0</truncated>
		<difficult>0</difficult>
		<occluded>0</occluded>
		<bndbox>
			<xmin>0</xmin>
			<xmax>397</xmax>
			<ymin>15</ymin>
			<ymax>394</ymax>
		</bndbox>
	</object>
</annotation>
