<annotation>
	<folder></folder>
	<filename>frame_1995_jpg.rf.6cfd46affd50e4505aeda01b03b68e5e.jpg</filename>
	<path>frame_1995_jpg.rf.6cfd46affd50e4505aeda01b03b68e5e.jpg</path>
	<source>
		<database>roboflow.ai</database>
	</source>
	<size>
		<width>416</width>
		<height>416</height>
		<depth>3</depth>
	</size>
	<segmented>0</segmented>
	<object>
		<name>auto</name>
		<pose>Unspecified</pose>
		<truncated>0</truncated>
		<difficult>0</difficult>
		<occluded>0</occluded>
		<bndbox>
			<xmin>42</xmin>
			<xmax>101</xmax>
			<ymin>112</ymin>
			<ymax>226</ymax>
		</bndbox>
	</object>
	<object>
		<name>auto</name>
		<pose>Unspecified</pose>
		<truncated>0</truncated>
		<difficult>0</difficult>
		<occluded>0</occluded>
		<bndbox>
			<xmin>137</xmin>
			<xmax>196</xmax>
			<ymin>105</ymin>
			<ymax>213</ymax>
		</bndbox>
	</object>
	<object>
		<name>bus</name>
		<pose>Unspecified</pose>
		<truncated>0</truncated>
		<difficult>0</difficult>
		<occluded>0</occluded>
		<bndbox>
			<xmin>144</xmin>
			<xmax>374</xmax>
			<ymin>0</ymin>
			<ymax>377</ymax>
		</bndbox>
	</object>
</annotation>
