<annotation>
	<folder></folder>
	<filename>frame_2689_jpg.rf.b5be1036c56c3c6a2a754e1b8ad286b8.jpg</filename>
	<path>frame_2689_jpg.rf.b5be1036c56c3c6a2a754e1b8ad286b8.jpg</path>
	<source>
		<database>roboflow.ai</database>
	</source>
	<size>
		<width>416</width>
		<height>416</height>
		<depth>3</depth>
	</size>
	<segmented>0</segmented>
	<object>
		<name>bicycle</name>
		<pose>Unspecified</pose>
		<truncated>0</truncated>
		<difficult>0</difficult>
		<occluded>0</occluded>
		<bndbox>
			<xmin>388</xmin>
			<xmax>415</xmax>
			<ymin>302</ymin>
			<ymax>415</ymax>
		</bndbox>
	</object>
	<object>
		<name>bicycle</name>
		<pose>Unspecified</pose>
		<truncated>0</truncated>
		<difficult>0</difficult>
		<occluded>0</occluded>
		<bndbox>
			<xmin>369</xmin>
			<xmax>407</xmax>
			<ymin>240</ymin>
			<ymax>360</ymax>
		</bndbox>
	</object>
</annotation>
