<annotation>
	<folder></folder>
	<filename>frame_2693_jpg.rf.6d6de7d17e1660721f2712b0eab3ce6d.jpg</filename>
	<path>frame_2693_jpg.rf.6d6de7d17e1660721f2712b0eab3ce6d.jpg</path>
	<source>
		<database>roboflow.ai</database>
	</source>
	<size>
		<width>416</width>
		<height>416</height>
		<depth>3</depth>
	</size>
	<segmented>0</segmented>
	<object>
		<name>motorbike</name>
		<pose>Unspecified</pose>
		<truncated>0</truncated>
		<difficult>0</difficult>
		<occluded>0</occluded>
		<bndbox>
			<xmin>230</xmin>
			<xmax>272</xmax>
			<ymin>229</ymin>
			<ymax>342</ymax>
		</bndbox>
	</object>
	<object>
		<name>bicycle</name>
		<pose>Unspecified</pose>
		<truncated>0</truncated>
		<difficult>0</difficult>
		<occluded>0</occluded>
		<bndbox>
			<xmin>336</xmin>
			<xmax>365</xmax>
			<ymin>165</ymin>
			<ymax>272</ymax>
		</bndbox>
	</object>
</annotation>
