<annotation>
	<folder></folder>
	<filename>frame_2645_jpg.rf.abd30f5bec8a5f890b0e11a410b8dd4b.jpg</filename>
	<path>frame_2645_jpg.rf.abd30f5bec8a5f890b0e11a410b8dd4b.jpg</path>
	<source>
		<database>roboflow.ai</database>
	</source>
	<size>
		<width>416</width>
		<height>416</height>
		<depth>3</depth>
	</size>
	<segmented>0</segmented>
	<object>
		<name>motorbike</name>
		<pose>Unspecified</pose>
		<truncated>0</truncated>
		<difficult>0</difficult>
		<occluded>0</occluded>
		<bndbox>
			<xmin>325</xmin>
			<xmax>392</xmax>
			<ymin>268</ymin>
			<ymax>403</ymax>
		</bndbox>
	</object>
</annotation>
