<annotation>
	<folder></folder>
	<filename>frame_2694_jpg.rf.09a5a9cd6f5e4e0a484887e2a95b7a56.jpg</filename>
	<path>frame_2694_jpg.rf.09a5a9cd6f5e4e0a484887e2a95b7a56.jpg</path>
	<source>
		<database>roboflow.ai</database>
	</source>
	<size>
		<width>416</width>
		<height>416</height>
		<depth>3</depth>
	</size>
	<segmented>0</segmented>
	<object>
		<name>bicycle</name>
		<pose>Unspecified</pose>
		<truncated>0</truncated>
		<difficult>0</difficult>
		<occluded>0</occluded>
		<bndbox>
			<xmin>314</xmin>
			<xmax>380</xmax>
			<ymin>352</ymin>
			<ymax>415</ymax>
		</bndbox>
	</object>
</annotation>
