<annotation>
	<folder></folder>
	<filename>frame_2677_jpg.rf.695d2cd847b6a9044f14b1c26db7e4ce.jpg</filename>
	<path>frame_2677_jpg.rf.695d2cd847b6a9044f14b1c26db7e4ce.jpg</path>
	<source>
		<database>roboflow.ai</database>
	</source>
	<size>
		<width>416</width>
		<height>416</height>
		<depth>3</depth>
	</size>
	<segmented>0</segmented>
	<object>
		<name>motorbike</name>
		<pose>Unspecified</pose>
		<truncated>0</truncated>
		<difficult>0</difficult>
		<occluded>0</occluded>
		<bndbox>
			<xmin>298</xmin>
			<xmax>347</xmax>
			<ymin>183</ymin>
			<ymax>292</ymax>
		</bndbox>
	</object>
	<object>
		<name>bicycle</name>
		<pose>Unspecified</pose>
		<truncated>0</truncated>
		<difficult>0</difficult>
		<occluded>0</occluded>
		<bndbox>
			<xmin>339</xmin>
			<xmax>394</xmax>
			<ymin>194</ymin>
			<ymax>323</ymax>
		</bndbox>
	</object>
</annotation>
