<annotation>
	<folder></folder>
	<filename>frame_2640_jpg.rf.aac4ef5c4c98ac0b6f1f61e27297e3e6.jpg</filename>
	<path>frame_2640_jpg.rf.aac4ef5c4c98ac0b6f1f61e27297e3e6.jpg</path>
	<source>
		<database>roboflow.ai</database>
	</source>
	<size>
		<width>416</width>
		<height>416</height>
		<depth>3</depth>
	</size>
	<segmented>0</segmented>
	<object>
		<name>bicycle</name>
		<pose>Unspecified</pose>
		<truncated>0</truncated>
		<difficult>0</difficult>
		<occluded>0</occluded>
		<bndbox>
			<xmin>332</xmin>
			<xmax>361</xmax>
			<ymin>251</ymin>
			<ymax>371</ymax>
		</bndbox>
	</object>
	<object>
		<name>bicycle</name>
		<pose>Unspecified</pose>
		<truncated>0</truncated>
		<difficult>0</difficult>
		<occluded>0</occluded>
		<bndbox>
			<xmin>379</xmin>
			<xmax>408</xmax>
			<ymin>269</ymin>
			<ymax>389</ymax>
		</bndbox>
	</object>
</annotation>
