<annotation>
	<folder></folder>
	<filename>frame_2628_jpg.rf.767d418cf02aef29c40cc3b886097e8e.jpg</filename>
	<path>frame_2628_jpg.rf.767d418cf02aef29c40cc3b886097e8e.jpg</path>
	<source>
		<database>roboflow.ai</database>
	</source>
	<size>
		<width>416</width>
		<height>416</height>
		<depth>3</depth>
	</size>
	<segmented>0</segmented>
	<object>
		<name>bicycle</name>
		<pose>Unspecified</pose>
		<truncated>0</truncated>
		<difficult>0</difficult>
		<occluded>0</occluded>
		<bndbox>
			<xmin>317</xmin>
			<xmax>354</xmax>
			<ymin>281</ymin>
			<ymax>402</ymax>
		</bndbox>
	</object>
	<object>
		<name>bicycle</name>
		<pose>Unspecified</pose>
		<truncated>0</truncated>
		<difficult>0</difficult>
		<occluded>0</occluded>
		<bndbox>
			<xmin>313</xmin>
			<xmax>349</xmax>
			<ymin>201</ymin>
			<ymax>300</ymax>
		</bndbox>
	</object>
</annotation>
