<annotation>
	<folder></folder>
	<filename>frame_2693_jpg.rf.84264014a7cf1c37a4d9c099fc599133.jpg</filename>
	<path>frame_2693_jpg.rf.84264014a7cf1c37a4d9c099fc599133.jpg</path>
	<source>
		<database>roboflow.ai</database>
	</source>
	<size>
		<width>416</width>
		<height>416</height>
		<depth>3</depth>
	</size>
	<segmented>0</segmented>
	<object>
		<name>motorbike</name>
		<pose>Unspecified</pose>
		<truncated>0</truncated>
		<difficult>0</difficult>
		<occluded>0</occluded>
		<bndbox>
			<xmin>246</xmin>
			<xmax>302</xmax>
			<ymin>234</ymin>
			<ymax>338</ymax>
		</bndbox>
	</object>
	<object>
		<name>bicycle</name>
		<pose>Unspecified</pose>
		<truncated>0</truncated>
		<difficult>0</difficult>
		<occluded>0</occluded>
		<bndbox>
			<xmin>333</xmin>
			<xmax>378</xmax>
			<ymin>174</ymin>
			<ymax>271</ymax>
		</bndbox>
	</object>
</annotation>
