<annotation>
	<folder></folder>
	<filename>frame_2684_jpg.rf.f88b2fa005ea2cb5d0145ffc44422459.jpg</filename>
	<path>frame_2684_jpg.rf.f88b2fa005ea2cb5d0145ffc44422459.jpg</path>
	<source>
		<database>roboflow.ai</database>
	</source>
	<size>
		<width>416</width>
		<height>416</height>
		<depth>3</depth>
	</size>
	<segmented>0</segmented>
	<object>
		<name>auto</name>
		<pose>Unspecified</pose>
		<truncated>0</truncated>
		<difficult>0</difficult>
		<occluded>0</occluded>
		<bndbox>
			<xmin>87</xmin>
			<xmax>155</xmax>
			<ymin>153</ymin>
			<ymax>253</ymax>
		</bndbox>
	</object>
</annotation>
