<annotation>
	<folder></folder>
	<filename>frame_2645_jpg.rf.9c4cca454374f49a17ba8bd5dfd6dfb2.jpg</filename>
	<path>frame_2645_jpg.rf.9c4cca454374f49a17ba8bd5dfd6dfb2.jpg</path>
	<source>
		<database>roboflow.ai</database>
	</source>
	<size>
		<width>416</width>
		<height>416</height>
		<depth>3</depth>
	</size>
	<segmented>0</segmented>
	<object>
		<name>motorbike</name>
		<pose>Unspecified</pose>
		<truncated>0</truncated>
		<difficult>0</difficult>
		<occluded>0</occluded>
		<bndbox>
			<xmin>109</xmin>
			<xmax>178</xmax>
			<ymin>291</ymin>
			<ymax>413</ymax>
		</bndbox>
	</object>
</annotation>
