<annotation>
	<folder></folder>
	<filename>frame_2625_jpg.rf.64ae7644de00fe94ce723b475565ecb8.jpg</filename>
	<path>frame_2625_jpg.rf.64ae7644de00fe94ce723b475565ecb8.jpg</path>
	<source>
		<database>roboflow.ai</database>
	</source>
	<size>
		<width>416</width>
		<height>416</height>
		<depth>3</depth>
	</size>
	<segmented>0</segmented>
	<object>
		<name>motorbike</name>
		<pose>Unspecified</pose>
		<truncated>0</truncated>
		<difficult>0</difficult>
		<occluded>0</occluded>
		<bndbox>
			<xmin>216</xmin>
			<xmax>273</xmax>
			<ymin>205</ymin>
			<ymax>320</ymax>
		</bndbox>
	</object>
	<object>
		<name>bicycle</name>
		<pose>Unspecified</pose>
		<truncated>0</truncated>
		<difficult>0</difficult>
		<occluded>0</occluded>
		<bndbox>
			<xmin>326</xmin>
			<xmax>374</xmax>
			<ymin>162</ymin>
			<ymax>290</ymax>
		</bndbox>
	</object>
</annotation>
