<annotation>
	<folder></folder>
	<filename>frame_2711_jpg.rf.6e68b3e0c804bdac59f3a2cdc0444b95.jpg</filename>
	<path>frame_2711_jpg.rf.6e68b3e0c804bdac59f3a2cdc0444b95.jpg</path>
	<source>
		<database>roboflow.ai</database>
	</source>
	<size>
		<width>416</width>
		<height>416</height>
		<depth>3</depth>
	</size>
	<segmented>0</segmented>
	<object>
		<name>bicycle</name>
		<pose>Unspecified</pose>
		<truncated>0</truncated>
		<difficult>0</difficult>
		<occluded>0</occluded>
		<bndbox>
			<xmin>305</xmin>
			<xmax>353</xmax>
			<ymin>215</ymin>
			<ymax>314</ymax>
		</bndbox>
	</object>
	<object>
		<name>motorbike</name>
		<pose>Unspecified</pose>
		<truncated>0</truncated>
		<difficult>0</difficult>
		<occluded>0</occluded>
		<bndbox>
			<xmin>266</xmin>
			<xmax>302</xmax>
			<ymin>178</ymin>
			<ymax>264</ymax>
		</bndbox>
	</object>
</annotation>
