<annotation>
	<folder></folder>
	<filename>frame_2671_jpg.rf.6712250d6b8bbe86f65108a2ff2f5e4d.jpg</filename>
	<path>frame_2671_jpg.rf.6712250d6b8bbe86f65108a2ff2f5e4d.jpg</path>
	<source>
		<database>roboflow.ai</database>
	</source>
	<size>
		<width>416</width>
		<height>416</height>
		<depth>3</depth>
	</size>
	<segmented>0</segmented>
	<object>
		<name>motorbike</name>
		<pose>Unspecified</pose>
		<truncated>0</truncated>
		<difficult>0</difficult>
		<occluded>0</occluded>
		<bndbox>
			<xmin>312</xmin>
			<xmax>366</xmax>
			<ymin>206</ymin>
			<ymax>311</ymax>
		</bndbox>
	</object>
</annotation>
