<annotation>
	<folder></folder>
	<filename>frame_2611_jpg.rf.b730519b41799ba2747c596b80c12a23.jpg</filename>
	<path>frame_2611_jpg.rf.b730519b41799ba2747c596b80c12a23.jpg</path>
	<source>
		<database>roboflow.ai</database>
	</source>
	<size>
		<width>416</width>
		<height>416</height>
		<depth>3</depth>
	</size>
	<segmented>0</segmented>
	<object>
		<name>bicycle</name>
		<pose>Unspecified</pose>
		<truncated>0</truncated>
		<difficult>0</difficult>
		<occluded>0</occluded>
		<bndbox>
			<xmin>294</xmin>
			<xmax>323</xmax>
			<ymin>184</ymin>
			<ymax>273</ymax>
		</bndbox>
	</object>
	<object>
		<name>bicycle</name>
		<pose>Unspecified</pose>
		<truncated>0</truncated>
		<difficult>0</difficult>
		<occluded>0</occluded>
		<bndbox>
			<xmin>376</xmin>
			<xmax>416</xmax>
			<ymin>305</ymin>
			<ymax>410</ymax>
		</bndbox>
	</object>
	<object>
		<name>bicycle</name>
		<pose>Unspecified</pose>
		<truncated>0</truncated>
		<difficult>0</difficult>
		<occluded>0</occluded>
		<bndbox>
			<xmin>332</xmin>
			<xmax>361</xmax>
			<ymin>191</ymin>
			<ymax>280</ymax>
		</bndbox>
	</object>
	<object>
		<name>bicycle</name>
		<pose>Unspecified</pose>
		<truncated>0</truncated>
		<difficult>0</difficult>
		<occluded>0</occluded>
		<bndbox>
			<xmin>314</xmin>
			<xmax>343</xmax>
			<ymin>187</ymin>
			<ymax>276</ymax>
		</bndbox>
	</object>
</annotation>
