<annotation>
	<folder></folder>
	<filename>frame_2638_jpg.rf.a49f2ada94d6b5dd1052cc3513ffe7e7.jpg</filename>
	<path>frame_2638_jpg.rf.a49f2ada94d6b5dd1052cc3513ffe7e7.jpg</path>
	<source>
		<database>roboflow.ai</database>
	</source>
	<size>
		<width>416</width>
		<height>416</height>
		<depth>3</depth>
	</size>
	<segmented>0</segmented>
	<object>
		<name>motorbike</name>
		<pose>Unspecified</pose>
		<truncated>0</truncated>
		<difficult>0</difficult>
		<occluded>0</occluded>
		<bndbox>
			<xmin>296</xmin>
			<xmax>345</xmax>
			<ymin>249</ymin>
			<ymax>387</ymax>
		</bndbox>
	</object>
	<object>
		<name>bicycle</name>
		<pose>Unspecified</pose>
		<truncated>0</truncated>
		<difficult>0</difficult>
		<occluded>0</occluded>
		<bndbox>
			<xmin>341</xmin>
			<xmax>392</xmax>
			<ymin>250</ymin>
			<ymax>371</ymax>
		</bndbox>
	</object>
</annotation>
