<annotation>
	<folder></folder>
	<filename>frame_2721_jpg.rf.2cf73dffdaabc46af26146e1b1afe632.jpg</filename>
	<path>frame_2721_jpg.rf.2cf73dffdaabc46af26146e1b1afe632.jpg</path>
	<source>
		<database>roboflow.ai</database>
	</source>
	<size>
		<width>416</width>
		<height>416</height>
		<depth>3</depth>
	</size>
	<segmented>0</segmented>
	<object>
		<name>motorbike</name>
		<pose>Unspecified</pose>
		<truncated>0</truncated>
		<difficult>0</difficult>
		<occluded>0</occluded>
		<bndbox>
			<xmin>87</xmin>
			<xmax>136</xmax>
			<ymin>142</ymin>
			<ymax>241</ymax>
		</bndbox>
	</object>
	<object>
		<name>bicycle</name>
		<pose>Unspecified</pose>
		<truncated>0</truncated>
		<difficult>0</difficult>
		<occluded>0</occluded>
		<bndbox>
			<xmin>32</xmin>
			<xmax>77</xmax>
			<ymin>151</ymin>
			<ymax>260</ymax>
		</bndbox>
	</object>
</annotation>
