<annotation>
	<folder></folder>
	<filename>frame_2692_jpg.rf.6d43814093473e26f0d86e095364caab.jpg</filename>
	<path>frame_2692_jpg.rf.6d43814093473e26f0d86e095364caab.jpg</path>
	<source>
		<database>roboflow.ai</database>
	</source>
	<size>
		<width>416</width>
		<height>416</height>
		<depth>3</depth>
	</size>
	<segmented>0</segmented>
	<object>
		<name>bicycle</name>
		<pose>Unspecified</pose>
		<truncated>0</truncated>
		<difficult>0</difficult>
		<occluded>0</occluded>
		<bndbox>
			<xmin>61</xmin>
			<xmax>97</xmax>
			<ymin>246</ymin>
			<ymax>392</ymax>
		</bndbox>
	</object>
	<object>
		<name>bicycle</name>
		<pose>Unspecified</pose>
		<truncated>0</truncated>
		<difficult>0</difficult>
		<occluded>0</occluded>
		<bndbox>
			<xmin>30</xmin>
			<xmax>66</xmax>
			<ymin>237</ymin>
			<ymax>384</ymax>
		</bndbox>
	</object>
</annotation>
