<annotation>
	<folder></folder>
	<filename>frame_2657_jpg.rf.7f326164678974947275ddfdcf5ac8ab.jpg</filename>
	<path>frame_2657_jpg.rf.7f326164678974947275ddfdcf5ac8ab.jpg</path>
	<source>
		<database>roboflow.ai</database>
	</source>
	<size>
		<width>416</width>
		<height>416</height>
		<depth>3</depth>
	</size>
	<segmented>0</segmented>
	<object>
		<name>motorbike</name>
		<pose>Unspecified</pose>
		<truncated>0</truncated>
		<difficult>0</difficult>
		<occluded>0</occluded>
		<bndbox>
			<xmin>286</xmin>
			<xmax>331</xmax>
			<ymin>217</ymin>
			<ymax>310</ymax>
		</bndbox>
	</object>
</annotation>
