<annotation>
	<folder></folder>
	<filename>frame_2638_jpg.rf.8d306605e59e3899ea11a5fb3707645d.jpg</filename>
	<path>frame_2638_jpg.rf.8d306605e59e3899ea11a5fb3707645d.jpg</path>
	<source>
		<database>roboflow.ai</database>
	</source>
	<size>
		<width>416</width>
		<height>416</height>
		<depth>3</depth>
	</size>
	<segmented>0</segmented>
	<object>
		<name>motorbike</name>
		<pose>Unspecified</pose>
		<truncated>0</truncated>
		<difficult>0</difficult>
		<occluded>0</occluded>
		<bndbox>
			<xmin>347</xmin>
			<xmax>393</xmax>
			<ymin>294</ymin>
			<ymax>411</ymax>
		</bndbox>
	</object>
	<object>
		<name>bicycle</name>
		<pose>Unspecified</pose>
		<truncated>0</truncated>
		<difficult>0</difficult>
		<occluded>0</occluded>
		<bndbox>
			<xmin>393</xmin>
			<xmax>415</xmax>
			<ymin>307</ymin>
			<ymax>410</ymax>
		</bndbox>
	</object>
</annotation>
