<annotation>
	<folder></folder>
	<filename>frame_2692_jpg.rf.3c14eae7801bd7e84384f1acf6d5d565.jpg</filename>
	<path>frame_2692_jpg.rf.3c14eae7801bd7e84384f1acf6d5d565.jpg</path>
	<source>
		<database>roboflow.ai</database>
	</source>
	<size>
		<width>416</width>
		<height>416</height>
		<depth>3</depth>
	</size>
	<segmented>0</segmented>
	<object>
		<name>bicycle</name>
		<pose>Unspecified</pose>
		<truncated>0</truncated>
		<difficult>0</difficult>
		<occluded>0</occluded>
		<bndbox>
			<xmin>290</xmin>
			<xmax>330</xmax>
			<ymin>278</ymin>
			<ymax>406</ymax>
		</bndbox>
	</object>
	<object>
		<name>bicycle</name>
		<pose>Unspecified</pose>
		<truncated>0</truncated>
		<difficult>0</difficult>
		<occluded>0</occluded>
		<bndbox>
			<xmin>321</xmin>
			<xmax>361</xmax>
			<ymin>276</ymin>
			<ymax>401</ymax>
		</bndbox>
	</object>
</annotation>
