<annotation>
	<folder></folder>
	<filename>frame_2671_jpg.rf.65f447be9ce18dc6659a715002279370.jpg</filename>
	<path>frame_2671_jpg.rf.65f447be9ce18dc6659a715002279370.jpg</path>
	<source>
		<database>roboflow.ai</database>
	</source>
	<size>
		<width>416</width>
		<height>416</height>
		<depth>3</depth>
	</size>
	<segmented>0</segmented>
	<object>
		<name>motorbike</name>
		<pose>Unspecified</pose>
		<truncated>0</truncated>
		<difficult>0</difficult>
		<occluded>0</occluded>
		<bndbox>
			<xmin>84</xmin>
			<xmax>120</xmax>
			<ymin>216</ymin>
			<ymax>318</ymax>
		</bndbox>
	</object>
</annotation>
