<annotation>
	<folder></folder>
	<filename>frame_2667_jpg.rf.f295d23af4e220023b62f2c88c3f5952.jpg</filename>
	<path>frame_2667_jpg.rf.f295d23af4e220023b62f2c88c3f5952.jpg</path>
	<source>
		<database>roboflow.ai</database>
	</source>
	<size>
		<width>416</width>
		<height>416</height>
		<depth>3</depth>
	</size>
	<segmented>0</segmented>
	<object>
		<name>motorbike</name>
		<pose>Unspecified</pose>
		<truncated>0</truncated>
		<difficult>0</difficult>
		<occluded>0</occluded>
		<bndbox>
			<xmin>201</xmin>
			<xmax>259</xmax>
			<ymin>266</ymin>
			<ymax>381</ymax>
		</bndbox>
	</object>
	<object>
		<name>motorbike</name>
		<pose>Unspecified</pose>
		<truncated>0</truncated>
		<difficult>0</difficult>
		<occluded>0</occluded>
		<bndbox>
			<xmin>252</xmin>
			<xmax>310</xmax>
			<ymin>238</ymin>
			<ymax>353</ymax>
		</bndbox>
	</object>
	<object>
		<name>bicycle</name>
		<pose>Unspecified</pose>
		<truncated>0</truncated>
		<difficult>0</difficult>
		<occluded>0</occluded>
		<bndbox>
			<xmin>289</xmin>
			<xmax>336</xmax>
			<ymin>243</ymin>
			<ymax>351</ymax>
		</bndbox>
	</object>
	<object>
		<name>bus</name>
		<pose>Unspecified</pose>
		<truncated>0</truncated>
		<difficult>0</difficult>
		<occluded>0</occluded>
		<bndbox>
			<xmin>197</xmin>
			<xmax>315</xmax>
			<ymin>88</ymin>
			<ymax>287</ymax>
		</bndbox>
	</object>
</annotation>
