<annotation>
	<folder></folder>
	<filename>frame_2653_jpg.rf.c64b993f00a332989facafbe60c978c6.jpg</filename>
	<path>frame_2653_jpg.rf.c64b993f00a332989facafbe60c978c6.jpg</path>
	<source>
		<database>roboflow.ai</database>
	</source>
	<size>
		<width>416</width>
		<height>416</height>
		<depth>3</depth>
	</size>
	<segmented>0</segmented>
	<object>
		<name>motorbike</name>
		<pose>Unspecified</pose>
		<truncated>0</truncated>
		<difficult>0</difficult>
		<occluded>0</occluded>
		<bndbox>
			<xmin>109</xmin>
			<xmax>155</xmax>
			<ymin>196</ymin>
			<ymax>315</ymax>
		</bndbox>
	</object>
</annotation>
