<annotation>
	<folder></folder>
	<filename>frame_2704_jpg.rf.4a881ef4979e89682cd9a07d18d243b8.jpg</filename>
	<path>frame_2704_jpg.rf.4a881ef4979e89682cd9a07d18d243b8.jpg</path>
	<source>
		<database>roboflow.ai</database>
	</source>
	<size>
		<width>416</width>
		<height>416</height>
		<depth>3</depth>
	</size>
	<segmented>0</segmented>
	<object>
		<name>bicycle</name>
		<pose>Unspecified</pose>
		<truncated>0</truncated>
		<difficult>0</difficult>
		<occluded>0</occluded>
		<bndbox>
			<xmin>359</xmin>
			<xmax>403</xmax>
			<ymin>241</ymin>
			<ymax>382</ymax>
		</bndbox>
	</object>
</annotation>
