<annotation>
	<folder></folder>
	<filename>frame_2642_jpg.rf.f83962ac30f92a8d6b51744169f15a05.jpg</filename>
	<path>frame_2642_jpg.rf.f83962ac30f92a8d6b51744169f15a05.jpg</path>
	<source>
		<database>roboflow.ai</database>
	</source>
	<size>
		<width>416</width>
		<height>416</height>
		<depth>3</depth>
	</size>
	<segmented>0</segmented>
	<object>
		<name>car</name>
		<pose>Unspecified</pose>
		<truncated>0</truncated>
		<difficult>0</difficult>
		<occluded>0</occluded>
		<bndbox>
			<xmin>229</xmin>
			<xmax>272</xmax>
			<ymin>182</ymin>
			<ymax>288</ymax>
		</bndbox>
	</object>
</annotation>
