<annotation>
	<folder></folder>
	<filename>frame_2705_jpg.rf.f9b00321418f8d4fac6531a41aac2a0e.jpg</filename>
	<path>frame_2705_jpg.rf.f9b00321418f8d4fac6531a41aac2a0e.jpg</path>
	<source>
		<database>roboflow.ai</database>
	</source>
	<size>
		<width>416</width>
		<height>416</height>
		<depth>3</depth>
	</size>
	<segmented>0</segmented>
	<object>
		<name>bicycle</name>
		<pose>Unspecified</pose>
		<truncated>0</truncated>
		<difficult>0</difficult>
		<occluded>0</occluded>
		<bndbox>
			<xmin>310</xmin>
			<xmax>340</xmax>
			<ymin>251</ymin>
			<ymax>344</ymax>
		</bndbox>
	</object>
	<object>
		<name>bicycle</name>
		<pose>Unspecified</pose>
		<truncated>0</truncated>
		<difficult>0</difficult>
		<occluded>0</occluded>
		<bndbox>
			<xmin>309</xmin>
			<xmax>339</xmax>
			<ymin>173</ymin>
			<ymax>266</ymax>
		</bndbox>
	</object>
	<object>
		<name>bicycle</name>
		<pose>Unspecified</pose>
		<truncated>0</truncated>
		<difficult>0</difficult>
		<occluded>0</occluded>
		<bndbox>
			<xmin>331</xmin>
			<xmax>361</xmax>
			<ymin>174</ymin>
			<ymax>267</ymax>
		</bndbox>
	</object>
</annotation>
