<annotation>
	<folder></folder>
	<filename>frame_2657_jpg.rf.87b5e6eb466163e5a2ea5b30bbc27d04.jpg</filename>
	<path>frame_2657_jpg.rf.87b5e6eb466163e5a2ea5b30bbc27d04.jpg</path>
	<source>
		<database>roboflow.ai</database>
	</source>
	<size>
		<width>416</width>
		<height>416</height>
		<depth>3</depth>
	</size>
	<segmented>0</segmented>
	<object>
		<name>motorbike</name>
		<pose>Unspecified</pose>
		<truncated>0</truncated>
		<difficult>0</difficult>
		<occluded>0</occluded>
		<bndbox>
			<xmin>270</xmin>
			<xmax>318</xmax>
			<ymin>241</ymin>
			<ymax>340</ymax>
		</bndbox>
	</object>
</annotation>
