<annotation>
	<folder></folder>
	<filename>frame_2704_jpg.rf.cfceaba06eb37117659326ca5fad8f6b.jpg</filename>
	<path>frame_2704_jpg.rf.cfceaba06eb37117659326ca5fad8f6b.jpg</path>
	<source>
		<database>roboflow.ai</database>
	</source>
	<size>
		<width>416</width>
		<height>416</height>
		<depth>3</depth>
	</size>
	<segmented>0</segmented>
	<object>
		<name>bicycle</name>
		<pose>Unspecified</pose>
		<truncated>0</truncated>
		<difficult>0</difficult>
		<occluded>0</occluded>
		<bndbox>
			<xmin>31</xmin>
			<xmax>64</xmax>
			<ymin>251</ymin>
			<ymax>394</ymax>
		</bndbox>
	</object>
</annotation>
