<annotation>
	<folder></folder>
	<filename>frame_2637_jpg.rf.c7f1239fe843ef5c09f228b31c48b2c5.jpg</filename>
	<path>frame_2637_jpg.rf.c7f1239fe843ef5c09f228b31c48b2c5.jpg</path>
	<source>
		<database>roboflow.ai</database>
	</source>
	<size>
		<width>416</width>
		<height>416</height>
		<depth>3</depth>
	</size>
	<segmented>0</segmented>
	<object>
		<name>bicycle</name>
		<pose>Unspecified</pose>
		<truncated>0</truncated>
		<difficult>0</difficult>
		<occluded>0</occluded>
		<bndbox>
			<xmin>299</xmin>
			<xmax>347</xmax>
			<ymin>234</ymin>
			<ymax>352</ymax>
		</bndbox>
	</object>
</annotation>
