<annotation>
	<folder></folder>
	<filename>frame_2682_jpg.rf.d6089d578ce02134b249c0f37771fa0e.jpg</filename>
	<path>frame_2682_jpg.rf.d6089d578ce02134b249c0f37771fa0e.jpg</path>
	<source>
		<database>roboflow.ai</database>
	</source>
	<size>
		<width>416</width>
		<height>416</height>
		<depth>3</depth>
	</size>
	<segmented>0</segmented>
	<object>
		<name>motorbike</name>
		<pose>Unspecified</pose>
		<truncated>0</truncated>
		<difficult>0</difficult>
		<occluded>0</occluded>
		<bndbox>
			<xmin>67</xmin>
			<xmax>104</xmax>
			<ymin>197</ymin>
			<ymax>288</ymax>
		</bndbox>
	</object>
	<object>
		<name>motorbike</name>
		<pose>Unspecified</pose>
		<truncated>0</truncated>
		<difficult>0</difficult>
		<occluded>0</occluded>
		<bndbox>
			<xmin>133</xmin>
			<xmax>185</xmax>
			<ymin>245</ymin>
			<ymax>353</ymax>
		</bndbox>
	</object>
	<object>
		<name>auto</name>
		<pose>Unspecified</pose>
		<truncated>0</truncated>
		<difficult>0</difficult>
		<occluded>0</occluded>
		<bndbox>
			<xmin>129</xmin>
			<xmax>177</xmax>
			<ymin>154</ymin>
			<ymax>261</ymax>
		</bndbox>
	</object>
</annotation>
