<annotation>
	<folder></folder>
	<filename>frame_2706_jpg.rf.c21e0bc6bac9719b07793c16f849e22b.jpg</filename>
	<path>frame_2706_jpg.rf.c21e0bc6bac9719b07793c16f849e22b.jpg</path>
	<source>
		<database>roboflow.ai</database>
	</source>
	<size>
		<width>416</width>
		<height>416</height>
		<depth>3</depth>
	</size>
	<segmented>0</segmented>
	<object>
		<name>bicycle</name>
		<pose>Unspecified</pose>
		<truncated>0</truncated>
		<difficult>0</difficult>
		<occluded>0</occluded>
		<bndbox>
			<xmin>312</xmin>
			<xmax>346</xmax>
			<ymin>235</ymin>
			<ymax>369</ymax>
		</bndbox>
	</object>
	<object>
		<name>bicycle</name>
		<pose>Unspecified</pose>
		<truncated>0</truncated>
		<difficult>0</difficult>
		<occluded>0</occluded>
		<bndbox>
			<xmin>337</xmin>
			<xmax>371</xmax>
			<ymin>230</ymin>
			<ymax>364</ymax>
		</bndbox>
	</object>
</annotation>
