<annotation>
	<folder></folder>
	<filename>frame_2701_jpg.rf.ac7afa0a2057fe6e079a0a6505425b5d.jpg</filename>
	<path>frame_2701_jpg.rf.ac7afa0a2057fe6e079a0a6505425b5d.jpg</path>
	<source>
		<database>roboflow.ai</database>
	</source>
	<size>
		<width>416</width>
		<height>416</height>
		<depth>3</depth>
	</size>
	<segmented>0</segmented>
	<object>
		<name>bicycle</name>
		<pose>Unspecified</pose>
		<truncated>0</truncated>
		<difficult>0</difficult>
		<occluded>0</occluded>
		<bndbox>
			<xmin>283</xmin>
			<xmax>333</xmax>
			<ymin>261</ymin>
			<ymax>362</ymax>
		</bndbox>
	</object>
	<object>
		<name>bicycle</name>
		<pose>Unspecified</pose>
		<truncated>0</truncated>
		<difficult>0</difficult>
		<occluded>0</occluded>
		<bndbox>
			<xmin>307</xmin>
			<xmax>357</xmax>
			<ymin>264</ymin>
			<ymax>365</ymax>
		</bndbox>
	</object>
	<object>
		<name>motorbike</name>
		<pose>Unspecified</pose>
		<truncated>0</truncated>
		<difficult>0</difficult>
		<occluded>0</occluded>
		<bndbox>
			<xmin>163</xmin>
			<xmax>232</xmax>
			<ymin>276</ymin>
			<ymax>395</ymax>
		</bndbox>
	</object>
</annotation>
