<annotation>
	<folder></folder>
	<filename>frame_2665_jpg.rf.96b06c9adb84af00cdaa9f16b4e75a5d.jpg</filename>
	<path>frame_2665_jpg.rf.96b06c9adb84af00cdaa9f16b4e75a5d.jpg</path>
	<source>
		<database>roboflow.ai</database>
	</source>
	<size>
		<width>416</width>
		<height>416</height>
		<depth>3</depth>
	</size>
	<segmented>0</segmented>
	<object>
		<name>auto</name>
		<pose>Unspecified</pose>
		<truncated>0</truncated>
		<difficult>0</difficult>
		<occluded>0</occluded>
		<bndbox>
			<xmin>271</xmin>
			<xmax>357</xmax>
			<ymin>236</ymin>
			<ymax>386</ymax>
		</bndbox>
	</object>
	<object>
		<name>car</name>
		<pose>Unspecified</pose>
		<truncated>0</truncated>
		<difficult>0</difficult>
		<occluded>0</occluded>
		<bndbox>
			<xmin>219</xmin>
			<xmax>293</xmax>
			<ymin>164</ymin>
			<ymax>287</ymax>
		</bndbox>
	</object>
</annotation>
