<annotation>
	<folder></folder>
	<filename>frame_2693_jpg.rf.63ab5863c5013e262f926a030aa432b3.jpg</filename>
	<path>frame_2693_jpg.rf.63ab5863c5013e262f926a030aa432b3.jpg</path>
	<source>
		<database>roboflow.ai</database>
	</source>
	<size>
		<width>416</width>
		<height>416</height>
		<depth>3</depth>
	</size>
	<segmented>0</segmented>
	<object>
		<name>motorbike</name>
		<pose>Unspecified</pose>
		<truncated>0</truncated>
		<difficult>0</difficult>
		<occluded>0</occluded>
		<bndbox>
			<xmin>156</xmin>
			<xmax>196</xmax>
			<ymin>250</ymin>
			<ymax>365</ymax>
		</bndbox>
	</object>
	<object>
		<name>bicycle</name>
		<pose>Unspecified</pose>
		<truncated>0</truncated>
		<difficult>0</difficult>
		<occluded>0</occluded>
		<bndbox>
			<xmin>59</xmin>
			<xmax>88</xmax>
			<ymin>237</ymin>
			<ymax>347</ymax>
		</bndbox>
	</object>
</annotation>
