<annotation>
	<folder></folder>
	<filename>frame_2629_jpg.rf.0ea1e41bf0831fa195e2a847449587d8.jpg</filename>
	<path>frame_2629_jpg.rf.0ea1e41bf0831fa195e2a847449587d8.jpg</path>
	<source>
		<database>roboflow.ai</database>
	</source>
	<size>
		<width>416</width>
		<height>416</height>
		<depth>3</depth>
	</size>
	<segmented>0</segmented>
	<object>
		<name>motorbike</name>
		<pose>Unspecified</pose>
		<truncated>0</truncated>
		<difficult>0</difficult>
		<occluded>0</occluded>
		<bndbox>
			<xmin>140</xmin>
			<xmax>182</xmax>
			<ymin>260</ymin>
			<ymax>364</ymax>
		</bndbox>
	</object>
	<object>
		<name>motorbike</name>
		<pose>Unspecified</pose>
		<truncated>0</truncated>
		<difficult>0</difficult>
		<occluded>0</occluded>
		<bndbox>
			<xmin>85</xmin>
			<xmax>127</xmax>
			<ymin>236</ymin>
			<ymax>340</ymax>
		</bndbox>
	</object>
	<object>
		<name>motorbike</name>
		<pose>Unspecified</pose>
		<truncated>0</truncated>
		<difficult>0</difficult>
		<occluded>0</occluded>
		<bndbox>
			<xmin>51</xmin>
			<xmax>93</xmax>
			<ymin>279</ymin>
			<ymax>383</ymax>
		</bndbox>
	</object>
</annotation>
