<annotation>
	<folder></folder>
	<filename>frame_2699_jpg.rf.d0b4735a7e0a935b9cc083af8b790425.jpg</filename>
	<path>frame_2699_jpg.rf.d0b4735a7e0a935b9cc083af8b790425.jpg</path>
	<source>
		<database>roboflow.ai</database>
	</source>
	<size>
		<width>416</width>
		<height>416</height>
		<depth>3</depth>
	</size>
	<segmented>0</segmented>
	<object>
		<name>motorbike</name>
		<pose>Unspecified</pose>
		<truncated>0</truncated>
		<difficult>0</difficult>
		<occluded>0</occluded>
		<bndbox>
			<xmin>98</xmin>
			<xmax>133</xmax>
			<ymin>244</ymin>
			<ymax>364</ymax>
		</bndbox>
	</object>
	<object>
		<name>motorbike</name>
		<pose>Unspecified</pose>
		<truncated>0</truncated>
		<difficult>0</difficult>
		<occluded>0</occluded>
		<bndbox>
			<xmin>59</xmin>
			<xmax>94</xmax>
			<ymin>174</ymin>
			<ymax>294</ymax>
		</bndbox>
	</object>
	<object>
		<name>auto</name>
		<pose>Unspecified</pose>
		<truncated>0</truncated>
		<difficult>0</difficult>
		<occluded>0</occluded>
		<bndbox>
			<xmin>95</xmin>
			<xmax>148</xmax>
			<ymin>144</ymin>
			<ymax>258</ymax>
		</bndbox>
	</object>
</annotation>
