<annotation>
	<folder></folder>
	<filename>frame_2701_jpg.rf.2ebe2d0b343be5deacd2989d6de78fcf.jpg</filename>
	<path>frame_2701_jpg.rf.2ebe2d0b343be5deacd2989d6de78fcf.jpg</path>
	<source>
		<database>roboflow.ai</database>
	</source>
	<size>
		<width>416</width>
		<height>416</height>
		<depth>3</depth>
	</size>
	<segmented>0</segmented>
	<object>
		<name>bicycle</name>
		<pose>Unspecified</pose>
		<truncated>0</truncated>
		<difficult>0</difficult>
		<occluded>0</occluded>
		<bndbox>
			<xmin>56</xmin>
			<xmax>113</xmax>
			<ymin>273</ymin>
			<ymax>379</ymax>
		</bndbox>
	</object>
	<object>
		<name>bicycle</name>
		<pose>Unspecified</pose>
		<truncated>0</truncated>
		<difficult>0</difficult>
		<occluded>0</occluded>
		<bndbox>
			<xmin>31</xmin>
			<xmax>88</xmax>
			<ymin>278</ymin>
			<ymax>384</ymax>
		</bndbox>
	</object>
	<object>
		<name>motorbike</name>
		<pose>Unspecified</pose>
		<truncated>0</truncated>
		<difficult>0</difficult>
		<occluded>0</occluded>
		<bndbox>
			<xmin>151</xmin>
			<xmax>229</xmax>
			<ymin>274</ymin>
			<ymax>398</ymax>
		</bndbox>
	</object>
</annotation>
