<annotation>
	<folder></folder>
	<filename>frame_2701_jpg.rf.e86ba506420e6b0df1bfbb721bfd85cf.jpg</filename>
	<path>frame_2701_jpg.rf.e86ba506420e6b0df1bfbb721bfd85cf.jpg</path>
	<source>
		<database>roboflow.ai</database>
	</source>
	<size>
		<width>416</width>
		<height>416</height>
		<depth>3</depth>
	</size>
	<segmented>0</segmented>
	<object>
		<name>bicycle</name>
		<pose>Unspecified</pose>
		<truncated>0</truncated>
		<difficult>0</difficult>
		<occluded>0</occluded>
		<bndbox>
			<xmin>89</xmin>
			<xmax>142</xmax>
			<ymin>263</ymin>
			<ymax>362</ymax>
		</bndbox>
	</object>
	<object>
		<name>bicycle</name>
		<pose>Unspecified</pose>
		<truncated>0</truncated>
		<difficult>0</difficult>
		<occluded>0</occluded>
		<bndbox>
			<xmin>66</xmin>
			<xmax>119</xmax>
			<ymin>266</ymin>
			<ymax>365</ymax>
		</bndbox>
	</object>
	<object>
		<name>motorbike</name>
		<pose>Unspecified</pose>
		<truncated>0</truncated>
		<difficult>0</difficult>
		<occluded>0</occluded>
		<bndbox>
			<xmin>191</xmin>
			<xmax>264</xmax>
			<ymin>277</ymin>
			<ymax>394</ymax>
		</bndbox>
	</object>
</annotation>
