<annotation>
	<folder></folder>
	<filename>frame_2636_jpg.rf.135ab1da00ddbc318092d766a4156eaa.jpg</filename>
	<path>frame_2636_jpg.rf.135ab1da00ddbc318092d766a4156eaa.jpg</path>
	<source>
		<database>roboflow.ai</database>
	</source>
	<size>
		<width>416</width>
		<height>416</height>
		<depth>3</depth>
	</size>
	<segmented>0</segmented>
	<object>
		<name>bicycle</name>
		<pose>Unspecified</pose>
		<truncated>0</truncated>
		<difficult>0</difficult>
		<occluded>0</occluded>
		<bndbox>
			<xmin>54</xmin>
			<xmax>112</xmax>
			<ymin>158</ymin>
			<ymax>278</ymax>
		</bndbox>
	</object>
</annotation>
