<annotation>
	<folder></folder>
	<filename>frame_2689_jpg.rf.68ed13e73c00c4beacde7ccbd25cc7f7.jpg</filename>
	<path>frame_2689_jpg.rf.68ed13e73c00c4beacde7ccbd25cc7f7.jpg</path>
	<source>
		<database>roboflow.ai</database>
	</source>
	<size>
		<width>416</width>
		<height>416</height>
		<depth>3</depth>
	</size>
	<segmented>0</segmented>
	<object>
		<name>bicycle</name>
		<pose>Unspecified</pose>
		<truncated>0</truncated>
		<difficult>0</difficult>
		<occluded>0</occluded>
		<bndbox>
			<xmin>331</xmin>
			<xmax>380</xmax>
			<ymin>334</ymin>
			<ymax>415</ymax>
		</bndbox>
	</object>
	<object>
		<name>bicycle</name>
		<pose>Unspecified</pose>
		<truncated>0</truncated>
		<difficult>0</difficult>
		<occluded>0</occluded>
		<bndbox>
			<xmin>336</xmin>
			<xmax>383</xmax>
			<ymin>273</ymin>
			<ymax>391</ymax>
		</bndbox>
	</object>
</annotation>
