<annotation>
	<folder></folder>
	<filename>frame_2670_jpg.rf.46a6659251790762bf9cc55e5e1d98f3.jpg</filename>
	<path>frame_2670_jpg.rf.46a6659251790762bf9cc55e5e1d98f3.jpg</path>
	<source>
		<database>roboflow.ai</database>
	</source>
	<size>
		<width>416</width>
		<height>416</height>
		<depth>3</depth>
	</size>
	<segmented>0</segmented>
	<object>
		<name>bicycle</name>
		<pose>Unspecified</pose>
		<truncated>0</truncated>
		<difficult>0</difficult>
		<occluded>0</occluded>
		<bndbox>
			<xmin>306</xmin>
			<xmax>350</xmax>
			<ymin>259</ymin>
			<ymax>403</ymax>
		</bndbox>
	</object>
	<object>
		<name>bicycle</name>
		<pose>Unspecified</pose>
		<truncated>0</truncated>
		<difficult>0</difficult>
		<occluded>0</occluded>
		<bndbox>
			<xmin>318</xmin>
			<xmax>363</xmax>
			<ymin>204</ymin>
			<ymax>319</ymax>
		</bndbox>
	</object>
	<object>
		<name>motorbike</name>
		<pose>Unspecified</pose>
		<truncated>0</truncated>
		<difficult>0</difficult>
		<occluded>0</occluded>
		<bndbox>
			<xmin>315</xmin>
			<xmax>359</xmax>
			<ymin>358</ymin>
			<ymax>415</ymax>
		</bndbox>
	</object>
</annotation>
