<annotation>
	<folder></folder>
	<filename>frame_2638_jpg.rf.b604bd013a3673cc793459801202f10e.jpg</filename>
	<path>frame_2638_jpg.rf.b604bd013a3673cc793459801202f10e.jpg</path>
	<source>
		<database>roboflow.ai</database>
	</source>
	<size>
		<width>416</width>
		<height>416</height>
		<depth>3</depth>
	</size>
	<segmented>0</segmented>
	<object>
		<name>motorbike</name>
		<pose>Unspecified</pose>
		<truncated>0</truncated>
		<difficult>0</difficult>
		<occluded>0</occluded>
		<bndbox>
			<xmin>93</xmin>
			<xmax>141</xmax>
			<ymin>298</ymin>
			<ymax>410</ymax>
		</bndbox>
	</object>
	<object>
		<name>bicycle</name>
		<pose>Unspecified</pose>
		<truncated>0</truncated>
		<difficult>0</difficult>
		<occluded>0</occluded>
		<bndbox>
			<xmin>48</xmin>
			<xmax>97</xmax>
			<ymin>314</ymin>
			<ymax>404</ymax>
		</bndbox>
	</object>
</annotation>
