<annotation>
	<folder></folder>
	<filename>frame_2702_jpg.rf.8248d6ff4aae72353b796aa7a49b93d2.jpg</filename>
	<path>frame_2702_jpg.rf.8248d6ff4aae72353b796aa7a49b93d2.jpg</path>
	<source>
		<database>roboflow.ai</database>
	</source>
	<size>
		<width>416</width>
		<height>416</height>
		<depth>3</depth>
	</size>
	<segmented>0</segmented>
	<object>
		<name>auto</name>
		<pose>Unspecified</pose>
		<truncated>0</truncated>
		<difficult>0</difficult>
		<occluded>0</occluded>
		<bndbox>
			<xmin>271</xmin>
			<xmax>341</xmax>
			<ymin>247</ymin>
			<ymax>394</ymax>
		</bndbox>
	</object>
</annotation>
