<annotation>
	<folder></folder>
	<filename>frame_2721_jpg.rf.8fa42f37a66dd7f5ce23c7118e619ddd.jpg</filename>
	<path>frame_2721_jpg.rf.8fa42f37a66dd7f5ce23c7118e619ddd.jpg</path>
	<source>
		<database>roboflow.ai</database>
	</source>
	<size>
		<width>416</width>
		<height>416</height>
		<depth>3</depth>
	</size>
	<segmented>0</segmented>
	<object>
		<name>motorbike</name>
		<pose>Unspecified</pose>
		<truncated>0</truncated>
		<difficult>0</difficult>
		<occluded>0</occluded>
		<bndbox>
			<xmin>281</xmin>
			<xmax>333</xmax>
			<ymin>200</ymin>
			<ymax>306</ymax>
		</bndbox>
	</object>
	<object>
		<name>bicycle</name>
		<pose>Unspecified</pose>
		<truncated>0</truncated>
		<difficult>0</difficult>
		<occluded>0</occluded>
		<bndbox>
			<xmin>340</xmin>
			<xmax>386</xmax>
			<ymin>242</ymin>
			<ymax>358</ymax>
		</bndbox>
	</object>
</annotation>
