<annotation>
	<folder></folder>
	<filename>frame_2677_jpg.rf.702edd3fc0f51d8c3592fcfcf3ece84d.jpg</filename>
	<path>frame_2677_jpg.rf.702edd3fc0f51d8c3592fcfcf3ece84d.jpg</path>
	<source>
		<database>roboflow.ai</database>
	</source>
	<size>
		<width>416</width>
		<height>416</height>
		<depth>3</depth>
	</size>
	<segmented>0</segmented>
	<object>
		<name>motorbike</name>
		<pose>Unspecified</pose>
		<truncated>0</truncated>
		<difficult>0</difficult>
		<occluded>0</occluded>
		<bndbox>
			<xmin>103</xmin>
			<xmax>152</xmax>
			<ymin>236</ymin>
			<ymax>345</ymax>
		</bndbox>
	</object>
	<object>
		<name>bicycle</name>
		<pose>Unspecified</pose>
		<truncated>0</truncated>
		<difficult>0</difficult>
		<occluded>0</occluded>
		<bndbox>
			<xmin>74</xmin>
			<xmax>129</xmax>
			<ymin>267</ymin>
			<ymax>396</ymax>
		</bndbox>
	</object>
</annotation>
