<annotation>
	<folder></folder>
	<filename>frame_2689_jpg.rf.633246117af4fbe1162004fd8fa8be35.jpg</filename>
	<path>frame_2689_jpg.rf.633246117af4fbe1162004fd8fa8be35.jpg</path>
	<source>
		<database>roboflow.ai</database>
	</source>
	<size>
		<width>416</width>
		<height>416</height>
		<depth>3</depth>
	</size>
	<segmented>0</segmented>
	<object>
		<name>bicycle</name>
		<pose>Unspecified</pose>
		<truncated>0</truncated>
		<difficult>0</difficult>
		<occluded>0</occluded>
		<bndbox>
			<xmin>73</xmin>
			<xmax>126</xmax>
			<ymin>319</ymin>
			<ymax>405</ymax>
		</bndbox>
	</object>
	<object>
		<name>bicycle</name>
		<pose>Unspecified</pose>
		<truncated>0</truncated>
		<difficult>0</difficult>
		<occluded>0</occluded>
		<bndbox>
			<xmin>57</xmin>
			<xmax>109</xmax>
			<ymin>255</ymin>
			<ymax>381</ymax>
		</bndbox>
	</object>
</annotation>
