<annotation>
	<folder></folder>
	<filename>frame_2722_jpg.rf.4d7e2f2cb1cb088211290543f03845ac.jpg</filename>
	<path>frame_2722_jpg.rf.4d7e2f2cb1cb088211290543f03845ac.jpg</path>
	<source>
		<database>roboflow.ai</database>
	</source>
	<size>
		<width>416</width>
		<height>416</height>
		<depth>3</depth>
	</size>
	<segmented>0</segmented>
	<object>
		<name>bicycle</name>
		<pose>Unspecified</pose>
		<truncated>0</truncated>
		<difficult>0</difficult>
		<occluded>0</occluded>
		<bndbox>
			<xmin>379</xmin>
			<xmax>415</xmax>
			<ymin>257</ymin>
			<ymax>380</ymax>
		</bndbox>
	</object>
</annotation>
