<annotation>
	<folder></folder>
	<filename>frame_2635_jpg.rf.dd4bab63c59c4373bbdd257cd4f53bc1.jpg</filename>
	<path>frame_2635_jpg.rf.dd4bab63c59c4373bbdd257cd4f53bc1.jpg</path>
	<source>
		<database>roboflow.ai</database>
	</source>
	<size>
		<width>416</width>
		<height>416</height>
		<depth>3</depth>
	</size>
	<segmented>0</segmented>
	<object>
		<name>bicycle</name>
		<pose>Unspecified</pose>
		<truncated>0</truncated>
		<difficult>0</difficult>
		<occluded>0</occluded>
		<bndbox>
			<xmin>323</xmin>
			<xmax>369</xmax>
			<ymin>228</ymin>
			<ymax>359</ymax>
		</bndbox>
	</object>
	<object>
		<name>bicycle</name>
		<pose>Unspecified</pose>
		<truncated>0</truncated>
		<difficult>0</difficult>
		<occluded>0</occluded>
		<bndbox>
			<xmin>345</xmin>
			<xmax>391</xmax>
			<ymin>222</ymin>
			<ymax>353</ymax>
		</bndbox>
	</object>
	<object>
		<name>motorbike</name>
		<pose>Unspecified</pose>
		<truncated>0</truncated>
		<difficult>0</difficult>
		<occluded>0</occluded>
		<bndbox>
			<xmin>248</xmin>
			<xmax>320</xmax>
			<ymin>221</ymin>
			<ymax>353</ymax>
		</bndbox>
	</object>
</annotation>
