<annotation>
	<folder></folder>
	<filename>frame_2686_jpg.rf.bde5f8a4920d4a157c0b9510be57897c.jpg</filename>
	<path>frame_2686_jpg.rf.bde5f8a4920d4a157c0b9510be57897c.jpg</path>
	<source>
		<database>roboflow.ai</database>
	</source>
	<size>
		<width>416</width>
		<height>416</height>
		<depth>3</depth>
	</size>
	<segmented>0</segmented>
	<object>
		<name>motorbike</name>
		<pose>Unspecified</pose>
		<truncated>0</truncated>
		<difficult>0</difficult>
		<occluded>0</occluded>
		<bndbox>
			<xmin>323</xmin>
			<xmax>356</xmax>
			<ymin>260</ymin>
			<ymax>358</ymax>
		</bndbox>
	</object>
</annotation>
