<annotation>
	<folder></folder>
	<filename>frame_2694_jpg.rf.9418be390ebd1db89171edd32d6aecf2.jpg</filename>
	<path>frame_2694_jpg.rf.9418be390ebd1db89171edd32d6aecf2.jpg</path>
	<source>
		<database>roboflow.ai</database>
	</source>
	<size>
		<width>416</width>
		<height>416</height>
		<depth>3</depth>
	</size>
	<segmented>0</segmented>
	<object>
		<name>bicycle</name>
		<pose>Unspecified</pose>
		<truncated>0</truncated>
		<difficult>0</difficult>
		<occluded>0</occluded>
		<bndbox>
			<xmin>388</xmin>
			<xmax>415</xmax>
			<ymin>263</ymin>
			<ymax>395</ymax>
		</bndbox>
	</object>
</annotation>
