<annotation>
	<folder></folder>
	<filename>frame_2622_jpg.rf.02d8a6510eae6fd41c3691ed6541a118.jpg</filename>
	<path>frame_2622_jpg.rf.02d8a6510eae6fd41c3691ed6541a118.jpg</path>
	<source>
		<database>roboflow.ai</database>
	</source>
	<size>
		<width>416</width>
		<height>416</height>
		<depth>3</depth>
	</size>
	<segmented>0</segmented>
	<object>
		<name>bicycle</name>
		<pose>Unspecified</pose>
		<truncated>0</truncated>
		<difficult>0</difficult>
		<occluded>0</occluded>
		<bndbox>
			<xmin>309</xmin>
			<xmax>335</xmax>
			<ymin>192</ymin>
			<ymax>281</ymax>
		</bndbox>
	</object>
	<object>
		<name>bicycle</name>
		<pose>Unspecified</pose>
		<truncated>0</truncated>
		<difficult>0</difficult>
		<occluded>0</occluded>
		<bndbox>
			<xmin>328</xmin>
			<xmax>354</xmax>
			<ymin>246</ymin>
			<ymax>335</ymax>
		</bndbox>
	</object>
</annotation>
