<annotation>
	<folder></folder>
	<filename>frame_2645_jpg.rf.35b164b557fa7c9dc7b9c1f572c1f1a5.jpg</filename>
	<path>frame_2645_jpg.rf.35b164b557fa7c9dc7b9c1f572c1f1a5.jpg</path>
	<source>
		<database>roboflow.ai</database>
	</source>
	<size>
		<width>416</width>
		<height>416</height>
		<depth>3</depth>
	</size>
	<segmented>0</segmented>
	<object>
		<name>motorbike</name>
		<pose>Unspecified</pose>
		<truncated>0</truncated>
		<difficult>0</difficult>
		<occluded>0</occluded>
		<bndbox>
			<xmin>305</xmin>
			<xmax>372</xmax>
			<ymin>216</ymin>
			<ymax>377</ymax>
		</bndbox>
	</object>
</annotation>
