<annotation>
	<folder></folder>
	<filename>frame_2642_jpg.rf.2d24941d14293cdb905832e9b1868bb2.jpg</filename>
	<path>frame_2642_jpg.rf.2d24941d14293cdb905832e9b1868bb2.jpg</path>
	<source>
		<database>roboflow.ai</database>
	</source>
	<size>
		<width>416</width>
		<height>416</height>
		<depth>3</depth>
	</size>
	<segmented>0</segmented>
	<object>
		<name>car</name>
		<pose>Unspecified</pose>
		<truncated>0</truncated>
		<difficult>0</difficult>
		<occluded>0</occluded>
		<bndbox>
			<xmin>133</xmin>
			<xmax>191</xmax>
			<ymin>202</ymin>
			<ymax>299</ymax>
		</bndbox>
	</object>
</annotation>
