<annotation>
	<folder></folder>
	<filename>frame_2640_jpg.rf.16df96b95b89e244abfd1412ad809e82.jpg</filename>
	<path>frame_2640_jpg.rf.16df96b95b89e244abfd1412ad809e82.jpg</path>
	<source>
		<database>roboflow.ai</database>
	</source>
	<size>
		<width>416</width>
		<height>416</height>
		<depth>3</depth>
	</size>
	<segmented>0</segmented>
	<object>
		<name>bicycle</name>
		<pose>Unspecified</pose>
		<truncated>0</truncated>
		<difficult>0</difficult>
		<occluded>0</occluded>
		<bndbox>
			<xmin>271</xmin>
			<xmax>322</xmax>
			<ymin>232</ymin>
			<ymax>369</ymax>
		</bndbox>
	</object>
	<object>
		<name>bicycle</name>
		<pose>Unspecified</pose>
		<truncated>0</truncated>
		<difficult>0</difficult>
		<occluded>0</occluded>
		<bndbox>
			<xmin>310</xmin>
			<xmax>361</xmax>
			<ymin>246</ymin>
			<ymax>383</ymax>
		</bndbox>
	</object>
</annotation>
