<annotation>
	<folder></folder>
	<filename>frame_2653_jpg.rf.565995372aab40a87de2fbe8322a8e87.jpg</filename>
	<path>frame_2653_jpg.rf.565995372aab40a87de2fbe8322a8e87.jpg</path>
	<source>
		<database>roboflow.ai</database>
	</source>
	<size>
		<width>416</width>
		<height>416</height>
		<depth>3</depth>
	</size>
	<segmented>0</segmented>
	<object>
		<name>motorbike</name>
		<pose>Unspecified</pose>
		<truncated>0</truncated>
		<difficult>0</difficult>
		<occluded>0</occluded>
		<bndbox>
			<xmin>118</xmin>
			<xmax>149</xmax>
			<ymin>187</ymin>
			<ymax>291</ymax>
		</bndbox>
	</object>
</annotation>
