<annotation>
	<folder></folder>
	<filename>frame_2677_jpg.rf.8b013f9117e21a677c76ba52f2721752.jpg</filename>
	<path>frame_2677_jpg.rf.8b013f9117e21a677c76ba52f2721752.jpg</path>
	<source>
		<database>roboflow.ai</database>
	</source>
	<size>
		<width>416</width>
		<height>416</height>
		<depth>3</depth>
	</size>
	<segmented>0</segmented>
	<object>
		<name>motorbike</name>
		<pose>Unspecified</pose>
		<truncated>0</truncated>
		<difficult>0</difficult>
		<occluded>0</occluded>
		<bndbox>
			<xmin>86</xmin>
			<xmax>127</xmax>
			<ymin>246</ymin>
			<ymax>339</ymax>
		</bndbox>
	</object>
	<object>
		<name>bicycle</name>
		<pose>Unspecified</pose>
		<truncated>0</truncated>
		<difficult>0</difficult>
		<occluded>0</occluded>
		<bndbox>
			<xmin>48</xmin>
			<xmax>94</xmax>
			<ymin>279</ymin>
			<ymax>390</ymax>
		</bndbox>
	</object>
</annotation>
