<annotation>
	<folder></folder>
	<filename>frame_2713_jpg.rf.3264a2aacd8197d343dd46524aec8ca4.jpg</filename>
	<path>frame_2713_jpg.rf.3264a2aacd8197d343dd46524aec8ca4.jpg</path>
	<source>
		<database>roboflow.ai</database>
	</source>
	<size>
		<width>416</width>
		<height>416</height>
		<depth>3</depth>
	</size>
	<segmented>0</segmented>
	<object>
		<name>motorbike</name>
		<pose>Unspecified</pose>
		<truncated>0</truncated>
		<difficult>0</difficult>
		<occluded>0</occluded>
		<bndbox>
			<xmin>122</xmin>
			<xmax>181</xmax>
			<ymin>265</ymin>
			<ymax>396</ymax>
		</bndbox>
	</object>
	<object>
		<name>motorbike</name>
		<pose>Unspecified</pose>
		<truncated>0</truncated>
		<difficult>0</difficult>
		<occluded>0</occluded>
		<bndbox>
			<xmin>133</xmin>
			<xmax>192</xmax>
			<ymin>199</ymin>
			<ymax>330</ymax>
		</bndbox>
	</object>
	<object>
		<name>bicycle</name>
		<pose>Unspecified</pose>
		<truncated>0</truncated>
		<difficult>0</difficult>
		<occluded>0</occluded>
		<bndbox>
			<xmin>62</xmin>
			<xmax>114</xmax>
			<ymin>262</ymin>
			<ymax>389</ymax>
		</bndbox>
	</object>
</annotation>
