<annotation>
	<folder></folder>
	<filename>frame_2622_jpg.rf.23b3377835f9d3802250232c46b07422.jpg</filename>
	<path>frame_2622_jpg.rf.23b3377835f9d3802250232c46b07422.jpg</path>
	<source>
		<database>roboflow.ai</database>
	</source>
	<size>
		<width>416</width>
		<height>416</height>
		<depth>3</depth>
	</size>
	<segmented>0</segmented>
	<object>
		<name>bicycle</name>
		<pose>Unspecified</pose>
		<truncated>0</truncated>
		<difficult>0</difficult>
		<occluded>0</occluded>
		<bndbox>
			<xmin>306</xmin>
			<xmax>343</xmax>
			<ymin>189</ymin>
			<ymax>267</ymax>
		</bndbox>
	</object>
	<object>
		<name>bicycle</name>
		<pose>Unspecified</pose>
		<truncated>0</truncated>
		<difficult>0</difficult>
		<occluded>0</occluded>
		<bndbox>
			<xmin>328</xmin>
			<xmax>365</xmax>
			<ymin>243</ymin>
			<ymax>321</ymax>
		</bndbox>
	</object>
</annotation>
