<annotation>
	<folder></folder>
	<filename>frame_2715_jpg.rf.c08e509b0c56d6b8fbb0bbe31957f4e4.jpg</filename>
	<path>frame_2715_jpg.rf.c08e509b0c56d6b8fbb0bbe31957f4e4.jpg</path>
	<source>
		<database>roboflow.ai</database>
	</source>
	<size>
		<width>416</width>
		<height>416</height>
		<depth>3</depth>
	</size>
	<segmented>0</segmented>
	<object>
		<name>motorbike</name>
		<pose>Unspecified</pose>
		<truncated>0</truncated>
		<difficult>0</difficult>
		<occluded>0</occluded>
		<bndbox>
			<xmin>299</xmin>
			<xmax>359</xmax>
			<ymin>225</ymin>
			<ymax>347</ymax>
		</bndbox>
	</object>
</annotation>
