<annotation>
	<folder></folder>
	<filename>frame_2648_jpg.rf.bab2d4b2f6f6c830b47b094bfe3adf56.jpg</filename>
	<path>frame_2648_jpg.rf.bab2d4b2f6f6c830b47b094bfe3adf56.jpg</path>
	<source>
		<database>roboflow.ai</database>
	</source>
	<size>
		<width>416</width>
		<height>416</height>
		<depth>3</depth>
	</size>
	<segmented>0</segmented>
	<object>
		<name>car</name>
		<pose>Unspecified</pose>
		<truncated>0</truncated>
		<difficult>0</difficult>
		<occluded>0</occluded>
		<bndbox>
			<xmin>178</xmin>
			<xmax>275</xmax>
			<ymin>214</ymin>
			<ymax>372</ymax>
		</bndbox>
	</object>
	<object>
		<name>bicycle</name>
		<pose>Unspecified</pose>
		<truncated>0</truncated>
		<difficult>0</difficult>
		<occluded>0</occluded>
		<bndbox>
			<xmin>286</xmin>
			<xmax>330</xmax>
			<ymin>244</ymin>
			<ymax>355</ymax>
		</bndbox>
	</object>
	<object>
		<name>bicycle</name>
		<pose>Unspecified</pose>
		<truncated>0</truncated>
		<difficult>0</difficult>
		<occluded>0</occluded>
		<bndbox>
			<xmin>310</xmin>
			<xmax>354</xmax>
			<ymin>241</ymin>
			<ymax>352</ymax>
		</bndbox>
	</object>
</annotation>
