<annotation>
	<folder></folder>
	<filename>frame_2715_jpg.rf.20ce839924a1fafbf6c8963aae839ec2.jpg</filename>
	<path>frame_2715_jpg.rf.20ce839924a1fafbf6c8963aae839ec2.jpg</path>
	<source>
		<database>roboflow.ai</database>
	</source>
	<size>
		<width>416</width>
		<height>416</height>
		<depth>3</depth>
	</size>
	<segmented>0</segmented>
	<object>
		<name>motorbike</name>
		<pose>Unspecified</pose>
		<truncated>0</truncated>
		<difficult>0</difficult>
		<occluded>0</occluded>
		<bndbox>
			<xmin>68</xmin>
			<xmax>131</xmax>
			<ymin>193</ymin>
			<ymax>313</ymax>
		</bndbox>
	</object>
</annotation>
