<annotation>
	<folder></folder>
	<filename>frame_2667_jpg.rf.a3ac6456911b28a170f7cb638111282b.jpg</filename>
	<path>frame_2667_jpg.rf.a3ac6456911b28a170f7cb638111282b.jpg</path>
	<source>
		<database>roboflow.ai</database>
	</source>
	<size>
		<width>416</width>
		<height>416</height>
		<depth>3</depth>
	</size>
	<segmented>0</segmented>
	<object>
		<name>motorbike</name>
		<pose>Unspecified</pose>
		<truncated>0</truncated>
		<difficult>0</difficult>
		<occluded>0</occluded>
		<bndbox>
			<xmin>149</xmin>
			<xmax>205</xmax>
			<ymin>270</ymin>
			<ymax>383</ymax>
		</bndbox>
	</object>
	<object>
		<name>motorbike</name>
		<pose>Unspecified</pose>
		<truncated>0</truncated>
		<difficult>0</difficult>
		<occluded>0</occluded>
		<bndbox>
			<xmin>101</xmin>
			<xmax>157</xmax>
			<ymin>245</ymin>
			<ymax>358</ymax>
		</bndbox>
	</object>
	<object>
		<name>bicycle</name>
		<pose>Unspecified</pose>
		<truncated>0</truncated>
		<difficult>0</difficult>
		<occluded>0</occluded>
		<bndbox>
			<xmin>73</xmin>
			<xmax>119</xmax>
			<ymin>251</ymin>
			<ymax>357</ymax>
		</bndbox>
	</object>
	<object>
		<name>bus</name>
		<pose>Unspecified</pose>
		<truncated>0</truncated>
		<difficult>0</difficult>
		<occluded>0</occluded>
		<bndbox>
			<xmin>105</xmin>
			<xmax>218</xmax>
			<ymin>92</ymin>
			<ymax>288</ymax>
		</bndbox>
	</object>
</annotation>
