<annotation>
	<folder></folder>
	<filename>frame_2653_jpg.rf.273dba6ffc667d54bcb44b0bbbe7c576.jpg</filename>
	<path>frame_2653_jpg.rf.273dba6ffc667d54bcb44b0bbbe7c576.jpg</path>
	<source>
		<database>roboflow.ai</database>
	</source>
	<size>
		<width>416</width>
		<height>416</height>
		<depth>3</depth>
	</size>
	<segmented>0</segmented>
	<object>
		<name>motorbike</name>
		<pose>Unspecified</pose>
		<truncated>0</truncated>
		<difficult>0</difficult>
		<occluded>0</occluded>
		<bndbox>
			<xmin>267</xmin>
			<xmax>296</xmax>
			<ymin>171</ymin>
			<ymax>284</ymax>
		</bndbox>
	</object>
</annotation>
