<annotation>
	<folder></folder>
	<filename>frame_2633_jpg.rf.131cb6e988ae7a8367e350dc2016e81b.jpg</filename>
	<path>frame_2633_jpg.rf.131cb6e988ae7a8367e350dc2016e81b.jpg</path>
	<source>
		<database>roboflow.ai</database>
	</source>
	<size>
		<width>416</width>
		<height>416</height>
		<depth>3</depth>
	</size>
	<segmented>0</segmented>
	<object>
		<name>motorbike</name>
		<pose>Unspecified</pose>
		<truncated>0</truncated>
		<difficult>0</difficult>
		<occluded>0</occluded>
		<bndbox>
			<xmin>46</xmin>
			<xmax>107</xmax>
			<ymin>227</ymin>
			<ymax>341</ymax>
		</bndbox>
	</object>
	<object>
		<name>motorbike</name>
		<pose>Unspecified</pose>
		<truncated>0</truncated>
		<difficult>0</difficult>
		<occluded>0</occluded>
		<bndbox>
			<xmin>113</xmin>
			<xmax>174</xmax>
			<ymin>229</ymin>
			<ymax>343</ymax>
		</bndbox>
	</object>
	<object>
		<name>bicycle</name>
		<pose>Unspecified</pose>
		<truncated>0</truncated>
		<difficult>0</difficult>
		<occluded>0</occluded>
		<bndbox>
			<xmin>39</xmin>
			<xmax>73</xmax>
			<ymin>194</ymin>
			<ymax>292</ymax>
		</bndbox>
	</object>
</annotation>
