<annotation>
	<folder></folder>
	<filename>frame_2704_jpg.rf.8d1b70fa05e26f81942cab5575426a94.jpg</filename>
	<path>frame_2704_jpg.rf.8d1b70fa05e26f81942cab5575426a94.jpg</path>
	<source>
		<database>roboflow.ai</database>
	</source>
	<size>
		<width>416</width>
		<height>416</height>
		<depth>3</depth>
	</size>
	<segmented>0</segmented>
	<object>
		<name>bicycle</name>
		<pose>Unspecified</pose>
		<truncated>0</truncated>
		<difficult>0</difficult>
		<occluded>0</occluded>
		<bndbox>
			<xmin>292</xmin>
			<xmax>346</xmax>
			<ymin>255</ymin>
			<ymax>392</ymax>
		</bndbox>
	</object>
</annotation>
