<annotation>
	<folder></folder>
	<filename>frame_2640_jpg.rf.4371ec014afd005ad738776fea1876d4.jpg</filename>
	<path>frame_2640_jpg.rf.4371ec014afd005ad738776fea1876d4.jpg</path>
	<source>
		<database>roboflow.ai</database>
	</source>
	<size>
		<width>416</width>
		<height>416</height>
		<depth>3</depth>
	</size>
	<segmented>0</segmented>
	<object>
		<name>bicycle</name>
		<pose>Unspecified</pose>
		<truncated>0</truncated>
		<difficult>0</difficult>
		<occluded>0</occluded>
		<bndbox>
			<xmin>60</xmin>
			<xmax>111</xmax>
			<ymin>271</ymin>
			<ymax>403</ymax>
		</bndbox>
	</object>
	<object>
		<name>bicycle</name>
		<pose>Unspecified</pose>
		<truncated>0</truncated>
		<difficult>0</difficult>
		<occluded>0</occluded>
		<bndbox>
			<xmin>14</xmin>
			<xmax>66</xmax>
			<ymin>300</ymin>
			<ymax>415</ymax>
		</bndbox>
	</object>
</annotation>
