<annotation>
	<folder></folder>
	<filename>frame_2622_jpg.rf.16f8353f564b10e177cb02320083160e.jpg</filename>
	<path>frame_2622_jpg.rf.16f8353f564b10e177cb02320083160e.jpg</path>
	<source>
		<database>roboflow.ai</database>
	</source>
	<size>
		<width>416</width>
		<height>416</height>
		<depth>3</depth>
	</size>
	<segmented>0</segmented>
	<object>
		<name>bicycle</name>
		<pose>Unspecified</pose>
		<truncated>0</truncated>
		<difficult>0</difficult>
		<occluded>0</occluded>
		<bndbox>
			<xmin>302</xmin>
			<xmax>336</xmax>
			<ymin>152</ymin>
			<ymax>244</ymax>
		</bndbox>
	</object>
	<object>
		<name>bicycle</name>
		<pose>Unspecified</pose>
		<truncated>0</truncated>
		<difficult>0</difficult>
		<occluded>0</occluded>
		<bndbox>
			<xmin>310</xmin>
			<xmax>344</xmax>
			<ymin>202</ymin>
			<ymax>294</ymax>
		</bndbox>
	</object>
</annotation>
