<annotation>
	<folder></folder>
	<filename>frame_2663_jpg.rf.1345481f8a238c36e5170391e22c6936.jpg</filename>
	<path>frame_2663_jpg.rf.1345481f8a238c36e5170391e22c6936.jpg</path>
	<source>
		<database>roboflow.ai</database>
	</source>
	<size>
		<width>416</width>
		<height>416</height>
		<depth>3</depth>
	</size>
	<segmented>0</segmented>
	<object>
		<name>bicycle</name>
		<pose>Unspecified</pose>
		<truncated>0</truncated>
		<difficult>0</difficult>
		<occluded>0</occluded>
		<bndbox>
			<xmin>64</xmin>
			<xmax>107</xmax>
			<ymin>191</ymin>
			<ymax>286</ymax>
		</bndbox>
	</object>
	<object>
		<name>bicycle</name>
		<pose>Unspecified</pose>
		<truncated>0</truncated>
		<difficult>0</difficult>
		<occluded>0</occluded>
		<bndbox>
			<xmin>46</xmin>
			<xmax>89</xmax>
			<ymin>187</ymin>
			<ymax>282</ymax>
		</bndbox>
	</object>
</annotation>
