<annotation>
	<folder></folder>
	<filename>frame_2716_jpg.rf.6d77670252b5d065f11ebf623e3de048.jpg</filename>
	<path>frame_2716_jpg.rf.6d77670252b5d065f11ebf623e3de048.jpg</path>
	<source>
		<database>roboflow.ai</database>
	</source>
	<size>
		<width>416</width>
		<height>416</height>
		<depth>3</depth>
	</size>
	<segmented>0</segmented>
	<object>
		<name>car</name>
		<pose>Unspecified</pose>
		<truncated>0</truncated>
		<difficult>0</difficult>
		<occluded>0</occluded>
		<bndbox>
			<xmin>214</xmin>
			<xmax>299</xmax>
			<ymin>260</ymin>
			<ymax>416</ymax>
		</bndbox>
	</object>
	<object>
		<name>motorbike</name>
		<pose>Unspecified</pose>
		<truncated>0</truncated>
		<difficult>0</difficult>
		<occluded>0</occluded>
		<bndbox>
			<xmin>315</xmin>
			<xmax>355</xmax>
			<ymin>225</ymin>
			<ymax>335</ymax>
		</bndbox>
	</object>
	<object>
		<name>bicycle</name>
		<pose>Unspecified</pose>
		<truncated>0</truncated>
		<difficult>0</difficult>
		<occluded>0</occluded>
		<bndbox>
			<xmin>331</xmin>
			<xmax>358</xmax>
			<ymin>155</ymin>
			<ymax>240</ymax>
		</bndbox>
	</object>
</annotation>
