<annotation>
	<folder></folder>
	<filename>frame_2663_jpg.rf.1cb9d0994a1e02204ccbac1c4f98fe83.jpg</filename>
	<path>frame_2663_jpg.rf.1cb9d0994a1e02204ccbac1c4f98fe83.jpg</path>
	<source>
		<database>roboflow.ai</database>
	</source>
	<size>
		<width>416</width>
		<height>416</height>
		<depth>3</depth>
	</size>
	<segmented>0</segmented>
	<object>
		<name>bicycle</name>
		<pose>Unspecified</pose>
		<truncated>0</truncated>
		<difficult>0</difficult>
		<occluded>0</occluded>
		<bndbox>
			<xmin>311</xmin>
			<xmax>346</xmax>
			<ymin>165</ymin>
			<ymax>270</ymax>
		</bndbox>
	</object>
	<object>
		<name>bicycle</name>
		<pose>Unspecified</pose>
		<truncated>0</truncated>
		<difficult>0</difficult>
		<occluded>0</occluded>
		<bndbox>
			<xmin>329</xmin>
			<xmax>364</xmax>
			<ymin>158</ymin>
			<ymax>263</ymax>
		</bndbox>
	</object>
</annotation>
