<annotation>
	<folder></folder>
	<filename>frame_2637_jpg.rf.13b8ab6a17874c47fdb4099930c0df1f.jpg</filename>
	<path>frame_2637_jpg.rf.13b8ab6a17874c47fdb4099930c0df1f.jpg</path>
	<source>
		<database>roboflow.ai</database>
	</source>
	<size>
		<width>416</width>
		<height>416</height>
		<depth>3</depth>
	</size>
	<segmented>0</segmented>
	<object>
		<name>bicycle</name>
		<pose>Unspecified</pose>
		<truncated>0</truncated>
		<difficult>0</difficult>
		<occluded>0</occluded>
		<bndbox>
			<xmin>44</xmin>
			<xmax>71</xmax>
			<ymin>251</ymin>
			<ymax>358</ymax>
		</bndbox>
	</object>
</annotation>
