<annotation>
	<folder></folder>
	<filename>frame_2644_jpg.rf.9e1219e8df10e402fa7bb1ed99f096e1.jpg</filename>
	<path>frame_2644_jpg.rf.9e1219e8df10e402fa7bb1ed99f096e1.jpg</path>
	<source>
		<database>roboflow.ai</database>
	</source>
	<size>
		<width>416</width>
		<height>416</height>
		<depth>3</depth>
	</size>
	<segmented>0</segmented>
	<object>
		<name>car</name>
		<pose>Unspecified</pose>
		<truncated>0</truncated>
		<difficult>0</difficult>
		<occluded>0</occluded>
		<bndbox>
			<xmin>249</xmin>
			<xmax>305</xmax>
			<ymin>125</ymin>
			<ymax>246</ymax>
		</bndbox>
	</object>
</annotation>
