<annotation>
	<folder></folder>
	<filename>frame_2642_jpg.rf.9ecb473971fa733eebb64e111cf9cbf0.jpg</filename>
	<path>frame_2642_jpg.rf.9ecb473971fa733eebb64e111cf9cbf0.jpg</path>
	<source>
		<database>roboflow.ai</database>
	</source>
	<size>
		<width>416</width>
		<height>416</height>
		<depth>3</depth>
	</size>
	<segmented>0</segmented>
	<object>
		<name>car</name>
		<pose>Unspecified</pose>
		<truncated>0</truncated>
		<difficult>0</difficult>
		<occluded>0</occluded>
		<bndbox>
			<xmin>222</xmin>
			<xmax>284</xmax>
			<ymin>167</ymin>
			<ymax>283</ymax>
		</bndbox>
	</object>
</annotation>
