<annotation>
	<folder></folder>
	<filename>frame_2719_jpg.rf.00506ac5002c51425ce8a1c7701785d1.jpg</filename>
	<path>frame_2719_jpg.rf.00506ac5002c51425ce8a1c7701785d1.jpg</path>
	<source>
		<database>roboflow.ai</database>
	</source>
	<size>
		<width>416</width>
		<height>416</height>
		<depth>3</depth>
	</size>
	<segmented>0</segmented>
	<object>
		<name>bus</name>
		<pose>Unspecified</pose>
		<truncated>0</truncated>
		<difficult>0</difficult>
		<occluded>0</occluded>
		<bndbox>
			<xmin>192</xmin>
			<xmax>326</xmax>
			<ymin>63</ymin>
			<ymax>389</ymax>
		</bndbox>
	</object>
	<object>
		<name>bicycle</name>
		<pose>Unspecified</pose>
		<truncated>0</truncated>
		<difficult>0</difficult>
		<occluded>0</occluded>
		<bndbox>
			<xmin>336</xmin>
			<xmax>378</xmax>
			<ymin>252</ymin>
			<ymax>383</ymax>
		</bndbox>
	</object>
	<object>
		<name>motorbike</name>
		<pose>Unspecified</pose>
		<truncated>0</truncated>
		<difficult>0</difficult>
		<occluded>0</occluded>
		<bndbox>
			<xmin>294</xmin>
			<xmax>325</xmax>
			<ymin>159</ymin>
			<ymax>265</ymax>
		</bndbox>
	</object>
</annotation>
