<annotation>
	<folder></folder>
	<filename>frame_2623_jpg.rf.b2bdf4d2d167fa372aaf080772cf80b1.jpg</filename>
	<path>frame_2623_jpg.rf.b2bdf4d2d167fa372aaf080772cf80b1.jpg</path>
	<source>
		<database>roboflow.ai</database>
	</source>
	<size>
		<width>416</width>
		<height>416</height>
		<depth>3</depth>
	</size>
	<segmented>0</segmented>
	<object>
		<name>bicycle</name>
		<pose>Unspecified</pose>
		<truncated>0</truncated>
		<difficult>0</difficult>
		<occluded>0</occluded>
		<bndbox>
			<xmin>63</xmin>
			<xmax>104</xmax>
			<ymin>189</ymin>
			<ymax>301</ymax>
		</bndbox>
	</object>
</annotation>
