<annotation>
	<folder></folder>
	<filename>frame_2694_jpg.rf.bc81e84980a66a4d76139d37a282ed3a.jpg</filename>
	<path>frame_2694_jpg.rf.bc81e84980a66a4d76139d37a282ed3a.jpg</path>
	<source>
		<database>roboflow.ai</database>
	</source>
	<size>
		<width>416</width>
		<height>416</height>
		<depth>3</depth>
	</size>
	<segmented>0</segmented>
	<object>
		<name>bicycle</name>
		<pose>Unspecified</pose>
		<truncated>0</truncated>
		<difficult>0</difficult>
		<occluded>0</occluded>
		<bndbox>
			<xmin>370</xmin>
			<xmax>410</xmax>
			<ymin>308</ymin>
			<ymax>415</ymax>
		</bndbox>
	</object>
</annotation>
