<annotation>
	<folder></folder>
	<filename>frame_2648_jpg.rf.240003622bd56c71865d4dc005cf1ff2.jpg</filename>
	<path>frame_2648_jpg.rf.240003622bd56c71865d4dc005cf1ff2.jpg</path>
	<source>
		<database>roboflow.ai</database>
	</source>
	<size>
		<width>416</width>
		<height>416</height>
		<depth>3</depth>
	</size>
	<segmented>0</segmented>
	<object>
		<name>car</name>
		<pose>Unspecified</pose>
		<truncated>0</truncated>
		<difficult>0</difficult>
		<occluded>0</occluded>
		<bndbox>
			<xmin>127</xmin>
			<xmax>195</xmax>
			<ymin>212</ymin>
			<ymax>382</ymax>
		</bndbox>
	</object>
	<object>
		<name>bicycle</name>
		<pose>Unspecified</pose>
		<truncated>0</truncated>
		<difficult>0</difficult>
		<occluded>0</occluded>
		<bndbox>
			<xmin>65</xmin>
			<xmax>90</xmax>
			<ymin>249</ymin>
			<ymax>371</ymax>
		</bndbox>
	</object>
	<object>
		<name>bicycle</name>
		<pose>Unspecified</pose>
		<truncated>0</truncated>
		<difficult>0</difficult>
		<occluded>0</occluded>
		<bndbox>
			<xmin>42</xmin>
			<xmax>67</xmax>
			<ymin>248</ymin>
			<ymax>370</ymax>
		</bndbox>
	</object>
</annotation>
