<annotation>
	<folder></folder>
	<filename>frame_2636_jpg.rf.8f18a930fd240adae75992be746279fd.jpg</filename>
	<path>frame_2636_jpg.rf.8f18a930fd240adae75992be746279fd.jpg</path>
	<source>
		<database>roboflow.ai</database>
	</source>
	<size>
		<width>416</width>
		<height>416</height>
		<depth>3</depth>
	</size>
	<segmented>0</segmented>
	<object>
		<name>bicycle</name>
		<pose>Unspecified</pose>
		<truncated>0</truncated>
		<difficult>0</difficult>
		<occluded>0</occluded>
		<bndbox>
			<xmin>311</xmin>
			<xmax>348</xmax>
			<ymin>152</ymin>
			<ymax>278</ymax>
		</bndbox>
	</object>
</annotation>
