<annotation>
	<folder></folder>
	<filename>frame_2701_jpg.rf.75cee5e3ef0aa0e1eefe6226b9394f56.jpg</filename>
	<path>frame_2701_jpg.rf.75cee5e3ef0aa0e1eefe6226b9394f56.jpg</path>
	<source>
		<database>roboflow.ai</database>
	</source>
	<size>
		<width>416</width>
		<height>416</height>
		<depth>3</depth>
	</size>
	<segmented>0</segmented>
	<object>
		<name>bicycle</name>
		<pose>Unspecified</pose>
		<truncated>0</truncated>
		<difficult>0</difficult>
		<occluded>0</occluded>
		<bndbox>
			<xmin>47</xmin>
			<xmax>80</xmax>
			<ymin>240</ymin>
			<ymax>341</ymax>
		</bndbox>
	</object>
	<object>
		<name>bicycle</name>
		<pose>Unspecified</pose>
		<truncated>0</truncated>
		<difficult>0</difficult>
		<occluded>0</occluded>
		<bndbox>
			<xmin>24</xmin>
			<xmax>57</xmax>
			<ymin>237</ymin>
			<ymax>338</ymax>
		</bndbox>
	</object>
	<object>
		<name>motorbike</name>
		<pose>Unspecified</pose>
		<truncated>0</truncated>
		<difficult>0</difficult>
		<occluded>0</occluded>
		<bndbox>
			<xmin>128</xmin>
			<xmax>179</xmax>
			<ymin>276</ymin>
			<ymax>392</ymax>
		</bndbox>
	</object>
</annotation>
