<annotation>
	<folder></folder>
	<filename>frame_2716_jpg.rf.d76b70976ebc230c4297ffd1c8bb0c13.jpg</filename>
	<path>frame_2716_jpg.rf.d76b70976ebc230c4297ffd1c8bb0c13.jpg</path>
	<source>
		<database>roboflow.ai</database>
	</source>
	<size>
		<width>416</width>
		<height>416</height>
		<depth>3</depth>
	</size>
	<segmented>0</segmented>
	<object>
		<name>car</name>
		<pose>Unspecified</pose>
		<truncated>0</truncated>
		<difficult>0</difficult>
		<occluded>0</occluded>
		<bndbox>
			<xmin>186</xmin>
			<xmax>290</xmax>
			<ymin>253</ymin>
			<ymax>414</ymax>
		</bndbox>
	</object>
	<object>
		<name>motorbike</name>
		<pose>Unspecified</pose>
		<truncated>0</truncated>
		<difficult>0</difficult>
		<occluded>0</occluded>
		<bndbox>
			<xmin>299</xmin>
			<xmax>351</xmax>
			<ymin>217</ymin>
			<ymax>329</ymax>
		</bndbox>
	</object>
	<object>
		<name>bicycle</name>
		<pose>Unspecified</pose>
		<truncated>0</truncated>
		<difficult>0</difficult>
		<occluded>0</occluded>
		<bndbox>
			<xmin>329</xmin>
			<xmax>364</xmax>
			<ymin>146</ymin>
			<ymax>233</ymax>
		</bndbox>
	</object>
</annotation>
