<annotation>
	<folder></folder>
	<filename>frame_2712_jpg.rf.7264167c9a47788ba960eb0b3b95e70c.jpg</filename>
	<path>frame_2712_jpg.rf.7264167c9a47788ba960eb0b3b95e70c.jpg</path>
	<source>
		<database>roboflow.ai</database>
	</source>
	<size>
		<width>416</width>
		<height>416</height>
		<depth>3</depth>
	</size>
	<segmented>0</segmented>
	<object>
		<name>bicycle</name>
		<pose>Unspecified</pose>
		<truncated>0</truncated>
		<difficult>0</difficult>
		<occluded>0</occluded>
		<bndbox>
			<xmin>320</xmin>
			<xmax>381</xmax>
			<ymin>302</ymin>
			<ymax>415</ymax>
		</bndbox>
	</object>
	<object>
		<name>motorbike</name>
		<pose>Unspecified</pose>
		<truncated>0</truncated>
		<difficult>0</difficult>
		<occluded>0</occluded>
		<bndbox>
			<xmin>223</xmin>
			<xmax>284</xmax>
			<ymin>230</ymin>
			<ymax>348</ymax>
		</bndbox>
	</object>
</annotation>
