<annotation>
	<folder></folder>
	<filename>frame_2682_jpg.rf.e744c44883b724f9fbb14fb78bee126e.jpg</filename>
	<path>frame_2682_jpg.rf.e744c44883b724f9fbb14fb78bee126e.jpg</path>
	<source>
		<database>roboflow.ai</database>
	</source>
	<size>
		<width>416</width>
		<height>416</height>
		<depth>3</depth>
	</size>
	<segmented>0</segmented>
	<object>
		<name>motorbike</name>
		<pose>Unspecified</pose>
		<truncated>0</truncated>
		<difficult>0</difficult>
		<occluded>0</occluded>
		<bndbox>
			<xmin>313</xmin>
			<xmax>344</xmax>
			<ymin>190</ymin>
			<ymax>277</ymax>
		</bndbox>
	</object>
	<object>
		<name>motorbike</name>
		<pose>Unspecified</pose>
		<truncated>0</truncated>
		<difficult>0</difficult>
		<occluded>0</occluded>
		<bndbox>
			<xmin>221</xmin>
			<xmax>264</xmax>
			<ymin>245</ymin>
			<ymax>348</ymax>
		</bndbox>
	</object>
	<object>
		<name>auto</name>
		<pose>Unspecified</pose>
		<truncated>0</truncated>
		<difficult>0</difficult>
		<occluded>0</occluded>
		<bndbox>
			<xmin>244</xmin>
			<xmax>284</xmax>
			<ymin>152</ymin>
			<ymax>254</ymax>
		</bndbox>
	</object>
</annotation>
