<annotation>
	<folder></folder>
	<filename>frame_2702_jpg.rf.f6bc18a3bec945f71b8ad442dc4bc0f0.jpg</filename>
	<path>frame_2702_jpg.rf.f6bc18a3bec945f71b8ad442dc4bc0f0.jpg</path>
	<source>
		<database>roboflow.ai</database>
	</source>
	<size>
		<width>416</width>
		<height>416</height>
		<depth>3</depth>
	</size>
	<segmented>0</segmented>
	<object>
		<name>auto</name>
		<pose>Unspecified</pose>
		<truncated>0</truncated>
		<difficult>0</difficult>
		<occluded>0</occluded>
		<bndbox>
			<xmin>263</xmin>
			<xmax>333</xmax>
			<ymin>241</ymin>
			<ymax>366</ymax>
		</bndbox>
	</object>
</annotation>
