<annotation>
	<folder></folder>
	<filename>frame_2721_jpg.rf.edaabb7f5bd74629919bbcb5465572e7.jpg</filename>
	<path>frame_2721_jpg.rf.edaabb7f5bd74629919bbcb5465572e7.jpg</path>
	<source>
		<database>roboflow.ai</database>
	</source>
	<size>
		<width>416</width>
		<height>416</height>
		<depth>3</depth>
	</size>
	<segmented>0</segmented>
	<object>
		<name>motorbike</name>
		<pose>Unspecified</pose>
		<truncated>0</truncated>
		<difficult>0</difficult>
		<occluded>0</occluded>
		<bndbox>
			<xmin>279</xmin>
			<xmax>326</xmax>
			<ymin>200</ymin>
			<ymax>303</ymax>
		</bndbox>
	</object>
	<object>
		<name>bicycle</name>
		<pose>Unspecified</pose>
		<truncated>0</truncated>
		<difficult>0</difficult>
		<occluded>0</occluded>
		<bndbox>
			<xmin>328</xmin>
			<xmax>372</xmax>
			<ymin>243</ymin>
			<ymax>355</ymax>
		</bndbox>
	</object>
</annotation>
