<annotation>
	<folder></folder>
	<filename>frame_2702_jpg.rf.4e33e35abd4f31f14bef143e5c34a75b.jpg</filename>
	<path>frame_2702_jpg.rf.4e33e35abd4f31f14bef143e5c34a75b.jpg</path>
	<source>
		<database>roboflow.ai</database>
	</source>
	<size>
		<width>416</width>
		<height>416</height>
		<depth>3</depth>
	</size>
	<segmented>0</segmented>
	<object>
		<name>auto</name>
		<pose>Unspecified</pose>
		<truncated>0</truncated>
		<difficult>0</difficult>
		<occluded>0</occluded>
		<bndbox>
			<xmin>38</xmin>
			<xmax>126</xmax>
			<ymin>222</ymin>
			<ymax>363</ymax>
		</bndbox>
	</object>
</annotation>
