<annotation>
	<folder></folder>
	<filename>frame_2665_jpg.rf.483022511599a8fd97732f481bcd338a.jpg</filename>
	<path>frame_2665_jpg.rf.483022511599a8fd97732f481bcd338a.jpg</path>
	<source>
		<database>roboflow.ai</database>
	</source>
	<size>
		<width>416</width>
		<height>416</height>
		<depth>3</depth>
	</size>
	<segmented>0</segmented>
	<object>
		<name>auto</name>
		<pose>Unspecified</pose>
		<truncated>0</truncated>
		<difficult>0</difficult>
		<occluded>0</occluded>
		<bndbox>
			<xmin>67</xmin>
			<xmax>141</xmax>
			<ymin>251</ymin>
			<ymax>407</ymax>
		</bndbox>
	</object>
	<object>
		<name>car</name>
		<pose>Unspecified</pose>
		<truncated>0</truncated>
		<difficult>0</difficult>
		<occluded>0</occluded>
		<bndbox>
			<xmin>129</xmin>
			<xmax>193</xmax>
			<ymin>170</ymin>
			<ymax>297</ymax>
		</bndbox>
	</object>
</annotation>
