<annotation>
	<folder></folder>
	<filename>frame_2724_jpg.rf.5bcbbc53bfec3c42b7e0afd63f2187ec.jpg</filename>
	<path>frame_2724_jpg.rf.5bcbbc53bfec3c42b7e0afd63f2187ec.jpg</path>
	<source>
		<database>roboflow.ai</database>
	</source>
	<size>
		<width>416</width>
		<height>416</height>
		<depth>3</depth>
	</size>
	<segmented>0</segmented>
	<object>
		<name>bicycle</name>
		<pose>Unspecified</pose>
		<truncated>0</truncated>
		<difficult>0</difficult>
		<occluded>0</occluded>
		<bndbox>
			<xmin>28</xmin>
			<xmax>70</xmax>
			<ymin>273</ymin>
			<ymax>397</ymax>
		</bndbox>
	</object>
</annotation>
