<annotation>
	<folder></folder>
	<filename>frame_2640_jpg.rf.641d336c037890b8dc50dbdb81fdd43d.jpg</filename>
	<path>frame_2640_jpg.rf.641d336c037890b8dc50dbdb81fdd43d.jpg</path>
	<source>
		<database>roboflow.ai</database>
	</source>
	<size>
		<width>416</width>
		<height>416</height>
		<depth>3</depth>
	</size>
	<segmented>0</segmented>
	<object>
		<name>bicycle</name>
		<pose>Unspecified</pose>
		<truncated>0</truncated>
		<difficult>0</difficult>
		<occluded>0</occluded>
		<bndbox>
			<xmin>81</xmin>
			<xmax>104</xmax>
			<ymin>211</ymin>
			<ymax>341</ymax>
		</bndbox>
	</object>
	<object>
		<name>bicycle</name>
		<pose>Unspecified</pose>
		<truncated>0</truncated>
		<difficult>0</difficult>
		<occluded>0</occluded>
		<bndbox>
			<xmin>37</xmin>
			<xmax>60</xmax>
			<ymin>216</ymin>
			<ymax>346</ymax>
		</bndbox>
	</object>
</annotation>
