<annotation>
	<folder></folder>
	<filename>frame_2657_jpg.rf.454a0d99aea1877d0d52237d5d143152.jpg</filename>
	<path>frame_2657_jpg.rf.454a0d99aea1877d0d52237d5d143152.jpg</path>
	<source>
		<database>roboflow.ai</database>
	</source>
	<size>
		<width>416</width>
		<height>416</height>
		<depth>3</depth>
	</size>
	<segmented>0</segmented>
	<object>
		<name>motorbike</name>
		<pose>Unspecified</pose>
		<truncated>0</truncated>
		<difficult>0</difficult>
		<occluded>0</occluded>
		<bndbox>
			<xmin>51</xmin>
			<xmax>106</xmax>
			<ymin>230</ymin>
			<ymax>329</ymax>
		</bndbox>
	</object>
</annotation>
