<annotation>
	<folder></folder>
	<filename>frame_2714_jpg.rf.a1692aaa75230143aaad3f011e56316b.jpg</filename>
	<path>frame_2714_jpg.rf.a1692aaa75230143aaad3f011e56316b.jpg</path>
	<source>
		<database>roboflow.ai</database>
	</source>
	<size>
		<width>416</width>
		<height>416</height>
		<depth>3</depth>
	</size>
	<segmented>0</segmented>
	<object>
		<name>motorbike</name>
		<pose>Unspecified</pose>
		<truncated>0</truncated>
		<difficult>0</difficult>
		<occluded>0</occluded>
		<bndbox>
			<xmin>244</xmin>
			<xmax>289</xmax>
			<ymin>273</ymin>
			<ymax>410</ymax>
		</bndbox>
	</object>
	<object>
		<name>auto</name>
		<pose>Unspecified</pose>
		<truncated>0</truncated>
		<difficult>0</difficult>
		<occluded>0</occluded>
		<bndbox>
			<xmin>203</xmin>
			<xmax>272</xmax>
			<ymin>183</ymin>
			<ymax>322</ymax>
		</bndbox>
	</object>
	<object>
		<name>motorbike</name>
		<pose>Unspecified</pose>
		<truncated>0</truncated>
		<difficult>0</difficult>
		<occluded>0</occluded>
		<bndbox>
			<xmin>276</xmin>
			<xmax>321</xmax>
			<ymin>162</ymin>
			<ymax>299</ymax>
		</bndbox>
	</object>
</annotation>
