<annotation>
	<folder></folder>
	<filename>frame_2622_jpg.rf.85c5cdcdc0368a9172ef69fa786a545c.jpg</filename>
	<path>frame_2622_jpg.rf.85c5cdcdc0368a9172ef69fa786a545c.jpg</path>
	<source>
		<database>roboflow.ai</database>
	</source>
	<size>
		<width>416</width>
		<height>416</height>
		<depth>3</depth>
	</size>
	<segmented>0</segmented>
	<object>
		<name>bicycle</name>
		<pose>Unspecified</pose>
		<truncated>0</truncated>
		<difficult>0</difficult>
		<occluded>0</occluded>
		<bndbox>
			<xmin>305</xmin>
			<xmax>345</xmax>
			<ymin>202</ymin>
			<ymax>292</ymax>
		</bndbox>
	</object>
	<object>
		<name>bicycle</name>
		<pose>Unspecified</pose>
		<truncated>0</truncated>
		<difficult>0</difficult>
		<occluded>0</occluded>
		<bndbox>
			<xmin>326</xmin>
			<xmax>366</xmax>
			<ymin>257</ymin>
			<ymax>347</ymax>
		</bndbox>
	</object>
</annotation>
