<annotation>
	<folder></folder>
	<filename>frame_2679_jpg.rf.01b2212618b246e278513b938ebf9ea2.jpg</filename>
	<path>frame_2679_jpg.rf.01b2212618b246e278513b938ebf9ea2.jpg</path>
	<source>
		<database>roboflow.ai</database>
	</source>
	<size>
		<width>416</width>
		<height>416</height>
		<depth>3</depth>
	</size>
	<segmented>0</segmented>
	<object>
		<name>motorbike</name>
		<pose>Unspecified</pose>
		<truncated>0</truncated>
		<difficult>0</difficult>
		<occluded>0</occluded>
		<bndbox>
			<xmin>214</xmin>
			<xmax>277</xmax>
			<ymin>193</ymin>
			<ymax>287</ymax>
		</bndbox>
	</object>
	<object>
		<name>motorbike</name>
		<pose>Unspecified</pose>
		<truncated>0</truncated>
		<difficult>0</difficult>
		<occluded>0</occluded>
		<bndbox>
			<xmin>272</xmin>
			<xmax>335</xmax>
			<ymin>189</ymin>
			<ymax>283</ymax>
		</bndbox>
	</object>
	<object>
		<name>bicycle</name>
		<pose>Unspecified</pose>
		<truncated>0</truncated>
		<difficult>0</difficult>
		<occluded>0</occluded>
		<bndbox>
			<xmin>324</xmin>
			<xmax>385</xmax>
			<ymin>178</ymin>
			<ymax>293</ymax>
		</bndbox>
	</object>
</annotation>
