<annotation>
	<folder></folder>
	<filename>frame_2659_jpg.rf.682e0c74f9fc48dba430a5e88717f34d.jpg</filename>
	<path>frame_2659_jpg.rf.682e0c74f9fc48dba430a5e88717f34d.jpg</path>
	<source>
		<database>roboflow.ai</database>
	</source>
	<size>
		<width>416</width>
		<height>416</height>
		<depth>3</depth>
	</size>
	<segmented>0</segmented>
	<object>
		<name>motorbike</name>
		<pose>Unspecified</pose>
		<truncated>0</truncated>
		<difficult>0</difficult>
		<occluded>0</occluded>
		<bndbox>
			<xmin>127</xmin>
			<xmax>184</xmax>
			<ymin>237</ymin>
			<ymax>376</ymax>
		</bndbox>
	</object>
	<object>
		<name>bicycle</name>
		<pose>Unspecified</pose>
		<truncated>0</truncated>
		<difficult>0</difficult>
		<occluded>0</occluded>
		<bndbox>
			<xmin>90</xmin>
			<xmax>121</xmax>
			<ymin>130</ymin>
			<ymax>220</ymax>
		</bndbox>
	</object>
	<object>
		<name>bicycle</name>
		<pose>Unspecified</pose>
		<truncated>0</truncated>
		<difficult>0</difficult>
		<occluded>0</occluded>
		<bndbox>
			<xmin>49</xmin>
			<xmax>86</xmax>
			<ymin>145</ymin>
			<ymax>256</ymax>
		</bndbox>
	</object>
	<object>
		<name>bicycle</name>
		<pose>Unspecified</pose>
		<truncated>0</truncated>
		<difficult>0</difficult>
		<occluded>0</occluded>
		<bndbox>
			<xmin>72</xmin>
			<xmax>103</xmax>
			<ymin>121</ymin>
			<ymax>211</ymax>
		</bndbox>
	</object>
</annotation>
