<annotation>
	<folder></folder>
	<filename>frame_2653_jpg.rf.c7793c0b1dc4653022b882a6c75bd586.jpg</filename>
	<path>frame_2653_jpg.rf.c7793c0b1dc4653022b882a6c75bd586.jpg</path>
	<source>
		<database>roboflow.ai</database>
	</source>
	<size>
		<width>416</width>
		<height>416</height>
		<depth>3</depth>
	</size>
	<segmented>0</segmented>
	<object>
		<name>motorbike</name>
		<pose>Unspecified</pose>
		<truncated>0</truncated>
		<difficult>0</difficult>
		<occluded>0</occluded>
		<bndbox>
			<xmin>272</xmin>
			<xmax>299</xmax>
			<ymin>185</ymin>
			<ymax>296</ymax>
		</bndbox>
	</object>
</annotation>
