<annotation>
	<folder></folder>
	<filename>frame_2716_jpg.rf.b2d76959a33598c46749d3092200debd.jpg</filename>
	<path>frame_2716_jpg.rf.b2d76959a33598c46749d3092200debd.jpg</path>
	<source>
		<database>roboflow.ai</database>
	</source>
	<size>
		<width>416</width>
		<height>416</height>
		<depth>3</depth>
	</size>
	<segmented>0</segmented>
	<object>
		<name>car</name>
		<pose>Unspecified</pose>
		<truncated>0</truncated>
		<difficult>0</difficult>
		<occluded>0</occluded>
		<bndbox>
			<xmin>204</xmin>
			<xmax>304</xmax>
			<ymin>265</ymin>
			<ymax>415</ymax>
		</bndbox>
	</object>
	<object>
		<name>motorbike</name>
		<pose>Unspecified</pose>
		<truncated>0</truncated>
		<difficult>0</difficult>
		<occluded>0</occluded>
		<bndbox>
			<xmin>312</xmin>
			<xmax>359</xmax>
			<ymin>265</ymin>
			<ymax>384</ymax>
		</bndbox>
	</object>
	<object>
		<name>bicycle</name>
		<pose>Unspecified</pose>
		<truncated>0</truncated>
		<difficult>0</difficult>
		<occluded>0</occluded>
		<bndbox>
			<xmin>330</xmin>
			<xmax>361</xmax>
			<ymin>201</ymin>
			<ymax>294</ymax>
		</bndbox>
	</object>
</annotation>
