<annotation>
	<folder></folder>
	<filename>frame_2624_jpg.rf.116f9f93da57f2ced0310ccff341c8ad.jpg</filename>
	<path>frame_2624_jpg.rf.116f9f93da57f2ced0310ccff341c8ad.jpg</path>
	<source>
		<database>roboflow.ai</database>
	</source>
	<size>
		<width>416</width>
		<height>416</height>
		<depth>3</depth>
	</size>
	<segmented>0</segmented>
	<object>
		<name>motorbike</name>
		<pose>Unspecified</pose>
		<truncated>0</truncated>
		<difficult>0</difficult>
		<occluded>0</occluded>
		<bndbox>
			<xmin>271</xmin>
			<xmax>323</xmax>
			<ymin>237</ymin>
			<ymax>395</ymax>
		</bndbox>
	</object>
	<object>
		<name>bicycle</name>
		<pose>Unspecified</pose>
		<truncated>0</truncated>
		<difficult>0</difficult>
		<occluded>0</occluded>
		<bndbox>
			<xmin>310</xmin>
			<xmax>361</xmax>
			<ymin>150</ymin>
			<ymax>271</ymax>
		</bndbox>
	</object>
</annotation>
