<annotation>
	<folder></folder>
	<filename>frame_2636_jpg.rf.982d07565b5be719d2cb084035fae375.jpg</filename>
	<path>frame_2636_jpg.rf.982d07565b5be719d2cb084035fae375.jpg</path>
	<source>
		<database>roboflow.ai</database>
	</source>
	<size>
		<width>416</width>
		<height>416</height>
		<depth>3</depth>
	</size>
	<segmented>0</segmented>
	<object>
		<name>bicycle</name>
		<pose>Unspecified</pose>
		<truncated>0</truncated>
		<difficult>0</difficult>
		<occluded>0</occluded>
		<bndbox>
			<xmin>310</xmin>
			<xmax>361</xmax>
			<ymin>208</ymin>
			<ymax>322</ymax>
		</bndbox>
	</object>
</annotation>
