<annotation>
	<folder></folder>
	<filename>frame_2704_jpg.rf.8a3d46ec3000caa6d07254efb1949b57.jpg</filename>
	<path>frame_2704_jpg.rf.8a3d46ec3000caa6d07254efb1949b57.jpg</path>
	<source>
		<database>roboflow.ai</database>
	</source>
	<size>
		<width>416</width>
		<height>416</height>
		<depth>3</depth>
	</size>
	<segmented>0</segmented>
	<object>
		<name>bicycle</name>
		<pose>Unspecified</pose>
		<truncated>0</truncated>
		<difficult>0</difficult>
		<occluded>0</occluded>
		<bndbox>
			<xmin>316</xmin>
			<xmax>373</xmax>
			<ymin>276</ymin>
			<ymax>413</ymax>
		</bndbox>
	</object>
</annotation>
