<annotation>
	<folder></folder>
	<filename>frame_2623_jpg.rf.6aa62d855ca187c96ba35fe99a21bed1.jpg</filename>
	<path>frame_2623_jpg.rf.6aa62d855ca187c96ba35fe99a21bed1.jpg</path>
	<source>
		<database>roboflow.ai</database>
	</source>
	<size>
		<width>416</width>
		<height>416</height>
		<depth>3</depth>
	</size>
	<segmented>0</segmented>
	<object>
		<name>bicycle</name>
		<pose>Unspecified</pose>
		<truncated>0</truncated>
		<difficult>0</difficult>
		<occluded>0</occluded>
		<bndbox>
			<xmin>294</xmin>
			<xmax>342</xmax>
			<ymin>174</ymin>
			<ymax>289</ymax>
		</bndbox>
	</object>
</annotation>
