<annotation>
	<folder></folder>
	<filename>frame_2624_jpg.rf.0439971543585e084978b4750c45d4bc.jpg</filename>
	<path>frame_2624_jpg.rf.0439971543585e084978b4750c45d4bc.jpg</path>
	<source>
		<database>roboflow.ai</database>
	</source>
	<size>
		<width>416</width>
		<height>416</height>
		<depth>3</depth>
	</size>
	<segmented>0</segmented>
	<object>
		<name>motorbike</name>
		<pose>Unspecified</pose>
		<truncated>0</truncated>
		<difficult>0</difficult>
		<occluded>0</occluded>
		<bndbox>
			<xmin>77</xmin>
			<xmax>137</xmax>
			<ymin>230</ymin>
			<ymax>386</ymax>
		</bndbox>
	</object>
	<object>
		<name>bicycle</name>
		<pose>Unspecified</pose>
		<truncated>0</truncated>
		<difficult>0</difficult>
		<occluded>0</occluded>
		<bndbox>
			<xmin>49</xmin>
			<xmax>106</xmax>
			<ymin>144</ymin>
			<ymax>264</ymax>
		</bndbox>
	</object>
</annotation>
