<annotation>
	<folder></folder>
	<filename>frame_2671_jpg.rf.bbaea286044599e31773fd9a51e791af.jpg</filename>
	<path>frame_2671_jpg.rf.bbaea286044599e31773fd9a51e791af.jpg</path>
	<source>
		<database>roboflow.ai</database>
	</source>
	<size>
		<width>416</width>
		<height>416</height>
		<depth>3</depth>
	</size>
	<segmented>0</segmented>
	<object>
		<name>motorbike</name>
		<pose>Unspecified</pose>
		<truncated>0</truncated>
		<difficult>0</difficult>
		<occluded>0</occluded>
		<bndbox>
			<xmin>273</xmin>
			<xmax>325</xmax>
			<ymin>223</ymin>
			<ymax>338</ymax>
		</bndbox>
	</object>
</annotation>
