<annotation>
	<folder></folder>
	<filename>frame_2651_jpg.rf.78bcabcb657c5d0db6ebd400e8d733f8.jpg</filename>
	<path>frame_2651_jpg.rf.78bcabcb657c5d0db6ebd400e8d733f8.jpg</path>
	<source>
		<database>roboflow.ai</database>
	</source>
	<size>
		<width>416</width>
		<height>416</height>
		<depth>3</depth>
	</size>
	<segmented>0</segmented>
	<object>
		<name>motorbike</name>
		<pose>Unspecified</pose>
		<truncated>0</truncated>
		<difficult>0</difficult>
		<occluded>0</occluded>
		<bndbox>
			<xmin>303</xmin>
			<xmax>337</xmax>
			<ymin>201</ymin>
			<ymax>313</ymax>
		</bndbox>
	</object>
	<object>
		<name>motorbike</name>
		<pose>Unspecified</pose>
		<truncated>0</truncated>
		<difficult>0</difficult>
		<occluded>0</occluded>
		<bndbox>
			<xmin>300</xmin>
			<xmax>334</xmax>
			<ymin>257</ymin>
			<ymax>369</ymax>
		</bndbox>
	</object>
	<object>
		<name>bicycle</name>
		<pose>Unspecified</pose>
		<truncated>0</truncated>
		<difficult>0</difficult>
		<occluded>0</occluded>
		<bndbox>
			<xmin>354</xmin>
			<xmax>388</xmax>
			<ymin>242</ymin>
			<ymax>379</ymax>
		</bndbox>
	</object>
</annotation>
