<annotation>
	<folder></folder>
	<filename>frame_2629_jpg.rf.1895a85c09b3e9a1e6bc5bd5a8b7fb85.jpg</filename>
	<path>frame_2629_jpg.rf.1895a85c09b3e9a1e6bc5bd5a8b7fb85.jpg</path>
	<source>
		<database>roboflow.ai</database>
	</source>
	<size>
		<width>416</width>
		<height>416</height>
		<depth>3</depth>
	</size>
	<segmented>0</segmented>
	<object>
		<name>motorbike</name>
		<pose>Unspecified</pose>
		<truncated>0</truncated>
		<difficult>0</difficult>
		<occluded>0</occluded>
		<bndbox>
			<xmin>192</xmin>
			<xmax>246</xmax>
			<ymin>259</ymin>
			<ymax>365</ymax>
		</bndbox>
	</object>
	<object>
		<name>motorbike</name>
		<pose>Unspecified</pose>
		<truncated>0</truncated>
		<difficult>0</difficult>
		<occluded>0</occluded>
		<bndbox>
			<xmin>124</xmin>
			<xmax>178</xmax>
			<ymin>236</ymin>
			<ymax>342</ymax>
		</bndbox>
	</object>
	<object>
		<name>motorbike</name>
		<pose>Unspecified</pose>
		<truncated>0</truncated>
		<difficult>0</difficult>
		<occluded>0</occluded>
		<bndbox>
			<xmin>115</xmin>
			<xmax>169</xmax>
			<ymin>279</ymin>
			<ymax>385</ymax>
		</bndbox>
	</object>
</annotation>
