<annotation>
	<folder></folder>
	<filename>frame_2635_jpg.rf.4ec1192de7474220ad67a62d684aed2d.jpg</filename>
	<path>frame_2635_jpg.rf.4ec1192de7474220ad67a62d684aed2d.jpg</path>
	<source>
		<database>roboflow.ai</database>
	</source>
	<size>
		<width>416</width>
		<height>416</height>
		<depth>3</depth>
	</size>
	<segmented>0</segmented>
	<object>
		<name>bicycle</name>
		<pose>Unspecified</pose>
		<truncated>0</truncated>
		<difficult>0</difficult>
		<occluded>0</occluded>
		<bndbox>
			<xmin>24</xmin>
			<xmax>66</xmax>
			<ymin>251</ymin>
			<ymax>374</ymax>
		</bndbox>
	</object>
	<object>
		<name>bicycle</name>
		<pose>Unspecified</pose>
		<truncated>0</truncated>
		<difficult>0</difficult>
		<occluded>0</occluded>
		<bndbox>
			<xmin>2</xmin>
			<xmax>44</xmax>
			<ymin>248</ymin>
			<ymax>371</ymax>
		</bndbox>
	</object>
	<object>
		<name>motorbike</name>
		<pose>Unspecified</pose>
		<truncated>0</truncated>
		<difficult>0</difficult>
		<occluded>0</occluded>
		<bndbox>
			<xmin>77</xmin>
			<xmax>142</xmax>
			<ymin>235</ymin>
			<ymax>360</ymax>
		</bndbox>
	</object>
</annotation>
