<annotation>
	<folder></folder>
	<filename>frame_2721_jpg.rf.4a82fd37a7828a95ea3a1f75bef83ab9.jpg</filename>
	<path>frame_2721_jpg.rf.4a82fd37a7828a95ea3a1f75bef83ab9.jpg</path>
	<source>
		<database>roboflow.ai</database>
	</source>
	<size>
		<width>416</width>
		<height>416</height>
		<depth>3</depth>
	</size>
	<segmented>0</segmented>
	<object>
		<name>motorbike</name>
		<pose>Unspecified</pose>
		<truncated>0</truncated>
		<difficult>0</difficult>
		<occluded>0</occluded>
		<bndbox>
			<xmin>89</xmin>
			<xmax>141</xmax>
			<ymin>197</ymin>
			<ymax>287</ymax>
		</bndbox>
	</object>
	<object>
		<name>bicycle</name>
		<pose>Unspecified</pose>
		<truncated>0</truncated>
		<difficult>0</difficult>
		<occluded>0</occluded>
		<bndbox>
			<xmin>43</xmin>
			<xmax>92</xmax>
			<ymin>235</ymin>
			<ymax>333</ymax>
		</bndbox>
	</object>
</annotation>
