<annotation>
	<folder></folder>
	<filename>frame_2711_jpg.rf.22bae8cf7c3479cab6c10a3673d00398.jpg</filename>
	<path>frame_2711_jpg.rf.22bae8cf7c3479cab6c10a3673d00398.jpg</path>
	<source>
		<database>roboflow.ai</database>
	</source>
	<size>
		<width>416</width>
		<height>416</height>
		<depth>3</depth>
	</size>
	<segmented>0</segmented>
	<object>
		<name>bicycle</name>
		<pose>Unspecified</pose>
		<truncated>0</truncated>
		<difficult>0</difficult>
		<occluded>0</occluded>
		<bndbox>
			<xmin>54</xmin>
			<xmax>100</xmax>
			<ymin>187</ymin>
			<ymax>299</ymax>
		</bndbox>
	</object>
	<object>
		<name>motorbike</name>
		<pose>Unspecified</pose>
		<truncated>0</truncated>
		<difficult>0</difficult>
		<occluded>0</occluded>
		<bndbox>
			<xmin>118</xmin>
			<xmax>152</xmax>
			<ymin>159</ymin>
			<ymax>256</ymax>
		</bndbox>
	</object>
</annotation>
