<annotation>
	<folder></folder>
	<filename>frame_2628_jpg.rf.884d8e0cfb031648a5d6c6e08c2f827f.jpg</filename>
	<path>frame_2628_jpg.rf.884d8e0cfb031648a5d6c6e08c2f827f.jpg</path>
	<source>
		<database>roboflow.ai</database>
	</source>
	<size>
		<width>416</width>
		<height>416</height>
		<depth>3</depth>
	</size>
	<segmented>0</segmented>
	<object>
		<name>bicycle</name>
		<pose>Unspecified</pose>
		<truncated>0</truncated>
		<difficult>0</difficult>
		<occluded>0</occluded>
		<bndbox>
			<xmin>300</xmin>
			<xmax>334</xmax>
			<ymin>242</ymin>
			<ymax>355</ymax>
		</bndbox>
	</object>
	<object>
		<name>bicycle</name>
		<pose>Unspecified</pose>
		<truncated>0</truncated>
		<difficult>0</difficult>
		<occluded>0</occluded>
		<bndbox>
			<xmin>313</xmin>
			<xmax>346</xmax>
			<ymin>161</ymin>
			<ymax>252</ymax>
		</bndbox>
	</object>
</annotation>
