<annotation>
	<folder></folder>
	<filename>frame_2638_jpg.rf.b532cc2adf1f3176c0450b5fe610a2a8.jpg</filename>
	<path>frame_2638_jpg.rf.b532cc2adf1f3176c0450b5fe610a2a8.jpg</path>
	<source>
		<database>roboflow.ai</database>
	</source>
	<size>
		<width>416</width>
		<height>416</height>
		<depth>3</depth>
	</size>
	<segmented>0</segmented>
	<object>
		<name>motorbike</name>
		<pose>Unspecified</pose>
		<truncated>0</truncated>
		<difficult>0</difficult>
		<occluded>0</occluded>
		<bndbox>
			<xmin>46</xmin>
			<xmax>82</xmax>
			<ymin>306</ymin>
			<ymax>415</ymax>
		</bndbox>
	</object>
	<object>
		<name>bicycle</name>
		<pose>Unspecified</pose>
		<truncated>0</truncated>
		<difficult>0</difficult>
		<occluded>0</occluded>
		<bndbox>
			<xmin>0</xmin>
			<xmax>35</xmax>
			<ymin>324</ymin>
			<ymax>415</ymax>
		</bndbox>
	</object>
</annotation>
