<annotation>
	<folder></folder>
	<filename>frame_2724_jpg.rf.8086a74894900d2cc52a5d3650afcecd.jpg</filename>
	<path>frame_2724_jpg.rf.8086a74894900d2cc52a5d3650afcecd.jpg</path>
	<source>
		<database>roboflow.ai</database>
	</source>
	<size>
		<width>416</width>
		<height>416</height>
		<depth>3</depth>
	</size>
	<segmented>0</segmented>
	<object>
		<name>bicycle</name>
		<pose>Unspecified</pose>
		<truncated>0</truncated>
		<difficult>0</difficult>
		<occluded>0</occluded>
		<bndbox>
			<xmin>47</xmin>
			<xmax>79</xmax>
			<ymin>275</ymin>
			<ymax>405</ymax>
		</bndbox>
	</object>
</annotation>
