<annotation>
	<folder></folder>
	<filename>frame_2625_jpg.rf.90a971b25d0f3a23f63e2c1ee5e0f700.jpg</filename>
	<path>frame_2625_jpg.rf.90a971b25d0f3a23f63e2c1ee5e0f700.jpg</path>
	<source>
		<database>roboflow.ai</database>
	</source>
	<size>
		<width>416</width>
		<height>416</height>
		<depth>3</depth>
	</size>
	<segmented>0</segmented>
	<object>
		<name>motorbike</name>
		<pose>Unspecified</pose>
		<truncated>0</truncated>
		<difficult>0</difficult>
		<occluded>0</occluded>
		<bndbox>
			<xmin>229</xmin>
			<xmax>272</xmax>
			<ymin>228</ymin>
			<ymax>342</ymax>
		</bndbox>
	</object>
	<object>
		<name>bicycle</name>
		<pose>Unspecified</pose>
		<truncated>0</truncated>
		<difficult>0</difficult>
		<occluded>0</occluded>
		<bndbox>
			<xmin>340</xmin>
			<xmax>371</xmax>
			<ymin>244</ymin>
			<ymax>372</ymax>
		</bndbox>
	</object>
</annotation>
