<annotation>
	<folder></folder>
	<filename>frame_2690_jpg.rf.0cc713df0dc30cf446700a0c8463b96c.jpg</filename>
	<path>frame_2690_jpg.rf.0cc713df0dc30cf446700a0c8463b96c.jpg</path>
	<source>
		<database>roboflow.ai</database>
	</source>
	<size>
		<width>416</width>
		<height>416</height>
		<depth>3</depth>
	</size>
	<segmented>0</segmented>
	<object>
		<name>bicycle</name>
		<pose>Unspecified</pose>
		<truncated>0</truncated>
		<difficult>0</difficult>
		<occluded>0</occluded>
		<bndbox>
			<xmin>51</xmin>
			<xmax>108</xmax>
			<ymin>232</ymin>
			<ymax>348</ymax>
		</bndbox>
	</object>
</annotation>
