<annotation>
	<folder></folder>
	<filename>frame_2648_jpg.rf.9d9d61cbaf13e1e33103c1440a4609a3.jpg</filename>
	<path>frame_2648_jpg.rf.9d9d61cbaf13e1e33103c1440a4609a3.jpg</path>
	<source>
		<database>roboflow.ai</database>
	</source>
	<size>
		<width>416</width>
		<height>416</height>
		<depth>3</depth>
	</size>
	<segmented>0</segmented>
	<object>
		<name>car</name>
		<pose>Unspecified</pose>
		<truncated>0</truncated>
		<difficult>0</difficult>
		<occluded>0</occluded>
		<bndbox>
			<xmin>231</xmin>
			<xmax>313</xmax>
			<ymin>213</ymin>
			<ymax>364</ymax>
		</bndbox>
	</object>
	<object>
		<name>bicycle</name>
		<pose>Unspecified</pose>
		<truncated>0</truncated>
		<difficult>0</difficult>
		<occluded>0</occluded>
		<bndbox>
			<xmin>339</xmin>
			<xmax>371</xmax>
			<ymin>232</ymin>
			<ymax>341</ymax>
		</bndbox>
	</object>
	<object>
		<name>bicycle</name>
		<pose>Unspecified</pose>
		<truncated>0</truncated>
		<difficult>0</difficult>
		<occluded>0</occluded>
		<bndbox>
			<xmin>362</xmin>
			<xmax>394</xmax>
			<ymin>226</ymin>
			<ymax>335</ymax>
		</bndbox>
	</object>
</annotation>
