<annotation>
	<folder></folder>
	<filename>frame_2701_jpg.rf.eac87958fc53a80d55ff901257c69a5e.jpg</filename>
	<path>frame_2701_jpg.rf.eac87958fc53a80d55ff901257c69a5e.jpg</path>
	<source>
		<database>roboflow.ai</database>
	</source>
	<size>
		<width>416</width>
		<height>416</height>
		<depth>3</depth>
	</size>
	<segmented>0</segmented>
	<object>
		<name>bicycle</name>
		<pose>Unspecified</pose>
		<truncated>0</truncated>
		<difficult>0</difficult>
		<occluded>0</occluded>
		<bndbox>
			<xmin>295</xmin>
			<xmax>336</xmax>
			<ymin>249</ymin>
			<ymax>347</ymax>
		</bndbox>
	</object>
	<object>
		<name>bicycle</name>
		<pose>Unspecified</pose>
		<truncated>0</truncated>
		<difficult>0</difficult>
		<occluded>0</occluded>
		<bndbox>
			<xmin>318</xmin>
			<xmax>359</xmax>
			<ymin>249</ymin>
			<ymax>347</ymax>
		</bndbox>
	</object>
	<object>
		<name>motorbike</name>
		<pose>Unspecified</pose>
		<truncated>0</truncated>
		<difficult>0</difficult>
		<occluded>0</occluded>
		<bndbox>
			<xmin>175</xmin>
			<xmax>234</xmax>
			<ymin>278</ymin>
			<ymax>392</ymax>
		</bndbox>
	</object>
</annotation>
