<annotation>
	<folder></folder>
	<filename>frame_2684_jpg.rf.f293b081eedc065dcd5e61df3f028be4.jpg</filename>
	<path>frame_2684_jpg.rf.f293b081eedc065dcd5e61df3f028be4.jpg</path>
	<source>
		<database>roboflow.ai</database>
	</source>
	<size>
		<width>416</width>
		<height>416</height>
		<depth>3</depth>
	</size>
	<segmented>0</segmented>
	<object>
		<name>auto</name>
		<pose>Unspecified</pose>
		<truncated>0</truncated>
		<difficult>0</difficult>
		<occluded>0</occluded>
		<bndbox>
			<xmin>83</xmin>
			<xmax>158</xmax>
			<ymin>132</ymin>
			<ymax>222</ymax>
		</bndbox>
	</object>
</annotation>
