<annotation>
	<folder></folder>
	<filename>frame_2671_jpg.rf.9c76cfdf2bee3c36473758370eb7e91b.jpg</filename>
	<path>frame_2671_jpg.rf.9c76cfdf2bee3c36473758370eb7e91b.jpg</path>
	<source>
		<database>roboflow.ai</database>
	</source>
	<size>
		<width>416</width>
		<height>416</height>
		<depth>3</depth>
	</size>
	<segmented>0</segmented>
	<object>
		<name>motorbike</name>
		<pose>Unspecified</pose>
		<truncated>0</truncated>
		<difficult>0</difficult>
		<occluded>0</occluded>
		<bndbox>
			<xmin>77</xmin>
			<xmax>114</xmax>
			<ymin>201</ymin>
			<ymax>306</ymax>
		</bndbox>
	</object>
</annotation>
