<annotation>
	<folder></folder>
	<filename>frame_2679_jpg.rf.6101c65996c2eaa63fdd4ad28df25157.jpg</filename>
	<path>frame_2679_jpg.rf.6101c65996c2eaa63fdd4ad28df25157.jpg</path>
	<source>
		<database>roboflow.ai</database>
	</source>
	<size>
		<width>416</width>
		<height>416</height>
		<depth>3</depth>
	</size>
	<segmented>0</segmented>
	<object>
		<name>motorbike</name>
		<pose>Unspecified</pose>
		<truncated>0</truncated>
		<difficult>0</difficult>
		<occluded>0</occluded>
		<bndbox>
			<xmin>218</xmin>
			<xmax>286</xmax>
			<ymin>193</ymin>
			<ymax>297</ymax>
		</bndbox>
	</object>
	<object>
		<name>motorbike</name>
		<pose>Unspecified</pose>
		<truncated>0</truncated>
		<difficult>0</difficult>
		<occluded>0</occluded>
		<bndbox>
			<xmin>275</xmin>
			<xmax>343</xmax>
			<ymin>197</ymin>
			<ymax>301</ymax>
		</bndbox>
	</object>
	<object>
		<name>bicycle</name>
		<pose>Unspecified</pose>
		<truncated>0</truncated>
		<difficult>0</difficult>
		<occluded>0</occluded>
		<bndbox>
			<xmin>327</xmin>
			<xmax>393</xmax>
			<ymin>190</ymin>
			<ymax>318</ymax>
		</bndbox>
	</object>
</annotation>
