<annotation>
	<folder></folder>
	<filename>frame_2657_jpg.rf.4d37481e9c698ece7c0f862888a9c729.jpg</filename>
	<path>frame_2657_jpg.rf.4d37481e9c698ece7c0f862888a9c729.jpg</path>
	<source>
		<database>roboflow.ai</database>
	</source>
	<size>
		<width>416</width>
		<height>416</height>
		<depth>3</depth>
	</size>
	<segmented>0</segmented>
	<object>
		<name>motorbike</name>
		<pose>Unspecified</pose>
		<truncated>0</truncated>
		<difficult>0</difficult>
		<occluded>0</occluded>
		<bndbox>
			<xmin>279</xmin>
			<xmax>321</xmax>
			<ymin>236</ymin>
			<ymax>330</ymax>
		</bndbox>
	</object>
</annotation>
