<annotation>
	<folder></folder>
	<filename>frame_2638_jpg.rf.a5488569aa6a419171c548dc75408ead.jpg</filename>
	<path>frame_2638_jpg.rf.a5488569aa6a419171c548dc75408ead.jpg</path>
	<source>
		<database>roboflow.ai</database>
	</source>
	<size>
		<width>416</width>
		<height>416</height>
		<depth>3</depth>
	</size>
	<segmented>0</segmented>
	<object>
		<name>motorbike</name>
		<pose>Unspecified</pose>
		<truncated>0</truncated>
		<difficult>0</difficult>
		<occluded>0</occluded>
		<bndbox>
			<xmin>77</xmin>
			<xmax>128</xmax>
			<ymin>266</ymin>
			<ymax>394</ymax>
		</bndbox>
	</object>
	<object>
		<name>bicycle</name>
		<pose>Unspecified</pose>
		<truncated>0</truncated>
		<difficult>0</difficult>
		<occluded>0</occluded>
		<bndbox>
			<xmin>30</xmin>
			<xmax>83</xmax>
			<ymin>272</ymin>
			<ymax>384</ymax>
		</bndbox>
	</object>
</annotation>
