<annotation>
	<folder></folder>
	<filename>frame_2714_jpg.rf.21914b24d20c2c4b03d38ce7d087ac64.jpg</filename>
	<path>frame_2714_jpg.rf.21914b24d20c2c4b03d38ce7d087ac64.jpg</path>
	<source>
		<database>roboflow.ai</database>
	</source>
	<size>
		<width>416</width>
		<height>416</height>
		<depth>3</depth>
	</size>
	<segmented>0</segmented>
	<object>
		<name>motorbike</name>
		<pose>Unspecified</pose>
		<truncated>0</truncated>
		<difficult>0</difficult>
		<occluded>0</occluded>
		<bndbox>
			<xmin>306</xmin>
			<xmax>360</xmax>
			<ymin>281</ymin>
			<ymax>412</ymax>
		</bndbox>
	</object>
	<object>
		<name>auto</name>
		<pose>Unspecified</pose>
		<truncated>0</truncated>
		<difficult>0</difficult>
		<occluded>0</occluded>
		<bndbox>
			<xmin>222</xmin>
			<xmax>298</xmax>
			<ymin>186</ymin>
			<ymax>322</ymax>
		</bndbox>
	</object>
	<object>
		<name>motorbike</name>
		<pose>Unspecified</pose>
		<truncated>0</truncated>
		<difficult>0</difficult>
		<occluded>0</occluded>
		<bndbox>
			<xmin>287</xmin>
			<xmax>341</xmax>
			<ymin>170</ymin>
			<ymax>301</ymax>
		</bndbox>
	</object>
</annotation>
