<annotation>
	<folder></folder>
	<filename>frame_2694_jpg.rf.7ca5005fc2b34ec030d974d673f2dbf9.jpg</filename>
	<path>frame_2694_jpg.rf.7ca5005fc2b34ec030d974d673f2dbf9.jpg</path>
	<source>
		<database>roboflow.ai</database>
	</source>
	<size>
		<width>416</width>
		<height>416</height>
		<depth>3</depth>
	</size>
	<segmented>0</segmented>
	<object>
		<name>bicycle</name>
		<pose>Unspecified</pose>
		<truncated>0</truncated>
		<difficult>0</difficult>
		<occluded>0</occluded>
		<bndbox>
			<xmin>26</xmin>
			<xmax>72</xmax>
			<ymin>318</ymin>
			<ymax>415</ymax>
		</bndbox>
	</object>
</annotation>
