<annotation>
	<folder></folder>
	<filename>frame_2693_jpg.rf.d4ebe19da6a25417070c73518b8700fd.jpg</filename>
	<path>frame_2693_jpg.rf.d4ebe19da6a25417070c73518b8700fd.jpg</path>
	<source>
		<database>roboflow.ai</database>
	</source>
	<size>
		<width>416</width>
		<height>416</height>
		<depth>3</depth>
	</size>
	<segmented>0</segmented>
	<object>
		<name>motorbike</name>
		<pose>Unspecified</pose>
		<truncated>0</truncated>
		<difficult>0</difficult>
		<occluded>0</occluded>
		<bndbox>
			<xmin>242</xmin>
			<xmax>284</xmax>
			<ymin>249</ymin>
			<ymax>357</ymax>
		</bndbox>
	</object>
	<object>
		<name>bicycle</name>
		<pose>Unspecified</pose>
		<truncated>0</truncated>
		<difficult>0</difficult>
		<occluded>0</occluded>
		<bndbox>
			<xmin>342</xmin>
			<xmax>371</xmax>
			<ymin>225</ymin>
			<ymax>327</ymax>
		</bndbox>
	</object>
</annotation>
