<annotation>
	<folder></folder>
	<filename>frame_2628_jpg.rf.d4761dae50cf1b443d7cfdcd2d39cd0b.jpg</filename>
	<path>frame_2628_jpg.rf.d4761dae50cf1b443d7cfdcd2d39cd0b.jpg</path>
	<source>
		<database>roboflow.ai</database>
	</source>
	<size>
		<width>416</width>
		<height>416</height>
		<depth>3</depth>
	</size>
	<segmented>0</segmented>
	<object>
		<name>bicycle</name>
		<pose>Unspecified</pose>
		<truncated>0</truncated>
		<difficult>0</difficult>
		<occluded>0</occluded>
		<bndbox>
			<xmin>71</xmin>
			<xmax>104</xmax>
			<ymin>219</ymin>
			<ymax>339</ymax>
		</bndbox>
	</object>
	<object>
		<name>bicycle</name>
		<pose>Unspecified</pose>
		<truncated>0</truncated>
		<difficult>0</difficult>
		<occluded>0</occluded>
		<bndbox>
			<xmin>69</xmin>
			<xmax>101</xmax>
			<ymin>141</ymin>
			<ymax>238</ymax>
		</bndbox>
	</object>
</annotation>
