<annotation>
	<folder></folder>
	<filename>frame_2684_jpg.rf.33b071f8862926c0e45799d81eca8a3f.jpg</filename>
	<path>frame_2684_jpg.rf.33b071f8862926c0e45799d81eca8a3f.jpg</path>
	<source>
		<database>roboflow.ai</database>
	</source>
	<size>
		<width>416</width>
		<height>416</height>
		<depth>3</depth>
	</size>
	<segmented>0</segmented>
	<object>
		<name>auto</name>
		<pose>Unspecified</pose>
		<truncated>0</truncated>
		<difficult>0</difficult>
		<occluded>0</occluded>
		<bndbox>
			<xmin>88</xmin>
			<xmax>148</xmax>
			<ymin>131</ymin>
			<ymax>226</ymax>
		</bndbox>
	</object>
</annotation>
