<annotation>
	<folder></folder>
	<filename>frame_2722_jpg.rf.b48837ea96f4d1135fa44557d5fa0cef.jpg</filename>
	<path>frame_2722_jpg.rf.b48837ea96f4d1135fa44557d5fa0cef.jpg</path>
	<source>
		<database>roboflow.ai</database>
	</source>
	<size>
		<width>416</width>
		<height>416</height>
		<depth>3</depth>
	</size>
	<segmented>0</segmented>
	<object>
		<name>bicycle</name>
		<pose>Unspecified</pose>
		<truncated>0</truncated>
		<difficult>0</difficult>
		<occluded>0</occluded>
		<bndbox>
			<xmin>311</xmin>
			<xmax>360</xmax>
			<ymin>280</ymin>
			<ymax>391</ymax>
		</bndbox>
	</object>
</annotation>
