<annotation>
	<folder></folder>
	<filename>frame_2625_jpg.rf.a88457a322e9fa8a944bcd8fb8bccd5c.jpg</filename>
	<path>frame_2625_jpg.rf.a88457a322e9fa8a944bcd8fb8bccd5c.jpg</path>
	<source>
		<database>roboflow.ai</database>
	</source>
	<size>
		<width>416</width>
		<height>416</height>
		<depth>3</depth>
	</size>
	<segmented>0</segmented>
	<object>
		<name>motorbike</name>
		<pose>Unspecified</pose>
		<truncated>0</truncated>
		<difficult>0</difficult>
		<occluded>0</occluded>
		<bndbox>
			<xmin>140</xmin>
			<xmax>206</xmax>
			<ymin>219</ymin>
			<ymax>318</ymax>
		</bndbox>
	</object>
	<object>
		<name>bicycle</name>
		<pose>Unspecified</pose>
		<truncated>0</truncated>
		<difficult>0</difficult>
		<occluded>0</occluded>
		<bndbox>
			<xmin>37</xmin>
			<xmax>94</xmax>
			<ymin>190</ymin>
			<ymax>299</ymax>
		</bndbox>
	</object>
</annotation>
