<annotation>
	<folder></folder>
	<filename>frame_2724_jpg.rf.11f13afeae28f95460ebaf53e07b6bcd.jpg</filename>
	<path>frame_2724_jpg.rf.11f13afeae28f95460ebaf53e07b6bcd.jpg</path>
	<source>
		<database>roboflow.ai</database>
	</source>
	<size>
		<width>416</width>
		<height>416</height>
		<depth>3</depth>
	</size>
	<segmented>0</segmented>
	<object>
		<name>bicycle</name>
		<pose>Unspecified</pose>
		<truncated>0</truncated>
		<difficult>0</difficult>
		<occluded>0</occluded>
		<bndbox>
			<xmin>338</xmin>
			<xmax>374</xmax>
			<ymin>262</ymin>
			<ymax>372</ymax>
		</bndbox>
	</object>
</annotation>
