<annotation>
	<folder></folder>
	<filename>frame_2644_jpg.rf.87f162ac576f3eb7b76034d0b082c379.jpg</filename>
	<path>frame_2644_jpg.rf.87f162ac576f3eb7b76034d0b082c379.jpg</path>
	<source>
		<database>roboflow.ai</database>
	</source>
	<size>
		<width>416</width>
		<height>416</height>
		<depth>3</depth>
	</size>
	<segmented>0</segmented>
	<object>
		<name>car</name>
		<pose>Unspecified</pose>
		<truncated>0</truncated>
		<difficult>0</difficult>
		<occluded>0</occluded>
		<bndbox>
			<xmin>237</xmin>
			<xmax>314</xmax>
			<ymin>140</ymin>
			<ymax>264</ymax>
		</bndbox>
	</object>
</annotation>
