<annotation>
	<folder></folder>
	<filename>frame_2702_jpg.rf.a2457554a8147d18c50482ebab467f87.jpg</filename>
	<path>frame_2702_jpg.rf.a2457554a8147d18c50482ebab467f87.jpg</path>
	<source>
		<database>roboflow.ai</database>
	</source>
	<size>
		<width>416</width>
		<height>416</height>
		<depth>3</depth>
	</size>
	<segmented>0</segmented>
	<object>
		<name>auto</name>
		<pose>Unspecified</pose>
		<truncated>0</truncated>
		<difficult>0</difficult>
		<occluded>0</occluded>
		<bndbox>
			<xmin>275</xmin>
			<xmax>354</xmax>
			<ymin>185</ymin>
			<ymax>335</ymax>
		</bndbox>
	</object>
</annotation>
