<annotation>
	<folder></folder>
	<filename>frame_2688_jpg.rf.20664e80e284c0916aef82a5d7ce637c.jpg</filename>
	<path>frame_2688_jpg.rf.20664e80e284c0916aef82a5d7ce637c.jpg</path>
	<source>
		<database>roboflow.ai</database>
	</source>
	<size>
		<width>416</width>
		<height>416</height>
		<depth>3</depth>
	</size>
	<segmented>0</segmented>
	<object>
		<name>bicycle</name>
		<pose>Unspecified</pose>
		<truncated>0</truncated>
		<difficult>0</difficult>
		<occluded>0</occluded>
		<bndbox>
			<xmin>317</xmin>
			<xmax>365</xmax>
			<ymin>146</ymin>
			<ymax>252</ymax>
		</bndbox>
	</object>
</annotation>
