<annotation>
	<folder></folder>
	<filename>frame_2724_jpg.rf.0c49f4109b533c8d1f267decb87e791b.jpg</filename>
	<path>frame_2724_jpg.rf.0c49f4109b533c8d1f267decb87e791b.jpg</path>
	<source>
		<database>roboflow.ai</database>
	</source>
	<size>
		<width>416</width>
		<height>416</height>
		<depth>3</depth>
	</size>
	<segmented>0</segmented>
	<object>
		<name>bicycle</name>
		<pose>Unspecified</pose>
		<truncated>0</truncated>
		<difficult>0</difficult>
		<occluded>0</occluded>
		<bndbox>
			<xmin>351</xmin>
			<xmax>388</xmax>
			<ymin>265</ymin>
			<ymax>383</ymax>
		</bndbox>
	</object>
</annotation>
