<annotation>
	<folder></folder>
	<filename>frame_2644_jpg.rf.9b7fbee0eec0129c6438d7b12f11da45.jpg</filename>
	<path>frame_2644_jpg.rf.9b7fbee0eec0129c6438d7b12f11da45.jpg</path>
	<source>
		<database>roboflow.ai</database>
	</source>
	<size>
		<width>416</width>
		<height>416</height>
		<depth>3</depth>
	</size>
	<segmented>0</segmented>
	<object>
		<name>car</name>
		<pose>Unspecified</pose>
		<truncated>0</truncated>
		<difficult>0</difficult>
		<occluded>0</occluded>
		<bndbox>
			<xmin>104</xmin>
			<xmax>177</xmax>
			<ymin>116</ymin>
			<ymax>240</ymax>
		</bndbox>
	</object>
</annotation>
