<annotation>
	<folder></folder>
	<filename>frame_2670_jpg.rf.9d0b1e6abe9890cd847bb1f6e1abf16b.jpg</filename>
	<path>frame_2670_jpg.rf.9d0b1e6abe9890cd847bb1f6e1abf16b.jpg</path>
	<source>
		<database>roboflow.ai</database>
	</source>
	<size>
		<width>416</width>
		<height>416</height>
		<depth>3</depth>
	</size>
	<segmented>0</segmented>
	<object>
		<name>bicycle</name>
		<pose>Unspecified</pose>
		<truncated>0</truncated>
		<difficult>0</difficult>
		<occluded>0</occluded>
		<bndbox>
			<xmin>301</xmin>
			<xmax>351</xmax>
			<ymin>254</ymin>
			<ymax>374</ymax>
		</bndbox>
	</object>
	<object>
		<name>bicycle</name>
		<pose>Unspecified</pose>
		<truncated>0</truncated>
		<difficult>0</difficult>
		<occluded>0</occluded>
		<bndbox>
			<xmin>315</xmin>
			<xmax>365</xmax>
			<ymin>194</ymin>
			<ymax>291</ymax>
		</bndbox>
	</object>
	<object>
		<name>motorbike</name>
		<pose>Unspecified</pose>
		<truncated>0</truncated>
		<difficult>0</difficult>
		<occluded>0</occluded>
		<bndbox>
			<xmin>308</xmin>
			<xmax>356</xmax>
			<ymin>347</ymin>
			<ymax>415</ymax>
		</bndbox>
	</object>
</annotation>
