<annotation>
	<folder></folder>
	<filename>frame_2682_jpg.rf.78d40e6deee8f1e0d296702efb485048.jpg</filename>
	<path>frame_2682_jpg.rf.78d40e6deee8f1e0d296702efb485048.jpg</path>
	<source>
		<database>roboflow.ai</database>
	</source>
	<size>
		<width>416</width>
		<height>416</height>
		<depth>3</depth>
	</size>
	<segmented>0</segmented>
	<object>
		<name>motorbike</name>
		<pose>Unspecified</pose>
		<truncated>0</truncated>
		<difficult>0</difficult>
		<occluded>0</occluded>
		<bndbox>
			<xmin>307</xmin>
			<xmax>352</xmax>
			<ymin>169</ymin>
			<ymax>260</ymax>
		</bndbox>
	</object>
	<object>
		<name>motorbike</name>
		<pose>Unspecified</pose>
		<truncated>0</truncated>
		<difficult>0</difficult>
		<occluded>0</occluded>
		<bndbox>
			<xmin>228</xmin>
			<xmax>287</xmax>
			<ymin>237</ymin>
			<ymax>346</ymax>
		</bndbox>
	</object>
	<object>
		<name>auto</name>
		<pose>Unspecified</pose>
		<truncated>0</truncated>
		<difficult>0</difficult>
		<occluded>0</occluded>
		<bndbox>
			<xmin>235</xmin>
			<xmax>290</xmax>
			<ymin>141</ymin>
			<ymax>249</ymax>
		</bndbox>
	</object>
</annotation>
