<annotation>
	<folder></folder>
	<filename>frame_2686_jpg.rf.90b2713928890f619d39f3857602d3b3.jpg</filename>
	<path>frame_2686_jpg.rf.90b2713928890f619d39f3857602d3b3.jpg</path>
	<source>
		<database>roboflow.ai</database>
	</source>
	<size>
		<width>416</width>
		<height>416</height>
		<depth>3</depth>
	</size>
	<segmented>0</segmented>
	<object>
		<name>motorbike</name>
		<pose>Unspecified</pose>
		<truncated>0</truncated>
		<difficult>0</difficult>
		<occluded>0</occluded>
		<bndbox>
			<xmin>9</xmin>
			<xmax>52</xmax>
			<ymin>259</ymin>
			<ymax>358</ymax>
		</bndbox>
	</object>
</annotation>
