<annotation>
	<folder></folder>
	<filename>frame_2665_jpg.rf.cf41b304b38809a32afe05affc1cfd5c.jpg</filename>
	<path>frame_2665_jpg.rf.cf41b304b38809a32afe05affc1cfd5c.jpg</path>
	<source>
		<database>roboflow.ai</database>
	</source>
	<size>
		<width>416</width>
		<height>416</height>
		<depth>3</depth>
	</size>
	<segmented>0</segmented>
	<object>
		<name>auto</name>
		<pose>Unspecified</pose>
		<truncated>0</truncated>
		<difficult>0</difficult>
		<occluded>0</occluded>
		<bndbox>
			<xmin>276</xmin>
			<xmax>367</xmax>
			<ymin>234</ymin>
			<ymax>395</ymax>
		</bndbox>
	</object>
	<object>
		<name>car</name>
		<pose>Unspecified</pose>
		<truncated>0</truncated>
		<difficult>0</difficult>
		<occluded>0</occluded>
		<bndbox>
			<xmin>218</xmin>
			<xmax>295</xmax>
			<ymin>161</ymin>
			<ymax>293</ymax>
		</bndbox>
	</object>
</annotation>
