<annotation>
	<folder></folder>
	<filename>frame_2668_jpg.rf.7e6e1cd01d015bf87c7f7561cc2b8ad3.jpg</filename>
	<path>frame_2668_jpg.rf.7e6e1cd01d015bf87c7f7561cc2b8ad3.jpg</path>
	<source>
		<database>roboflow.ai</database>
	</source>
	<size>
		<width>416</width>
		<height>416</height>
		<depth>3</depth>
	</size>
	<segmented>0</segmented>
	<object>
		<name>motorbike</name>
		<pose>Unspecified</pose>
		<truncated>0</truncated>
		<difficult>0</difficult>
		<occluded>0</occluded>
		<bndbox>
			<xmin>75</xmin>
			<xmax>125</xmax>
			<ymin>184</ymin>
			<ymax>291</ymax>
		</bndbox>
	</object>
	<object>
		<name>motorbike</name>
		<pose>Unspecified</pose>
		<truncated>0</truncated>
		<difficult>0</difficult>
		<occluded>0</occluded>
		<bndbox>
			<xmin>71</xmin>
			<xmax>121</xmax>
			<ymin>269</ymin>
			<ymax>376</ymax>
		</bndbox>
	</object>
	<object>
		<name>bicycle</name>
		<pose>Unspecified</pose>
		<truncated>0</truncated>
		<difficult>0</difficult>
		<occluded>0</occluded>
		<bndbox>
			<xmin>23</xmin>
			<xmax>48</xmax>
			<ymin>245</ymin>
			<ymax>353</ymax>
		</bndbox>
	</object>
</annotation>
