<annotation>
	<folder></folder>
	<filename>frame_2622_jpg.rf.03611a47ada9007c39f957aa70d8bfb7.jpg</filename>
	<path>frame_2622_jpg.rf.03611a47ada9007c39f957aa70d8bfb7.jpg</path>
	<source>
		<database>roboflow.ai</database>
	</source>
	<size>
		<width>416</width>
		<height>416</height>
		<depth>3</depth>
	</size>
	<segmented>0</segmented>
	<object>
		<name>bicycle</name>
		<pose>Unspecified</pose>
		<truncated>0</truncated>
		<difficult>0</difficult>
		<occluded>0</occluded>
		<bndbox>
			<xmin>73</xmin>
			<xmax>115</xmax>
			<ymin>130</ymin>
			<ymax>214</ymax>
		</bndbox>
	</object>
	<object>
		<name>bicycle</name>
		<pose>Unspecified</pose>
		<truncated>0</truncated>
		<difficult>0</difficult>
		<occluded>0</occluded>
		<bndbox>
			<xmin>48</xmin>
			<xmax>90</xmax>
			<ymin>170</ymin>
			<ymax>254</ymax>
		</bndbox>
	</object>
</annotation>
