<annotation>
	<folder></folder>
	<filename>frame_2691_jpg.rf.3623fca81e058a950253735946439546.jpg</filename>
	<path>frame_2691_jpg.rf.3623fca81e058a950253735946439546.jpg</path>
	<source>
		<database>roboflow.ai</database>
	</source>
	<size>
		<width>416</width>
		<height>416</height>
		<depth>3</depth>
	</size>
	<segmented>0</segmented>
	<object>
		<name>bicycle</name>
		<pose>Unspecified</pose>
		<truncated>0</truncated>
		<difficult>0</difficult>
		<occluded>0</occluded>
		<bndbox>
			<xmin>311</xmin>
			<xmax>349</xmax>
			<ymin>140</ymin>
			<ymax>238</ymax>
		</bndbox>
	</object>
	<object>
		<name>bicycle</name>
		<pose>Unspecified</pose>
		<truncated>0</truncated>
		<difficult>0</difficult>
		<occluded>0</occluded>
		<bndbox>
			<xmin>326</xmin>
			<xmax>364</xmax>
			<ymin>149</ymin>
			<ymax>247</ymax>
		</bndbox>
	</object>
</annotation>
