<annotation>
	<folder></folder>
	<filename>frame_2682_jpg.rf.4348fa1560d3ec0151ff6e1ba97f3b5a.jpg</filename>
	<path>frame_2682_jpg.rf.4348fa1560d3ec0151ff6e1ba97f3b5a.jpg</path>
	<source>
		<database>roboflow.ai</database>
	</source>
	<size>
		<width>416</width>
		<height>416</height>
		<depth>3</depth>
	</size>
	<segmented>0</segmented>
	<object>
		<name>motorbike</name>
		<pose>Unspecified</pose>
		<truncated>0</truncated>
		<difficult>0</difficult>
		<occluded>0</occluded>
		<bndbox>
			<xmin>304</xmin>
			<xmax>357</xmax>
			<ymin>155</ymin>
			<ymax>244</ymax>
		</bndbox>
	</object>
	<object>
		<name>motorbike</name>
		<pose>Unspecified</pose>
		<truncated>0</truncated>
		<difficult>0</difficult>
		<occluded>0</occluded>
		<bndbox>
			<xmin>208</xmin>
			<xmax>277</xmax>
			<ymin>232</ymin>
			<ymax>339</ymax>
		</bndbox>
	</object>
	<object>
		<name>auto</name>
		<pose>Unspecified</pose>
		<truncated>0</truncated>
		<difficult>0</difficult>
		<occluded>0</occluded>
		<bndbox>
			<xmin>232</xmin>
			<xmax>298</xmax>
			<ymin>135</ymin>
			<ymax>240</ymax>
		</bndbox>
	</object>
</annotation>
