<annotation>
	<folder></folder>
	<filename>frame_2722_jpg.rf.06639386865d46270a405ed790744b6f.jpg</filename>
	<path>frame_2722_jpg.rf.06639386865d46270a405ed790744b6f.jpg</path>
	<source>
		<database>roboflow.ai</database>
	</source>
	<size>
		<width>416</width>
		<height>416</height>
		<depth>3</depth>
	</size>
	<segmented>0</segmented>
	<object>
		<name>bicycle</name>
		<pose>Unspecified</pose>
		<truncated>0</truncated>
		<difficult>0</difficult>
		<occluded>0</occluded>
		<bndbox>
			<xmin>356</xmin>
			<xmax>403</xmax>
			<ymin>194</ymin>
			<ymax>313</ymax>
		</bndbox>
	</object>
</annotation>
