<annotation>
	<folder></folder>
	<filename>frame_2623_jpg.rf.d79fa26917c0cf94c441562d42091749.jpg</filename>
	<path>frame_2623_jpg.rf.d79fa26917c0cf94c441562d42091749.jpg</path>
	<source>
		<database>roboflow.ai</database>
	</source>
	<size>
		<width>416</width>
		<height>416</height>
		<depth>3</depth>
	</size>
	<segmented>0</segmented>
	<object>
		<name>bicycle</name>
		<pose>Unspecified</pose>
		<truncated>0</truncated>
		<difficult>0</difficult>
		<occluded>0</occluded>
		<bndbox>
			<xmin>305</xmin>
			<xmax>343</xmax>
			<ymin>191</ymin>
			<ymax>289</ymax>
		</bndbox>
	</object>
</annotation>
