<annotation>
	<folder></folder>
	<filename>frame_2613_jpg.rf.b7a1e3cba67d195feead595abf4ef421.jpg</filename>
	<path>frame_2613_jpg.rf.b7a1e3cba67d195feead595abf4ef421.jpg</path>
	<source>
		<database>roboflow.ai</database>
	</source>
	<size>
		<width>416</width>
		<height>416</height>
		<depth>3</depth>
	</size>
	<segmented>0</segmented>
	<object>
		<name>auto</name>
		<pose>Unspecified</pose>
		<truncated>0</truncated>
		<difficult>0</difficult>
		<occluded>0</occluded>
		<bndbox>
			<xmin>119</xmin>
			<xmax>183</xmax>
			<ymin>180</ymin>
			<ymax>316</ymax>
		</bndbox>
	</object>
	<object>
		<name>motorbike</name>
		<pose>Unspecified</pose>
		<truncated>0</truncated>
		<difficult>0</difficult>
		<occluded>0</occluded>
		<bndbox>
			<xmin>78</xmin>
			<xmax>121</xmax>
			<ymin>251</ymin>
			<ymax>353</ymax>
		</bndbox>
	</object>
	<object>
		<name>bicycle</name>
		<pose>Unspecified</pose>
		<truncated>0</truncated>
		<difficult>0</difficult>
		<occluded>0</occluded>
		<bndbox>
			<xmin>51</xmin>
			<xmax>81</xmax>
			<ymin>205</ymin>
			<ymax>290</ymax>
		</bndbox>
	</object>
</annotation>
