<annotation>
	<folder></folder>
	<filename>frame_2640_jpg.rf.39a8b6c3526358991285846e5099cfda.jpg</filename>
	<path>frame_2640_jpg.rf.39a8b6c3526358991285846e5099cfda.jpg</path>
	<source>
		<database>roboflow.ai</database>
	</source>
	<size>
		<width>416</width>
		<height>416</height>
		<depth>3</depth>
	</size>
	<segmented>0</segmented>
	<object>
		<name>bicycle</name>
		<pose>Unspecified</pose>
		<truncated>0</truncated>
		<difficult>0</difficult>
		<occluded>0</occluded>
		<bndbox>
			<xmin>77</xmin>
			<xmax>102</xmax>
			<ymin>233</ymin>
			<ymax>350</ymax>
		</bndbox>
	</object>
	<object>
		<name>bicycle</name>
		<pose>Unspecified</pose>
		<truncated>0</truncated>
		<difficult>0</difficult>
		<occluded>0</occluded>
		<bndbox>
			<xmin>33</xmin>
			<xmax>58</xmax>
			<ymin>244</ymin>
			<ymax>361</ymax>
		</bndbox>
	</object>
</annotation>
