<annotation>
	<folder></folder>
	<filename>frame_2712_jpg.rf.d71c60fc3c7a7e4346ca2145f4df0656.jpg</filename>
	<path>frame_2712_jpg.rf.d71c60fc3c7a7e4346ca2145f4df0656.jpg</path>
	<source>
		<database>roboflow.ai</database>
	</source>
	<size>
		<width>416</width>
		<height>416</height>
		<depth>3</depth>
	</size>
	<segmented>0</segmented>
	<object>
		<name>bicycle</name>
		<pose>Unspecified</pose>
		<truncated>0</truncated>
		<difficult>0</difficult>
		<occluded>0</occluded>
		<bndbox>
			<xmin>351</xmin>
			<xmax>406</xmax>
			<ymin>175</ymin>
			<ymax>314</ymax>
		</bndbox>
	</object>
	<object>
		<name>motorbike</name>
		<pose>Unspecified</pose>
		<truncated>0</truncated>
		<difficult>0</difficult>
		<occluded>0</occluded>
		<bndbox>
			<xmin>243</xmin>
			<xmax>299</xmax>
			<ymin>182</ymin>
			<ymax>312</ymax>
		</bndbox>
	</object>
</annotation>
