<annotation>
	<folder></folder>
	<filename>frame_2650_jpg.rf.4fe8a03ccddcc0bbef9b56a2bad2deb1.jpg</filename>
	<path>frame_2650_jpg.rf.4fe8a03ccddcc0bbef9b56a2bad2deb1.jpg</path>
	<source>
		<database>roboflow.ai</database>
	</source>
	<size>
		<width>416</width>
		<height>416</height>
		<depth>3</depth>
	</size>
	<segmented>0</segmented>
	<object>
		<name>auto</name>
		<pose>Unspecified</pose>
		<truncated>0</truncated>
		<difficult>0</difficult>
		<occluded>0</occluded>
		<bndbox>
			<xmin>128</xmin>
			<xmax>196</xmax>
			<ymin>251</ymin>
			<ymax>413</ymax>
		</bndbox>
	</object>
	<object>
		<name>bicycle</name>
		<pose>Unspecified</pose>
		<truncated>0</truncated>
		<difficult>0</difficult>
		<occluded>0</occluded>
		<bndbox>
			<xmin>48</xmin>
			<xmax>72</xmax>
			<ymin>207</ymin>
			<ymax>305</ymax>
		</bndbox>
	</object>
	<object>
		<name>bicycle</name>
		<pose>Unspecified</pose>
		<truncated>0</truncated>
		<difficult>0</difficult>
		<occluded>0</occluded>
		<bndbox>
			<xmin>0</xmin>
			<xmax>19</xmax>
			<ymin>303</ymin>
			<ymax>402</ymax>
		</bndbox>
	</object>
</annotation>
