<annotation>
	<folder></folder>
	<filename>frame_2705_jpg.rf.ab545c31eced421cc7126f5a049407a4.jpg</filename>
	<path>frame_2705_jpg.rf.ab545c31eced421cc7126f5a049407a4.jpg</path>
	<source>
		<database>roboflow.ai</database>
	</source>
	<size>
		<width>416</width>
		<height>416</height>
		<depth>3</depth>
	</size>
	<segmented>0</segmented>
	<object>
		<name>bicycle</name>
		<pose>Unspecified</pose>
		<truncated>0</truncated>
		<difficult>0</difficult>
		<occluded>0</occluded>
		<bndbox>
			<xmin>328</xmin>
			<xmax>375</xmax>
			<ymin>209</ymin>
			<ymax>306</ymax>
		</bndbox>
	</object>
	<object>
		<name>bicycle</name>
		<pose>Unspecified</pose>
		<truncated>0</truncated>
		<difficult>0</difficult>
		<occluded>0</occluded>
		<bndbox>
			<xmin>305</xmin>
			<xmax>352</xmax>
			<ymin>137</ymin>
			<ymax>234</ymax>
		</bndbox>
	</object>
	<object>
		<name>bicycle</name>
		<pose>Unspecified</pose>
		<truncated>0</truncated>
		<difficult>0</difficult>
		<occluded>0</occluded>
		<bndbox>
			<xmin>329</xmin>
			<xmax>376</xmax>
			<ymin>132</ymin>
			<ymax>229</ymax>
		</bndbox>
	</object>
</annotation>
