<annotation>
	<folder></folder>
	<filename>frame_2644_jpg.rf.fcbb196242cd93a1d1e2045afb49f9b4.jpg</filename>
	<path>frame_2644_jpg.rf.fcbb196242cd93a1d1e2045afb49f9b4.jpg</path>
	<source>
		<database>roboflow.ai</database>
	</source>
	<size>
		<width>416</width>
		<height>416</height>
		<depth>3</depth>
	</size>
	<segmented>0</segmented>
	<object>
		<name>car</name>
		<pose>Unspecified</pose>
		<truncated>0</truncated>
		<difficult>0</difficult>
		<occluded>0</occluded>
		<bndbox>
			<xmin>109</xmin>
			<xmax>171</xmax>
			<ymin>141</ymin>
			<ymax>257</ymax>
		</bndbox>
	</object>
</annotation>
