<annotation>
	<folder></folder>
	<filename>frame_2713_jpg.rf.59fd9c109f21d7428778517ffdeabe4b.jpg</filename>
	<path>frame_2713_jpg.rf.59fd9c109f21d7428778517ffdeabe4b.jpg</path>
	<source>
		<database>roboflow.ai</database>
	</source>
	<size>
		<width>416</width>
		<height>416</height>
		<depth>3</depth>
	</size>
	<segmented>0</segmented>
	<object>
		<name>motorbike</name>
		<pose>Unspecified</pose>
		<truncated>0</truncated>
		<difficult>0</difficult>
		<occluded>0</occluded>
		<bndbox>
			<xmin>249</xmin>
			<xmax>302</xmax>
			<ymin>249</ymin>
			<ymax>393</ymax>
		</bndbox>
	</object>
	<object>
		<name>motorbike</name>
		<pose>Unspecified</pose>
		<truncated>0</truncated>
		<difficult>0</difficult>
		<occluded>0</occluded>
		<bndbox>
			<xmin>233</xmin>
			<xmax>286</xmax>
			<ymin>184</ymin>
			<ymax>328</ymax>
		</bndbox>
	</object>
	<object>
		<name>bicycle</name>
		<pose>Unspecified</pose>
		<truncated>0</truncated>
		<difficult>0</difficult>
		<occluded>0</occluded>
		<bndbox>
			<xmin>316</xmin>
			<xmax>362</xmax>
			<ymin>237</ymin>
			<ymax>376</ymax>
		</bndbox>
	</object>
</annotation>
