<annotation>
	<folder></folder>
	<filename>frame_2715_jpg.rf.b3cfe53724f743f1d7e630030f15ca8d.jpg</filename>
	<path>frame_2715_jpg.rf.b3cfe53724f743f1d7e630030f15ca8d.jpg</path>
	<source>
		<database>roboflow.ai</database>
	</source>
	<size>
		<width>416</width>
		<height>416</height>
		<depth>3</depth>
	</size>
	<segmented>0</segmented>
	<object>
		<name>motorbike</name>
		<pose>Unspecified</pose>
		<truncated>0</truncated>
		<difficult>0</difficult>
		<occluded>0</occluded>
		<bndbox>
			<xmin>294</xmin>
			<xmax>335</xmax>
			<ymin>242</ymin>
			<ymax>367</ymax>
		</bndbox>
	</object>
</annotation>
