<annotation>
	<folder></folder>
	<filename>frame_2722_jpg.rf.1ccd79c903b60a2e6282fa292d6ac07d.jpg</filename>
	<path>frame_2722_jpg.rf.1ccd79c903b60a2e6282fa292d6ac07d.jpg</path>
	<source>
		<database>roboflow.ai</database>
	</source>
	<size>
		<width>416</width>
		<height>416</height>
		<depth>3</depth>
	</size>
	<segmented>0</segmented>
	<object>
		<name>bicycle</name>
		<pose>Unspecified</pose>
		<truncated>0</truncated>
		<difficult>0</difficult>
		<occluded>0</occluded>
		<bndbox>
			<xmin>385</xmin>
			<xmax>415</xmax>
			<ymin>241</ymin>
			<ymax>353</ymax>
		</bndbox>
	</object>
</annotation>
