<annotation>
	<folder></folder>
	<filename>frame_2686_jpg.rf.473bb4e0ab8f9a4712d327244cc9f339.jpg</filename>
	<path>frame_2686_jpg.rf.473bb4e0ab8f9a4712d327244cc9f339.jpg</path>
	<source>
		<database>roboflow.ai</database>
	</source>
	<size>
		<width>416</width>
		<height>416</height>
		<depth>3</depth>
	</size>
	<segmented>0</segmented>
	<object>
		<name>motorbike</name>
		<pose>Unspecified</pose>
		<truncated>0</truncated>
		<difficult>0</difficult>
		<occluded>0</occluded>
		<bndbox>
			<xmin>368</xmin>
			<xmax>394</xmax>
			<ymin>277</ymin>
			<ymax>362</ymax>
		</bndbox>
	</object>
</annotation>
