<annotation>
	<folder></folder>
	<filename>frame_2677_jpg.rf.bccc5a9ed4243f677e9545ce4d3d899d.jpg</filename>
	<path>frame_2677_jpg.rf.bccc5a9ed4243f677e9545ce4d3d899d.jpg</path>
	<source>
		<database>roboflow.ai</database>
	</source>
	<size>
		<width>416</width>
		<height>416</height>
		<depth>3</depth>
	</size>
	<segmented>0</segmented>
	<object>
		<name>motorbike</name>
		<pose>Unspecified</pose>
		<truncated>0</truncated>
		<difficult>0</difficult>
		<occluded>0</occluded>
		<bndbox>
			<xmin>76</xmin>
			<xmax>131</xmax>
			<ymin>211</ymin>
			<ymax>305</ymax>
		</bndbox>
	</object>
	<object>
		<name>bicycle</name>
		<pose>Unspecified</pose>
		<truncated>0</truncated>
		<difficult>0</difficult>
		<occluded>0</occluded>
		<bndbox>
			<xmin>34</xmin>
			<xmax>96</xmax>
			<ymin>231</ymin>
			<ymax>343</ymax>
		</bndbox>
	</object>
</annotation>
