<annotation>
	<folder></folder>
	<filename>frame_2691_jpg.rf.bd984793383f6c62a14add26d2c6edf9.jpg</filename>
	<path>frame_2691_jpg.rf.bd984793383f6c62a14add26d2c6edf9.jpg</path>
	<source>
		<database>roboflow.ai</database>
	</source>
	<size>
		<width>416</width>
		<height>416</height>
		<depth>3</depth>
	</size>
	<segmented>0</segmented>
	<object>
		<name>bicycle</name>
		<pose>Unspecified</pose>
		<truncated>0</truncated>
		<difficult>0</difficult>
		<occluded>0</occluded>
		<bndbox>
			<xmin>72</xmin>
			<xmax>102</xmax>
			<ymin>146</ymin>
			<ymax>250</ymax>
		</bndbox>
	</object>
	<object>
		<name>bicycle</name>
		<pose>Unspecified</pose>
		<truncated>0</truncated>
		<difficult>0</difficult>
		<occluded>0</occluded>
		<bndbox>
			<xmin>62</xmin>
			<xmax>92</xmax>
			<ymin>156</ymin>
			<ymax>260</ymax>
		</bndbox>
	</object>
	<object>
		<name>bicycle</name>
		<pose>Unspecified</pose>
		<truncated>0</truncated>
		<difficult>0</difficult>
		<occluded>0</occluded>
		<bndbox>
			<xmin>27</xmin>
			<xmax>45</xmax>
			<ymin>266</ymin>
			<ymax>371</ymax>
		</bndbox>
	</object>
</annotation>
