<annotation>
	<folder></folder>
	<filename>frame_2705_jpg.rf.6fcbdbd00df8a8b29a0e06041e8f16a1.jpg</filename>
	<path>frame_2705_jpg.rf.6fcbdbd00df8a8b29a0e06041e8f16a1.jpg</path>
	<source>
		<database>roboflow.ai</database>
	</source>
	<size>
		<width>416</width>
		<height>416</height>
		<depth>3</depth>
	</size>
	<segmented>0</segmented>
	<object>
		<name>bicycle</name>
		<pose>Unspecified</pose>
		<truncated>0</truncated>
		<difficult>0</difficult>
		<occluded>0</occluded>
		<bndbox>
			<xmin>325</xmin>
			<xmax>348</xmax>
			<ymin>220</ymin>
			<ymax>324</ymax>
		</bndbox>
	</object>
	<object>
		<name>bicycle</name>
		<pose>Unspecified</pose>
		<truncated>0</truncated>
		<difficult>0</difficult>
		<occluded>0</occluded>
		<bndbox>
			<xmin>314</xmin>
			<xmax>337</xmax>
			<ymin>145</ymin>
			<ymax>249</ymax>
		</bndbox>
	</object>
	<object>
		<name>bicycle</name>
		<pose>Unspecified</pose>
		<truncated>0</truncated>
		<difficult>0</difficult>
		<occluded>0</occluded>
		<bndbox>
			<xmin>337</xmin>
			<xmax>360</xmax>
			<ymin>142</ymin>
			<ymax>246</ymax>
		</bndbox>
	</object>
</annotation>
