<annotation>
	<folder></folder>
	<filename>frame_2689_jpg.rf.098674e5c7f39642ab3d099c355ad7e2.jpg</filename>
	<path>frame_2689_jpg.rf.098674e5c7f39642ab3d099c355ad7e2.jpg</path>
	<source>
		<database>roboflow.ai</database>
	</source>
	<size>
		<width>416</width>
		<height>416</height>
		<depth>3</depth>
	</size>
	<segmented>0</segmented>
	<object>
		<name>bicycle</name>
		<pose>Unspecified</pose>
		<truncated>0</truncated>
		<difficult>0</difficult>
		<occluded>0</occluded>
		<bndbox>
			<xmin>7</xmin>
			<xmax>45</xmax>
			<ymin>298</ymin>
			<ymax>415</ymax>
		</bndbox>
	</object>
	<object>
		<name>bicycle</name>
		<pose>Unspecified</pose>
		<truncated>0</truncated>
		<difficult>0</difficult>
		<occluded>0</occluded>
		<bndbox>
			<xmin>20</xmin>
			<xmax>57</xmax>
			<ymin>237</ymin>
			<ymax>360</ymax>
		</bndbox>
	</object>
</annotation>
