<annotation>
	<folder></folder>
	<filename>frame_2692_jpg.rf.5c9680d914148ac12a94b4d2a6f31a21.jpg</filename>
	<path>frame_2692_jpg.rf.5c9680d914148ac12a94b4d2a6f31a21.jpg</path>
	<source>
		<database>roboflow.ai</database>
	</source>
	<size>
		<width>416</width>
		<height>416</height>
		<depth>3</depth>
	</size>
	<segmented>0</segmented>
	<object>
		<name>bicycle</name>
		<pose>Unspecified</pose>
		<truncated>0</truncated>
		<difficult>0</difficult>
		<occluded>0</occluded>
		<bndbox>
			<xmin>329</xmin>
			<xmax>387</xmax>
			<ymin>216</ymin>
			<ymax>362</ymax>
		</bndbox>
	</object>
	<object>
		<name>bicycle</name>
		<pose>Unspecified</pose>
		<truncated>0</truncated>
		<difficult>0</difficult>
		<occluded>0</occluded>
		<bndbox>
			<xmin>360</xmin>
			<xmax>410</xmax>
			<ymin>202</ymin>
			<ymax>350</ymax>
		</bndbox>
	</object>
</annotation>
