<annotation>
	<folder></folder>
	<filename>frame_2702_jpg.rf.085a9a43302ddc9ad0c682be182c3ab4.jpg</filename>
	<path>frame_2702_jpg.rf.085a9a43302ddc9ad0c682be182c3ab4.jpg</path>
	<source>
		<database>roboflow.ai</database>
	</source>
	<size>
		<width>416</width>
		<height>416</height>
		<depth>3</depth>
	</size>
	<segmented>0</segmented>
	<object>
		<name>auto</name>
		<pose>Unspecified</pose>
		<truncated>0</truncated>
		<difficult>0</difficult>
		<occluded>0</occluded>
		<bndbox>
			<xmin>66</xmin>
			<xmax>132</xmax>
			<ymin>235</ymin>
			<ymax>387</ymax>
		</bndbox>
	</object>
</annotation>
