<annotation>
	<folder></folder>
	<filename>frame_2706_jpg.rf.072b9853c093d06a5154f2a0aebd3688.jpg</filename>
	<path>frame_2706_jpg.rf.072b9853c093d06a5154f2a0aebd3688.jpg</path>
	<source>
		<database>roboflow.ai</database>
	</source>
	<size>
		<width>416</width>
		<height>416</height>
		<depth>3</depth>
	</size>
	<segmented>0</segmented>
	<object>
		<name>bicycle</name>
		<pose>Unspecified</pose>
		<truncated>0</truncated>
		<difficult>0</difficult>
		<occluded>0</occluded>
		<bndbox>
			<xmin>87</xmin>
			<xmax>140</xmax>
			<ymin>240</ymin>
			<ymax>383</ymax>
		</bndbox>
	</object>
	<object>
		<name>bicycle</name>
		<pose>Unspecified</pose>
		<truncated>0</truncated>
		<difficult>0</difficult>
		<occluded>0</occluded>
		<bndbox>
			<xmin>63</xmin>
			<xmax>116</xmax>
			<ymin>237</ymin>
			<ymax>380</ymax>
		</bndbox>
	</object>
</annotation>
