<annotation>
	<folder></folder>
	<filename>frame_2637_jpg.rf.cb8e7105db1bcbda2fa6d39e3eef44b0.jpg</filename>
	<path>frame_2637_jpg.rf.cb8e7105db1bcbda2fa6d39e3eef44b0.jpg</path>
	<source>
		<database>roboflow.ai</database>
	</source>
	<size>
		<width>416</width>
		<height>416</height>
		<depth>3</depth>
	</size>
	<segmented>0</segmented>
	<object>
		<name>bicycle</name>
		<pose>Unspecified</pose>
		<truncated>0</truncated>
		<difficult>0</difficult>
		<occluded>0</occluded>
		<bndbox>
			<xmin>64</xmin>
			<xmax>96</xmax>
			<ymin>237</ymin>
			<ymax>340</ymax>
		</bndbox>
	</object>
</annotation>
