<annotation>
	<folder></folder>
	<filename>frame_2721_jpg.rf.80a281c6aedbdb66d75795970bec6a2d.jpg</filename>
	<path>frame_2721_jpg.rf.80a281c6aedbdb66d75795970bec6a2d.jpg</path>
	<source>
		<database>roboflow.ai</database>
	</source>
	<size>
		<width>416</width>
		<height>416</height>
		<depth>3</depth>
	</size>
	<segmented>0</segmented>
	<object>
		<name>motorbike</name>
		<pose>Unspecified</pose>
		<truncated>0</truncated>
		<difficult>0</difficult>
		<occluded>0</occluded>
		<bndbox>
			<xmin>282</xmin>
			<xmax>330</xmax>
			<ymin>169</ymin>
			<ymax>267</ymax>
		</bndbox>
	</object>
	<object>
		<name>bicycle</name>
		<pose>Unspecified</pose>
		<truncated>0</truncated>
		<difficult>0</difficult>
		<occluded>0</occluded>
		<bndbox>
			<xmin>344</xmin>
			<xmax>386</xmax>
			<ymin>194</ymin>
			<ymax>302</ymax>
		</bndbox>
	</object>
</annotation>
