<annotation>
	<folder></folder>
	<filename>frame_2715_jpg.rf.e67a3057b8fa7e9c52571e62e7b9b537.jpg</filename>
	<path>frame_2715_jpg.rf.e67a3057b8fa7e9c52571e62e7b9b537.jpg</path>
	<source>
		<database>roboflow.ai</database>
	</source>
	<size>
		<width>416</width>
		<height>416</height>
		<depth>3</depth>
	</size>
	<segmented>0</segmented>
	<object>
		<name>motorbike</name>
		<pose>Unspecified</pose>
		<truncated>0</truncated>
		<difficult>0</difficult>
		<occluded>0</occluded>
		<bndbox>
			<xmin>107</xmin>
			<xmax>179</xmax>
			<ymin>244</ymin>
			<ymax>359</ymax>
		</bndbox>
	</object>
</annotation>
