<annotation>
	<folder></folder>
	<filename>frame_2681_jpg.rf.30d301f321a31fc739caf5d937f3e071.jpg</filename>
	<path>frame_2681_jpg.rf.30d301f321a31fc739caf5d937f3e071.jpg</path>
	<source>
		<database>roboflow.ai</database>
	</source>
	<size>
		<width>416</width>
		<height>416</height>
		<depth>3</depth>
	</size>
	<segmented>0</segmented>
	<object>
		<name>motorbike</name>
		<pose>Unspecified</pose>
		<truncated>0</truncated>
		<difficult>0</difficult>
		<occluded>0</occluded>
		<bndbox>
			<xmin>82</xmin>
			<xmax>119</xmax>
			<ymin>267</ymin>
			<ymax>405</ymax>
		</bndbox>
	</object>
	<object>
		<name>motorbike</name>
		<pose>Unspecified</pose>
		<truncated>0</truncated>
		<difficult>0</difficult>
		<occluded>0</occluded>
		<bndbox>
			<xmin>79</xmin>
			<xmax>116</xmax>
			<ymin>204</ymin>
			<ymax>342</ymax>
		</bndbox>
	</object>
	<object>
		<name>motorbike</name>
		<pose>Unspecified</pose>
		<truncated>0</truncated>
		<difficult>0</difficult>
		<occluded>0</occluded>
		<bndbox>
			<xmin>100</xmin>
			<xmax>137</xmax>
			<ymin>200</ymin>
			<ymax>338</ymax>
		</bndbox>
	</object>
	<object>
		<name>car</name>
		<pose>Unspecified</pose>
		<truncated>0</truncated>
		<difficult>0</difficult>
		<occluded>0</occluded>
		<bndbox>
			<xmin>144</xmin>
			<xmax>204</xmax>
			<ymin>213</ymin>
			<ymax>341</ymax>
		</bndbox>
	</object>
</annotation>
