<annotation>
	<folder></folder>
	<filename>frame_2633_jpg.rf.b4319b9a99db09c2995fafba5b5331ed.jpg</filename>
	<path>frame_2633_jpg.rf.b4319b9a99db09c2995fafba5b5331ed.jpg</path>
	<source>
		<database>roboflow.ai</database>
	</source>
	<size>
		<width>416</width>
		<height>416</height>
		<depth>3</depth>
	</size>
	<segmented>0</segmented>
	<object>
		<name>motorbike</name>
		<pose>Unspecified</pose>
		<truncated>0</truncated>
		<difficult>0</difficult>
		<occluded>0</occluded>
		<bndbox>
			<xmin>269</xmin>
			<xmax>339</xmax>
			<ymin>269</ymin>
			<ymax>388</ymax>
		</bndbox>
	</object>
	<object>
		<name>motorbike</name>
		<pose>Unspecified</pose>
		<truncated>0</truncated>
		<difficult>0</difficult>
		<occluded>0</occluded>
		<bndbox>
			<xmin>204</xmin>
			<xmax>274</xmax>
			<ymin>244</ymin>
			<ymax>363</ymax>
		</bndbox>
	</object>
	<object>
		<name>bicycle</name>
		<pose>Unspecified</pose>
		<truncated>0</truncated>
		<difficult>0</difficult>
		<occluded>0</occluded>
		<bndbox>
			<xmin>319</xmin>
			<xmax>361</xmax>
			<ymin>252</ymin>
			<ymax>353</ymax>
		</bndbox>
	</object>
</annotation>
