<annotation>
	<folder></folder>
	<filename>frame_2624_jpg.rf.4a502822234914c0394c949f395ed282.jpg</filename>
	<path>frame_2624_jpg.rf.4a502822234914c0394c949f395ed282.jpg</path>
	<source>
		<database>roboflow.ai</database>
	</source>
	<size>
		<width>416</width>
		<height>416</height>
		<depth>3</depth>
	</size>
	<segmented>0</segmented>
	<object>
		<name>motorbike</name>
		<pose>Unspecified</pose>
		<truncated>0</truncated>
		<difficult>0</difficult>
		<occluded>0</occluded>
		<bndbox>
			<xmin>271</xmin>
			<xmax>330</xmax>
			<ymin>300</ymin>
			<ymax>415</ymax>
		</bndbox>
	</object>
	<object>
		<name>bicycle</name>
		<pose>Unspecified</pose>
		<truncated>0</truncated>
		<difficult>0</difficult>
		<occluded>0</occluded>
		<bndbox>
			<xmin>309</xmin>
			<xmax>363</xmax>
			<ymin>235</ymin>
			<ymax>347</ymax>
		</bndbox>
	</object>
</annotation>
