<annotation>
	<folder></folder>
	<filename>frame_2637_jpg.rf.22ff851a4d8ba5b04fee67657116e36d.jpg</filename>
	<path>frame_2637_jpg.rf.22ff851a4d8ba5b04fee67657116e36d.jpg</path>
	<source>
		<database>roboflow.ai</database>
	</source>
	<size>
		<width>416</width>
		<height>416</height>
		<depth>3</depth>
	</size>
	<segmented>0</segmented>
	<object>
		<name>bicycle</name>
		<pose>Unspecified</pose>
		<truncated>0</truncated>
		<difficult>0</difficult>
		<occluded>0</occluded>
		<bndbox>
			<xmin>338</xmin>
			<xmax>364</xmax>
			<ymin>217</ymin>
			<ymax>328</ymax>
		</bndbox>
	</object>
</annotation>
