<annotation>
	<folder></folder>
	<filename>frame_2715_jpg.rf.ee7f5b5ad298189055d723721c8a7edd.jpg</filename>
	<path>frame_2715_jpg.rf.ee7f5b5ad298189055d723721c8a7edd.jpg</path>
	<source>
		<database>roboflow.ai</database>
	</source>
	<size>
		<width>416</width>
		<height>416</height>
		<depth>3</depth>
	</size>
	<segmented>0</segmented>
	<object>
		<name>motorbike</name>
		<pose>Unspecified</pose>
		<truncated>0</truncated>
		<difficult>0</difficult>
		<occluded>0</occluded>
		<bndbox>
			<xmin>81</xmin>
			<xmax>137</xmax>
			<ymin>243</ymin>
			<ymax>353</ymax>
		</bndbox>
	</object>
</annotation>
