<annotation>
	<folder></folder>
	<filename>frame_2628_jpg.rf.5a879fbe033655136f1d7d88ace7b057.jpg</filename>
	<path>frame_2628_jpg.rf.5a879fbe033655136f1d7d88ace7b057.jpg</path>
	<source>
		<database>roboflow.ai</database>
	</source>
	<size>
		<width>416</width>
		<height>416</height>
		<depth>3</depth>
	</size>
	<segmented>0</segmented>
	<object>
		<name>bicycle</name>
		<pose>Unspecified</pose>
		<truncated>0</truncated>
		<difficult>0</difficult>
		<occluded>0</occluded>
		<bndbox>
			<xmin>17</xmin>
			<xmax>73</xmax>
			<ymin>242</ymin>
			<ymax>364</ymax>
		</bndbox>
	</object>
	<object>
		<name>bicycle</name>
		<pose>Unspecified</pose>
		<truncated>0</truncated>
		<difficult>0</difficult>
		<occluded>0</occluded>
		<bndbox>
			<xmin>64</xmin>
			<xmax>116</xmax>
			<ymin>160</ymin>
			<ymax>260</ymax>
		</bndbox>
	</object>
</annotation>
