<annotation>
	<folder></folder>
	<filename>frame_2700_jpg.rf.ee4657717162ca25285e0ada5f63300a.jpg</filename>
	<path>frame_2700_jpg.rf.ee4657717162ca25285e0ada5f63300a.jpg</path>
	<source>
		<database>roboflow.ai</database>
	</source>
	<size>
		<width>416</width>
		<height>416</height>
		<depth>3</depth>
	</size>
	<segmented>0</segmented>
	<object>
		<name>motorbike</name>
		<pose>Unspecified</pose>
		<truncated>0</truncated>
		<difficult>0</difficult>
		<occluded>0</occluded>
		<bndbox>
			<xmin>100</xmin>
			<xmax>153</xmax>
			<ymin>254</ymin>
			<ymax>386</ymax>
		</bndbox>
	</object>
	<object>
		<name>motorbike</name>
		<pose>Unspecified</pose>
		<truncated>0</truncated>
		<difficult>0</difficult>
		<occluded>0</occluded>
		<bndbox>
			<xmin>116</xmin>
			<xmax>169</xmax>
			<ymin>207</ymin>
			<ymax>339</ymax>
		</bndbox>
	</object>
	<object>
		<name>motorbike</name>
		<pose>Unspecified</pose>
		<truncated>0</truncated>
		<difficult>0</difficult>
		<occluded>0</occluded>
		<bndbox>
			<xmin>85</xmin>
			<xmax>138</xmax>
			<ymin>170</ymin>
			<ymax>302</ymax>
		</bndbox>
	</object>
	<object>
		<name>bicycle</name>
		<pose>Unspecified</pose>
		<truncated>0</truncated>
		<difficult>0</difficult>
		<occluded>0</occluded>
		<bndbox>
			<xmin>15</xmin>
			<xmax>54</xmax>
			<ymin>218</ymin>
			<ymax>351</ymax>
		</bndbox>
	</object>
</annotation>
