<annotation>
	<folder></folder>
	<filename>frame_2690_jpg.rf.9843ced3850c222df09e757482995d9a.jpg</filename>
	<path>frame_2690_jpg.rf.9843ced3850c222df09e757482995d9a.jpg</path>
	<source>
		<database>roboflow.ai</database>
	</source>
	<size>
		<width>416</width>
		<height>416</height>
		<depth>3</depth>
	</size>
	<segmented>0</segmented>
	<object>
		<name>bicycle</name>
		<pose>Unspecified</pose>
		<truncated>0</truncated>
		<difficult>0</difficult>
		<occluded>0</occluded>
		<bndbox>
			<xmin>353</xmin>
			<xmax>411</xmax>
			<ymin>183</ymin>
			<ymax>287</ymax>
		</bndbox>
	</object>
</annotation>
