<annotation>
	<folder></folder>
	<filename>frame_2688_jpg.rf.6d2a18e4deb0422c071f0e41817ef9f4.jpg</filename>
	<path>frame_2688_jpg.rf.6d2a18e4deb0422c071f0e41817ef9f4.jpg</path>
	<source>
		<database>roboflow.ai</database>
	</source>
	<size>
		<width>416</width>
		<height>416</height>
		<depth>3</depth>
	</size>
	<segmented>0</segmented>
	<object>
		<name>bicycle</name>
		<pose>Unspecified</pose>
		<truncated>0</truncated>
		<difficult>0</difficult>
		<occluded>0</occluded>
		<bndbox>
			<xmin>54</xmin>
			<xmax>92</xmax>
			<ymin>207</ymin>
			<ymax>321</ymax>
		</bndbox>
	</object>
</annotation>
