<annotation>
	<folder></folder>
	<filename>frame_2706_jpg.rf.55b55b281f24c56ec560f221ae8fb5a4.jpg</filename>
	<path>frame_2706_jpg.rf.55b55b281f24c56ec560f221ae8fb5a4.jpg</path>
	<source>
		<database>roboflow.ai</database>
	</source>
	<size>
		<width>416</width>
		<height>416</height>
		<depth>3</depth>
	</size>
	<segmented>0</segmented>
	<object>
		<name>bicycle</name>
		<pose>Unspecified</pose>
		<truncated>0</truncated>
		<difficult>0</difficult>
		<occluded>0</occluded>
		<bndbox>
			<xmin>17</xmin>
			<xmax>68</xmax>
			<ymin>230</ymin>
			<ymax>365</ymax>
		</bndbox>
	</object>
	<object>
		<name>bicycle</name>
		<pose>Unspecified</pose>
		<truncated>0</truncated>
		<difficult>0</difficult>
		<occluded>0</occluded>
		<bndbox>
			<xmin>0</xmin>
			<xmax>47</xmax>
			<ymin>224</ymin>
			<ymax>360</ymax>
		</bndbox>
	</object>
</annotation>
