<annotation>
	<folder></folder>
	<filename>frame_2704_jpg.rf.7a63bb3b5d4745343f9f05fde8d7f409.jpg</filename>
	<path>frame_2704_jpg.rf.7a63bb3b5d4745343f9f05fde8d7f409.jpg</path>
	<source>
		<database>roboflow.ai</database>
	</source>
	<size>
		<width>416</width>
		<height>416</height>
		<depth>3</depth>
	</size>
	<segmented>0</segmented>
	<object>
		<name>bicycle</name>
		<pose>Unspecified</pose>
		<truncated>0</truncated>
		<difficult>0</difficult>
		<occluded>0</occluded>
		<bndbox>
			<xmin>333</xmin>
			<xmax>368</xmax>
			<ymin>214</ymin>
			<ymax>366</ymax>
		</bndbox>
	</object>
</annotation>
