<annotation>
	<folder></folder>
	<filename>frame_2636_jpg.rf.211e677ddfca04118d7ac4664d8f43f2.jpg</filename>
	<path>frame_2636_jpg.rf.211e677ddfca04118d7ac4664d8f43f2.jpg</path>
	<source>
		<database>roboflow.ai</database>
	</source>
	<size>
		<width>416</width>
		<height>416</height>
		<depth>3</depth>
	</size>
	<segmented>0</segmented>
	<object>
		<name>bicycle</name>
		<pose>Unspecified</pose>
		<truncated>0</truncated>
		<difficult>0</difficult>
		<occluded>0</occluded>
		<bndbox>
			<xmin>63</xmin>
			<xmax>95</xmax>
			<ymin>187</ymin>
			<ymax>292</ymax>
		</bndbox>
	</object>
</annotation>
