<annotation>
	<folder></folder>
	<filename>frame_2650_jpg.rf.42854c3a10de2d97f78760cd1029c531.jpg</filename>
	<path>frame_2650_jpg.rf.42854c3a10de2d97f78760cd1029c531.jpg</path>
	<source>
		<database>roboflow.ai</database>
	</source>
	<size>
		<width>416</width>
		<height>416</height>
		<depth>3</depth>
	</size>
	<segmented>0</segmented>
	<object>
		<name>auto</name>
		<pose>Unspecified</pose>
		<truncated>0</truncated>
		<difficult>0</difficult>
		<occluded>0</occluded>
		<bndbox>
			<xmin>210</xmin>
			<xmax>301</xmax>
			<ymin>217</ymin>
			<ymax>401</ymax>
		</bndbox>
	</object>
	<object>
		<name>bicycle</name>
		<pose>Unspecified</pose>
		<truncated>0</truncated>
		<difficult>0</difficult>
		<occluded>0</occluded>
		<bndbox>
			<xmin>337</xmin>
			<xmax>375</xmax>
			<ymin>131</ymin>
			<ymax>239</ymax>
		</bndbox>
	</object>
	<object>
		<name>bicycle</name>
		<pose>Unspecified</pose>
		<truncated>0</truncated>
		<difficult>0</difficult>
		<occluded>0</occluded>
		<bndbox>
			<xmin>391</xmin>
			<xmax>410</xmax>
			<ymin>203</ymin>
			<ymax>312</ymax>
		</bndbox>
	</object>
</annotation>
