<annotation>
	<folder></folder>
	<filename>frame_2641_jpg.rf.cf7c0d41555ffc81fe9f750602d4a748.jpg</filename>
	<path>frame_2641_jpg.rf.cf7c0d41555ffc81fe9f750602d4a748.jpg</path>
	<source>
		<database>roboflow.ai</database>
	</source>
	<size>
		<width>416</width>
		<height>416</height>
		<depth>3</depth>
	</size>
	<segmented>0</segmented>
	<object>
		<name>bicycle</name>
		<pose>Unspecified</pose>
		<truncated>0</truncated>
		<difficult>0</difficult>
		<occluded>0</occluded>
		<bndbox>
			<xmin>56</xmin>
			<xmax>90</xmax>
			<ymin>238</ymin>
			<ymax>341</ymax>
		</bndbox>
	</object>
	<object>
		<name>bicycle</name>
		<pose>Unspecified</pose>
		<truncated>0</truncated>
		<difficult>0</difficult>
		<occluded>0</occluded>
		<bndbox>
			<xmin>80</xmin>
			<xmax>115</xmax>
			<ymin>306</ymin>
			<ymax>406</ymax>
		</bndbox>
	</object>
	<object>
		<name>bicycle</name>
		<pose>Unspecified</pose>
		<truncated>0</truncated>
		<difficult>0</difficult>
		<occluded>0</occluded>
		<bndbox>
			<xmin>48</xmin>
			<xmax>82</xmax>
			<ymin>297</ymin>
			<ymax>400</ymax>
		</bndbox>
	</object>
	<object>
		<name>bus</name>
		<pose>Unspecified</pose>
		<truncated>0</truncated>
		<difficult>0</difficult>
		<occluded>0</occluded>
		<bndbox>
			<xmin>126</xmin>
			<xmax>223</xmax>
			<ymin>137</ymin>
			<ymax>329</ymax>
		</bndbox>
	</object>
</annotation>
