<annotation>
	<folder></folder>
	<filename>frame_2648_jpg.rf.3498584d1d54b31d619303004cd3d07f.jpg</filename>
	<path>frame_2648_jpg.rf.3498584d1d54b31d619303004cd3d07f.jpg</path>
	<source>
		<database>roboflow.ai</database>
	</source>
	<size>
		<width>416</width>
		<height>416</height>
		<depth>3</depth>
	</size>
	<segmented>0</segmented>
	<object>
		<name>car</name>
		<pose>Unspecified</pose>
		<truncated>0</truncated>
		<difficult>0</difficult>
		<occluded>0</occluded>
		<bndbox>
			<xmin>78</xmin>
			<xmax>190</xmax>
			<ymin>198</ymin>
			<ymax>361</ymax>
		</bndbox>
	</object>
	<object>
		<name>bicycle</name>
		<pose>Unspecified</pose>
		<truncated>0</truncated>
		<difficult>0</difficult>
		<occluded>0</occluded>
		<bndbox>
			<xmin>30</xmin>
			<xmax>84</xmax>
			<ymin>208</ymin>
			<ymax>321</ymax>
		</bndbox>
	</object>
	<object>
		<name>bicycle</name>
		<pose>Unspecified</pose>
		<truncated>0</truncated>
		<difficult>0</difficult>
		<occluded>0</occluded>
		<bndbox>
			<xmin>10</xmin>
			<xmax>64</xmax>
			<ymin>198</ymin>
			<ymax>311</ymax>
		</bndbox>
	</object>
</annotation>
