<annotation>
	<folder></folder>
	<filename>frame_2628_jpg.rf.0c9b40d3dee8227ea2fd27ac0725e384.jpg</filename>
	<path>frame_2628_jpg.rf.0c9b40d3dee8227ea2fd27ac0725e384.jpg</path>
	<source>
		<database>roboflow.ai</database>
	</source>
	<size>
		<width>416</width>
		<height>416</height>
		<depth>3</depth>
	</size>
	<segmented>0</segmented>
	<object>
		<name>bicycle</name>
		<pose>Unspecified</pose>
		<truncated>0</truncated>
		<difficult>0</difficult>
		<occluded>0</occluded>
		<bndbox>
			<xmin>48</xmin>
			<xmax>96</xmax>
			<ymin>210</ymin>
			<ymax>326</ymax>
		</bndbox>
	</object>
	<object>
		<name>bicycle</name>
		<pose>Unspecified</pose>
		<truncated>0</truncated>
		<difficult>0</difficult>
		<occluded>0</occluded>
		<bndbox>
			<xmin>61</xmin>
			<xmax>105</xmax>
			<ymin>133</ymin>
			<ymax>227</ymax>
		</bndbox>
	</object>
</annotation>
