<annotation>
	<folder></folder>
	<filename>frame_2668_jpg.rf.a5eacffc111829d211811a13d765edf6.jpg</filename>
	<path>frame_2668_jpg.rf.a5eacffc111829d211811a13d765edf6.jpg</path>
	<source>
		<database>roboflow.ai</database>
	</source>
	<size>
		<width>416</width>
		<height>416</height>
		<depth>3</depth>
	</size>
	<segmented>0</segmented>
	<object>
		<name>motorbike</name>
		<pose>Unspecified</pose>
		<truncated>0</truncated>
		<difficult>0</difficult>
		<occluded>0</occluded>
		<bndbox>
			<xmin>310</xmin>
			<xmax>345</xmax>
			<ymin>244</ymin>
			<ymax>338</ymax>
		</bndbox>
	</object>
	<object>
		<name>motorbike</name>
		<pose>Unspecified</pose>
		<truncated>0</truncated>
		<difficult>0</difficult>
		<occluded>0</occluded>
		<bndbox>
			<xmin>329</xmin>
			<xmax>366</xmax>
			<ymin>335</ymin>
			<ymax>415</ymax>
		</bndbox>
	</object>
	<object>
		<name>bicycle</name>
		<pose>Unspecified</pose>
		<truncated>0</truncated>
		<difficult>0</difficult>
		<occluded>0</occluded>
		<bndbox>
			<xmin>398</xmin>
			<xmax>415</xmax>
			<ymin>341</ymin>
			<ymax>415</ymax>
		</bndbox>
	</object>
</annotation>
