<annotation>
	<folder></folder>
	<filename>frame_2693_jpg.rf.76b977b6d60712d2cc4d0d870471faa1.jpg</filename>
	<path>frame_2693_jpg.rf.76b977b6d60712d2cc4d0d870471faa1.jpg</path>
	<source>
		<database>roboflow.ai</database>
	</source>
	<size>
		<width>416</width>
		<height>416</height>
		<depth>3</depth>
	</size>
	<segmented>0</segmented>
	<object>
		<name>motorbike</name>
		<pose>Unspecified</pose>
		<truncated>0</truncated>
		<difficult>0</difficult>
		<occluded>0</occluded>
		<bndbox>
			<xmin>230</xmin>
			<xmax>290</xmax>
			<ymin>222</ymin>
			<ymax>333</ymax>
		</bndbox>
	</object>
	<object>
		<name>bicycle</name>
		<pose>Unspecified</pose>
		<truncated>0</truncated>
		<difficult>0</difficult>
		<occluded>0</occluded>
		<bndbox>
			<xmin>331</xmin>
			<xmax>377</xmax>
			<ymin>150</ymin>
			<ymax>253</ymax>
		</bndbox>
	</object>
</annotation>
