<annotation>
	<folder></folder>
	<filename>frame_2712_jpg.rf.20850b74b1293520f256aed781b9c00c.jpg</filename>
	<path>frame_2712_jpg.rf.20850b74b1293520f256aed781b9c00c.jpg</path>
	<source>
		<database>roboflow.ai</database>
	</source>
	<size>
		<width>416</width>
		<height>416</height>
		<depth>3</depth>
	</size>
	<segmented>0</segmented>
	<object>
		<name>bicycle</name>
		<pose>Unspecified</pose>
		<truncated>0</truncated>
		<difficult>0</difficult>
		<occluded>0</occluded>
		<bndbox>
			<xmin>76</xmin>
			<xmax>138</xmax>
			<ymin>265</ymin>
			<ymax>402</ymax>
		</bndbox>
	</object>
	<object>
		<name>motorbike</name>
		<pose>Unspecified</pose>
		<truncated>0</truncated>
		<difficult>0</difficult>
		<occluded>0</occluded>
		<bndbox>
			<xmin>153</xmin>
			<xmax>217</xmax>
			<ymin>216</ymin>
			<ymax>343</ymax>
		</bndbox>
	</object>
</annotation>
