<annotation>
	<folder></folder>
	<filename>frame_2697_jpg.rf.fff37d65de2100039f4a2a505943d7fa.jpg</filename>
	<path>frame_2697_jpg.rf.fff37d65de2100039f4a2a505943d7fa.jpg</path>
	<source>
		<database>roboflow.ai</database>
	</source>
	<size>
		<width>416</width>
		<height>416</height>
		<depth>3</depth>
	</size>
	<segmented>0</segmented>
	<object>
		<name>motorbike</name>
		<pose>Unspecified</pose>
		<truncated>0</truncated>
		<difficult>0</difficult>
		<occluded>0</occluded>
		<bndbox>
			<xmin>249</xmin>
			<xmax>281</xmax>
			<ymin>273</ymin>
			<ymax>415</ymax>
		</bndbox>
	</object>
	<object>
		<name>motorbike</name>
		<pose>Unspecified</pose>
		<truncated>0</truncated>
		<difficult>0</difficult>
		<occluded>0</occluded>
		<bndbox>
			<xmin>301</xmin>
			<xmax>332</xmax>
			<ymin>260</ymin>
			<ymax>405</ymax>
		</bndbox>
	</object>
	<object>
		<name>motorbike</name>
		<pose>Unspecified</pose>
		<truncated>0</truncated>
		<difficult>0</difficult>
		<occluded>0</occluded>
		<bndbox>
			<xmin>273</xmin>
			<xmax>304</xmax>
			<ymin>241</ymin>
			<ymax>386</ymax>
		</bndbox>
	</object>
</annotation>
