<annotation>
	<folder></folder>
	<filename>frame_2660_jpg.rf.bfb84b4536a9f36768711d2b79487c7e.jpg</filename>
	<path>frame_2660_jpg.rf.bfb84b4536a9f36768711d2b79487c7e.jpg</path>
	<source>
		<database>roboflow.ai</database>
	</source>
	<size>
		<width>416</width>
		<height>416</height>
		<depth>3</depth>
	</size>
	<segmented>0</segmented>
	<object>
		<name>motorbike</name>
		<pose>Unspecified</pose>
		<truncated>0</truncated>
		<difficult>0</difficult>
		<occluded>0</occluded>
		<bndbox>
			<xmin>90</xmin>
			<xmax>158</xmax>
			<ymin>218</ymin>
			<ymax>344</ymax>
		</bndbox>
	</object>
	<object>
		<name>bicycle</name>
		<pose>Unspecified</pose>
		<truncated>0</truncated>
		<difficult>0</difficult>
		<occluded>0</occluded>
		<bndbox>
			<xmin>55</xmin>
			<xmax>105</xmax>
			<ymin>187</ymin>
			<ymax>304</ymax>
		</bndbox>
	</object>
	<object>
		<name>bicycle</name>
		<pose>Unspecified</pose>
		<truncated>0</truncated>
		<difficult>0</difficult>
		<occluded>0</occluded>
		<bndbox>
			<xmin>28</xmin>
			<xmax>78</xmax>
			<ymin>179</ymin>
			<ymax>296</ymax>
		</bndbox>
	</object>
	<object>
		<name>bicycle</name>
		<pose>Unspecified</pose>
		<truncated>0</truncated>
		<difficult>0</difficult>
		<occluded>0</occluded>
		<bndbox>
			<xmin>15</xmin>
			<xmax>37</xmax>
			<ymin>224</ymin>
			<ymax>342</ymax>
		</bndbox>
	</object>
</annotation>
