<annotation>
	<folder></folder>
	<filename>frame_2711_jpg.rf.1dae2d29d7218e960487a70abd564385.jpg</filename>
	<path>frame_2711_jpg.rf.1dae2d29d7218e960487a70abd564385.jpg</path>
	<source>
		<database>roboflow.ai</database>
	</source>
	<size>
		<width>416</width>
		<height>416</height>
		<depth>3</depth>
	</size>
	<segmented>0</segmented>
	<object>
		<name>bicycle</name>
		<pose>Unspecified</pose>
		<truncated>0</truncated>
		<difficult>0</difficult>
		<occluded>0</occluded>
		<bndbox>
			<xmin>67</xmin>
			<xmax>119</xmax>
			<ymin>175</ymin>
			<ymax>288</ymax>
		</bndbox>
	</object>
	<object>
		<name>motorbike</name>
		<pose>Unspecified</pose>
		<truncated>0</truncated>
		<difficult>0</difficult>
		<occluded>0</occluded>
		<bndbox>
			<xmin>114</xmin>
			<xmax>152</xmax>
			<ymin>151</ymin>
			<ymax>249</ymax>
		</bndbox>
	</object>
</annotation>
