<annotation>
	<folder></folder>
	<filename>frame_2665_jpg.rf.e056b24bf68f0280a87e050052c41275.jpg</filename>
	<path>frame_2665_jpg.rf.e056b24bf68f0280a87e050052c41275.jpg</path>
	<source>
		<database>roboflow.ai</database>
	</source>
	<size>
		<width>416</width>
		<height>416</height>
		<depth>3</depth>
	</size>
	<segmented>0</segmented>
	<object>
		<name>auto</name>
		<pose>Unspecified</pose>
		<truncated>0</truncated>
		<difficult>0</difficult>
		<occluded>0</occluded>
		<bndbox>
			<xmin>73</xmin>
			<xmax>146</xmax>
			<ymin>239</ymin>
			<ymax>393</ymax>
		</bndbox>
	</object>
	<object>
		<name>car</name>
		<pose>Unspecified</pose>
		<truncated>0</truncated>
		<difficult>0</difficult>
		<occluded>0</occluded>
		<bndbox>
			<xmin>131</xmin>
			<xmax>194</xmax>
			<ymin>164</ymin>
			<ymax>290</ymax>
		</bndbox>
	</object>
</annotation>
