<annotation>
	<folder></folder>
	<filename>frame_2706_jpg.rf.60c35c236328a2a07f67490f3133cbfc.jpg</filename>
	<path>frame_2706_jpg.rf.60c35c236328a2a07f67490f3133cbfc.jpg</path>
	<source>
		<database>roboflow.ai</database>
	</source>
	<size>
		<width>416</width>
		<height>416</height>
		<depth>3</depth>
	</size>
	<segmented>0</segmented>
	<object>
		<name>bicycle</name>
		<pose>Unspecified</pose>
		<truncated>0</truncated>
		<difficult>0</difficult>
		<occluded>0</occluded>
		<bndbox>
			<xmin>32</xmin>
			<xmax>84</xmax>
			<ymin>190</ymin>
			<ymax>328</ymax>
		</bndbox>
	</object>
	<object>
		<name>bicycle</name>
		<pose>Unspecified</pose>
		<truncated>0</truncated>
		<difficult>0</difficult>
		<occluded>0</occluded>
		<bndbox>
			<xmin>9</xmin>
			<xmax>61</xmax>
			<ymin>178</ymin>
			<ymax>316</ymax>
		</bndbox>
	</object>
</annotation>
