<annotation>
	<folder></folder>
	<filename>frame_2692_jpg.rf.939cd2fef8134c9be82290df84020ee2.jpg</filename>
	<path>frame_2692_jpg.rf.939cd2fef8134c9be82290df84020ee2.jpg</path>
	<source>
		<database>roboflow.ai</database>
	</source>
	<size>
		<width>416</width>
		<height>416</height>
		<depth>3</depth>
	</size>
	<segmented>0</segmented>
	<object>
		<name>bicycle</name>
		<pose>Unspecified</pose>
		<truncated>0</truncated>
		<difficult>0</difficult>
		<occluded>0</occluded>
		<bndbox>
			<xmin>56</xmin>
			<xmax>113</xmax>
			<ymin>314</ymin>
			<ymax>415</ymax>
		</bndbox>
	</object>
	<object>
		<name>bicycle</name>
		<pose>Unspecified</pose>
		<truncated>0</truncated>
		<difficult>0</difficult>
		<occluded>0</occluded>
		<bndbox>
			<xmin>24</xmin>
			<xmax>81</xmax>
			<ymin>320</ymin>
			<ymax>415</ymax>
		</bndbox>
	</object>
</annotation>
