<annotation>
	<folder></folder>
	<filename>frame_2686_jpg.rf.fca085cd1f715115b8107c7060b5c437.jpg</filename>
	<path>frame_2686_jpg.rf.fca085cd1f715115b8107c7060b5c437.jpg</path>
	<source>
		<database>roboflow.ai</database>
	</source>
	<size>
		<width>416</width>
		<height>416</height>
		<depth>3</depth>
	</size>
	<segmented>0</segmented>
	<object>
		<name>motorbike</name>
		<pose>Unspecified</pose>
		<truncated>0</truncated>
		<difficult>0</difficult>
		<occluded>0</occluded>
		<bndbox>
			<xmin>328</xmin>
			<xmax>367</xmax>
			<ymin>317</ymin>
			<ymax>415</ymax>
		</bndbox>
	</object>
</annotation>
