<annotation>
	<folder></folder>
	<filename>frame_2624_jpg.rf.0443be3c3b009f04a13e137ad7ab9460.jpg</filename>
	<path>frame_2624_jpg.rf.0443be3c3b009f04a13e137ad7ab9460.jpg</path>
	<source>
		<database>roboflow.ai</database>
	</source>
	<size>
		<width>416</width>
		<height>416</height>
		<depth>3</depth>
	</size>
	<segmented>0</segmented>
	<object>
		<name>motorbike</name>
		<pose>Unspecified</pose>
		<truncated>0</truncated>
		<difficult>0</difficult>
		<occluded>0</occluded>
		<bndbox>
			<xmin>201</xmin>
			<xmax>272</xmax>
			<ymin>283</ymin>
			<ymax>415</ymax>
		</bndbox>
	</object>
	<object>
		<name>bicycle</name>
		<pose>Unspecified</pose>
		<truncated>0</truncated>
		<difficult>0</difficult>
		<occluded>0</occluded>
		<bndbox>
			<xmin>273</xmin>
			<xmax>338</xmax>
			<ymin>203</ymin>
			<ymax>324</ymax>
		</bndbox>
	</object>
</annotation>
