<annotation>
	<folder></folder>
	<filename>frame_2613_jpg.rf.0a548655a7d6b2a5fa26ddcf7931dd61.jpg</filename>
	<path>frame_2613_jpg.rf.0a548655a7d6b2a5fa26ddcf7931dd61.jpg</path>
	<source>
		<database>roboflow.ai</database>
	</source>
	<size>
		<width>416</width>
		<height>416</height>
		<depth>3</depth>
	</size>
	<segmented>0</segmented>
	<object>
		<name>auto</name>
		<pose>Unspecified</pose>
		<truncated>0</truncated>
		<difficult>0</difficult>
		<occluded>0</occluded>
		<bndbox>
			<xmin>118</xmin>
			<xmax>178</xmax>
			<ymin>173</ymin>
			<ymax>308</ymax>
		</bndbox>
	</object>
	<object>
		<name>motorbike</name>
		<pose>Unspecified</pose>
		<truncated>0</truncated>
		<difficult>0</difficult>
		<occluded>0</occluded>
		<bndbox>
			<xmin>70</xmin>
			<xmax>111</xmax>
			<ymin>237</ymin>
			<ymax>338</ymax>
		</bndbox>
	</object>
	<object>
		<name>bicycle</name>
		<pose>Unspecified</pose>
		<truncated>0</truncated>
		<difficult>0</difficult>
		<occluded>0</occluded>
		<bndbox>
			<xmin>51</xmin>
			<xmax>79</xmax>
			<ymin>183</ymin>
			<ymax>268</ymax>
		</bndbox>
	</object>
</annotation>
