<annotation>
	<folder></folder>
	<filename>frame_2711_jpg.rf.50171ad3af87aca1f139e13e3d291361.jpg</filename>
	<path>frame_2711_jpg.rf.50171ad3af87aca1f139e13e3d291361.jpg</path>
	<source>
		<database>roboflow.ai</database>
	</source>
	<size>
		<width>416</width>
		<height>416</height>
		<depth>3</depth>
	</size>
	<segmented>0</segmented>
	<object>
		<name>bicycle</name>
		<pose>Unspecified</pose>
		<truncated>0</truncated>
		<difficult>0</difficult>
		<occluded>0</occluded>
		<bndbox>
			<xmin>314</xmin>
			<xmax>365</xmax>
			<ymin>220</ymin>
			<ymax>331</ymax>
		</bndbox>
	</object>
	<object>
		<name>motorbike</name>
		<pose>Unspecified</pose>
		<truncated>0</truncated>
		<difficult>0</difficult>
		<occluded>0</occluded>
		<bndbox>
			<xmin>267</xmin>
			<xmax>305</xmax>
			<ymin>179</ymin>
			<ymax>276</ymax>
		</bndbox>
	</object>
</annotation>
