<annotation>
	<folder></folder>
	<filename>frame_2642_jpg.rf.0b2382b5ac5e2c7b33e34b94cfd252cd.jpg</filename>
	<path>frame_2642_jpg.rf.0b2382b5ac5e2c7b33e34b94cfd252cd.jpg</path>
	<source>
		<database>roboflow.ai</database>
	</source>
	<size>
		<width>416</width>
		<height>416</height>
		<depth>3</depth>
	</size>
	<segmented>0</segmented>
	<object>
		<name>car</name>
		<pose>Unspecified</pose>
		<truncated>0</truncated>
		<difficult>0</difficult>
		<occluded>0</occluded>
		<bndbox>
			<xmin>228</xmin>
			<xmax>300</xmax>
			<ymin>185</ymin>
			<ymax>292</ymax>
		</bndbox>
	</object>
</annotation>
