<annotation>
	<folder></folder>
	<filename>frame_2653_jpg.rf.2ac3356494cecd794de4a3fc14bd4c4e.jpg</filename>
	<path>frame_2653_jpg.rf.2ac3356494cecd794de4a3fc14bd4c4e.jpg</path>
	<source>
		<database>roboflow.ai</database>
	</source>
	<size>
		<width>416</width>
		<height>416</height>
		<depth>3</depth>
	</size>
	<segmented>0</segmented>
	<object>
		<name>motorbike</name>
		<pose>Unspecified</pose>
		<truncated>0</truncated>
		<difficult>0</difficult>
		<occluded>0</occluded>
		<bndbox>
			<xmin>109</xmin>
			<xmax>155</xmax>
			<ymin>197</ymin>
			<ymax>318</ymax>
		</bndbox>
	</object>
</annotation>
