<annotation>
	<folder></folder>
	<filename>frame_2663_jpg.rf.82610e98895ced931529567352372391.jpg</filename>
	<path>frame_2663_jpg.rf.82610e98895ced931529567352372391.jpg</path>
	<source>
		<database>roboflow.ai</database>
	</source>
	<size>
		<width>416</width>
		<height>416</height>
		<depth>3</depth>
	</size>
	<segmented>0</segmented>
	<object>
		<name>bicycle</name>
		<pose>Unspecified</pose>
		<truncated>0</truncated>
		<difficult>0</difficult>
		<occluded>0</occluded>
		<bndbox>
			<xmin>63</xmin>
			<xmax>103</xmax>
			<ymin>209</ymin>
			<ymax>316</ymax>
		</bndbox>
	</object>
	<object>
		<name>bicycle</name>
		<pose>Unspecified</pose>
		<truncated>0</truncated>
		<difficult>0</difficult>
		<occluded>0</occluded>
		<bndbox>
			<xmin>46</xmin>
			<xmax>86</xmax>
			<ymin>210</ymin>
			<ymax>317</ymax>
		</bndbox>
	</object>
</annotation>
