<annotation>
	<folder></folder>
	<filename>frame_2668_jpg.rf.3ffe8a16f417f02ee7b105430421cf86.jpg</filename>
	<path>frame_2668_jpg.rf.3ffe8a16f417f02ee7b105430421cf86.jpg</path>
	<source>
		<database>roboflow.ai</database>
	</source>
	<size>
		<width>416</width>
		<height>416</height>
		<depth>3</depth>
	</size>
	<segmented>0</segmented>
	<object>
		<name>motorbike</name>
		<pose>Unspecified</pose>
		<truncated>0</truncated>
		<difficult>0</difficult>
		<occluded>0</occluded>
		<bndbox>
			<xmin>283</xmin>
			<xmax>317</xmax>
			<ymin>214</ymin>
			<ymax>318</ymax>
		</bndbox>
	</object>
	<object>
		<name>motorbike</name>
		<pose>Unspecified</pose>
		<truncated>0</truncated>
		<difficult>0</difficult>
		<occluded>0</occluded>
		<bndbox>
			<xmin>271</xmin>
			<xmax>306</xmax>
			<ymin>305</ymin>
			<ymax>404</ymax>
		</bndbox>
	</object>
	<object>
		<name>bicycle</name>
		<pose>Unspecified</pose>
		<truncated>0</truncated>
		<difficult>0</difficult>
		<occluded>0</occluded>
		<bndbox>
			<xmin>340</xmin>
			<xmax>375</xmax>
			<ymin>294</ymin>
			<ymax>392</ymax>
		</bndbox>
	</object>
</annotation>
