<annotation>
	<folder></folder>
	<filename>frame_2705_jpg.rf.400cceee4f8ab94063675ee72d2182fb.jpg</filename>
	<path>frame_2705_jpg.rf.400cceee4f8ab94063675ee72d2182fb.jpg</path>
	<source>
		<database>roboflow.ai</database>
	</source>
	<size>
		<width>416</width>
		<height>416</height>
		<depth>3</depth>
	</size>
	<segmented>0</segmented>
	<object>
		<name>bicycle</name>
		<pose>Unspecified</pose>
		<truncated>0</truncated>
		<difficult>0</difficult>
		<occluded>0</occluded>
		<bndbox>
			<xmin>52</xmin>
			<xmax>77</xmax>
			<ymin>255</ymin>
			<ymax>354</ymax>
		</bndbox>
	</object>
	<object>
		<name>bicycle</name>
		<pose>Unspecified</pose>
		<truncated>0</truncated>
		<difficult>0</difficult>
		<occluded>0</occluded>
		<bndbox>
			<xmin>77</xmin>
			<xmax>102</xmax>
			<ymin>176</ymin>
			<ymax>275</ymax>
		</bndbox>
	</object>
	<object>
		<name>bicycle</name>
		<pose>Unspecified</pose>
		<truncated>0</truncated>
		<difficult>0</difficult>
		<occluded>0</occluded>
		<bndbox>
			<xmin>54</xmin>
			<xmax>79</xmax>
			<ymin>178</ymin>
			<ymax>277</ymax>
		</bndbox>
	</object>
</annotation>
