<annotation>
	<folder></folder>
	<filename>frame_2644_jpg.rf.13257a90f3c1b5a47559843b4bba7163.jpg</filename>
	<path>frame_2644_jpg.rf.13257a90f3c1b5a47559843b4bba7163.jpg</path>
	<source>
		<database>roboflow.ai</database>
	</source>
	<size>
		<width>416</width>
		<height>416</height>
		<depth>3</depth>
	</size>
	<segmented>0</segmented>
	<object>
		<name>car</name>
		<pose>Unspecified</pose>
		<truncated>0</truncated>
		<difficult>0</difficult>
		<occluded>0</occluded>
		<bndbox>
			<xmin>240</xmin>
			<xmax>314</xmax>
			<ymin>127</ymin>
			<ymax>241</ymax>
		</bndbox>
	</object>
</annotation>
