<annotation>
	<folder></folder>
	<filename>frame_2624_jpg.rf.b61964a0f4d41dc1788b1dceb52d8912.jpg</filename>
	<path>frame_2624_jpg.rf.b61964a0f4d41dc1788b1dceb52d8912.jpg</path>
	<source>
		<database>roboflow.ai</database>
	</source>
	<size>
		<width>416</width>
		<height>416</height>
		<depth>3</depth>
	</size>
	<segmented>0</segmented>
	<object>
		<name>motorbike</name>
		<pose>Unspecified</pose>
		<truncated>0</truncated>
		<difficult>0</difficult>
		<occluded>0</occluded>
		<bndbox>
			<xmin>300</xmin>
			<xmax>339</xmax>
			<ymin>290</ymin>
			<ymax>415</ymax>
		</bndbox>
	</object>
	<object>
		<name>bicycle</name>
		<pose>Unspecified</pose>
		<truncated>0</truncated>
		<difficult>0</difficult>
		<occluded>0</occluded>
		<bndbox>
			<xmin>323</xmin>
			<xmax>362</xmax>
			<ymin>212</ymin>
			<ymax>310</ymax>
		</bndbox>
	</object>
</annotation>
