<annotation>
	<folder></folder>
	<filename>frame_2642_jpg.rf.59e9668c5b64d74d6fc8286cc72135be.jpg</filename>
	<path>frame_2642_jpg.rf.59e9668c5b64d74d6fc8286cc72135be.jpg</path>
	<source>
		<database>roboflow.ai</database>
	</source>
	<size>
		<width>416</width>
		<height>416</height>
		<depth>3</depth>
	</size>
	<segmented>0</segmented>
	<object>
		<name>car</name>
		<pose>Unspecified</pose>
		<truncated>0</truncated>
		<difficult>0</difficult>
		<occluded>0</occluded>
		<bndbox>
			<xmin>147</xmin>
			<xmax>207</xmax>
			<ymin>199</ymin>
			<ymax>296</ymax>
		</bndbox>
	</object>
</annotation>
