<annotation>
	<folder></folder>
	<filename>frame_2688_jpg.rf.c56a51d360435370c6559edf4a90685e.jpg</filename>
	<path>frame_2688_jpg.rf.c56a51d360435370c6559edf4a90685e.jpg</path>
	<source>
		<database>roboflow.ai</database>
	</source>
	<size>
		<width>416</width>
		<height>416</height>
		<depth>3</depth>
	</size>
	<segmented>0</segmented>
	<object>
		<name>bicycle</name>
		<pose>Unspecified</pose>
		<truncated>0</truncated>
		<difficult>0</difficult>
		<occluded>0</occluded>
		<bndbox>
			<xmin>315</xmin>
			<xmax>354</xmax>
			<ymin>164</ymin>
			<ymax>280</ymax>
		</bndbox>
	</object>
</annotation>
