<annotation>
	<folder></folder>
	<filename>frame_2711_jpg.rf.3a01fc46cd840d5b36309d5e165b5099.jpg</filename>
	<path>frame_2711_jpg.rf.3a01fc46cd840d5b36309d5e165b5099.jpg</path>
	<source>
		<database>roboflow.ai</database>
	</source>
	<size>
		<width>416</width>
		<height>416</height>
		<depth>3</depth>
	</size>
	<segmented>0</segmented>
	<object>
		<name>bicycle</name>
		<pose>Unspecified</pose>
		<truncated>0</truncated>
		<difficult>0</difficult>
		<occluded>0</occluded>
		<bndbox>
			<xmin>67</xmin>
			<xmax>118</xmax>
			<ymin>182</ymin>
			<ymax>291</ymax>
		</bndbox>
	</object>
	<object>
		<name>motorbike</name>
		<pose>Unspecified</pose>
		<truncated>0</truncated>
		<difficult>0</difficult>
		<occluded>0</occluded>
		<bndbox>
			<xmin>114</xmin>
			<xmax>151</xmax>
			<ymin>156</ymin>
			<ymax>251</ymax>
		</bndbox>
	</object>
</annotation>
