<annotation>
	<folder></folder>
	<filename>frame_2684_jpg.rf.22bfa6bf2216a16da675f4488e07ff8d.jpg</filename>
	<path>frame_2684_jpg.rf.22bfa6bf2216a16da675f4488e07ff8d.jpg</path>
	<source>
		<database>roboflow.ai</database>
	</source>
	<size>
		<width>416</width>
		<height>416</height>
		<depth>3</depth>
	</size>
	<segmented>0</segmented>
	<object>
		<name>auto</name>
		<pose>Unspecified</pose>
		<truncated>0</truncated>
		<difficult>0</difficult>
		<occluded>0</occluded>
		<bndbox>
			<xmin>272</xmin>
			<xmax>326</xmax>
			<ymin>148</ymin>
			<ymax>235</ymax>
		</bndbox>
	</object>
</annotation>
