<annotation>
	<folder></folder>
	<filename>frame_2625_jpg.rf.810b304e7f7fc6ad54f396c579b2ae3a.jpg</filename>
	<path>frame_2625_jpg.rf.810b304e7f7fc6ad54f396c579b2ae3a.jpg</path>
	<source>
		<database>roboflow.ai</database>
	</source>
	<size>
		<width>416</width>
		<height>416</height>
		<depth>3</depth>
	</size>
	<segmented>0</segmented>
	<object>
		<name>motorbike</name>
		<pose>Unspecified</pose>
		<truncated>0</truncated>
		<difficult>0</difficult>
		<occluded>0</occluded>
		<bndbox>
			<xmin>174</xmin>
			<xmax>233</xmax>
			<ymin>221</ymin>
			<ymax>336</ymax>
		</bndbox>
	</object>
	<object>
		<name>bicycle</name>
		<pose>Unspecified</pose>
		<truncated>0</truncated>
		<difficult>0</difficult>
		<occluded>0</occluded>
		<bndbox>
			<xmin>81</xmin>
			<xmax>129</xmax>
			<ymin>217</ymin>
			<ymax>345</ymax>
		</bndbox>
	</object>
</annotation>
