<annotation>
	<folder></folder>
	<filename>frame_2690_jpg.rf.0bf2b1450ac9832a2c60b4c95ba24f97.jpg</filename>
	<path>frame_2690_jpg.rf.0bf2b1450ac9832a2c60b4c95ba24f97.jpg</path>
	<source>
		<database>roboflow.ai</database>
	</source>
	<size>
		<width>416</width>
		<height>416</height>
		<depth>3</depth>
	</size>
	<segmented>0</segmented>
	<object>
		<name>bicycle</name>
		<pose>Unspecified</pose>
		<truncated>0</truncated>
		<difficult>0</difficult>
		<occluded>0</occluded>
		<bndbox>
			<xmin>350</xmin>
			<xmax>397</xmax>
			<ymin>181</ymin>
			<ymax>289</ymax>
		</bndbox>
	</object>
</annotation>
