<annotation>
	<folder></folder>
	<filename>frame_2690_jpg.rf.69f41d982a58c50392382c3f74743915.jpg</filename>
	<path>frame_2690_jpg.rf.69f41d982a58c50392382c3f74743915.jpg</path>
	<source>
		<database>roboflow.ai</database>
	</source>
	<size>
		<width>416</width>
		<height>416</height>
		<depth>3</depth>
	</size>
	<segmented>0</segmented>
	<object>
		<name>bicycle</name>
		<pose>Unspecified</pose>
		<truncated>0</truncated>
		<difficult>0</difficult>
		<occluded>0</occluded>
		<bndbox>
			<xmin>343</xmin>
			<xmax>395</xmax>
			<ymin>259</ymin>
			<ymax>371</ymax>
		</bndbox>
	</object>
</annotation>
