<annotation>
	<folder></folder>
	<filename>frame_2694_jpg.rf.92932a79c1a83084a5958c30085496a8.jpg</filename>
	<path>frame_2694_jpg.rf.92932a79c1a83084a5958c30085496a8.jpg</path>
	<source>
		<database>roboflow.ai</database>
	</source>
	<size>
		<width>416</width>
		<height>416</height>
		<depth>3</depth>
	</size>
	<segmented>0</segmented>
	<object>
		<name>bicycle</name>
		<pose>Unspecified</pose>
		<truncated>0</truncated>
		<difficult>0</difficult>
		<occluded>0</occluded>
		<bndbox>
			<xmin>40</xmin>
			<xmax>103</xmax>
			<ymin>355</ymin>
			<ymax>415</ymax>
		</bndbox>
	</object>
</annotation>
