<annotation>
	<folder></folder>
	<filename>frame_2663_jpg.rf.75ffb84e090d98779209fc75b91aab48.jpg</filename>
	<path>frame_2663_jpg.rf.75ffb84e090d98779209fc75b91aab48.jpg</path>
	<source>
		<database>roboflow.ai</database>
	</source>
	<size>
		<width>416</width>
		<height>416</height>
		<depth>3</depth>
	</size>
	<segmented>0</segmented>
	<object>
		<name>bicycle</name>
		<pose>Unspecified</pose>
		<truncated>0</truncated>
		<difficult>0</difficult>
		<occluded>0</occluded>
		<bndbox>
			<xmin>313</xmin>
			<xmax>345</xmax>
			<ymin>233</ymin>
			<ymax>337</ymax>
		</bndbox>
	</object>
	<object>
		<name>bicycle</name>
		<pose>Unspecified</pose>
		<truncated>0</truncated>
		<difficult>0</difficult>
		<occluded>0</occluded>
		<bndbox>
			<xmin>332</xmin>
			<xmax>364</xmax>
			<ymin>237</ymin>
			<ymax>341</ymax>
		</bndbox>
	</object>
</annotation>
