<annotation>
	<folder></folder>
	<filename>frame_2716_jpg.rf.e1743e38bac59717919afc1419109562.jpg</filename>
	<path>frame_2716_jpg.rf.e1743e38bac59717919afc1419109562.jpg</path>
	<source>
		<database>roboflow.ai</database>
	</source>
	<size>
		<width>416</width>
		<height>416</height>
		<depth>3</depth>
	</size>
	<segmented>0</segmented>
	<object>
		<name>car</name>
		<pose>Unspecified</pose>
		<truncated>0</truncated>
		<difficult>0</difficult>
		<occluded>0</occluded>
		<bndbox>
			<xmin>234</xmin>
			<xmax>342</xmax>
			<ymin>255</ymin>
			<ymax>415</ymax>
		</bndbox>
	</object>
	<object>
		<name>motorbike</name>
		<pose>Unspecified</pose>
		<truncated>0</truncated>
		<difficult>0</difficult>
		<occluded>0</occluded>
		<bndbox>
			<xmin>325</xmin>
			<xmax>379</xmax>
			<ymin>236</ymin>
			<ymax>361</ymax>
		</bndbox>
	</object>
	<object>
		<name>bicycle</name>
		<pose>Unspecified</pose>
		<truncated>0</truncated>
		<difficult>0</difficult>
		<occluded>0</occluded>
		<bndbox>
			<xmin>323</xmin>
			<xmax>360</xmax>
			<ymin>167</ymin>
			<ymax>264</ymax>
		</bndbox>
	</object>
</annotation>
