<annotation>
	<folder></folder>
	<filename>frame_2633_jpg.rf.3337eee5ef1497c923e777775632268c.jpg</filename>
	<path>frame_2633_jpg.rf.3337eee5ef1497c923e777775632268c.jpg</path>
	<source>
		<database>roboflow.ai</database>
	</source>
	<size>
		<width>416</width>
		<height>416</height>
		<depth>3</depth>
	</size>
	<segmented>0</segmented>
	<object>
		<name>motorbike</name>
		<pose>Unspecified</pose>
		<truncated>0</truncated>
		<difficult>0</difficult>
		<occluded>0</occluded>
		<bndbox>
			<xmin>300</xmin>
			<xmax>364</xmax>
			<ymin>262</ymin>
			<ymax>381</ymax>
		</bndbox>
	</object>
	<object>
		<name>motorbike</name>
		<pose>Unspecified</pose>
		<truncated>0</truncated>
		<difficult>0</difficult>
		<occluded>0</occluded>
		<bndbox>
			<xmin>231</xmin>
			<xmax>295</xmax>
			<ymin>242</ymin>
			<ymax>361</ymax>
		</bndbox>
	</object>
	<object>
		<name>bicycle</name>
		<pose>Unspecified</pose>
		<truncated>0</truncated>
		<difficult>0</difficult>
		<occluded>0</occluded>
		<bndbox>
			<xmin>341</xmin>
			<xmax>375</xmax>
			<ymin>238</ymin>
			<ymax>342</ymax>
		</bndbox>
	</object>
</annotation>
