<annotation>
	<folder></folder>
	<filename>frame_2685_jpg.rf.5496541bf8138dee7a49282c7e510602.jpg</filename>
	<path>frame_2685_jpg.rf.5496541bf8138dee7a49282c7e510602.jpg</path>
	<source>
		<database>roboflow.ai</database>
	</source>
	<size>
		<width>416</width>
		<height>416</height>
		<depth>3</depth>
	</size>
	<segmented>0</segmented>
	<object>
		<name>motorbike</name>
		<pose>Unspecified</pose>
		<truncated>0</truncated>
		<difficult>0</difficult>
		<occluded>0</occluded>
		<bndbox>
			<xmin>112</xmin>
			<xmax>137</xmax>
			<ymin>208</ymin>
			<ymax>306</ymax>
		</bndbox>
	</object>
	<object>
		<name>motorbike</name>
		<pose>Unspecified</pose>
		<truncated>0</truncated>
		<difficult>0</difficult>
		<occluded>0</occluded>
		<bndbox>
			<xmin>159</xmin>
			<xmax>184</xmax>
			<ymin>189</ymin>
			<ymax>287</ymax>
		</bndbox>
	</object>
	<object>
		<name>motorbike</name>
		<pose>Unspecified</pose>
		<truncated>0</truncated>
		<difficult>0</difficult>
		<occluded>0</occluded>
		<bndbox>
			<xmin>82</xmin>
			<xmax>107</xmax>
			<ymin>203</ymin>
			<ymax>301</ymax>
		</bndbox>
	</object>
</annotation>
