<annotation>
	<folder></folder>
	<filename>frame_2636_jpg.rf.7999d960e1b168158e939e04a0b0fce2.jpg</filename>
	<path>frame_2636_jpg.rf.7999d960e1b168158e939e04a0b0fce2.jpg</path>
	<source>
		<database>roboflow.ai</database>
	</source>
	<size>
		<width>416</width>
		<height>416</height>
		<depth>3</depth>
	</size>
	<segmented>0</segmented>
	<object>
		<name>bicycle</name>
		<pose>Unspecified</pose>
		<truncated>0</truncated>
		<difficult>0</difficult>
		<occluded>0</occluded>
		<bndbox>
			<xmin>50</xmin>
			<xmax>108</xmax>
			<ymin>142</ymin>
			<ymax>248</ymax>
		</bndbox>
	</object>
</annotation>
