<annotation>
	<folder></folder>
	<filename>frame_2635_jpg.rf.e5947db2a2936f89f5d7ac005fe9b164.jpg</filename>
	<path>frame_2635_jpg.rf.e5947db2a2936f89f5d7ac005fe9b164.jpg</path>
	<source>
		<database>roboflow.ai</database>
	</source>
	<size>
		<width>416</width>
		<height>416</height>
		<depth>3</depth>
	</size>
	<segmented>0</segmented>
	<object>
		<name>bicycle</name>
		<pose>Unspecified</pose>
		<truncated>0</truncated>
		<difficult>0</difficult>
		<occluded>0</occluded>
		<bndbox>
			<xmin>348</xmin>
			<xmax>388</xmax>
			<ymin>234</ymin>
			<ymax>360</ymax>
		</bndbox>
	</object>
	<object>
		<name>bicycle</name>
		<pose>Unspecified</pose>
		<truncated>0</truncated>
		<difficult>0</difficult>
		<occluded>0</occluded>
		<bndbox>
			<xmin>370</xmin>
			<xmax>410</xmax>
			<ymin>230</ymin>
			<ymax>356</ymax>
		</bndbox>
	</object>
	<object>
		<name>motorbike</name>
		<pose>Unspecified</pose>
		<truncated>0</truncated>
		<difficult>0</difficult>
		<occluded>0</occluded>
		<bndbox>
			<xmin>273</xmin>
			<xmax>335</xmax>
			<ymin>226</ymin>
			<ymax>353</ymax>
		</bndbox>
	</object>
</annotation>
