<annotation>
	<folder></folder>
	<filename>frame_2688_jpg.rf.41604d8554808f20e38ae102f873f4ef.jpg</filename>
	<path>frame_2688_jpg.rf.41604d8554808f20e38ae102f873f4ef.jpg</path>
	<source>
		<database>roboflow.ai</database>
	</source>
	<size>
		<width>416</width>
		<height>416</height>
		<depth>3</depth>
	</size>
	<segmented>0</segmented>
	<object>
		<name>bicycle</name>
		<pose>Unspecified</pose>
		<truncated>0</truncated>
		<difficult>0</difficult>
		<occluded>0</occluded>
		<bndbox>
			<xmin>55</xmin>
			<xmax>95</xmax>
			<ymin>186</ymin>
			<ymax>299</ymax>
		</bndbox>
	</object>
</annotation>
