<annotation>
	<folder></folder>
	<filename>frame_2663_jpg.rf.5a0d892ad7a4572d39b6526b7a2642ff.jpg</filename>
	<path>frame_2663_jpg.rf.5a0d892ad7a4572d39b6526b7a2642ff.jpg</path>
	<source>
		<database>roboflow.ai</database>
	</source>
	<size>
		<width>416</width>
		<height>416</height>
		<depth>3</depth>
	</size>
	<segmented>0</segmented>
	<object>
		<name>bicycle</name>
		<pose>Unspecified</pose>
		<truncated>0</truncated>
		<difficult>0</difficult>
		<occluded>0</occluded>
		<bndbox>
			<xmin>313</xmin>
			<xmax>355</xmax>
			<ymin>200</ymin>
			<ymax>299</ymax>
		</bndbox>
	</object>
	<object>
		<name>bicycle</name>
		<pose>Unspecified</pose>
		<truncated>0</truncated>
		<difficult>0</difficult>
		<occluded>0</occluded>
		<bndbox>
			<xmin>330</xmin>
			<xmax>372</xmax>
			<ymin>199</ymin>
			<ymax>298</ymax>
		</bndbox>
	</object>
</annotation>
