<annotation>
	<folder></folder>
	<filename>frame_2690_jpg.rf.f54dfbbd3127f0af3a10aeaeb8d17fe8.jpg</filename>
	<path>frame_2690_jpg.rf.f54dfbbd3127f0af3a10aeaeb8d17fe8.jpg</path>
	<source>
		<database>roboflow.ai</database>
	</source>
	<size>
		<width>416</width>
		<height>416</height>
		<depth>3</depth>
	</size>
	<segmented>0</segmented>
	<object>
		<name>bicycle</name>
		<pose>Unspecified</pose>
		<truncated>0</truncated>
		<difficult>0</difficult>
		<occluded>0</occluded>
		<bndbox>
			<xmin>353</xmin>
			<xmax>384</xmax>
			<ymin>196</ymin>
			<ymax>305</ymax>
		</bndbox>
	</object>
</annotation>
