<annotation>
	<folder></folder>
	<filename>frame_2625_jpg.rf.ca7a98dca17ac70840eeed34e3a8cebb.jpg</filename>
	<path>frame_2625_jpg.rf.ca7a98dca17ac70840eeed34e3a8cebb.jpg</path>
	<source>
		<database>roboflow.ai</database>
	</source>
	<size>
		<width>416</width>
		<height>416</height>
		<depth>3</depth>
	</size>
	<segmented>0</segmented>
	<object>
		<name>motorbike</name>
		<pose>Unspecified</pose>
		<truncated>0</truncated>
		<difficult>0</difficult>
		<occluded>0</occluded>
		<bndbox>
			<xmin>215</xmin>
			<xmax>276</xmax>
			<ymin>220</ymin>
			<ymax>319</ymax>
		</bndbox>
	</object>
	<object>
		<name>bicycle</name>
		<pose>Unspecified</pose>
		<truncated>0</truncated>
		<difficult>0</difficult>
		<occluded>0</occluded>
		<bndbox>
			<xmin>325</xmin>
			<xmax>377</xmax>
			<ymin>192</ymin>
			<ymax>301</ymax>
		</bndbox>
	</object>
</annotation>
