<annotation>
	<folder></folder>
	<filename>frame_2689_jpg.rf.5004a27c0328d8b4d778615e05132bfd.jpg</filename>
	<path>frame_2689_jpg.rf.5004a27c0328d8b4d778615e05132bfd.jpg</path>
	<source>
		<database>roboflow.ai</database>
	</source>
	<size>
		<width>416</width>
		<height>416</height>
		<depth>3</depth>
	</size>
	<segmented>0</segmented>
	<object>
		<name>bicycle</name>
		<pose>Unspecified</pose>
		<truncated>0</truncated>
		<difficult>0</difficult>
		<occluded>0</occluded>
		<bndbox>
			<xmin>16</xmin>
			<xmax>44</xmax>
			<ymin>322</ymin>
			<ymax>415</ymax>
		</bndbox>
	</object>
	<object>
		<name>bicycle</name>
		<pose>Unspecified</pose>
		<truncated>0</truncated>
		<difficult>0</difficult>
		<occluded>0</occluded>
		<bndbox>
			<xmin>26</xmin>
			<xmax>53</xmax>
			<ymin>261</ymin>
			<ymax>389</ymax>
		</bndbox>
	</object>
</annotation>
