<annotation>
	<folder></folder>
	<filename>frame_2637_jpg.rf.84653776edcd912c191b57baed72bb4b.jpg</filename>
	<path>frame_2637_jpg.rf.84653776edcd912c191b57baed72bb4b.jpg</path>
	<source>
		<database>roboflow.ai</database>
	</source>
	<size>
		<width>416</width>
		<height>416</height>
		<depth>3</depth>
	</size>
	<segmented>0</segmented>
	<object>
		<name>bicycle</name>
		<pose>Unspecified</pose>
		<truncated>0</truncated>
		<difficult>0</difficult>
		<occluded>0</occluded>
		<bndbox>
			<xmin>330</xmin>
			<xmax>373</xmax>
			<ymin>277</ymin>
			<ymax>397</ymax>
		</bndbox>
	</object>
</annotation>
