<annotation>
	<folder></folder>
	<filename>frame_2056_jpg.rf.008281196975ef9449f2463be33e5896.jpg</filename>
	<path>frame_2056_jpg.rf.008281196975ef9449f2463be33e5896.jpg</path>
	<source>
		<database>roboflow.ai</database>
	</source>
	<size>
		<width>416</width>
		<height>416</height>
		<depth>3</depth>
	</size>
	<segmented>0</segmented>
	<object>
		<name>auto</name>
		<pose>Unspecified</pose>
		<truncated>0</truncated>
		<difficult>0</difficult>
		<occluded>0</occluded>
		<bndbox>
			<xmin>133</xmin>
			<xmax>225</xmax>
			<ymin>15</ymin>
			<ymax>226</ymax>
		</bndbox>
	</object>
	<object>
		<name>auto</name>
		<pose>Unspecified</pose>
		<truncated>0</truncated>
		<difficult>0</difficult>
		<occluded>0</occluded>
		<bndbox>
			<xmin>182</xmin>
			<xmax>366</xmax>
			<ymin>29</ymin>
			<ymax>280</ymax>
		</bndbox>
	</object>
</annotation>
