<annotation>
	<folder></folder>
	<filename>frame_2126_jpg.rf.af8e867c246e38dd9d62998fd99c657c.jpg</filename>
	<path>frame_2126_jpg.rf.af8e867c246e38dd9d62998fd99c657c.jpg</path>
	<source>
		<database>roboflow.ai</database>
	</source>
	<size>
		<width>416</width>
		<height>416</height>
		<depth>3</depth>
	</size>
	<segmented>0</segmented>
	<object>
		<name>auto</name>
		<pose>Unspecified</pose>
		<truncated>0</truncated>
		<difficult>0</difficult>
		<occluded>0</occluded>
		<bndbox>
			<xmin>240</xmin>
			<xmax>326</xmax>
			<ymin>214</ymin>
			<ymax>300</ymax>
		</bndbox>
	</object>
	<object>
		<name>bicycle</name>
		<pose>Unspecified</pose>
		<truncated>0</truncated>
		<difficult>0</difficult>
		<occluded>0</occluded>
		<bndbox>
			<xmin>313</xmin>
			<xmax>381</xmax>
			<ymin>213</ymin>
			<ymax>320</ymax>
		</bndbox>
	</object>
</annotation>
