<annotation>
	<folder></folder>
	<filename>frame_2214_jpg.rf.dc46ad5c37697a09038ee3ad21572967.jpg</filename>
	<path>frame_2214_jpg.rf.dc46ad5c37697a09038ee3ad21572967.jpg</path>
	<source>
		<database>roboflow.ai</database>
	</source>
	<size>
		<width>416</width>
		<height>416</height>
		<depth>3</depth>
	</size>
	<segmented>0</segmented>
	<object>
		<name>auto</name>
		<pose>Unspecified</pose>
		<truncated>0</truncated>
		<difficult>0</difficult>
		<occluded>0</occluded>
		<bndbox>
			<xmin>263</xmin>
			<xmax>415</xmax>
			<ymin>54</ymin>
			<ymax>415</ymax>
		</bndbox>
	</object>
	<object>
		<name>auto</name>
		<pose>Unspecified</pose>
		<truncated>0</truncated>
		<difficult>0</difficult>
		<occluded>0</occluded>
		<bndbox>
			<xmin>2</xmin>
			<xmax>244</xmax>
			<ymin>1</ymin>
			<ymax>402</ymax>
		</bndbox>
	</object>
</annotation>
