<annotation>
	<folder></folder>
	<filename>frame_2115_jpg.rf.495e40520127c487d0a8291e9f72603f.jpg</filename>
	<path>frame_2115_jpg.rf.495e40520127c487d0a8291e9f72603f.jpg</path>
	<source>
		<database>roboflow.ai</database>
	</source>
	<size>
		<width>416</width>
		<height>416</height>
		<depth>3</depth>
	</size>
	<segmented>0</segmented>
	<object>
		<name>auto</name>
		<pose>Unspecified</pose>
		<truncated>0</truncated>
		<difficult>0</difficult>
		<occluded>0</occluded>
		<bndbox>
			<xmin>74</xmin>
			<xmax>247</xmax>
			<ymin>126</ymin>
			<ymax>364</ymax>
		</bndbox>
	</object>
	<object>
		<name>auto</name>
		<pose>Unspecified</pose>
		<truncated>0</truncated>
		<difficult>0</difficult>
		<occluded>0</occluded>
		<bndbox>
			<xmin>224</xmin>
			<xmax>325</xmax>
			<ymin>174</ymin>
			<ymax>319</ymax>
		</bndbox>
	</object>
</annotation>
