<annotation>
	<folder></folder>
	<filename>frame_2063_jpg.rf.7db4ce8824c443681eb1d205344188af.jpg</filename>
	<path>frame_2063_jpg.rf.7db4ce8824c443681eb1d205344188af.jpg</path>
	<source>
		<database>roboflow.ai</database>
	</source>
	<size>
		<width>416</width>
		<height>416</height>
		<depth>3</depth>
	</size>
	<segmented>0</segmented>
	<object>
		<name>auto</name>
		<pose>Unspecified</pose>
		<truncated>0</truncated>
		<difficult>0</difficult>
		<occluded>0</occluded>
		<bndbox>
			<xmin>11</xmin>
			<xmax>344</xmax>
			<ymin>32</ymin>
			<ymax>386</ymax>
		</bndbox>
	</object>
	<object>
		<name>truck</name>
		<pose>Unspecified</pose>
		<truncated>0</truncated>
		<difficult>0</difficult>
		<occluded>0</occluded>
		<bndbox>
			<xmin>311</xmin>
			<xmax>363</xmax>
			<ymin>36</ymin>
			<ymax>141</ymax>
		</bndbox>
	</object>
</annotation>
