<annotation>
	<folder></folder>
	<filename>frame_2050_jpg.rf.ef2a9a0ecca665b566c169a773da9342.jpg</filename>
	<path>frame_2050_jpg.rf.ef2a9a0ecca665b566c169a773da9342.jpg</path>
	<source>
		<database>roboflow.ai</database>
	</source>
	<size>
		<width>416</width>
		<height>416</height>
		<depth>3</depth>
	</size>
	<segmented>0</segmented>
	<object>
		<name>auto</name>
		<pose>Unspecified</pose>
		<truncated>0</truncated>
		<difficult>0</difficult>
		<occluded>0</occluded>
		<bndbox>
			<xmin>135</xmin>
			<xmax>286</xmax>
			<ymin>145</ymin>
			<ymax>367</ymax>
		</bndbox>
	</object>
</annotation>
