<annotation>
	<folder></folder>
	<filename>frame_2091_jpg.rf.f28c66f0c25bd52b900173c86c85b080.jpg</filename>
	<path>frame_2091_jpg.rf.f28c66f0c25bd52b900173c86c85b080.jpg</path>
	<source>
		<database>roboflow.ai</database>
	</source>
	<size>
		<width>416</width>
		<height>416</height>
		<depth>3</depth>
	</size>
	<segmented>0</segmented>
	<object>
		<name>motorbike</name>
		<pose>Unspecified</pose>
		<truncated>0</truncated>
		<difficult>0</difficult>
		<occluded>0</occluded>
		<bndbox>
			<xmin>285</xmin>
			<xmax>409</xmax>
			<ymin>147</ymin>
			<ymax>374</ymax>
		</bndbox>
	</object>
	<object>
		<name>motorbike</name>
		<pose>Unspecified</pose>
		<truncated>0</truncated>
		<difficult>0</difficult>
		<occluded>0</occluded>
		<bndbox>
			<xmin>153</xmin>
			<xmax>277</xmax>
			<ymin>211</ymin>
			<ymax>402</ymax>
		</bndbox>
	</object>
</annotation>
