<annotation>
	<folder></folder>
	<filename>frame_2213_jpg.rf.49db1a3fed1cc7b11b1674c1ac6a5a9e.jpg</filename>
	<path>frame_2213_jpg.rf.49db1a3fed1cc7b11b1674c1ac6a5a9e.jpg</path>
	<source>
		<database>roboflow.ai</database>
	</source>
	<size>
		<width>416</width>
		<height>416</height>
		<depth>3</depth>
	</size>
	<segmented>0</segmented>
	<object>
		<name>auto</name>
		<pose>Unspecified</pose>
		<truncated>0</truncated>
		<difficult>0</difficult>
		<occluded>0</occluded>
		<bndbox>
			<xmin>294</xmin>
			<xmax>415</xmax>
			<ymin>125</ymin>
			<ymax>387</ymax>
		</bndbox>
	</object>
	<object>
		<name>auto</name>
		<pose>Unspecified</pose>
		<truncated>0</truncated>
		<difficult>0</difficult>
		<occluded>0</occluded>
		<bndbox>
			<xmin>68</xmin>
			<xmax>160</xmax>
			<ymin>183</ymin>
			<ymax>291</ymax>
		</bndbox>
	</object>
	<object>
		<name>auto</name>
		<pose>Unspecified</pose>
		<truncated>0</truncated>
		<difficult>0</difficult>
		<occluded>0</occluded>
		<bndbox>
			<xmin>199</xmin>
			<xmax>266</xmax>
			<ymin>174</ymin>
			<ymax>276</ymax>
		</bndbox>
	</object>
</annotation>
