<annotation>
	<folder></folder>
	<filename>frame_2102_jpg.rf.8d0ac8b839d981768f7d159c1567ce9a.jpg</filename>
	<path>frame_2102_jpg.rf.8d0ac8b839d981768f7d159c1567ce9a.jpg</path>
	<source>
		<database>roboflow.ai</database>
	</source>
	<size>
		<width>416</width>
		<height>416</height>
		<depth>3</depth>
	</size>
	<segmented>0</segmented>
	<object>
		<name>auto</name>
		<pose>Unspecified</pose>
		<truncated>0</truncated>
		<difficult>0</difficult>
		<occluded>0</occluded>
		<bndbox>
			<xmin>0</xmin>
			<xmax>246</xmax>
			<ymin>96</ymin>
			<ymax>415</ymax>
		</bndbox>
	</object>
	<object>
		<name>car</name>
		<pose>Unspecified</pose>
		<truncated>0</truncated>
		<difficult>0</difficult>
		<occluded>0</occluded>
		<bndbox>
			<xmin>210</xmin>
			<xmax>415</xmax>
			<ymin>106</ymin>
			<ymax>343</ymax>
		</bndbox>
	</object>
</annotation>
