<annotation>
	<folder></folder>
	<filename>frame_2168_jpg.rf.6b6bb09f0629fe531e39e463b7c83607.jpg</filename>
	<path>frame_2168_jpg.rf.6b6bb09f0629fe531e39e463b7c83607.jpg</path>
	<source>
		<database>roboflow.ai</database>
	</source>
	<size>
		<width>416</width>
		<height>416</height>
		<depth>3</depth>
	</size>
	<segmented>0</segmented>
	<object>
		<name>auto</name>
		<pose>Unspecified</pose>
		<truncated>0</truncated>
		<difficult>0</difficult>
		<occluded>0</occluded>
		<bndbox>
			<xmin>0</xmin>
			<xmax>179</xmax>
			<ymin>98</ymin>
			<ymax>339</ymax>
		</bndbox>
	</object>
	<object>
		<name>auto</name>
		<pose>Unspecified</pose>
		<truncated>0</truncated>
		<difficult>0</difficult>
		<occluded>0</occluded>
		<bndbox>
			<xmin>149</xmin>
			<xmax>415</xmax>
			<ymin>16</ymin>
			<ymax>385</ymax>
		</bndbox>
	</object>
</annotation>
