<annotation>
	<folder></folder>
	<filename>frame_2077_jpg.rf.4989dbabf29f28311a257a50274989c7.jpg</filename>
	<path>frame_2077_jpg.rf.4989dbabf29f28311a257a50274989c7.jpg</path>
	<source>
		<database>roboflow.ai</database>
	</source>
	<size>
		<width>416</width>
		<height>416</height>
		<depth>3</depth>
	</size>
	<segmented>0</segmented>
	<object>
		<name>auto</name>
		<pose>Unspecified</pose>
		<truncated>0</truncated>
		<difficult>0</difficult>
		<occluded>0</occluded>
		<bndbox>
			<xmin>15</xmin>
			<xmax>96</xmax>
			<ymin>257</ymin>
			<ymax>392</ymax>
		</bndbox>
	</object>
	<object>
		<name>auto</name>
		<pose>Unspecified</pose>
		<truncated>0</truncated>
		<difficult>0</difficult>
		<occluded>0</occluded>
		<bndbox>
			<xmin>68</xmin>
			<xmax>147</xmax>
			<ymin>194</ymin>
			<ymax>316</ymax>
		</bndbox>
	</object>
	<object>
		<name>van</name>
		<pose>Unspecified</pose>
		<truncated>0</truncated>
		<difficult>0</difficult>
		<occluded>0</occluded>
		<bndbox>
			<xmin>175</xmin>
			<xmax>278</xmax>
			<ymin>35</ymin>
			<ymax>158</ymax>
		</bndbox>
	</object>
	<object>
		<name>van</name>
		<pose>Unspecified</pose>
		<truncated>0</truncated>
		<difficult>0</difficult>
		<occluded>0</occluded>
		<bndbox>
			<xmin>266</xmin>
			<xmax>392</xmax>
			<ymin>76</ymin>
			<ymax>225</ymax>
		</bndbox>
	</object>
</annotation>
