<annotation>
	<folder></folder>
	<filename>frame_2209_jpg.rf.d7cdf0db24d3590872203e0bdcf3a059.jpg</filename>
	<path>frame_2209_jpg.rf.d7cdf0db24d3590872203e0bdcf3a059.jpg</path>
	<source>
		<database>roboflow.ai</database>
	</source>
	<size>
		<width>416</width>
		<height>416</height>
		<depth>3</depth>
	</size>
	<segmented>0</segmented>
	<object>
		<name>auto</name>
		<pose>Unspecified</pose>
		<truncated>0</truncated>
		<difficult>0</difficult>
		<occluded>0</occluded>
		<bndbox>
			<xmin>83</xmin>
			<xmax>319</xmax>
			<ymin>53</ymin>
			<ymax>406</ymax>
		</bndbox>
	</object>
	<object>
		<name>auto</name>
		<pose>Unspecified</pose>
		<truncated>0</truncated>
		<difficult>0</difficult>
		<occluded>0</occluded>
		<bndbox>
			<xmin>233</xmin>
			<xmax>305</xmax>
			<ymin>94</ymin>
			<ymax>179</ymax>
		</bndbox>
	</object>
	<object>
		<name>auto</name>
		<pose>Unspecified</pose>
		<truncated>0</truncated>
		<difficult>0</difficult>
		<occluded>0</occluded>
		<bndbox>
			<xmin>350</xmin>
			<xmax>392</xmax>
			<ymin>108</ymin>
			<ymax>188</ymax>
		</bndbox>
	</object>
</annotation>
