<annotation>
	<folder></folder>
	<filename>frame_2191_jpg.rf.e5804187afc7c040a7cb9dc20a2630fd.jpg</filename>
	<path>frame_2191_jpg.rf.e5804187afc7c040a7cb9dc20a2630fd.jpg</path>
	<source>
		<database>roboflow.ai</database>
	</source>
	<size>
		<width>416</width>
		<height>416</height>
		<depth>3</depth>
	</size>
	<segmented>0</segmented>
	<object>
		<name>auto</name>
		<pose>Unspecified</pose>
		<truncated>0</truncated>
		<difficult>0</difficult>
		<occluded>0</occluded>
		<bndbox>
			<xmin>149</xmin>
			<xmax>350</xmax>
			<ymin>1</ymin>
			<ymax>415</ymax>
		</bndbox>
	</object>
	<object>
		<name>motorbike</name>
		<pose>Unspecified</pose>
		<truncated>0</truncated>
		<difficult>0</difficult>
		<occluded>0</occluded>
		<bndbox>
			<xmin>31</xmin>
			<xmax>118</xmax>
			<ymin>96</ymin>
			<ymax>320</ymax>
		</bndbox>
	</object>
</annotation>
