<annotation>
	<folder></folder>
	<filename>frame_2123_jpg.rf.497c055cbba56dd34affdc0043386325.jpg</filename>
	<path>frame_2123_jpg.rf.497c055cbba56dd34affdc0043386325.jpg</path>
	<source>
		<database>roboflow.ai</database>
	</source>
	<size>
		<width>416</width>
		<height>416</height>
		<depth>3</depth>
	</size>
	<segmented>0</segmented>
	<object>
		<name>auto</name>
		<pose>Unspecified</pose>
		<truncated>0</truncated>
		<difficult>0</difficult>
		<occluded>0</occluded>
		<bndbox>
			<xmin>161</xmin>
			<xmax>389</xmax>
			<ymin>67</ymin>
			<ymax>398</ymax>
		</bndbox>
	</object>
</annotation>
