<annotation>
	<folder></folder>
	<filename>frame_2153_jpg.rf.3fc78c5c49db0e07ee075a0474443364.jpg</filename>
	<path>frame_2153_jpg.rf.3fc78c5c49db0e07ee075a0474443364.jpg</path>
	<source>
		<database>roboflow.ai</database>
	</source>
	<size>
		<width>416</width>
		<height>416</height>
		<depth>3</depth>
	</size>
	<segmented>0</segmented>
	<object>
		<name>auto</name>
		<pose>Unspecified</pose>
		<truncated>0</truncated>
		<difficult>0</difficult>
		<occluded>0</occluded>
		<bndbox>
			<xmin>24</xmin>
			<xmax>188</xmax>
			<ymin>95</ymin>
			<ymax>348</ymax>
		</bndbox>
	</object>
	<object>
		<name>auto</name>
		<pose>Unspecified</pose>
		<truncated>0</truncated>
		<difficult>0</difficult>
		<occluded>0</occluded>
		<bndbox>
			<xmin>163</xmin>
			<xmax>255</xmax>
			<ymin>114</ymin>
			<ymax>291</ymax>
		</bndbox>
	</object>
</annotation>
