<annotation>
	<folder></folder>
	<filename>frame_2085_jpg.rf.819be1ca7143057b00ecb16e97cc689b.jpg</filename>
	<path>frame_2085_jpg.rf.819be1ca7143057b00ecb16e97cc689b.jpg</path>
	<source>
		<database>roboflow.ai</database>
	</source>
	<size>
		<width>416</width>
		<height>416</height>
		<depth>3</depth>
	</size>
	<segmented>0</segmented>
	<object>
		<name>auto</name>
		<pose>Unspecified</pose>
		<truncated>0</truncated>
		<difficult>0</difficult>
		<occluded>0</occluded>
		<bndbox>
			<xmin>0</xmin>
			<xmax>363</xmax>
			<ymin>0</ymin>
			<ymax>415</ymax>
		</bndbox>
	</object>
	<object>
		<name>motorbike</name>
		<pose>Unspecified</pose>
		<truncated>0</truncated>
		<difficult>0</difficult>
		<occluded>0</occluded>
		<bndbox>
			<xmin>344</xmin>
			<xmax>415</xmax>
			<ymin>151</ymin>
			<ymax>237</ymax>
		</bndbox>
	</object>
</annotation>
