<annotation>
	<folder></folder>
	<filename>frame_2194_jpg.rf.dda294df95631134fd5386686d945afa.jpg</filename>
	<path>frame_2194_jpg.rf.dda294df95631134fd5386686d945afa.jpg</path>
	<source>
		<database>roboflow.ai</database>
	</source>
	<size>
		<width>416</width>
		<height>416</height>
		<depth>3</depth>
	</size>
	<segmented>0</segmented>
	<object>
		<name>auto</name>
		<pose>Unspecified</pose>
		<truncated>0</truncated>
		<difficult>0</difficult>
		<occluded>0</occluded>
		<bndbox>
			<xmin>6</xmin>
			<xmax>141</xmax>
			<ymin>233</ymin>
			<ymax>380</ymax>
		</bndbox>
	</object>
	<object>
		<name>auto</name>
		<pose>Unspecified</pose>
		<truncated>0</truncated>
		<difficult>0</difficult>
		<occluded>0</occluded>
		<bndbox>
			<xmin>130</xmin>
			<xmax>265</xmax>
			<ymin>206</ymin>
			<ymax>353</ymax>
		</bndbox>
	</object>
	<object>
		<name>auto</name>
		<pose>Unspecified</pose>
		<truncated>0</truncated>
		<difficult>0</difficult>
		<occluded>0</occluded>
		<bndbox>
			<xmin>285</xmin>
			<xmax>415</xmax>
			<ymin>166</ymin>
			<ymax>315</ymax>
		</bndbox>
	</object>
</annotation>
