<annotation>
	<folder></folder>
	<filename>frame_2176_jpg.rf.7dcee5ab43134c93f746603879c8cf31.jpg</filename>
	<path>frame_2176_jpg.rf.7dcee5ab43134c93f746603879c8cf31.jpg</path>
	<source>
		<database>roboflow.ai</database>
	</source>
	<size>
		<width>416</width>
		<height>416</height>
		<depth>3</depth>
	</size>
	<segmented>0</segmented>
	<object>
		<name>auto</name>
		<pose>Unspecified</pose>
		<truncated>0</truncated>
		<difficult>0</difficult>
		<occluded>0</occluded>
		<bndbox>
			<xmin>146</xmin>
			<xmax>376</xmax>
			<ymin>123</ymin>
			<ymax>406</ymax>
		</bndbox>
	</object>
	<object>
		<name>auto</name>
		<pose>Unspecified</pose>
		<truncated>0</truncated>
		<difficult>0</difficult>
		<occluded>0</occluded>
		<bndbox>
			<xmin>37</xmin>
			<xmax>197</xmax>
			<ymin>89</ymin>
			<ymax>302</ymax>
		</bndbox>
	</object>
</annotation>
