<annotation>
	<folder></folder>
	<filename>frame_2059_jpg.rf.eeb56ba2b2f127cccdd0ed3dc2f2b6b8.jpg</filename>
	<path>frame_2059_jpg.rf.eeb56ba2b2f127cccdd0ed3dc2f2b6b8.jpg</path>
	<source>
		<database>roboflow.ai</database>
	</source>
	<size>
		<width>416</width>
		<height>416</height>
		<depth>3</depth>
	</size>
	<segmented>0</segmented>
	<object>
		<name>riksha</name>
		<pose>Unspecified</pose>
		<truncated>0</truncated>
		<difficult>0</difficult>
		<occluded>0</occluded>
		<bndbox>
			<xmin>65</xmin>
			<xmax>299</xmax>
			<ymin>82</ymin>
			<ymax>413</ymax>
		</bndbox>
	</object>
	<object>
		<name>auto</name>
		<pose>Unspecified</pose>
		<truncated>0</truncated>
		<difficult>0</difficult>
		<occluded>0</occluded>
		<bndbox>
			<xmin>324</xmin>
			<xmax>413</xmax>
			<ymin>182</ymin>
			<ymax>312</ymax>
		</bndbox>
	</object>
</annotation>
