<annotation>
	<folder></folder>
	<filename>frame_2191_jpg.rf.adcd5629b65b76ce6606cc63fea54c9d.jpg</filename>
	<path>frame_2191_jpg.rf.adcd5629b65b76ce6606cc63fea54c9d.jpg</path>
	<source>
		<database>roboflow.ai</database>
	</source>
	<size>
		<width>416</width>
		<height>416</height>
		<depth>3</depth>
	</size>
	<segmented>0</segmented>
	<object>
		<name>auto</name>
		<pose>Unspecified</pose>
		<truncated>0</truncated>
		<difficult>0</difficult>
		<occluded>0</occluded>
		<bndbox>
			<xmin>31</xmin>
			<xmax>299</xmax>
			<ymin>0</ymin>
			<ymax>413</ymax>
		</bndbox>
	</object>
	<object>
		<name>motorbike</name>
		<pose>Unspecified</pose>
		<truncated>0</truncated>
		<difficult>0</difficult>
		<occluded>0</occluded>
		<bndbox>
			<xmin>286</xmin>
			<xmax>409</xmax>
			<ymin>114</ymin>
			<ymax>338</ymax>
		</bndbox>
	</object>
</annotation>
