<annotation>
	<folder></folder>
	<filename>frame_2213_jpg.rf.65c2b3367537e2071d7451887b15a65d.jpg</filename>
	<path>frame_2213_jpg.rf.65c2b3367537e2071d7451887b15a65d.jpg</path>
	<source>
		<database>roboflow.ai</database>
	</source>
	<size>
		<width>416</width>
		<height>416</height>
		<depth>3</depth>
	</size>
	<segmented>0</segmented>
	<object>
		<name>auto</name>
		<pose>Unspecified</pose>
		<truncated>0</truncated>
		<difficult>0</difficult>
		<occluded>0</occluded>
		<bndbox>
			<xmin>292</xmin>
			<xmax>413</xmax>
			<ymin>168</ymin>
			<ymax>415</ymax>
		</bndbox>
	</object>
	<object>
		<name>auto</name>
		<pose>Unspecified</pose>
		<truncated>0</truncated>
		<difficult>0</difficult>
		<occluded>0</occluded>
		<bndbox>
			<xmin>66</xmin>
			<xmax>150</xmax>
			<ymin>161</ymin>
			<ymax>260</ymax>
		</bndbox>
	</object>
	<object>
		<name>auto</name>
		<pose>Unspecified</pose>
		<truncated>0</truncated>
		<difficult>0</difficult>
		<occluded>0</occluded>
		<bndbox>
			<xmin>199</xmin>
			<xmax>258</xmax>
			<ymin>181</ymin>
			<ymax>278</ymax>
		</bndbox>
	</object>
</annotation>
