<annotation>
	<folder></folder>
	<filename>frame_2132_jpg.rf.bec5c3d2d13946373d671543a25493ad.jpg</filename>
	<path>frame_2132_jpg.rf.bec5c3d2d13946373d671543a25493ad.jpg</path>
	<source>
		<database>roboflow.ai</database>
	</source>
	<size>
		<width>416</width>
		<height>416</height>
		<depth>3</depth>
	</size>
	<segmented>0</segmented>
	<object>
		<name>auto</name>
		<pose>Unspecified</pose>
		<truncated>0</truncated>
		<difficult>0</difficult>
		<occluded>0</occluded>
		<bndbox>
			<xmin>81</xmin>
			<xmax>290</xmax>
			<ymin>95</ymin>
			<ymax>318</ymax>
		</bndbox>
	</object>
</annotation>
