<annotation>
	<folder></folder>
	<filename>frame_2195_jpg.rf.09c2987176ff285017675bd731e5f42d.jpg</filename>
	<path>frame_2195_jpg.rf.09c2987176ff285017675bd731e5f42d.jpg</path>
	<source>
		<database>roboflow.ai</database>
	</source>
	<size>
		<width>416</width>
		<height>416</height>
		<depth>3</depth>
	</size>
	<segmented>0</segmented>
	<object>
		<name>auto</name>
		<pose>Unspecified</pose>
		<truncated>0</truncated>
		<difficult>0</difficult>
		<occluded>0</occluded>
		<bndbox>
			<xmin>0</xmin>
			<xmax>362</xmax>
			<ymin>41</ymin>
			<ymax>394</ymax>
		</bndbox>
	</object>
	<object>
		<name>auto</name>
		<pose>Unspecified</pose>
		<truncated>0</truncated>
		<difficult>0</difficult>
		<occluded>0</occluded>
		<bndbox>
			<xmin>331</xmin>
			<xmax>415</xmax>
			<ymin>136</ymin>
			<ymax>368</ymax>
		</bndbox>
	</object>
</annotation>
