<annotation>
	<folder></folder>
	<filename>frame_2129_jpg.rf.6faff8b63673cd9c957a0299b6bce5a8.jpg</filename>
	<path>frame_2129_jpg.rf.6faff8b63673cd9c957a0299b6bce5a8.jpg</path>
	<source>
		<database>roboflow.ai</database>
	</source>
	<size>
		<width>416</width>
		<height>416</height>
		<depth>3</depth>
	</size>
	<segmented>0</segmented>
	<object>
		<name>auto</name>
		<pose>Unspecified</pose>
		<truncated>0</truncated>
		<difficult>0</difficult>
		<occluded>0</occluded>
		<bndbox>
			<xmin>46</xmin>
			<xmax>397</xmax>
			<ymin>24</ymin>
			<ymax>409</ymax>
		</bndbox>
	</object>
</annotation>
