<annotation>
	<folder></folder>
	<filename>frame_2081_jpg.rf.c597e48c09b9876db832e39e9c920981.jpg</filename>
	<path>frame_2081_jpg.rf.c597e48c09b9876db832e39e9c920981.jpg</path>
	<source>
		<database>roboflow.ai</database>
	</source>
	<size>
		<width>416</width>
		<height>416</height>
		<depth>3</depth>
	</size>
	<segmented>0</segmented>
	<object>
		<name>auto</name>
		<pose>Unspecified</pose>
		<truncated>0</truncated>
		<difficult>0</difficult>
		<occluded>0</occluded>
		<bndbox>
			<xmin>94</xmin>
			<xmax>353</xmax>
			<ymin>7</ymin>
			<ymax>415</ymax>
		</bndbox>
	</object>
	<object>
		<name>van</name>
		<pose>Unspecified</pose>
		<truncated>0</truncated>
		<difficult>0</difficult>
		<occluded>0</occluded>
		<bndbox>
			<xmin>17</xmin>
			<xmax>134</xmax>
			<ymin>45</ymin>
			<ymax>266</ymax>
		</bndbox>
	</object>
</annotation>
