<annotation>
	<folder></folder>
	<filename>frame_2096_jpg.rf.08ae397b9b20ccae0e7a103e3d42e72f.jpg</filename>
	<path>frame_2096_jpg.rf.08ae397b9b20ccae0e7a103e3d42e72f.jpg</path>
	<source>
		<database>roboflow.ai</database>
	</source>
	<size>
		<width>416</width>
		<height>416</height>
		<depth>3</depth>
	</size>
	<segmented>0</segmented>
	<object>
		<name>auto</name>
		<pose>Unspecified</pose>
		<truncated>0</truncated>
		<difficult>0</difficult>
		<occluded>0</occluded>
		<bndbox>
			<xmin>0</xmin>
			<xmax>415</xmax>
			<ymin>32</ymin>
			<ymax>416</ymax>
		</bndbox>
	</object>
</annotation>
