<annotation>
	<folder></folder>
	<filename>frame_2072_jpg.rf.6095a6188fa432dd8abb352c2a7c871f.jpg</filename>
	<path>frame_2072_jpg.rf.6095a6188fa432dd8abb352c2a7c871f.jpg</path>
	<source>
		<database>roboflow.ai</database>
	</source>
	<size>
		<width>416</width>
		<height>416</height>
		<depth>3</depth>
	</size>
	<segmented>0</segmented>
	<object>
		<name>auto</name>
		<pose>Unspecified</pose>
		<truncated>0</truncated>
		<difficult>0</difficult>
		<occluded>0</occluded>
		<bndbox>
			<xmin>233</xmin>
			<xmax>415</xmax>
			<ymin>50</ymin>
			<ymax>332</ymax>
		</bndbox>
	</object>
	<object>
		<name>auto</name>
		<pose>Unspecified</pose>
		<truncated>0</truncated>
		<difficult>0</difficult>
		<occluded>0</occluded>
		<bndbox>
			<xmin>0</xmin>
			<xmax>213</xmax>
			<ymin>92</ymin>
			<ymax>390</ymax>
		</bndbox>
	</object>
</annotation>
