<annotation>
	<folder></folder>
	<filename>frame_2056_jpg.rf.671db19e857396f5931b03244a22a65c.jpg</filename>
	<path>frame_2056_jpg.rf.671db19e857396f5931b03244a22a65c.jpg</path>
	<source>
		<database>roboflow.ai</database>
	</source>
	<size>
		<width>416</width>
		<height>416</height>
		<depth>3</depth>
	</size>
	<segmented>0</segmented>
	<object>
		<name>auto</name>
		<pose>Unspecified</pose>
		<truncated>0</truncated>
		<difficult>0</difficult>
		<occluded>0</occluded>
		<bndbox>
			<xmin>209</xmin>
			<xmax>330</xmax>
			<ymin>5</ymin>
			<ymax>245</ymax>
		</bndbox>
	</object>
	<object>
		<name>auto</name>
		<pose>Unspecified</pose>
		<truncated>0</truncated>
		<difficult>0</difficult>
		<occluded>0</occluded>
		<bndbox>
			<xmin>64</xmin>
			<xmax>285</xmax>
			<ymin>0</ymin>
			<ymax>286</ymax>
		</bndbox>
	</object>
</annotation>
