<annotation>
	<folder></folder>
	<filename>frame_2149_jpg.rf.d4eabfefd388da98e3189c607a703670.jpg</filename>
	<path>frame_2149_jpg.rf.d4eabfefd388da98e3189c607a703670.jpg</path>
	<source>
		<database>roboflow.ai</database>
	</source>
	<size>
		<width>416</width>
		<height>416</height>
		<depth>3</depth>
	</size>
	<segmented>0</segmented>
	<object>
		<name>auto</name>
		<pose>Unspecified</pose>
		<truncated>0</truncated>
		<difficult>0</difficult>
		<occluded>0</occluded>
		<bndbox>
			<xmin>223</xmin>
			<xmax>320</xmax>
			<ymin>156</ymin>
			<ymax>316</ymax>
		</bndbox>
	</object>
	<object>
		<name>auto</name>
		<pose>Unspecified</pose>
		<truncated>0</truncated>
		<difficult>0</difficult>
		<occluded>0</occluded>
		<bndbox>
			<xmin>138</xmin>
			<xmax>238</xmax>
			<ymin>176</ymin>
			<ymax>326</ymax>
		</bndbox>
	</object>
</annotation>
