<annotation>
	<folder></folder>
	<filename>frame_2180_jpg.rf.1d803607bdf3d8f9ba4c80342b664708.jpg</filename>
	<path>frame_2180_jpg.rf.1d803607bdf3d8f9ba4c80342b664708.jpg</path>
	<source>
		<database>roboflow.ai</database>
	</source>
	<size>
		<width>416</width>
		<height>416</height>
		<depth>3</depth>
	</size>
	<segmented>0</segmented>
	<object>
		<name>auto</name>
		<pose>Unspecified</pose>
		<truncated>0</truncated>
		<difficult>0</difficult>
		<occluded>0</occluded>
		<bndbox>
			<xmin>42</xmin>
			<xmax>384</xmax>
			<ymin>0</ymin>
			<ymax>415</ymax>
		</bndbox>
	</object>
</annotation>
