<annotation>
	<folder></folder>
	<filename>frame_2201_jpg.rf.8950b8cc85709e06c832cbb9bc602ac9.jpg</filename>
	<path>frame_2201_jpg.rf.8950b8cc85709e06c832cbb9bc602ac9.jpg</path>
	<source>
		<database>roboflow.ai</database>
	</source>
	<size>
		<width>416</width>
		<height>416</height>
		<depth>3</depth>
	</size>
	<segmented>0</segmented>
	<object>
		<name>auto</name>
		<pose>Unspecified</pose>
		<truncated>0</truncated>
		<difficult>0</difficult>
		<occluded>0</occluded>
		<bndbox>
			<xmin>150</xmin>
			<xmax>286</xmax>
			<ymin>157</ymin>
			<ymax>415</ymax>
		</bndbox>
	</object>
	<object>
		<name>van</name>
		<pose>Unspecified</pose>
		<truncated>0</truncated>
		<difficult>0</difficult>
		<occluded>0</occluded>
		<bndbox>
			<xmin>298</xmin>
			<xmax>337</xmax>
			<ymin>202</ymin>
			<ymax>243</ymax>
		</bndbox>
	</object>
</annotation>
