<annotation>
	<folder></folder>
	<filename>frame_2131_jpg.rf.599a423ea9d4eca8c39d30fe4c3a34c1.jpg</filename>
	<path>frame_2131_jpg.rf.599a423ea9d4eca8c39d30fe4c3a34c1.jpg</path>
	<source>
		<database>roboflow.ai</database>
	</source>
	<size>
		<width>416</width>
		<height>416</height>
		<depth>3</depth>
	</size>
	<segmented>0</segmented>
	<object>
		<name>truck</name>
		<pose>Unspecified</pose>
		<truncated>0</truncated>
		<difficult>0</difficult>
		<occluded>0</occluded>
		<bndbox>
			<xmin>54</xmin>
			<xmax>270</xmax>
			<ymin>67</ymin>
			<ymax>362</ymax>
		</bndbox>
	</object>
</annotation>
