<annotation>
	<folder></folder>
	<filename>frame_2133_jpg.rf.d0fa5f18b23b9e6c04c7403cf4fdbc50.jpg</filename>
	<path>frame_2133_jpg.rf.d0fa5f18b23b9e6c04c7403cf4fdbc50.jpg</path>
	<source>
		<database>roboflow.ai</database>
	</source>
	<size>
		<width>416</width>
		<height>416</height>
		<depth>3</depth>
	</size>
	<segmented>0</segmented>
	<object>
		<name>riksha</name>
		<pose>Unspecified</pose>
		<truncated>0</truncated>
		<difficult>0</difficult>
		<occluded>0</occluded>
		<bndbox>
			<xmin>95</xmin>
			<xmax>416</xmax>
			<ymin>87</ymin>
			<ymax>415</ymax>
		</bndbox>
	</object>
	<object>
		<name>motorbike</name>
		<pose>Unspecified</pose>
		<truncated>0</truncated>
		<difficult>0</difficult>
		<occluded>0</occluded>
		<bndbox>
			<xmin>44</xmin>
			<xmax>144</xmax>
			<ymin>161</ymin>
			<ymax>295</ymax>
		</bndbox>
	</object>
</annotation>
