<annotation>
	<folder></folder>
	<filename>frame_2115_jpg.rf.507e4bf45c2fe09ac4363c77229db867.jpg</filename>
	<path>frame_2115_jpg.rf.507e4bf45c2fe09ac4363c77229db867.jpg</path>
	<source>
		<database>roboflow.ai</database>
	</source>
	<size>
		<width>416</width>
		<height>416</height>
		<depth>3</depth>
	</size>
	<segmented>0</segmented>
	<object>
		<name>auto</name>
		<pose>Unspecified</pose>
		<truncated>0</truncated>
		<difficult>0</difficult>
		<occluded>0</occluded>
		<bndbox>
			<xmin>168</xmin>
			<xmax>356</xmax>
			<ymin>118</ymin>
			<ymax>361</ymax>
		</bndbox>
	</object>
	<object>
		<name>auto</name>
		<pose>Unspecified</pose>
		<truncated>0</truncated>
		<difficult>0</difficult>
		<occluded>0</occluded>
		<bndbox>
			<xmin>92</xmin>
			<xmax>202</xmax>
			<ymin>178</ymin>
			<ymax>325</ymax>
		</bndbox>
	</object>
</annotation>
