<annotation>
	<folder></folder>
	<filename>frame_2185_jpg.rf.f5ef659e8bb6625be5c0840956ca6cc6.jpg</filename>
	<path>frame_2185_jpg.rf.f5ef659e8bb6625be5c0840956ca6cc6.jpg</path>
	<source>
		<database>roboflow.ai</database>
	</source>
	<size>
		<width>416</width>
		<height>416</height>
		<depth>3</depth>
	</size>
	<segmented>0</segmented>
	<object>
		<name>auto</name>
		<pose>Unspecified</pose>
		<truncated>0</truncated>
		<difficult>0</difficult>
		<occluded>0</occluded>
		<bndbox>
			<xmin>223</xmin>
			<xmax>415</xmax>
			<ymin>108</ymin>
			<ymax>403</ymax>
		</bndbox>
	</object>
	<object>
		<name>bicycle</name>
		<pose>Unspecified</pose>
		<truncated>0</truncated>
		<difficult>0</difficult>
		<occluded>0</occluded>
		<bndbox>
			<xmin>88</xmin>
			<xmax>220</xmax>
			<ymin>60</ymin>
			<ymax>332</ymax>
		</bndbox>
	</object>
	<object>
		<name>truck</name>
		<pose>Unspecified</pose>
		<truncated>0</truncated>
		<difficult>0</difficult>
		<occluded>0</occluded>
		<bndbox>
			<xmin>214</xmin>
			<xmax>277</xmax>
			<ymin>76</ymin>
			<ymax>158</ymax>
		</bndbox>
	</object>
</annotation>
