<annotation>
	<folder></folder>
	<filename>frame_2132_jpg.rf.870e189c3253b3b9f565d8e186948bdf.jpg</filename>
	<path>frame_2132_jpg.rf.870e189c3253b3b9f565d8e186948bdf.jpg</path>
	<source>
		<database>roboflow.ai</database>
	</source>
	<size>
		<width>416</width>
		<height>416</height>
		<depth>3</depth>
	</size>
	<segmented>0</segmented>
	<object>
		<name>auto</name>
		<pose>Unspecified</pose>
		<truncated>0</truncated>
		<difficult>0</difficult>
		<occluded>0</occluded>
		<bndbox>
			<xmin>138</xmin>
			<xmax>326</xmax>
			<ymin>81</ymin>
			<ymax>327</ymax>
		</bndbox>
	</object>
</annotation>
