<annotation>
	<folder></folder>
	<filename>frame_2055_jpg.rf.1a9089d8234855e0133219f549fb56af.jpg</filename>
	<path>frame_2055_jpg.rf.1a9089d8234855e0133219f549fb56af.jpg</path>
	<source>
		<database>roboflow.ai</database>
	</source>
	<size>
		<width>416</width>
		<height>416</height>
		<depth>3</depth>
	</size>
	<segmented>0</segmented>
	<object>
		<name>auto</name>
		<pose>Unspecified</pose>
		<truncated>0</truncated>
		<difficult>0</difficult>
		<occluded>0</occluded>
		<bndbox>
			<xmin>42</xmin>
			<xmax>382</xmax>
			<ymin>5</ymin>
			<ymax>407</ymax>
		</bndbox>
	</object>
</annotation>
