<annotation>
	<folder></folder>
	<filename>frame_2059_jpg.rf.1b4f5b82b2475d078f775bbbe6ae7975.jpg</filename>
	<path>frame_2059_jpg.rf.1b4f5b82b2475d078f775bbbe6ae7975.jpg</path>
	<source>
		<database>roboflow.ai</database>
	</source>
	<size>
		<width>416</width>
		<height>416</height>
		<depth>3</depth>
	</size>
	<segmented>0</segmented>
	<object>
		<name>riksha</name>
		<pose>Unspecified</pose>
		<truncated>0</truncated>
		<difficult>0</difficult>
		<occluded>0</occluded>
		<bndbox>
			<xmin>46</xmin>
			<xmax>276</xmax>
			<ymin>89</ymin>
			<ymax>390</ymax>
		</bndbox>
	</object>
	<object>
		<name>auto</name>
		<pose>Unspecified</pose>
		<truncated>0</truncated>
		<difficult>0</difficult>
		<occluded>0</occluded>
		<bndbox>
			<xmin>293</xmin>
			<xmax>380</xmax>
			<ymin>219</ymin>
			<ymax>338</ymax>
		</bndbox>
	</object>
</annotation>
