<annotation>
	<folder></folder>
	<filename>frame_2123_jpg.rf.4598f3af91a3e278c8f30b96435e8c9c.jpg</filename>
	<path>frame_2123_jpg.rf.4598f3af91a3e278c8f30b96435e8c9c.jpg</path>
	<source>
		<database>roboflow.ai</database>
	</source>
	<size>
		<width>416</width>
		<height>416</height>
		<depth>3</depth>
	</size>
	<segmented>0</segmented>
	<object>
		<name>auto</name>
		<pose>Unspecified</pose>
		<truncated>0</truncated>
		<difficult>0</difficult>
		<occluded>0</occluded>
		<bndbox>
			<xmin>166</xmin>
			<xmax>381</xmax>
			<ymin>65</ymin>
			<ymax>405</ymax>
		</bndbox>
	</object>
</annotation>
