<annotation>
	<folder></folder>
	<filename>frame_2072_jpg.rf.58ecebd2191750a7bbc25361c3d2c22c.jpg</filename>
	<path>frame_2072_jpg.rf.58ecebd2191750a7bbc25361c3d2c22c.jpg</path>
	<source>
		<database>roboflow.ai</database>
	</source>
	<size>
		<width>416</width>
		<height>416</height>
		<depth>3</depth>
	</size>
	<segmented>0</segmented>
	<object>
		<name>auto</name>
		<pose>Unspecified</pose>
		<truncated>0</truncated>
		<difficult>0</difficult>
		<occluded>0</occluded>
		<bndbox>
			<xmin>0</xmin>
			<xmax>169</xmax>
			<ymin>45</ymin>
			<ymax>336</ymax>
		</bndbox>
	</object>
	<object>
		<name>auto</name>
		<pose>Unspecified</pose>
		<truncated>0</truncated>
		<difficult>0</difficult>
		<occluded>0</occluded>
		<bndbox>
			<xmin>219</xmin>
			<xmax>415</xmax>
			<ymin>91</ymin>
			<ymax>396</ymax>
		</bndbox>
	</object>
</annotation>
