<annotation>
	<folder></folder>
	<filename>frame_2096_jpg.rf.423c65f730f92af3643aca5b094b5b90.jpg</filename>
	<path>frame_2096_jpg.rf.423c65f730f92af3643aca5b094b5b90.jpg</path>
	<source>
		<database>roboflow.ai</database>
	</source>
	<size>
		<width>416</width>
		<height>416</height>
		<depth>3</depth>
	</size>
	<segmented>0</segmented>
	<object>
		<name>auto</name>
		<pose>Unspecified</pose>
		<truncated>0</truncated>
		<difficult>0</difficult>
		<occluded>0</occluded>
		<bndbox>
			<xmin>21</xmin>
			<xmax>415</xmax>
			<ymin>61</ymin>
			<ymax>415</ymax>
		</bndbox>
	</object>
</annotation>
