<annotation>
	<folder></folder>
	<filename>frame_2086_jpg.rf.0f447495923a9c528a39fc7e84e534a6.jpg</filename>
	<path>frame_2086_jpg.rf.0f447495923a9c528a39fc7e84e534a6.jpg</path>
	<source>
		<database>roboflow.ai</database>
	</source>
	<size>
		<width>416</width>
		<height>416</height>
		<depth>3</depth>
	</size>
	<segmented>0</segmented>
	<object>
		<name>riksha</name>
		<pose>Unspecified</pose>
		<truncated>0</truncated>
		<difficult>0</difficult>
		<occluded>0</occluded>
		<bndbox>
			<xmin>82</xmin>
			<xmax>412</xmax>
			<ymin>0</ymin>
			<ymax>414</ymax>
		</bndbox>
	</object>
	<object>
		<name>auto</name>
		<pose>Unspecified</pose>
		<truncated>0</truncated>
		<difficult>0</difficult>
		<occluded>0</occluded>
		<bndbox>
			<xmin>55</xmin>
			<xmax>207</xmax>
			<ymin>70</ymin>
			<ymax>273</ymax>
		</bndbox>
	</object>
</annotation>
