<annotation>
	<folder></folder>
	<filename>frame_2046_jpg.rf.e69588481dc3ffa9ef6c150df532f8b6.jpg</filename>
	<path>frame_2046_jpg.rf.e69588481dc3ffa9ef6c150df532f8b6.jpg</path>
	<source>
		<database>roboflow.ai</database>
	</source>
	<size>
		<width>416</width>
		<height>416</height>
		<depth>3</depth>
	</size>
	<segmented>0</segmented>
	<object>
		<name>auto</name>
		<pose>Unspecified</pose>
		<truncated>0</truncated>
		<difficult>0</difficult>
		<occluded>0</occluded>
		<bndbox>
			<xmin>92</xmin>
			<xmax>324</xmax>
			<ymin>63</ymin>
			<ymax>315</ymax>
		</bndbox>
	</object>
	<object>
		<name>auto</name>
		<pose>Unspecified</pose>
		<truncated>0</truncated>
		<difficult>0</difficult>
		<occluded>0</occluded>
		<bndbox>
			<xmin>272</xmin>
			<xmax>397</xmax>
			<ymin>84</ymin>
			<ymax>271</ymax>
		</bndbox>
	</object>
</annotation>
