<annotation>
	<folder></folder>
	<filename>frame_2102_jpg.rf.63f7f47cf77971ef017973e9edab8a71.jpg</filename>
	<path>frame_2102_jpg.rf.63f7f47cf77971ef017973e9edab8a71.jpg</path>
	<source>
		<database>roboflow.ai</database>
	</source>
	<size>
		<width>416</width>
		<height>416</height>
		<depth>3</depth>
	</size>
	<segmented>0</segmented>
	<object>
		<name>auto</name>
		<pose>Unspecified</pose>
		<truncated>0</truncated>
		<difficult>0</difficult>
		<occluded>0</occluded>
		<bndbox>
			<xmin>199</xmin>
			<xmax>415</xmax>
			<ymin>120</ymin>
			<ymax>415</ymax>
		</bndbox>
	</object>
	<object>
		<name>car</name>
		<pose>Unspecified</pose>
		<truncated>0</truncated>
		<difficult>0</difficult>
		<occluded>0</occluded>
		<bndbox>
			<xmin>0</xmin>
			<xmax>194</xmax>
			<ymin>95</ymin>
			<ymax>320</ymax>
		</bndbox>
	</object>
</annotation>
