<annotation>
	<folder></folder>
	<filename>frame_2074_jpg.rf.c31c8d0cbd861946c2203307db1c6d41.jpg</filename>
	<path>frame_2074_jpg.rf.c31c8d0cbd861946c2203307db1c6d41.jpg</path>
	<source>
		<database>roboflow.ai</database>
	</source>
	<size>
		<width>416</width>
		<height>416</height>
		<depth>3</depth>
	</size>
	<segmented>0</segmented>
	<object>
		<name>auto</name>
		<pose>Unspecified</pose>
		<truncated>0</truncated>
		<difficult>0</difficult>
		<occluded>0</occluded>
		<bndbox>
			<xmin>130</xmin>
			<xmax>185</xmax>
			<ymin>217</ymin>
			<ymax>281</ymax>
		</bndbox>
	</object>
</annotation>
