<annotation>
	<folder></folder>
	<filename>frame_2078_jpg.rf.db93f8892e5812d853336e66481d147f.jpg</filename>
	<path>frame_2078_jpg.rf.db93f8892e5812d853336e66481d147f.jpg</path>
	<source>
		<database>roboflow.ai</database>
	</source>
	<size>
		<width>416</width>
		<height>416</height>
		<depth>3</depth>
	</size>
	<segmented>0</segmented>
	<object>
		<name>auto</name>
		<pose>Unspecified</pose>
		<truncated>0</truncated>
		<difficult>0</difficult>
		<occluded>0</occluded>
		<bndbox>
			<xmin>0</xmin>
			<xmax>309</xmax>
			<ymin>20</ymin>
			<ymax>406</ymax>
		</bndbox>
	</object>
</annotation>
