<annotation>
	<folder></folder>
	<filename>frame_2071_jpg.rf.5d6fb5a7979d3a7d5c53c4a17ab18a3c.jpg</filename>
	<path>frame_2071_jpg.rf.5d6fb5a7979d3a7d5c53c4a17ab18a3c.jpg</path>
	<source>
		<database>roboflow.ai</database>
	</source>
	<size>
		<width>416</width>
		<height>416</height>
		<depth>3</depth>
	</size>
	<segmented>0</segmented>
	<object>
		<name>bus</name>
		<pose>Unspecified</pose>
		<truncated>0</truncated>
		<difficult>0</difficult>
		<occluded>0</occluded>
		<bndbox>
			<xmin>231</xmin>
			<xmax>380</xmax>
			<ymin>178</ymin>
			<ymax>340</ymax>
		</bndbox>
	</object>
</annotation>
