<annotation>
	<folder></folder>
	<filename>frame_2096_jpg.rf.94ffc97a1fdb32ea6b9f5588ee83ea4c.jpg</filename>
	<path>frame_2096_jpg.rf.94ffc97a1fdb32ea6b9f5588ee83ea4c.jpg</path>
	<source>
		<database>roboflow.ai</database>
	</source>
	<size>
		<width>416</width>
		<height>416</height>
		<depth>3</depth>
	</size>
	<segmented>0</segmented>
	<object>
		<name>auto</name>
		<pose>Unspecified</pose>
		<truncated>0</truncated>
		<difficult>0</difficult>
		<occluded>0</occluded>
		<bndbox>
			<xmin>9</xmin>
			<xmax>389</xmax>
			<ymin>40</ymin>
			<ymax>415</ymax>
		</bndbox>
	</object>
</annotation>
