<annotation>
	<folder></folder>
	<filename>frame_2217_jpg.rf.9cf15bd4ba5c3fb5c78ea65d37ca5fc9.jpg</filename>
	<path>frame_2217_jpg.rf.9cf15bd4ba5c3fb5c78ea65d37ca5fc9.jpg</path>
	<source>
		<database>roboflow.ai</database>
	</source>
	<size>
		<width>416</width>
		<height>416</height>
		<depth>3</depth>
	</size>
	<segmented>0</segmented>
	<object>
		<name>auto</name>
		<pose>Unspecified</pose>
		<truncated>0</truncated>
		<difficult>0</difficult>
		<occluded>0</occluded>
		<bndbox>
			<xmin>0</xmin>
			<xmax>272</xmax>
			<ymin>0</ymin>
			<ymax>415</ymax>
		</bndbox>
	</object>
	<object>
		<name>auto</name>
		<pose>Unspecified</pose>
		<truncated>0</truncated>
		<difficult>0</difficult>
		<occluded>0</occluded>
		<bndbox>
			<xmin>298</xmin>
			<xmax>415</xmax>
			<ymin>73</ymin>
			<ymax>260</ymax>
		</bndbox>
	</object>
</annotation>
