<annotation>
	<folder></folder>
	<filename>frame_2143_jpg.rf.a3b418b30918c1707288fe484ac63f93.jpg</filename>
	<path>frame_2143_jpg.rf.a3b418b30918c1707288fe484ac63f93.jpg</path>
	<source>
		<database>roboflow.ai</database>
	</source>
	<size>
		<width>416</width>
		<height>416</height>
		<depth>3</depth>
	</size>
	<segmented>0</segmented>
	<object>
		<name>auto</name>
		<pose>Unspecified</pose>
		<truncated>0</truncated>
		<difficult>0</difficult>
		<occluded>0</occluded>
		<bndbox>
			<xmin>271</xmin>
			<xmax>404</xmax>
			<ymin>43</ymin>
			<ymax>367</ymax>
		</bndbox>
	</object>
	<object>
		<name>auto</name>
		<pose>Unspecified</pose>
		<truncated>0</truncated>
		<difficult>0</difficult>
		<occluded>0</occluded>
		<bndbox>
			<xmin>0</xmin>
			<xmax>183</xmax>
			<ymin>6</ymin>
			<ymax>415</ymax>
		</bndbox>
	</object>
	<object>
		<name>auto</name>
		<pose>Unspecified</pose>
		<truncated>0</truncated>
		<difficult>0</difficult>
		<occluded>0</occluded>
		<bndbox>
			<xmin>201</xmin>
			<xmax>287</xmax>
			<ymin>45</ymin>
			<ymax>370</ymax>
		</bndbox>
	</object>
</annotation>
