<annotation>
	<folder></folder>
	<filename>frame_2075_jpg.rf.e2be9cc8b9d3d11207a208d20b0a1679.jpg</filename>
	<path>frame_2075_jpg.rf.e2be9cc8b9d3d11207a208d20b0a1679.jpg</path>
	<source>
		<database>roboflow.ai</database>
	</source>
	<size>
		<width>416</width>
		<height>416</height>
		<depth>3</depth>
	</size>
	<segmented>0</segmented>
	<object>
		<name>auto</name>
		<pose>Unspecified</pose>
		<truncated>0</truncated>
		<difficult>0</difficult>
		<occluded>0</occluded>
		<bndbox>
			<xmin>190</xmin>
			<xmax>293</xmax>
			<ymin>145</ymin>
			<ymax>248</ymax>
		</bndbox>
	</object>
	<object>
		<name>car</name>
		<pose>Unspecified</pose>
		<truncated>0</truncated>
		<difficult>0</difficult>
		<occluded>0</occluded>
		<bndbox>
			<xmin>290</xmin>
			<xmax>387</xmax>
			<ymin>131</ymin>
			<ymax>217</ymax>
		</bndbox>
	</object>
</annotation>
