<annotation>
	<folder></folder>
	<filename>frame_2215_jpg.rf.2823cd411ca52515e6ba1da480657511.jpg</filename>
	<path>frame_2215_jpg.rf.2823cd411ca52515e6ba1da480657511.jpg</path>
	<source>
		<database>roboflow.ai</database>
	</source>
	<size>
		<width>416</width>
		<height>416</height>
		<depth>3</depth>
	</size>
	<segmented>0</segmented>
	<object>
		<name>auto</name>
		<pose>Unspecified</pose>
		<truncated>0</truncated>
		<difficult>0</difficult>
		<occluded>0</occluded>
		<bndbox>
			<xmin>51</xmin>
			<xmax>304</xmax>
			<ymin>15</ymin>
			<ymax>415</ymax>
		</bndbox>
	</object>
	<object>
		<name>auto</name>
		<pose>Unspecified</pose>
		<truncated>0</truncated>
		<difficult>0</difficult>
		<occluded>0</occluded>
		<bndbox>
			<xmin>298</xmin>
			<xmax>378</xmax>
			<ymin>105</ymin>
			<ymax>252</ymax>
		</bndbox>
	</object>
</annotation>
