<annotation>
	<folder></folder>
	<filename>frame_2132_jpg.rf.3905a6531f553d78402e7fc3ffadcd31.jpg</filename>
	<path>frame_2132_jpg.rf.3905a6531f553d78402e7fc3ffadcd31.jpg</path>
	<source>
		<database>roboflow.ai</database>
	</source>
	<size>
		<width>416</width>
		<height>416</height>
		<depth>3</depth>
	</size>
	<segmented>0</segmented>
	<object>
		<name>auto</name>
		<pose>Unspecified</pose>
		<truncated>0</truncated>
		<difficult>0</difficult>
		<occluded>0</occluded>
		<bndbox>
			<xmin>86</xmin>
			<xmax>282</xmax>
			<ymin>102</ymin>
			<ymax>308</ymax>
		</bndbox>
	</object>
</annotation>
