<annotation>
	<folder></folder>
	<filename>frame_2089_jpg.rf.a8d1e66041c815cfaa8e57ab17ea4484.jpg</filename>
	<path>frame_2089_jpg.rf.a8d1e66041c815cfaa8e57ab17ea4484.jpg</path>
	<source>
		<database>roboflow.ai</database>
	</source>
	<size>
		<width>416</width>
		<height>416</height>
		<depth>3</depth>
	</size>
	<segmented>0</segmented>
	<object>
		<name>auto</name>
		<pose>Unspecified</pose>
		<truncated>0</truncated>
		<difficult>0</difficult>
		<occluded>0</occluded>
		<bndbox>
			<xmin>80</xmin>
			<xmax>363</xmax>
			<ymin>13</ymin>
			<ymax>410</ymax>
		</bndbox>
	</object>
</annotation>
