<annotation>
	<folder></folder>
	<filename>frame_2081_jpg.rf.d9ed9c4a7f21dd21b7f89b57c260969e.jpg</filename>
	<path>frame_2081_jpg.rf.d9ed9c4a7f21dd21b7f89b57c260969e.jpg</path>
	<source>
		<database>roboflow.ai</database>
	</source>
	<size>
		<width>416</width>
		<height>416</height>
		<depth>3</depth>
	</size>
	<segmented>0</segmented>
	<object>
		<name>auto</name>
		<pose>Unspecified</pose>
		<truncated>0</truncated>
		<difficult>0</difficult>
		<occluded>0</occluded>
		<bndbox>
			<xmin>95</xmin>
			<xmax>349</xmax>
			<ymin>0</ymin>
			<ymax>415</ymax>
		</bndbox>
	</object>
	<object>
		<name>van</name>
		<pose>Unspecified</pose>
		<truncated>0</truncated>
		<difficult>0</difficult>
		<occluded>0</occluded>
		<bndbox>
			<xmin>23</xmin>
			<xmax>137</xmax>
			<ymin>74</ymin>
			<ymax>303</ymax>
		</bndbox>
	</object>
</annotation>
