<annotation>
	<folder></folder>
	<filename>frame_2208_jpg.rf.8434c51abf973537ed6015625d2f02d3.jpg</filename>
	<path>frame_2208_jpg.rf.8434c51abf973537ed6015625d2f02d3.jpg</path>
	<source>
		<database>roboflow.ai</database>
	</source>
	<size>
		<width>416</width>
		<height>416</height>
		<depth>3</depth>
	</size>
	<segmented>0</segmented>
	<object>
		<name>auto</name>
		<pose>Unspecified</pose>
		<truncated>0</truncated>
		<difficult>0</difficult>
		<occluded>0</occluded>
		<bndbox>
			<xmin>101</xmin>
			<xmax>232</xmax>
			<ymin>84</ymin>
			<ymax>364</ymax>
		</bndbox>
	</object>
	<object>
		<name>auto</name>
		<pose>Unspecified</pose>
		<truncated>0</truncated>
		<difficult>0</difficult>
		<occluded>0</occluded>
		<bndbox>
			<xmin>191</xmin>
			<xmax>327</xmax>
			<ymin>68</ymin>
			<ymax>338</ymax>
		</bndbox>
	</object>
	<object>
		<name>auto</name>
		<pose>Unspecified</pose>
		<truncated>0</truncated>
		<difficult>0</difficult>
		<occluded>0</occluded>
		<bndbox>
			<xmin>317</xmin>
			<xmax>415</xmax>
			<ymin>43</ymin>
			<ymax>284</ymax>
		</bndbox>
	</object>
	<object>
		<name>auto</name>
		<pose>Unspecified</pose>
		<truncated>0</truncated>
		<difficult>0</difficult>
		<occluded>0</occluded>
		<bndbox>
			<xmin>0</xmin>
			<xmax>105</xmax>
			<ymin>89</ymin>
			<ymax>408</ymax>
		</bndbox>
	</object>
</annotation>
