<annotation>
	<folder></folder>
	<filename>frame_2072_jpg.rf.bccb25f96f9e698cc115e89e53f4ebce.jpg</filename>
	<path>frame_2072_jpg.rf.bccb25f96f9e698cc115e89e53f4ebce.jpg</path>
	<source>
		<database>roboflow.ai</database>
	</source>
	<size>
		<width>416</width>
		<height>416</height>
		<depth>3</depth>
	</size>
	<segmented>0</segmented>
	<object>
		<name>auto</name>
		<pose>Unspecified</pose>
		<truncated>0</truncated>
		<difficult>0</difficult>
		<occluded>0</occluded>
		<bndbox>
			<xmin>248</xmin>
			<xmax>408</xmax>
			<ymin>103</ymin>
			<ymax>348</ymax>
		</bndbox>
	</object>
	<object>
		<name>auto</name>
		<pose>Unspecified</pose>
		<truncated>0</truncated>
		<difficult>0</difficult>
		<occluded>0</occluded>
		<bndbox>
			<xmin>1</xmin>
			<xmax>192</xmax>
			<ymin>83</ymin>
			<ymax>338</ymax>
		</bndbox>
	</object>
</annotation>
