<annotation>
	<folder></folder>
	<filename>frame_2095_jpg.rf.403b8b2a2ad41af8c2027c7e10530f41.jpg</filename>
	<path>frame_2095_jpg.rf.403b8b2a2ad41af8c2027c7e10530f41.jpg</path>
	<source>
		<database>roboflow.ai</database>
	</source>
	<size>
		<width>416</width>
		<height>416</height>
		<depth>3</depth>
	</size>
	<segmented>0</segmented>
	<object>
		<name>auto</name>
		<pose>Unspecified</pose>
		<truncated>0</truncated>
		<difficult>0</difficult>
		<occluded>0</occluded>
		<bndbox>
			<xmin>60</xmin>
			<xmax>263</xmax>
			<ymin>58</ymin>
			<ymax>347</ymax>
		</bndbox>
	</object>
	<object>
		<name>car</name>
		<pose>Unspecified</pose>
		<truncated>0</truncated>
		<difficult>0</difficult>
		<occluded>0</occluded>
		<bndbox>
			<xmin>331</xmin>
			<xmax>415</xmax>
			<ymin>155</ymin>
			<ymax>266</ymax>
		</bndbox>
	</object>
</annotation>
