<annotation>
	<folder></folder>
	<filename>frame_2196_jpg.rf.44e71e6819b3d8dfd33f913762848919.jpg</filename>
	<path>frame_2196_jpg.rf.44e71e6819b3d8dfd33f913762848919.jpg</path>
	<source>
		<database>roboflow.ai</database>
	</source>
	<size>
		<width>416</width>
		<height>416</height>
		<depth>3</depth>
	</size>
	<segmented>0</segmented>
	<object>
		<name>auto</name>
		<pose>Unspecified</pose>
		<truncated>0</truncated>
		<difficult>0</difficult>
		<occluded>0</occluded>
		<bndbox>
			<xmin>154</xmin>
			<xmax>255</xmax>
			<ymin>133</ymin>
			<ymax>300</ymax>
		</bndbox>
	</object>
</annotation>
