<annotation>
	<folder></folder>
	<filename>frame_2091_jpg.rf.8c9e36fe4673d373c59e76033f356db5.jpg</filename>
	<path>frame_2091_jpg.rf.8c9e36fe4673d373c59e76033f356db5.jpg</path>
	<source>
		<database>roboflow.ai</database>
	</source>
	<size>
		<width>416</width>
		<height>416</height>
		<depth>3</depth>
	</size>
	<segmented>0</segmented>
	<object>
		<name>motorbike</name>
		<pose>Unspecified</pose>
		<truncated>0</truncated>
		<difficult>0</difficult>
		<occluded>0</occluded>
		<bndbox>
			<xmin>30</xmin>
			<xmax>158</xmax>
			<ymin>257</ymin>
			<ymax>415</ymax>
		</bndbox>
	</object>
	<object>
		<name>motorbike</name>
		<pose>Unspecified</pose>
		<truncated>0</truncated>
		<difficult>0</difficult>
		<occluded>0</occluded>
		<bndbox>
			<xmin>163</xmin>
			<xmax>282</xmax>
			<ymin>223</ymin>
			<ymax>404</ymax>
		</bndbox>
	</object>
</annotation>
