<annotation>
	<folder></folder>
	<filename>frame_2187_jpg.rf.cb707f9e9a160883fd7bb1c53c211d73.jpg</filename>
	<path>frame_2187_jpg.rf.cb707f9e9a160883fd7bb1c53c211d73.jpg</path>
	<source>
		<database>roboflow.ai</database>
	</source>
	<size>
		<width>416</width>
		<height>416</height>
		<depth>3</depth>
	</size>
	<segmented>0</segmented>
	<object>
		<name>auto</name>
		<pose>Unspecified</pose>
		<truncated>0</truncated>
		<difficult>0</difficult>
		<occluded>0</occluded>
		<bndbox>
			<xmin>146</xmin>
			<xmax>415</xmax>
			<ymin>25</ymin>
			<ymax>413</ymax>
		</bndbox>
	</object>
	<object>
		<name>riksha</name>
		<pose>Unspecified</pose>
		<truncated>0</truncated>
		<difficult>0</difficult>
		<occluded>0</occluded>
		<bndbox>
			<xmin>0</xmin>
			<xmax>195</xmax>
			<ymin>12</ymin>
			<ymax>400</ymax>
		</bndbox>
	</object>
</annotation>
