<annotation>
	<folder></folder>
	<filename>frame_2064_jpg.rf.55acf25ef020b8696ccae4b288bbc5a7.jpg</filename>
	<path>frame_2064_jpg.rf.55acf25ef020b8696ccae4b288bbc5a7.jpg</path>
	<source>
		<database>roboflow.ai</database>
	</source>
	<size>
		<width>416</width>
		<height>416</height>
		<depth>3</depth>
	</size>
	<segmented>0</segmented>
	<object>
		<name>auto</name>
		<pose>Unspecified</pose>
		<truncated>0</truncated>
		<difficult>0</difficult>
		<occluded>0</occluded>
		<bndbox>
			<xmin>172</xmin>
			<xmax>251</xmax>
			<ymin>182</ymin>
			<ymax>323</ymax>
		</bndbox>
	</object>
</annotation>
