<annotation>
	<folder></folder>
	<filename>frame_2050_jpg.rf.6fa16a0a840c1c0f2664b4ca24a89c5e.jpg</filename>
	<path>frame_2050_jpg.rf.6fa16a0a840c1c0f2664b4ca24a89c5e.jpg</path>
	<source>
		<database>roboflow.ai</database>
	</source>
	<size>
		<width>416</width>
		<height>416</height>
		<depth>3</depth>
	</size>
	<segmented>0</segmented>
	<object>
		<name>auto</name>
		<pose>Unspecified</pose>
		<truncated>0</truncated>
		<difficult>0</difficult>
		<occluded>0</occluded>
		<bndbox>
			<xmin>137</xmin>
			<xmax>281</xmax>
			<ymin>136</ymin>
			<ymax>377</ymax>
		</bndbox>
	</object>
</annotation>
