<annotation>
	<folder></folder>
	<filename>frame_2126_jpg.rf.11fd32ccaedbdc715b771c0770635ae2.jpg</filename>
	<path>frame_2126_jpg.rf.11fd32ccaedbdc715b771c0770635ae2.jpg</path>
	<source>
		<database>roboflow.ai</database>
	</source>
	<size>
		<width>416</width>
		<height>416</height>
		<depth>3</depth>
	</size>
	<segmented>0</segmented>
	<object>
		<name>auto</name>
		<pose>Unspecified</pose>
		<truncated>0</truncated>
		<difficult>0</difficult>
		<occluded>0</occluded>
		<bndbox>
			<xmin>232</xmin>
			<xmax>305</xmax>
			<ymin>233</ymin>
			<ymax>303</ymax>
		</bndbox>
	</object>
	<object>
		<name>bicycle</name>
		<pose>Unspecified</pose>
		<truncated>0</truncated>
		<difficult>0</difficult>
		<occluded>0</occluded>
		<bndbox>
			<xmin>306</xmin>
			<xmax>357</xmax>
			<ymin>240</ymin>
			<ymax>333</ymax>
		</bndbox>
	</object>
</annotation>
