<annotation>
	<folder></folder>
	<filename>frame_2126_jpg.rf.ebed1a2c3b3bf87848daeb7c76102c96.jpg</filename>
	<path>frame_2126_jpg.rf.ebed1a2c3b3bf87848daeb7c76102c96.jpg</path>
	<source>
		<database>roboflow.ai</database>
	</source>
	<size>
		<width>416</width>
		<height>416</height>
		<depth>3</depth>
	</size>
	<segmented>0</segmented>
	<object>
		<name>auto</name>
		<pose>Unspecified</pose>
		<truncated>0</truncated>
		<difficult>0</difficult>
		<occluded>0</occluded>
		<bndbox>
			<xmin>107</xmin>
			<xmax>189</xmax>
			<ymin>238</ymin>
			<ymax>323</ymax>
		</bndbox>
	</object>
	<object>
		<name>bicycle</name>
		<pose>Unspecified</pose>
		<truncated>0</truncated>
		<difficult>0</difficult>
		<occluded>0</occluded>
		<bndbox>
			<xmin>54</xmin>
			<xmax>115</xmax>
			<ymin>258</ymin>
			<ymax>367</ymax>
		</bndbox>
	</object>
</annotation>
