<annotation>
	<folder></folder>
	<filename>frame_2108_jpg.rf.0d2f6cbffe546ca4e909fed17fa2c55b.jpg</filename>
	<path>frame_2108_jpg.rf.0d2f6cbffe546ca4e909fed17fa2c55b.jpg</path>
	<source>
		<database>roboflow.ai</database>
	</source>
	<size>
		<width>416</width>
		<height>416</height>
		<depth>3</depth>
	</size>
	<segmented>0</segmented>
	<object>
		<name>motorbike</name>
		<pose>Unspecified</pose>
		<truncated>0</truncated>
		<difficult>0</difficult>
		<occluded>0</occluded>
		<bndbox>
			<xmin>195</xmin>
			<xmax>403</xmax>
			<ymin>155</ymin>
			<ymax>415</ymax>
		</bndbox>
	</object>
</annotation>
