<annotation>
	<folder></folder>
	<filename>frame_2195_jpg.rf.1237034e6ae86134b6b986e404ccdcc2.jpg</filename>
	<path>frame_2195_jpg.rf.1237034e6ae86134b6b986e404ccdcc2.jpg</path>
	<source>
		<database>roboflow.ai</database>
	</source>
	<size>
		<width>416</width>
		<height>416</height>
		<depth>3</depth>
	</size>
	<segmented>0</segmented>
	<object>
		<name>auto</name>
		<pose>Unspecified</pose>
		<truncated>0</truncated>
		<difficult>0</difficult>
		<occluded>0</occluded>
		<bndbox>
			<xmin>61</xmin>
			<xmax>411</xmax>
			<ymin>73</ymin>
			<ymax>370</ymax>
		</bndbox>
	</object>
	<object>
		<name>auto</name>
		<pose>Unspecified</pose>
		<truncated>0</truncated>
		<difficult>0</difficult>
		<occluded>0</occluded>
		<bndbox>
			<xmin>0</xmin>
			<xmax>77</xmax>
			<ymin>117</ymin>
			<ymax>327</ymax>
		</bndbox>
	</object>
</annotation>
