<annotation>
	<folder></folder>
	<filename>frame_2195_jpg.rf.263e16f585f77e2cb85b0a700cd50575.jpg</filename>
	<path>frame_2195_jpg.rf.263e16f585f77e2cb85b0a700cd50575.jpg</path>
	<source>
		<database>roboflow.ai</database>
	</source>
	<size>
		<width>416</width>
		<height>416</height>
		<depth>3</depth>
	</size>
	<segmented>0</segmented>
	<object>
		<name>auto</name>
		<pose>Unspecified</pose>
		<truncated>0</truncated>
		<difficult>0</difficult>
		<occluded>0</occluded>
		<bndbox>
			<xmin>0</xmin>
			<xmax>386</xmax>
			<ymin>73</ymin>
			<ymax>374</ymax>
		</bndbox>
	</object>
	<object>
		<name>auto</name>
		<pose>Unspecified</pose>
		<truncated>0</truncated>
		<difficult>0</difficult>
		<occluded>0</occluded>
		<bndbox>
			<xmin>338</xmin>
			<xmax>415</xmax>
			<ymin>102</ymin>
			<ymax>320</ymax>
		</bndbox>
	</object>
</annotation>
