<annotation>
	<folder></folder>
	<filename>frame_2074_jpg.rf.cab20d6da7c2deaefb39aa6ae9891da5.jpg</filename>
	<path>frame_2074_jpg.rf.cab20d6da7c2deaefb39aa6ae9891da5.jpg</path>
	<source>
		<database>roboflow.ai</database>
	</source>
	<size>
		<width>416</width>
		<height>416</height>
		<depth>3</depth>
	</size>
	<segmented>0</segmented>
	<object>
		<name>auto</name>
		<pose>Unspecified</pose>
		<truncated>0</truncated>
		<difficult>0</difficult>
		<occluded>0</occluded>
		<bndbox>
			<xmin>237</xmin>
			<xmax>288</xmax>
			<ymin>203</ymin>
			<ymax>277</ymax>
		</bndbox>
	</object>
</annotation>
