<annotation>
	<folder></folder>
	<filename>frame_2115_jpg.rf.c5bae3acbbf7cb36494561404c073e9e.jpg</filename>
	<path>frame_2115_jpg.rf.c5bae3acbbf7cb36494561404c073e9e.jpg</path>
	<source>
		<database>roboflow.ai</database>
	</source>
	<size>
		<width>416</width>
		<height>416</height>
		<depth>3</depth>
	</size>
	<segmented>0</segmented>
	<object>
		<name>auto</name>
		<pose>Unspecified</pose>
		<truncated>0</truncated>
		<difficult>0</difficult>
		<occluded>0</occluded>
		<bndbox>
			<xmin>160</xmin>
			<xmax>329</xmax>
			<ymin>140</ymin>
			<ymax>405</ymax>
		</bndbox>
	</object>
	<object>
		<name>auto</name>
		<pose>Unspecified</pose>
		<truncated>0</truncated>
		<difficult>0</difficult>
		<occluded>0</occluded>
		<bndbox>
			<xmin>91</xmin>
			<xmax>190</xmax>
			<ymin>128</ymin>
			<ymax>287</ymax>
		</bndbox>
	</object>
</annotation>
