<annotation>
	<folder></folder>
	<filename>frame_2062_jpg.rf.944f2960565f3c2089f66f55a3357bac.jpg</filename>
	<path>frame_2062_jpg.rf.944f2960565f3c2089f66f55a3357bac.jpg</path>
	<source>
		<database>roboflow.ai</database>
	</source>
	<size>
		<width>416</width>
		<height>416</height>
		<depth>3</depth>
	</size>
	<segmented>0</segmented>
	<object>
		<name>auto</name>
		<pose>Unspecified</pose>
		<truncated>0</truncated>
		<difficult>0</difficult>
		<occluded>0</occluded>
		<bndbox>
			<xmin>273</xmin>
			<xmax>415</xmax>
			<ymin>67</ymin>
			<ymax>306</ymax>
		</bndbox>
	</object>
	<object>
		<name>auto</name>
		<pose>Unspecified</pose>
		<truncated>0</truncated>
		<difficult>0</difficult>
		<occluded>0</occluded>
		<bndbox>
			<xmin>183</xmin>
			<xmax>324</xmax>
			<ymin>86</ymin>
			<ymax>352</ymax>
		</bndbox>
	</object>
	<object>
		<name>auto</name>
		<pose>Unspecified</pose>
		<truncated>0</truncated>
		<difficult>0</difficult>
		<occluded>0</occluded>
		<bndbox>
			<xmin>0</xmin>
			<xmax>228</xmax>
			<ymin>131</ymin>
			<ymax>415</ymax>
		</bndbox>
	</object>
</annotation>
