<annotation>
	<folder></folder>
	<filename>frame_2149_jpg.rf.bb942347f1bc1d640cdabf94b3368b7c.jpg</filename>
	<path>frame_2149_jpg.rf.bb942347f1bc1d640cdabf94b3368b7c.jpg</path>
	<source>
		<database>roboflow.ai</database>
	</source>
	<size>
		<width>416</width>
		<height>416</height>
		<depth>3</depth>
	</size>
	<segmented>0</segmented>
	<object>
		<name>auto</name>
		<pose>Unspecified</pose>
		<truncated>0</truncated>
		<difficult>0</difficult>
		<occluded>0</occluded>
		<bndbox>
			<xmin>221</xmin>
			<xmax>329</xmax>
			<ymin>145</ymin>
			<ymax>313</ymax>
		</bndbox>
	</object>
	<object>
		<name>auto</name>
		<pose>Unspecified</pose>
		<truncated>0</truncated>
		<difficult>0</difficult>
		<occluded>0</occluded>
		<bndbox>
			<xmin>134</xmin>
			<xmax>244</xmax>
			<ymin>173</ymin>
			<ymax>331</ymax>
		</bndbox>
	</object>
</annotation>
