<annotation>
	<folder></folder>
	<filename>frame_2145_jpg.rf.d7de98243cf389d41485e8e3d63d98df.jpg</filename>
	<path>frame_2145_jpg.rf.d7de98243cf389d41485e8e3d63d98df.jpg</path>
	<source>
		<database>roboflow.ai</database>
	</source>
	<size>
		<width>416</width>
		<height>416</height>
		<depth>3</depth>
	</size>
	<segmented>0</segmented>
	<object>
		<name>auto</name>
		<pose>Unspecified</pose>
		<truncated>0</truncated>
		<difficult>0</difficult>
		<occluded>0</occluded>
		<bndbox>
			<xmin>99</xmin>
			<xmax>415</xmax>
			<ymin>38</ymin>
			<ymax>401</ymax>
		</bndbox>
	</object>
	<object>
		<name>auto</name>
		<pose>Unspecified</pose>
		<truncated>0</truncated>
		<difficult>0</difficult>
		<occluded>0</occluded>
		<bndbox>
			<xmin>84</xmin>
			<xmax>209</xmax>
			<ymin>76</ymin>
			<ymax>266</ymax>
		</bndbox>
	</object>
	<object>
		<name>auto</name>
		<pose>Unspecified</pose>
		<truncated>0</truncated>
		<difficult>0</difficult>
		<occluded>0</occluded>
		<bndbox>
			<xmin>85</xmin>
			<xmax>150</xmax>
			<ymin>81</ymin>
			<ymax>188</ymax>
		</bndbox>
	</object>
</annotation>
