<annotation>
	<folder></folder>
	<filename>frame_2210_jpg.rf.b86505041aad5075ea6752c3cf61dcb5.jpg</filename>
	<path>frame_2210_jpg.rf.b86505041aad5075ea6752c3cf61dcb5.jpg</path>
	<source>
		<database>roboflow.ai</database>
	</source>
	<size>
		<width>416</width>
		<height>416</height>
		<depth>3</depth>
	</size>
	<segmented>0</segmented>
	<object>
		<name>auto</name>
		<pose>Unspecified</pose>
		<truncated>0</truncated>
		<difficult>0</difficult>
		<occluded>0</occluded>
		<bndbox>
			<xmin>320</xmin>
			<xmax>403</xmax>
			<ymin>100</ymin>
			<ymax>238</ymax>
		</bndbox>
	</object>
	<object>
		<name>auto</name>
		<pose>Unspecified</pose>
		<truncated>0</truncated>
		<difficult>0</difficult>
		<occluded>0</occluded>
		<bndbox>
			<xmin>236</xmin>
			<xmax>312</xmax>
			<ymin>98</ymin>
			<ymax>284</ymax>
		</bndbox>
	</object>
	<object>
		<name>auto</name>
		<pose>Unspecified</pose>
		<truncated>0</truncated>
		<difficult>0</difficult>
		<occluded>0</occluded>
		<bndbox>
			<xmin>100</xmin>
			<xmax>251</xmax>
			<ymin>77</ymin>
			<ymax>384</ymax>
		</bndbox>
	</object>
</annotation>
