<annotation>
	<folder></folder>
	<filename>frame_2046_jpg.rf.c341b89ee11b3c60fad3e0d5b076f5c5.jpg</filename>
	<path>frame_2046_jpg.rf.c341b89ee11b3c60fad3e0d5b076f5c5.jpg</path>
	<source>
		<database>roboflow.ai</database>
	</source>
	<size>
		<width>416</width>
		<height>416</height>
		<depth>3</depth>
	</size>
	<segmented>0</segmented>
	<object>
		<name>auto</name>
		<pose>Unspecified</pose>
		<truncated>0</truncated>
		<difficult>0</difficult>
		<occluded>0</occluded>
		<bndbox>
			<xmin>112</xmin>
			<xmax>320</xmax>
			<ymin>74</ymin>
			<ymax>305</ymax>
		</bndbox>
	</object>
	<object>
		<name>auto</name>
		<pose>Unspecified</pose>
		<truncated>0</truncated>
		<difficult>0</difficult>
		<occluded>0</occluded>
		<bndbox>
			<xmin>39</xmin>
			<xmax>146</xmax>
			<ymin>102</ymin>
			<ymax>278</ymax>
		</bndbox>
	</object>
</annotation>
