<annotation>
	<folder></folder>
	<filename>frame_2063_jpg.rf.80916e6e83bde5fdbeca95e6f523a68d.jpg</filename>
	<path>frame_2063_jpg.rf.80916e6e83bde5fdbeca95e6f523a68d.jpg</path>
	<source>
		<database>roboflow.ai</database>
	</source>
	<size>
		<width>416</width>
		<height>416</height>
		<depth>3</depth>
	</size>
	<segmented>0</segmented>
	<object>
		<name>auto</name>
		<pose>Unspecified</pose>
		<truncated>0</truncated>
		<difficult>0</difficult>
		<occluded>0</occluded>
		<bndbox>
			<xmin>2</xmin>
			<xmax>354</xmax>
			<ymin>17</ymin>
			<ymax>382</ymax>
		</bndbox>
	</object>
	<object>
		<name>truck</name>
		<pose>Unspecified</pose>
		<truncated>0</truncated>
		<difficult>0</difficult>
		<occluded>0</occluded>
		<bndbox>
			<xmin>319</xmin>
			<xmax>371</xmax>
			<ymin>79</ymin>
			<ymax>190</ymax>
		</bndbox>
	</object>
</annotation>
