<annotation>
	<folder></folder>
	<filename>frame_2189_jpg.rf.24d9c26186edba9830cfcf4743a81193.jpg</filename>
	<path>frame_2189_jpg.rf.24d9c26186edba9830cfcf4743a81193.jpg</path>
	<source>
		<database>roboflow.ai</database>
	</source>
	<size>
		<width>416</width>
		<height>416</height>
		<depth>3</depth>
	</size>
	<segmented>0</segmented>
	<object>
		<name>auto</name>
		<pose>Unspecified</pose>
		<truncated>0</truncated>
		<difficult>0</difficult>
		<occluded>0</occluded>
		<bndbox>
			<xmin>0</xmin>
			<xmax>415</xmax>
			<ymin>0</ymin>
			<ymax>415</ymax>
		</bndbox>
	</object>
</annotation>
