<annotation>
	<folder></folder>
	<filename>frame_2095_jpg.rf.ae94d36270af6022c20190b1ee6f64f7.jpg</filename>
	<path>frame_2095_jpg.rf.ae94d36270af6022c20190b1ee6f64f7.jpg</path>
	<source>
		<database>roboflow.ai</database>
	</source>
	<size>
		<width>416</width>
		<height>416</height>
		<depth>3</depth>
	</size>
	<segmented>0</segmented>
	<object>
		<name>auto</name>
		<pose>Unspecified</pose>
		<truncated>0</truncated>
		<difficult>0</difficult>
		<occluded>0</occluded>
		<bndbox>
			<xmin>126</xmin>
			<xmax>387</xmax>
			<ymin>69</ymin>
			<ymax>378</ymax>
		</bndbox>
	</object>
	<object>
		<name>car</name>
		<pose>Unspecified</pose>
		<truncated>0</truncated>
		<difficult>0</difficult>
		<occluded>0</occluded>
		<bndbox>
			<xmin>0</xmin>
			<xmax>95</xmax>
			<ymin>77</ymin>
			<ymax>198</ymax>
		</bndbox>
	</object>
</annotation>
