<annotation>
	<folder></folder>
	<filename>frame_2196_jpg.rf.0863dad1a9aacbe2d59c9c43a5545f9c.jpg</filename>
	<path>frame_2196_jpg.rf.0863dad1a9aacbe2d59c9c43a5545f9c.jpg</path>
	<source>
		<database>roboflow.ai</database>
	</source>
	<size>
		<width>416</width>
		<height>416</height>
		<depth>3</depth>
	</size>
	<segmented>0</segmented>
	<object>
		<name>auto</name>
		<pose>Unspecified</pose>
		<truncated>0</truncated>
		<difficult>0</difficult>
		<occluded>0</occluded>
		<bndbox>
			<xmin>152</xmin>
			<xmax>282</xmax>
			<ymin>115</ymin>
			<ymax>317</ymax>
		</bndbox>
	</object>
</annotation>
