<annotation>
	<folder></folder>
	<filename>frame_2180_jpg.rf.03e3f324612375d3ec6e10416e001c94.jpg</filename>
	<path>frame_2180_jpg.rf.03e3f324612375d3ec6e10416e001c94.jpg</path>
	<source>
		<database>roboflow.ai</database>
	</source>
	<size>
		<width>416</width>
		<height>416</height>
		<depth>3</depth>
	</size>
	<segmented>0</segmented>
	<object>
		<name>auto</name>
		<pose>Unspecified</pose>
		<truncated>0</truncated>
		<difficult>0</difficult>
		<occluded>0</occluded>
		<bndbox>
			<xmin>70</xmin>
			<xmax>359</xmax>
			<ymin>0</ymin>
			<ymax>412</ymax>
		</bndbox>
	</object>
</annotation>
