<annotation>
	<folder></folder>
	<filename>frame_2056_jpg.rf.cb5e8fc501f3bab42a3b8178e91677b5.jpg</filename>
	<path>frame_2056_jpg.rf.cb5e8fc501f3bab42a3b8178e91677b5.jpg</path>
	<source>
		<database>roboflow.ai</database>
	</source>
	<size>
		<width>416</width>
		<height>416</height>
		<depth>3</depth>
	</size>
	<segmented>0</segmented>
	<object>
		<name>auto</name>
		<pose>Unspecified</pose>
		<truncated>0</truncated>
		<difficult>0</difficult>
		<occluded>0</occluded>
		<bndbox>
			<xmin>142</xmin>
			<xmax>215</xmax>
			<ymin>12</ymin>
			<ymax>229</ymax>
		</bndbox>
	</object>
	<object>
		<name>auto</name>
		<pose>Unspecified</pose>
		<truncated>0</truncated>
		<difficult>0</difficult>
		<occluded>0</occluded>
		<bndbox>
			<xmin>195</xmin>
			<xmax>353</xmax>
			<ymin>26</ymin>
			<ymax>279</ymax>
		</bndbox>
	</object>
</annotation>
