<annotation>
	<folder></folder>
	<filename>frame_2071_jpg.rf.6579b367fbfb14baaf754e47228a4516.jpg</filename>
	<path>frame_2071_jpg.rf.6579b367fbfb14baaf754e47228a4516.jpg</path>
	<source>
		<database>roboflow.ai</database>
	</source>
	<size>
		<width>416</width>
		<height>416</height>
		<depth>3</depth>
	</size>
	<segmented>0</segmented>
	<object>
		<name>bus</name>
		<pose>Unspecified</pose>
		<truncated>0</truncated>
		<difficult>0</difficult>
		<occluded>0</occluded>
		<bndbox>
			<xmin>221</xmin>
			<xmax>364</xmax>
			<ymin>219</ymin>
			<ymax>409</ymax>
		</bndbox>
	</object>
</annotation>
