<annotation>
	<folder></folder>
	<filename>frame_2095_jpg.rf.96cfc0fff12921a7e9e2f822e7d331b4.jpg</filename>
	<path>frame_2095_jpg.rf.96cfc0fff12921a7e9e2f822e7d331b4.jpg</path>
	<source>
		<database>roboflow.ai</database>
	</source>
	<size>
		<width>416</width>
		<height>416</height>
		<depth>3</depth>
	</size>
	<segmented>0</segmented>
	<object>
		<name>auto</name>
		<pose>Unspecified</pose>
		<truncated>0</truncated>
		<difficult>0</difficult>
		<occluded>0</occluded>
		<bndbox>
			<xmin>54</xmin>
			<xmax>269</xmax>
			<ymin>64</ymin>
			<ymax>372</ymax>
		</bndbox>
	</object>
	<object>
		<name>car</name>
		<pose>Unspecified</pose>
		<truncated>0</truncated>
		<difficult>0</difficult>
		<occluded>0</occluded>
		<bndbox>
			<xmin>331</xmin>
			<xmax>415</xmax>
			<ymin>97</ymin>
			<ymax>217</ymax>
		</bndbox>
	</object>
</annotation>
