<annotation>
	<folder></folder>
	<filename>frame_2070_jpg.rf.b41cd26c2c9e4adb6b16993cd2968870.jpg</filename>
	<path>frame_2070_jpg.rf.b41cd26c2c9e4adb6b16993cd2968870.jpg</path>
	<source>
		<database>roboflow.ai</database>
	</source>
	<size>
		<width>416</width>
		<height>416</height>
		<depth>3</depth>
	</size>
	<segmented>0</segmented>
	<object>
		<name>auto</name>
		<pose>Unspecified</pose>
		<truncated>0</truncated>
		<difficult>0</difficult>
		<occluded>0</occluded>
		<bndbox>
			<xmin>10</xmin>
			<xmax>103</xmax>
			<ymin>260</ymin>
			<ymax>415</ymax>
		</bndbox>
	</object>
	<object>
		<name>auto</name>
		<pose>Unspecified</pose>
		<truncated>0</truncated>
		<difficult>0</difficult>
		<occluded>0</occluded>
		<bndbox>
			<xmin>88</xmin>
			<xmax>185</xmax>
			<ymin>239</ymin>
			<ymax>397</ymax>
		</bndbox>
	</object>
	<object>
		<name>auto</name>
		<pose>Unspecified</pose>
		<truncated>0</truncated>
		<difficult>0</difficult>
		<occluded>0</occluded>
		<bndbox>
			<xmin>176</xmin>
			<xmax>265</xmax>
			<ymin>228</ymin>
			<ymax>350</ymax>
		</bndbox>
	</object>
</annotation>
