<annotation>
	<folder></folder>
	<filename>frame_2149_jpg.rf.e030fdb527cc8e4eb8b0aafc0b2ee0f3.jpg</filename>
	<path>frame_2149_jpg.rf.e030fdb527cc8e4eb8b0aafc0b2ee0f3.jpg</path>
	<source>
		<database>roboflow.ai</database>
	</source>
	<size>
		<width>416</width>
		<height>416</height>
		<depth>3</depth>
	</size>
	<segmented>0</segmented>
	<object>
		<name>auto</name>
		<pose>Unspecified</pose>
		<truncated>0</truncated>
		<difficult>0</difficult>
		<occluded>0</occluded>
		<bndbox>
			<xmin>100</xmin>
			<xmax>191</xmax>
			<ymin>189</ymin>
			<ymax>335</ymax>
		</bndbox>
	</object>
	<object>
		<name>auto</name>
		<pose>Unspecified</pose>
		<truncated>0</truncated>
		<difficult>0</difficult>
		<occluded>0</occluded>
		<bndbox>
			<xmin>182</xmin>
			<xmax>276</xmax>
			<ymin>176</ymin>
			<ymax>311</ymax>
		</bndbox>
	</object>
</annotation>
