<annotation>
	<folder></folder>
	<filename>frame_2085_jpg.rf.ae4a8800404d49956fd2ca4dc5484c65.jpg</filename>
	<path>frame_2085_jpg.rf.ae4a8800404d49956fd2ca4dc5484c65.jpg</path>
	<source>
		<database>roboflow.ai</database>
	</source>
	<size>
		<width>416</width>
		<height>416</height>
		<depth>3</depth>
	</size>
	<segmented>0</segmented>
	<object>
		<name>auto</name>
		<pose>Unspecified</pose>
		<truncated>0</truncated>
		<difficult>0</difficult>
		<occluded>0</occluded>
		<bndbox>
			<xmin>14</xmin>
			<xmax>415</xmax>
			<ymin>17</ymin>
			<ymax>415</ymax>
		</bndbox>
	</object>
	<object>
		<name>motorbike</name>
		<pose>Unspecified</pose>
		<truncated>0</truncated>
		<difficult>0</difficult>
		<occluded>0</occluded>
		<bndbox>
			<xmin>1</xmin>
			<xmax>95</xmax>
			<ymin>18</ymin>
			<ymax>105</ymax>
		</bndbox>
	</object>
</annotation>
