<annotation>
	<folder></folder>
	<filename>frame_2132_jpg.rf.9db3457de9a44cc39fca153a9b66c0a7.jpg</filename>
	<path>frame_2132_jpg.rf.9db3457de9a44cc39fca153a9b66c0a7.jpg</path>
	<source>
		<database>roboflow.ai</database>
	</source>
	<size>
		<width>416</width>
		<height>416</height>
		<depth>3</depth>
	</size>
	<segmented>0</segmented>
	<object>
		<name>auto</name>
		<pose>Unspecified</pose>
		<truncated>0</truncated>
		<difficult>0</difficult>
		<occluded>0</occluded>
		<bndbox>
			<xmin>138</xmin>
			<xmax>327</xmax>
			<ymin>95</ymin>
			<ymax>314</ymax>
		</bndbox>
	</object>
</annotation>
