<annotation>
	<folder></folder>
	<filename>frame_2133_jpg.rf.6b6aa2dc69cc76bed86796e03d0d8f62.jpg</filename>
	<path>frame_2133_jpg.rf.6b6aa2dc69cc76bed86796e03d0d8f62.jpg</path>
	<source>
		<database>roboflow.ai</database>
	</source>
	<size>
		<width>416</width>
		<height>416</height>
		<depth>3</depth>
	</size>
	<segmented>0</segmented>
	<object>
		<name>riksha</name>
		<pose>Unspecified</pose>
		<truncated>0</truncated>
		<difficult>0</difficult>
		<occluded>0</occluded>
		<bndbox>
			<xmin>0</xmin>
			<xmax>328</xmax>
			<ymin>82</ymin>
			<ymax>415</ymax>
		</bndbox>
	</object>
	<object>
		<name>motorbike</name>
		<pose>Unspecified</pose>
		<truncated>0</truncated>
		<difficult>0</difficult>
		<occluded>0</occluded>
		<bndbox>
			<xmin>270</xmin>
			<xmax>374</xmax>
			<ymin>153</ymin>
			<ymax>293</ymax>
		</bndbox>
	</object>
</annotation>
