<annotation>
	<folder></folder>
	<filename>frame_2205_jpg.rf.65099e0acfadedb7dbf4a0796db56cc4.jpg</filename>
	<path>frame_2205_jpg.rf.65099e0acfadedb7dbf4a0796db56cc4.jpg</path>
	<source>
		<database>roboflow.ai</database>
	</source>
	<size>
		<width>416</width>
		<height>416</height>
		<depth>3</depth>
	</size>
	<segmented>0</segmented>
	<object>
		<name>auto</name>
		<pose>Unspecified</pose>
		<truncated>0</truncated>
		<difficult>0</difficult>
		<occluded>0</occluded>
		<bndbox>
			<xmin>3</xmin>
			<xmax>161</xmax>
			<ymin>64</ymin>
			<ymax>414</ymax>
		</bndbox>
	</object>
	<object>
		<name>auto</name>
		<pose>Unspecified</pose>
		<truncated>0</truncated>
		<difficult>0</difficult>
		<occluded>0</occluded>
		<bndbox>
			<xmin>131</xmin>
			<xmax>226</xmax>
			<ymin>95</ymin>
			<ymax>286</ymax>
		</bndbox>
	</object>
	<object>
		<name>auto</name>
		<pose>Unspecified</pose>
		<truncated>0</truncated>
		<difficult>0</difficult>
		<occluded>0</occluded>
		<bndbox>
			<xmin>221</xmin>
			<xmax>415</xmax>
			<ymin>106</ymin>
			<ymax>415</ymax>
		</bndbox>
	</object>
</annotation>
