<annotation>
	<folder></folder>
	<filename>frame_2217_jpg.rf.4da868280bbe6a56019740c5507cbfab.jpg</filename>
	<path>frame_2217_jpg.rf.4da868280bbe6a56019740c5507cbfab.jpg</path>
	<source>
		<database>roboflow.ai</database>
	</source>
	<size>
		<width>416</width>
		<height>416</height>
		<depth>3</depth>
	</size>
	<segmented>0</segmented>
	<object>
		<name>auto</name>
		<pose>Unspecified</pose>
		<truncated>0</truncated>
		<difficult>0</difficult>
		<occluded>0</occluded>
		<bndbox>
			<xmin>0</xmin>
			<xmax>319</xmax>
			<ymin>20</ymin>
			<ymax>415</ymax>
		</bndbox>
	</object>
	<object>
		<name>auto</name>
		<pose>Unspecified</pose>
		<truncated>0</truncated>
		<difficult>0</difficult>
		<occluded>0</occluded>
		<bndbox>
			<xmin>218</xmin>
			<xmax>382</xmax>
			<ymin>5</ymin>
			<ymax>183</ymax>
		</bndbox>
	</object>
</annotation>
