<annotation>
	<folder></folder>
	<filename>frame_2123_jpg.rf.e98b70abf8bb86594e4c68c3d4573c0d.jpg</filename>
	<path>frame_2123_jpg.rf.e98b70abf8bb86594e4c68c3d4573c0d.jpg</path>
	<source>
		<database>roboflow.ai</database>
	</source>
	<size>
		<width>416</width>
		<height>416</height>
		<depth>3</depth>
	</size>
	<segmented>0</segmented>
	<object>
		<name>auto</name>
		<pose>Unspecified</pose>
		<truncated>0</truncated>
		<difficult>0</difficult>
		<occluded>0</occluded>
		<bndbox>
			<xmin>176</xmin>
			<xmax>370</xmax>
			<ymin>84</ymin>
			<ymax>391</ymax>
		</bndbox>
	</object>
</annotation>
