<annotation>
	<folder></folder>
	<filename>frame_2196_jpg.rf.8ddb22785f5e557fd864e452f11cc92b.jpg</filename>
	<path>frame_2196_jpg.rf.8ddb22785f5e557fd864e452f11cc92b.jpg</path>
	<source>
		<database>roboflow.ai</database>
	</source>
	<size>
		<width>416</width>
		<height>416</height>
		<depth>3</depth>
	</size>
	<segmented>0</segmented>
	<object>
		<name>auto</name>
		<pose>Unspecified</pose>
		<truncated>0</truncated>
		<difficult>0</difficult>
		<occluded>0</occluded>
		<bndbox>
			<xmin>147</xmin>
			<xmax>256</xmax>
			<ymin>122</ymin>
			<ymax>306</ymax>
		</bndbox>
	</object>
</annotation>
