<annotation>
	<folder></folder>
	<filename>frame_2107_jpg.rf.4068988afd9139246d71d471f03f4c3d.jpg</filename>
	<path>frame_2107_jpg.rf.4068988afd9139246d71d471f03f4c3d.jpg</path>
	<source>
		<database>roboflow.ai</database>
	</source>
	<size>
		<width>416</width>
		<height>416</height>
		<depth>3</depth>
	</size>
	<segmented>0</segmented>
	<object>
		<name>auto</name>
		<pose>Unspecified</pose>
		<truncated>0</truncated>
		<difficult>0</difficult>
		<occluded>0</occluded>
		<bndbox>
			<xmin>202</xmin>
			<xmax>376</xmax>
			<ymin>38</ymin>
			<ymax>376</ymax>
		</bndbox>
	</object>
	<object>
		<name>auto</name>
		<pose>Unspecified</pose>
		<truncated>0</truncated>
		<difficult>0</difficult>
		<occluded>0</occluded>
		<bndbox>
			<xmin>6</xmin>
			<xmax>232</xmax>
			<ymin>17</ymin>
			<ymax>380</ymax>
		</bndbox>
	</object>
</annotation>
