<annotation>
	<folder></folder>
	<filename>frame_2215_jpg.rf.9eca1b49c0065f94bf856b659fa79d38.jpg</filename>
	<path>frame_2215_jpg.rf.9eca1b49c0065f94bf856b659fa79d38.jpg</path>
	<source>
		<database>roboflow.ai</database>
	</source>
	<size>
		<width>416</width>
		<height>416</height>
		<depth>3</depth>
	</size>
	<segmented>0</segmented>
	<object>
		<name>auto</name>
		<pose>Unspecified</pose>
		<truncated>0</truncated>
		<difficult>0</difficult>
		<occluded>0</occluded>
		<bndbox>
			<xmin>107</xmin>
			<xmax>366</xmax>
			<ymin>0</ymin>
			<ymax>415</ymax>
		</bndbox>
	</object>
	<object>
		<name>auto</name>
		<pose>Unspecified</pose>
		<truncated>0</truncated>
		<difficult>0</difficult>
		<occluded>0</occluded>
		<bndbox>
			<xmin>44</xmin>
			<xmax>127</xmax>
			<ymin>114</ymin>
			<ymax>272</ymax>
		</bndbox>
	</object>
</annotation>
