<annotation>
	<folder></folder>
	<filename>frame_2129_jpg.rf.b353b03771af0d1c7fd12a52cbd282d5.jpg</filename>
	<path>frame_2129_jpg.rf.b353b03771af0d1c7fd12a52cbd282d5.jpg</path>
	<source>
		<database>roboflow.ai</database>
	</source>
	<size>
		<width>416</width>
		<height>416</height>
		<depth>3</depth>
	</size>
	<segmented>0</segmented>
	<object>
		<name>auto</name>
		<pose>Unspecified</pose>
		<truncated>0</truncated>
		<difficult>0</difficult>
		<occluded>0</occluded>
		<bndbox>
			<xmin>0</xmin>
			<xmax>415</xmax>
			<ymin>0</ymin>
			<ymax>415</ymax>
		</bndbox>
	</object>
</annotation>
