<annotation>
	<folder></folder>
	<filename>frame_2191_jpg.rf.516b534da8a8badd94b54e28765f5c09.jpg</filename>
	<path>frame_2191_jpg.rf.516b534da8a8badd94b54e28765f5c09.jpg</path>
	<source>
		<database>roboflow.ai</database>
	</source>
	<size>
		<width>416</width>
		<height>416</height>
		<depth>3</depth>
	</size>
	<segmented>0</segmented>
	<object>
		<name>auto</name>
		<pose>Unspecified</pose>
		<truncated>0</truncated>
		<difficult>0</difficult>
		<occluded>0</occluded>
		<bndbox>
			<xmin>34</xmin>
			<xmax>295</xmax>
			<ymin>7</ymin>
			<ymax>414</ymax>
		</bndbox>
	</object>
	<object>
		<name>motorbike</name>
		<pose>Unspecified</pose>
		<truncated>0</truncated>
		<difficult>0</difficult>
		<occluded>0</occluded>
		<bndbox>
			<xmin>287</xmin>
			<xmax>408</xmax>
			<ymin>89</ymin>
			<ymax>306</ymax>
		</bndbox>
	</object>
</annotation>
