<annotation>
	<folder></folder>
	<filename>frame_2055_jpg.rf.d88fc11f8d1e65e4d5e4484f091020a6.jpg</filename>
	<path>frame_2055_jpg.rf.d88fc11f8d1e65e4d5e4484f091020a6.jpg</path>
	<source>
		<database>roboflow.ai</database>
	</source>
	<size>
		<width>416</width>
		<height>416</height>
		<depth>3</depth>
	</size>
	<segmented>0</segmented>
	<object>
		<name>auto</name>
		<pose>Unspecified</pose>
		<truncated>0</truncated>
		<difficult>0</difficult>
		<occluded>0</occluded>
		<bndbox>
			<xmin>17</xmin>
			<xmax>391</xmax>
			<ymin>0</ymin>
			<ymax>415</ymax>
		</bndbox>
	</object>
</annotation>
