<annotation>
	<folder></folder>
	<filename>frame_2152_jpg.rf.0203a116cb4836f1e062d2c26ad83284.jpg</filename>
	<path>frame_2152_jpg.rf.0203a116cb4836f1e062d2c26ad83284.jpg</path>
	<source>
		<database>roboflow.ai</database>
	</source>
	<size>
		<width>416</width>
		<height>416</height>
		<depth>3</depth>
	</size>
	<segmented>0</segmented>
	<object>
		<name>auto</name>
		<pose>Unspecified</pose>
		<truncated>0</truncated>
		<difficult>0</difficult>
		<occluded>0</occluded>
		<bndbox>
			<xmin>84</xmin>
			<xmax>378</xmax>
			<ymin>35</ymin>
			<ymax>411</ymax>
		</bndbox>
	</object>
</annotation>
