<annotation>
	<folder></folder>
	<filename>frame_2108_jpg.rf.64cc7fb9c95cb0689f87cec723db6736.jpg</filename>
	<path>frame_2108_jpg.rf.64cc7fb9c95cb0689f87cec723db6736.jpg</path>
	<source>
		<database>roboflow.ai</database>
	</source>
	<size>
		<width>416</width>
		<height>416</height>
		<depth>3</depth>
	</size>
	<segmented>0</segmented>
	<object>
		<name>motorbike</name>
		<pose>Unspecified</pose>
		<truncated>0</truncated>
		<difficult>0</difficult>
		<occluded>0</occluded>
		<bndbox>
			<xmin>226</xmin>
			<xmax>406</xmax>
			<ymin>159</ymin>
			<ymax>415</ymax>
		</bndbox>
	</object>
</annotation>
