<annotation>
	<folder></folder>
	<filename>frame_2201_jpg.rf.d12686172d2b1a5135685086f5ef970d.jpg</filename>
	<path>frame_2201_jpg.rf.d12686172d2b1a5135685086f5ef970d.jpg</path>
	<source>
		<database>roboflow.ai</database>
	</source>
	<size>
		<width>416</width>
		<height>416</height>
		<depth>3</depth>
	</size>
	<segmented>0</segmented>
	<object>
		<name>auto</name>
		<pose>Unspecified</pose>
		<truncated>0</truncated>
		<difficult>0</difficult>
		<occluded>0</occluded>
		<bndbox>
			<xmin>92</xmin>
			<xmax>262</xmax>
			<ymin>154</ymin>
			<ymax>415</ymax>
		</bndbox>
	</object>
	<object>
		<name>van</name>
		<pose>Unspecified</pose>
		<truncated>0</truncated>
		<difficult>0</difficult>
		<occluded>0</occluded>
		<bndbox>
			<xmin>287</xmin>
			<xmax>331</xmax>
			<ymin>203</ymin>
			<ymax>247</ymax>
		</bndbox>
	</object>
</annotation>
