<annotation>
	<folder></folder>
	<filename>frame_2107_jpg.rf.59e4106f4ff8ef5f83054899d507fa8f.jpg</filename>
	<path>frame_2107_jpg.rf.59e4106f4ff8ef5f83054899d507fa8f.jpg</path>
	<source>
		<database>roboflow.ai</database>
	</source>
	<size>
		<width>416</width>
		<height>416</height>
		<depth>3</depth>
	</size>
	<segmented>0</segmented>
	<object>
		<name>auto</name>
		<pose>Unspecified</pose>
		<truncated>0</truncated>
		<difficult>0</difficult>
		<occluded>0</occluded>
		<bndbox>
			<xmin>197</xmin>
			<xmax>376</xmax>
			<ymin>22</ymin>
			<ymax>373</ymax>
		</bndbox>
	</object>
	<object>
		<name>auto</name>
		<pose>Unspecified</pose>
		<truncated>0</truncated>
		<difficult>0</difficult>
		<occluded>0</occluded>
		<bndbox>
			<xmin>2</xmin>
			<xmax>237</xmax>
			<ymin>21</ymin>
			<ymax>396</ymax>
		</bndbox>
	</object>
</annotation>
