<annotation>
	<folder></folder>
	<filename>frame_2115_jpg.rf.66e838065beaad135acc8810995b7066.jpg</filename>
	<path>frame_2115_jpg.rf.66e838065beaad135acc8810995b7066.jpg</path>
	<source>
		<database>roboflow.ai</database>
	</source>
	<size>
		<width>416</width>
		<height>416</height>
		<depth>3</depth>
	</size>
	<segmented>0</segmented>
	<object>
		<name>auto</name>
		<pose>Unspecified</pose>
		<truncated>0</truncated>
		<difficult>0</difficult>
		<occluded>0</occluded>
		<bndbox>
			<xmin>144</xmin>
			<xmax>332</xmax>
			<ymin>125</ymin>
			<ymax>390</ymax>
		</bndbox>
	</object>
	<object>
		<name>auto</name>
		<pose>Unspecified</pose>
		<truncated>0</truncated>
		<difficult>0</difficult>
		<occluded>0</occluded>
		<bndbox>
			<xmin>83</xmin>
			<xmax>194</xmax>
			<ymin>154</ymin>
			<ymax>314</ymax>
		</bndbox>
	</object>
</annotation>
