<annotation>
	<folder></folder>
	<filename>frame_2102_jpg.rf.bb2969742c8cdf4123d97202b78e9d18.jpg</filename>
	<path>frame_2102_jpg.rf.bb2969742c8cdf4123d97202b78e9d18.jpg</path>
	<source>
		<database>roboflow.ai</database>
	</source>
	<size>
		<width>416</width>
		<height>416</height>
		<depth>3</depth>
	</size>
	<segmented>0</segmented>
	<object>
		<name>auto</name>
		<pose>Unspecified</pose>
		<truncated>0</truncated>
		<difficult>0</difficult>
		<occluded>0</occluded>
		<bndbox>
			<xmin>0</xmin>
			<xmax>215</xmax>
			<ymin>114</ymin>
			<ymax>415</ymax>
		</bndbox>
	</object>
	<object>
		<name>car</name>
		<pose>Unspecified</pose>
		<truncated>0</truncated>
		<difficult>0</difficult>
		<occluded>0</occluded>
		<bndbox>
			<xmin>210</xmin>
			<xmax>415</xmax>
			<ymin>81</ymin>
			<ymax>320</ymax>
		</bndbox>
	</object>
</annotation>
