<annotation>
	<folder></folder>
	<filename>frame_2091_jpg.rf.7618342c41d49ad793f1ce5de629e887.jpg</filename>
	<path>frame_2091_jpg.rf.7618342c41d49ad793f1ce5de629e887.jpg</path>
	<source>
		<database>roboflow.ai</database>
	</source>
	<size>
		<width>416</width>
		<height>416</height>
		<depth>3</depth>
	</size>
	<segmented>0</segmented>
	<object>
		<name>motorbike</name>
		<pose>Unspecified</pose>
		<truncated>0</truncated>
		<difficult>0</difficult>
		<occluded>0</occluded>
		<bndbox>
			<xmin>29</xmin>
			<xmax>141</xmax>
			<ymin>253</ymin>
			<ymax>415</ymax>
		</bndbox>
	</object>
	<object>
		<name>motorbike</name>
		<pose>Unspecified</pose>
		<truncated>0</truncated>
		<difficult>0</difficult>
		<occluded>0</occluded>
		<bndbox>
			<xmin>163</xmin>
			<xmax>268</xmax>
			<ymin>219</ymin>
			<ymax>410</ymax>
		</bndbox>
	</object>
</annotation>
