<annotation>
	<folder></folder>
	<filename>frame_2130_jpg.rf.ae764ab3981e47e1869f44c3712cf799.jpg</filename>
	<path>frame_2130_jpg.rf.ae764ab3981e47e1869f44c3712cf799.jpg</path>
	<source>
		<database>roboflow.ai</database>
	</source>
	<size>
		<width>416</width>
		<height>416</height>
		<depth>3</depth>
	</size>
	<segmented>0</segmented>
	<object>
		<name>auto</name>
		<pose>Unspecified</pose>
		<truncated>0</truncated>
		<difficult>0</difficult>
		<occluded>0</occluded>
		<bndbox>
			<xmin>0</xmin>
			<xmax>282</xmax>
			<ymin>83</ymin>
			<ymax>365</ymax>
		</bndbox>
	</object>
	<object>
		<name>car</name>
		<pose>Unspecified</pose>
		<truncated>0</truncated>
		<difficult>0</difficult>
		<occluded>0</occluded>
		<bndbox>
			<xmin>325</xmin>
			<xmax>415</xmax>
			<ymin>122</ymin>
			<ymax>230</ymax>
		</bndbox>
	</object>
</annotation>
