<annotation>
	<folder></folder>
	<filename>frame_2191_jpg.rf.af5dc1efc8890206905b4f3ee63387e3.jpg</filename>
	<path>frame_2191_jpg.rf.af5dc1efc8890206905b4f3ee63387e3.jpg</path>
	<source>
		<database>roboflow.ai</database>
	</source>
	<size>
		<width>416</width>
		<height>416</height>
		<depth>3</depth>
	</size>
	<segmented>0</segmented>
	<object>
		<name>auto</name>
		<pose>Unspecified</pose>
		<truncated>0</truncated>
		<difficult>0</difficult>
		<occluded>0</occluded>
		<bndbox>
			<xmin>41</xmin>
			<xmax>289</xmax>
			<ymin>29</ymin>
			<ymax>393</ymax>
		</bndbox>
	</object>
	<object>
		<name>motorbike</name>
		<pose>Unspecified</pose>
		<truncated>0</truncated>
		<difficult>0</difficult>
		<occluded>0</occluded>
		<bndbox>
			<xmin>291</xmin>
			<xmax>404</xmax>
			<ymin>100</ymin>
			<ymax>295</ymax>
		</bndbox>
	</object>
</annotation>
