<annotation>
	<folder></folder>
	<filename>frame_2210_jpg.rf.5774705f2b1a550e34e7ae623197906d.jpg</filename>
	<path>frame_2210_jpg.rf.5774705f2b1a550e34e7ae623197906d.jpg</path>
	<source>
		<database>roboflow.ai</database>
	</source>
	<size>
		<width>416</width>
		<height>416</height>
		<depth>3</depth>
	</size>
	<segmented>0</segmented>
	<object>
		<name>auto</name>
		<pose>Unspecified</pose>
		<truncated>0</truncated>
		<difficult>0</difficult>
		<occluded>0</occluded>
		<bndbox>
			<xmin>10</xmin>
			<xmax>104</xmax>
			<ymin>164</ymin>
			<ymax>292</ymax>
		</bndbox>
	</object>
	<object>
		<name>auto</name>
		<pose>Unspecified</pose>
		<truncated>0</truncated>
		<difficult>0</difficult>
		<occluded>0</occluded>
		<bndbox>
			<xmin>95</xmin>
			<xmax>192</xmax>
			<ymin>132</ymin>
			<ymax>299</ymax>
		</bndbox>
	</object>
	<object>
		<name>auto</name>
		<pose>Unspecified</pose>
		<truncated>0</truncated>
		<difficult>0</difficult>
		<occluded>0</occluded>
		<bndbox>
			<xmin>150</xmin>
			<xmax>332</xmax>
			<ymin>79</ymin>
			<ymax>360</ymax>
		</bndbox>
	</object>
</annotation>
