<annotation>
	<folder></folder>
	<filename>frame_2213_jpg.rf.a49bc8bfcc473e17bc7233dd4762b16a.jpg</filename>
	<path>frame_2213_jpg.rf.a49bc8bfcc473e17bc7233dd4762b16a.jpg</path>
	<source>
		<database>roboflow.ai</database>
	</source>
	<size>
		<width>416</width>
		<height>416</height>
		<depth>3</depth>
	</size>
	<segmented>0</segmented>
	<object>
		<name>auto</name>
		<pose>Unspecified</pose>
		<truncated>0</truncated>
		<difficult>0</difficult>
		<occluded>0</occluded>
		<bndbox>
			<xmin>0</xmin>
			<xmax>123</xmax>
			<ymin>136</ymin>
			<ymax>415</ymax>
		</bndbox>
	</object>
	<object>
		<name>auto</name>
		<pose>Unspecified</pose>
		<truncated>0</truncated>
		<difficult>0</difficult>
		<occluded>0</occluded>
		<bndbox>
			<xmin>250</xmin>
			<xmax>349</xmax>
			<ymin>159</ymin>
			<ymax>280</ymax>
		</bndbox>
	</object>
	<object>
		<name>auto</name>
		<pose>Unspecified</pose>
		<truncated>0</truncated>
		<difficult>0</difficult>
		<occluded>0</occluded>
		<bndbox>
			<xmin>146</xmin>
			<xmax>218</xmax>
			<ymin>171</ymin>
			<ymax>287</ymax>
		</bndbox>
	</object>
</annotation>
