<annotation>
	<folder></folder>
	<filename>frame_2153_jpg.rf.f446c49fd63716b0c757999303f330f3.jpg</filename>
	<path>frame_2153_jpg.rf.f446c49fd63716b0c757999303f330f3.jpg</path>
	<source>
		<database>roboflow.ai</database>
	</source>
	<size>
		<width>416</width>
		<height>416</height>
		<depth>3</depth>
	</size>
	<segmented>0</segmented>
	<object>
		<name>auto</name>
		<pose>Unspecified</pose>
		<truncated>0</truncated>
		<difficult>0</difficult>
		<occluded>0</occluded>
		<bndbox>
			<xmin>236</xmin>
			<xmax>378</xmax>
			<ymin>105</ymin>
			<ymax>388</ymax>
		</bndbox>
	</object>
	<object>
		<name>auto</name>
		<pose>Unspecified</pose>
		<truncated>0</truncated>
		<difficult>0</difficult>
		<occluded>0</occluded>
		<bndbox>
			<xmin>169</xmin>
			<xmax>249</xmax>
			<ymin>103</ymin>
			<ymax>301</ymax>
		</bndbox>
	</object>
</annotation>
