<annotation>
	<folder></folder>
	<filename>frame_2089_jpg.rf.26b7118ab73a6483278a572b744d4678.jpg</filename>
	<path>frame_2089_jpg.rf.26b7118ab73a6483278a572b744d4678.jpg</path>
	<source>
		<database>roboflow.ai</database>
	</source>
	<size>
		<width>416</width>
		<height>416</height>
		<depth>3</depth>
	</size>
	<segmented>0</segmented>
	<object>
		<name>auto</name>
		<pose>Unspecified</pose>
		<truncated>0</truncated>
		<difficult>0</difficult>
		<occluded>0</occluded>
		<bndbox>
			<xmin>54</xmin>
			<xmax>389</xmax>
			<ymin>8</ymin>
			<ymax>409</ymax>
		</bndbox>
	</object>
</annotation>
