<annotation>
	<folder></folder>
	<filename>frame_2050_jpg.rf.9ecd9841a285b820a35e836c1f4cff61.jpg</filename>
	<path>frame_2050_jpg.rf.9ecd9841a285b820a35e836c1f4cff61.jpg</path>
	<source>
		<database>roboflow.ai</database>
	</source>
	<size>
		<width>416</width>
		<height>416</height>
		<depth>3</depth>
	</size>
	<segmented>0</segmented>
	<object>
		<name>auto</name>
		<pose>Unspecified</pose>
		<truncated>0</truncated>
		<difficult>0</difficult>
		<occluded>0</occluded>
		<bndbox>
			<xmin>127</xmin>
			<xmax>301</xmax>
			<ymin>137</ymin>
			<ymax>374</ymax>
		</bndbox>
	</object>
</annotation>
