<annotation>
	<folder></folder>
	<filename>frame_2085_jpg.rf.5542efbe84d84bcee4627bbb2f2eba11.jpg</filename>
	<path>frame_2085_jpg.rf.5542efbe84d84bcee4627bbb2f2eba11.jpg</path>
	<source>
		<database>roboflow.ai</database>
	</source>
	<size>
		<width>416</width>
		<height>416</height>
		<depth>3</depth>
	</size>
	<segmented>0</segmented>
	<object>
		<name>auto</name>
		<pose>Unspecified</pose>
		<truncated>0</truncated>
		<difficult>0</difficult>
		<occluded>0</occluded>
		<bndbox>
			<xmin>54</xmin>
			<xmax>415</xmax>
			<ymin>50</ymin>
			<ymax>415</ymax>
		</bndbox>
	</object>
	<object>
		<name>motorbike</name>
		<pose>Unspecified</pose>
		<truncated>0</truncated>
		<difficult>0</difficult>
		<occluded>0</occluded>
		<bndbox>
			<xmin>19</xmin>
			<xmax>96</xmax>
			<ymin>59</ymin>
			<ymax>131</ymax>
		</bndbox>
	</object>
</annotation>
