<annotation>
	<folder></folder>
	<filename>frame_2215_jpg.rf.1dbb4829b5b46e97075d8741215b6ea2.jpg</filename>
	<path>frame_2215_jpg.rf.1dbb4829b5b46e97075d8741215b6ea2.jpg</path>
	<source>
		<database>roboflow.ai</database>
	</source>
	<size>
		<width>416</width>
		<height>416</height>
		<depth>3</depth>
	</size>
	<segmented>0</segmented>
	<object>
		<name>auto</name>
		<pose>Unspecified</pose>
		<truncated>0</truncated>
		<difficult>0</difficult>
		<occluded>0</occluded>
		<bndbox>
			<xmin>107</xmin>
			<xmax>371</xmax>
			<ymin>11</ymin>
			<ymax>403</ymax>
		</bndbox>
	</object>
	<object>
		<name>auto</name>
		<pose>Unspecified</pose>
		<truncated>0</truncated>
		<difficult>0</difficult>
		<occluded>0</occluded>
		<bndbox>
			<xmin>39</xmin>
			<xmax>124</xmax>
			<ymin>158</ymin>
			<ymax>297</ymax>
		</bndbox>
	</object>
</annotation>
