<annotation>
	<folder></folder>
	<filename>frame_2163_jpg.rf.39c2c15de5b497ae99abc35be82f13a8.jpg</filename>
	<path>frame_2163_jpg.rf.39c2c15de5b497ae99abc35be82f13a8.jpg</path>
	<source>
		<database>roboflow.ai</database>
	</source>
	<size>
		<width>416</width>
		<height>416</height>
		<depth>3</depth>
	</size>
	<segmented>0</segmented>
	<object>
		<name>auto</name>
		<pose>Unspecified</pose>
		<truncated>0</truncated>
		<difficult>0</difficult>
		<occluded>0</occluded>
		<bndbox>
			<xmin>61</xmin>
			<xmax>346</xmax>
			<ymin>7</ymin>
			<ymax>415</ymax>
		</bndbox>
	</object>
</annotation>
