<annotation>
	<folder></folder>
	<filename>frame_2133_jpg.rf.6242b3c023d6005c79c86b35dd95427a.jpg</filename>
	<path>frame_2133_jpg.rf.6242b3c023d6005c79c86b35dd95427a.jpg</path>
	<source>
		<database>roboflow.ai</database>
	</source>
	<size>
		<width>416</width>
		<height>416</height>
		<depth>3</depth>
	</size>
	<segmented>0</segmented>
	<object>
		<name>riksha</name>
		<pose>Unspecified</pose>
		<truncated>0</truncated>
		<difficult>0</difficult>
		<occluded>0</occluded>
		<bndbox>
			<xmin>86</xmin>
			<xmax>415</xmax>
			<ymin>106</ymin>
			<ymax>415</ymax>
		</bndbox>
	</object>
	<object>
		<name>motorbike</name>
		<pose>Unspecified</pose>
		<truncated>0</truncated>
		<difficult>0</difficult>
		<occluded>0</occluded>
		<bndbox>
			<xmin>42</xmin>
			<xmax>145</xmax>
			<ymin>161</ymin>
			<ymax>286</ymax>
		</bndbox>
	</object>
</annotation>
