<annotation>
	<folder></folder>
	<filename>frame_2210_jpg.rf.c09eaf8ceb89f9b5ba5695db5729a194.jpg</filename>
	<path>frame_2210_jpg.rf.c09eaf8ceb89f9b5ba5695db5729a194.jpg</path>
	<source>
		<database>roboflow.ai</database>
	</source>
	<size>
		<width>416</width>
		<height>416</height>
		<depth>3</depth>
	</size>
	<segmented>0</segmented>
	<object>
		<name>auto</name>
		<pose>Unspecified</pose>
		<truncated>0</truncated>
		<difficult>0</difficult>
		<occluded>0</occluded>
		<bndbox>
			<xmin>11</xmin>
			<xmax>112</xmax>
			<ymin>88</ymin>
			<ymax>220</ymax>
		</bndbox>
	</object>
	<object>
		<name>auto</name>
		<pose>Unspecified</pose>
		<truncated>0</truncated>
		<difficult>0</difficult>
		<occluded>0</occluded>
		<bndbox>
			<xmin>92</xmin>
			<xmax>198</xmax>
			<ymin>99</ymin>
			<ymax>271</ymax>
		</bndbox>
	</object>
	<object>
		<name>auto</name>
		<pose>Unspecified</pose>
		<truncated>0</truncated>
		<difficult>0</difficult>
		<occluded>0</occluded>
		<bndbox>
			<xmin>136</xmin>
			<xmax>333</xmax>
			<ymin>90</ymin>
			<ymax>378</ymax>
		</bndbox>
	</object>
</annotation>
