<annotation>
	<folder></folder>
	<filename>frame_2195_jpg.rf.48e64daca3e82db79a0e3d51ca871e79.jpg</filename>
	<path>frame_2195_jpg.rf.48e64daca3e82db79a0e3d51ca871e79.jpg</path>
	<source>
		<database>roboflow.ai</database>
	</source>
	<size>
		<width>416</width>
		<height>416</height>
		<depth>3</depth>
	</size>
	<segmented>0</segmented>
	<object>
		<name>auto</name>
		<pose>Unspecified</pose>
		<truncated>0</truncated>
		<difficult>0</difficult>
		<occluded>0</occluded>
		<bndbox>
			<xmin>43</xmin>
			<xmax>415</xmax>
			<ymin>48</ymin>
			<ymax>413</ymax>
		</bndbox>
	</object>
	<object>
		<name>auto</name>
		<pose>Unspecified</pose>
		<truncated>0</truncated>
		<difficult>0</difficult>
		<occluded>0</occluded>
		<bndbox>
			<xmin>0</xmin>
			<xmax>79</xmax>
			<ymin>34</ymin>
			<ymax>287</ymax>
		</bndbox>
	</object>
</annotation>
