<annotation>
	<folder></folder>
	<filename>frame_2195_jpg.rf.a0e0f43356d29b7ec15d4b6c14311194.jpg</filename>
	<path>frame_2195_jpg.rf.a0e0f43356d29b7ec15d4b6c14311194.jpg</path>
	<source>
		<database>roboflow.ai</database>
	</source>
	<size>
		<width>416</width>
		<height>416</height>
		<depth>3</depth>
	</size>
	<segmented>0</segmented>
	<object>
		<name>auto</name>
		<pose>Unspecified</pose>
		<truncated>0</truncated>
		<difficult>0</difficult>
		<occluded>0</occluded>
		<bndbox>
			<xmin>5</xmin>
			<xmax>415</xmax>
			<ymin>54</ymin>
			<ymax>405</ymax>
		</bndbox>
	</object>
	<object>
		<name>auto</name>
		<pose>Unspecified</pose>
		<truncated>0</truncated>
		<difficult>0</difficult>
		<occluded>0</occluded>
		<bndbox>
			<xmin>0</xmin>
			<xmax>96</xmax>
			<ymin>56</ymin>
			<ymax>277</ymax>
		</bndbox>
	</object>
</annotation>
