<annotation>
	<folder></folder>
	<filename>frame_2168_jpg.rf.e8585e48c91941134c1ec9c344241efe.jpg</filename>
	<path>frame_2168_jpg.rf.e8585e48c91941134c1ec9c344241efe.jpg</path>
	<source>
		<database>roboflow.ai</database>
	</source>
	<size>
		<width>416</width>
		<height>416</height>
		<depth>3</depth>
	</size>
	<segmented>0</segmented>
	<object>
		<name>auto</name>
		<pose>Unspecified</pose>
		<truncated>0</truncated>
		<difficult>0</difficult>
		<occluded>0</occluded>
		<bndbox>
			<xmin>259</xmin>
			<xmax>415</xmax>
			<ymin>91</ymin>
			<ymax>327</ymax>
		</bndbox>
	</object>
	<object>
		<name>auto</name>
		<pose>Unspecified</pose>
		<truncated>0</truncated>
		<difficult>0</difficult>
		<occluded>0</occluded>
		<bndbox>
			<xmin>0</xmin>
			<xmax>237</xmax>
			<ymin>24</ymin>
			<ymax>387</ymax>
		</bndbox>
	</object>
</annotation>
