<annotation>
	<folder></folder>
	<filename>frame_2209_jpg.rf.a132d388c4c9e376da73e123fa1e49d2.jpg</filename>
	<path>frame_2209_jpg.rf.a132d388c4c9e376da73e123fa1e49d2.jpg</path>
	<source>
		<database>roboflow.ai</database>
	</source>
	<size>
		<width>416</width>
		<height>416</height>
		<depth>3</depth>
	</size>
	<segmented>0</segmented>
	<object>
		<name>auto</name>
		<pose>Unspecified</pose>
		<truncated>0</truncated>
		<difficult>0</difficult>
		<occluded>0</occluded>
		<bndbox>
			<xmin>109</xmin>
			<xmax>270</xmax>
			<ymin>85</ymin>
			<ymax>370</ymax>
		</bndbox>
	</object>
	<object>
		<name>auto</name>
		<pose>Unspecified</pose>
		<truncated>0</truncated>
		<difficult>0</difficult>
		<occluded>0</occluded>
		<bndbox>
			<xmin>283</xmin>
			<xmax>336</xmax>
			<ymin>108</ymin>
			<ymax>173</ymax>
		</bndbox>
	</object>
	<object>
		<name>auto</name>
		<pose>Unspecified</pose>
		<truncated>0</truncated>
		<difficult>0</difficult>
		<occluded>0</occluded>
		<bndbox>
			<xmin>397</xmin>
			<xmax>415</xmax>
			<ymin>121</ymin>
			<ymax>189</ymax>
		</bndbox>
	</object>
</annotation>
