<annotation>
	<folder></folder>
	<filename>frame_2211_jpg.rf.dbd9ea0d6de0a004ff1e5f13a5c87f54.jpg</filename>
	<path>frame_2211_jpg.rf.dbd9ea0d6de0a004ff1e5f13a5c87f54.jpg</path>
	<source>
		<database>roboflow.ai</database>
	</source>
	<size>
		<width>416</width>
		<height>416</height>
		<depth>3</depth>
	</size>
	<segmented>0</segmented>
	<object>
		<name>auto</name>
		<pose>Unspecified</pose>
		<truncated>0</truncated>
		<difficult>0</difficult>
		<occluded>0</occluded>
		<bndbox>
			<xmin>228</xmin>
			<xmax>415</xmax>
			<ymin>39</ymin>
			<ymax>396</ymax>
		</bndbox>
	</object>
	<object>
		<name>auto</name>
		<pose>Unspecified</pose>
		<truncated>0</truncated>
		<difficult>0</difficult>
		<occluded>0</occluded>
		<bndbox>
			<xmin>122</xmin>
			<xmax>263</xmax>
			<ymin>85</ymin>
			<ymax>372</ymax>
		</bndbox>
	</object>
	<object>
		<name>auto</name>
		<pose>Unspecified</pose>
		<truncated>0</truncated>
		<difficult>0</difficult>
		<occluded>0</occluded>
		<bndbox>
			<xmin>68</xmin>
			<xmax>152</xmax>
			<ymin>137</ymin>
			<ymax>349</ymax>
		</bndbox>
	</object>
	<object>
		<name>auto</name>
		<pose>Unspecified</pose>
		<truncated>0</truncated>
		<difficult>0</difficult>
		<occluded>0</occluded>
		<bndbox>
			<xmin>20</xmin>
			<xmax>91</xmax>
			<ymin>141</ymin>
			<ymax>338</ymax>
		</bndbox>
	</object>
</annotation>
