<annotation>
	<folder></folder>
	<filename>frame_2149_jpg.rf.1908ff0723415c5fe564445d42fed5a3.jpg</filename>
	<path>frame_2149_jpg.rf.1908ff0723415c5fe564445d42fed5a3.jpg</path>
	<source>
		<database>roboflow.ai</database>
	</source>
	<size>
		<width>416</width>
		<height>416</height>
		<depth>3</depth>
	</size>
	<segmented>0</segmented>
	<object>
		<name>auto</name>
		<pose>Unspecified</pose>
		<truncated>0</truncated>
		<difficult>0</difficult>
		<occluded>0</occluded>
		<bndbox>
			<xmin>224</xmin>
			<xmax>323</xmax>
			<ymin>191</ymin>
			<ymax>332</ymax>
		</bndbox>
	</object>
	<object>
		<name>auto</name>
		<pose>Unspecified</pose>
		<truncated>0</truncated>
		<difficult>0</difficult>
		<occluded>0</occluded>
		<bndbox>
			<xmin>138</xmin>
			<xmax>240</xmax>
			<ymin>178</ymin>
			<ymax>310</ymax>
		</bndbox>
	</object>
</annotation>
