<annotation>
	<folder></folder>
	<filename>frame_2078_jpg.rf.48c436f81dfbda1b8517af1441bb2125.jpg</filename>
	<path>frame_2078_jpg.rf.48c436f81dfbda1b8517af1441bb2125.jpg</path>
	<source>
		<database>roboflow.ai</database>
	</source>
	<size>
		<width>416</width>
		<height>416</height>
		<depth>3</depth>
	</size>
	<segmented>0</segmented>
	<object>
		<name>auto</name>
		<pose>Unspecified</pose>
		<truncated>0</truncated>
		<difficult>0</difficult>
		<occluded>0</occluded>
		<bndbox>
			<xmin>123</xmin>
			<xmax>413</xmax>
			<ymin>11</ymin>
			<ymax>402</ymax>
		</bndbox>
	</object>
</annotation>
