<annotation>
	<folder></folder>
	<filename>frame_2144_jpg.rf.9edb29aa17358a8045670e2685b1fe74.jpg</filename>
	<path>frame_2144_jpg.rf.9edb29aa17358a8045670e2685b1fe74.jpg</path>
	<source>
		<database>roboflow.ai</database>
	</source>
	<size>
		<width>416</width>
		<height>416</height>
		<depth>3</depth>
	</size>
	<segmented>0</segmented>
	<object>
		<name>auto</name>
		<pose>Unspecified</pose>
		<truncated>0</truncated>
		<difficult>0</difficult>
		<occluded>0</occluded>
		<bndbox>
			<xmin>79</xmin>
			<xmax>347</xmax>
			<ymin>8</ymin>
			<ymax>415</ymax>
		</bndbox>
	</object>
</annotation>
