<annotation>
	<folder></folder>
	<filename>frame_2071_jpg.rf.a417373da1a52c2f44d973d854362df7.jpg</filename>
	<path>frame_2071_jpg.rf.a417373da1a52c2f44d973d854362df7.jpg</path>
	<source>
		<database>roboflow.ai</database>
	</source>
	<size>
		<width>416</width>
		<height>416</height>
		<depth>3</depth>
	</size>
	<segmented>0</segmented>
	<object>
		<name>bus</name>
		<pose>Unspecified</pose>
		<truncated>0</truncated>
		<difficult>0</difficult>
		<occluded>0</occluded>
		<bndbox>
			<xmin>210</xmin>
			<xmax>357</xmax>
			<ymin>186</ymin>
			<ymax>361</ymax>
		</bndbox>
	</object>
</annotation>
