<annotation>
	<folder></folder>
	<filename>frame_2096_jpg.rf.2bdbc1b59bbeb01448581e4f367ae332.jpg</filename>
	<path>frame_2096_jpg.rf.2bdbc1b59bbeb01448581e4f367ae332.jpg</path>
	<source>
		<database>roboflow.ai</database>
	</source>
	<size>
		<width>416</width>
		<height>416</height>
		<depth>3</depth>
	</size>
	<segmented>0</segmented>
	<object>
		<name>auto</name>
		<pose>Unspecified</pose>
		<truncated>0</truncated>
		<difficult>0</difficult>
		<occluded>0</occluded>
		<bndbox>
			<xmin>10</xmin>
			<xmax>385</xmax>
			<ymin>36</ymin>
			<ymax>415</ymax>
		</bndbox>
	</object>
</annotation>
