<annotation>
	<folder></folder>
	<filename>frame_2133_jpg.rf.9d646e4df112722fe125ac42a5bb9131.jpg</filename>
	<path>frame_2133_jpg.rf.9d646e4df112722fe125ac42a5bb9131.jpg</path>
	<source>
		<database>roboflow.ai</database>
	</source>
	<size>
		<width>416</width>
		<height>416</height>
		<depth>3</depth>
	</size>
	<segmented>0</segmented>
	<object>
		<name>riksha</name>
		<pose>Unspecified</pose>
		<truncated>0</truncated>
		<difficult>0</difficult>
		<occluded>0</occluded>
		<bndbox>
			<xmin>11</xmin>
			<xmax>331</xmax>
			<ymin>105</ymin>
			<ymax>415</ymax>
		</bndbox>
	</object>
	<object>
		<name>motorbike</name>
		<pose>Unspecified</pose>
		<truncated>0</truncated>
		<difficult>0</difficult>
		<occluded>0</occluded>
		<bndbox>
			<xmin>280</xmin>
			<xmax>374</xmax>
			<ymin>165</ymin>
			<ymax>291</ymax>
		</bndbox>
	</object>
</annotation>
