<annotation>
	<folder></folder>
	<filename>frame_2055_jpg.rf.91b7c1ff619a7438dbecda1a3861db7a.jpg</filename>
	<path>frame_2055_jpg.rf.91b7c1ff619a7438dbecda1a3861db7a.jpg</path>
	<source>
		<database>roboflow.ai</database>
	</source>
	<size>
		<width>416</width>
		<height>416</height>
		<depth>3</depth>
	</size>
	<segmented>0</segmented>
	<object>
		<name>auto</name>
		<pose>Unspecified</pose>
		<truncated>0</truncated>
		<difficult>0</difficult>
		<occluded>0</occluded>
		<bndbox>
			<xmin>66</xmin>
			<xmax>358</xmax>
			<ymin>1</ymin>
			<ymax>410</ymax>
		</bndbox>
	</object>
</annotation>
