<annotation>
	<folder></folder>
	<filename>frame_2091_jpg.rf.791cb0b24cf2b3c1a92130518652264d.jpg</filename>
	<path>frame_2091_jpg.rf.791cb0b24cf2b3c1a92130518652264d.jpg</path>
	<source>
		<database>roboflow.ai</database>
	</source>
	<size>
		<width>416</width>
		<height>416</height>
		<depth>3</depth>
	</size>
	<segmented>0</segmented>
	<object>
		<name>motorbike</name>
		<pose>Unspecified</pose>
		<truncated>0</truncated>
		<difficult>0</difficult>
		<occluded>0</occluded>
		<bndbox>
			<xmin>39</xmin>
			<xmax>158</xmax>
			<ymin>241</ymin>
			<ymax>414</ymax>
		</bndbox>
	</object>
	<object>
		<name>motorbike</name>
		<pose>Unspecified</pose>
		<truncated>0</truncated>
		<difficult>0</difficult>
		<occluded>0</occluded>
		<bndbox>
			<xmin>172</xmin>
			<xmax>284</xmax>
			<ymin>235</ymin>
			<ymax>398</ymax>
		</bndbox>
	</object>
</annotation>
