<annotation>
	<folder></folder>
	<filename>frame_2145_jpg.rf.7dae8ea6aeacc4b0044cde3437f3953d.jpg</filename>
	<path>frame_2145_jpg.rf.7dae8ea6aeacc4b0044cde3437f3953d.jpg</path>
	<source>
		<database>roboflow.ai</database>
	</source>
	<size>
		<width>416</width>
		<height>416</height>
		<depth>3</depth>
	</size>
	<segmented>0</segmented>
	<object>
		<name>auto</name>
		<pose>Unspecified</pose>
		<truncated>0</truncated>
		<difficult>0</difficult>
		<occluded>0</occluded>
		<bndbox>
			<xmin>136</xmin>
			<xmax>415</xmax>
			<ymin>55</ymin>
			<ymax>415</ymax>
		</bndbox>
	</object>
	<object>
		<name>auto</name>
		<pose>Unspecified</pose>
		<truncated>0</truncated>
		<difficult>0</difficult>
		<occluded>0</occluded>
		<bndbox>
			<xmin>85</xmin>
			<xmax>182</xmax>
			<ymin>55</ymin>
			<ymax>252</ymax>
		</bndbox>
	</object>
	<object>
		<name>auto</name>
		<pose>Unspecified</pose>
		<truncated>0</truncated>
		<difficult>0</difficult>
		<occluded>0</occluded>
		<bndbox>
			<xmin>66</xmin>
			<xmax>116</xmax>
			<ymin>52</ymin>
			<ymax>162</ymax>
		</bndbox>
	</object>
</annotation>
