<annotation>
	<folder></folder>
	<filename>frame_2215_jpg.rf.7b247acb03ee895aa734e86c28f3784c.jpg</filename>
	<path>frame_2215_jpg.rf.7b247acb03ee895aa734e86c28f3784c.jpg</path>
	<source>
		<database>roboflow.ai</database>
	</source>
	<size>
		<width>416</width>
		<height>416</height>
		<depth>3</depth>
	</size>
	<segmented>0</segmented>
	<object>
		<name>auto</name>
		<pose>Unspecified</pose>
		<truncated>0</truncated>
		<difficult>0</difficult>
		<occluded>0</occluded>
		<bndbox>
			<xmin>96</xmin>
			<xmax>374</xmax>
			<ymin>0</ymin>
			<ymax>415</ymax>
		</bndbox>
	</object>
	<object>
		<name>auto</name>
		<pose>Unspecified</pose>
		<truncated>0</truncated>
		<difficult>0</difficult>
		<occluded>0</occluded>
		<bndbox>
			<xmin>43</xmin>
			<xmax>131</xmax>
			<ymin>123</ymin>
			<ymax>278</ymax>
		</bndbox>
	</object>
</annotation>
