<annotation>
	<folder></folder>
	<filename>frame_2149_jpg.rf.8701a108b4592961350ca4e602c9c1d6.jpg</filename>
	<path>frame_2149_jpg.rf.8701a108b4592961350ca4e602c9c1d6.jpg</path>
	<source>
		<database>roboflow.ai</database>
	</source>
	<size>
		<width>416</width>
		<height>416</height>
		<depth>3</depth>
	</size>
	<segmented>0</segmented>
	<object>
		<name>auto</name>
		<pose>Unspecified</pose>
		<truncated>0</truncated>
		<difficult>0</difficult>
		<occluded>0</occluded>
		<bndbox>
			<xmin>223</xmin>
			<xmax>333</xmax>
			<ymin>140</ymin>
			<ymax>312</ymax>
		</bndbox>
	</object>
	<object>
		<name>auto</name>
		<pose>Unspecified</pose>
		<truncated>0</truncated>
		<difficult>0</difficult>
		<occluded>0</occluded>
		<bndbox>
			<xmin>138</xmin>
			<xmax>250</xmax>
			<ymin>172</ymin>
			<ymax>334</ymax>
		</bndbox>
	</object>
</annotation>
