<annotation>
	<folder></folder>
	<filename>frame_2107_jpg.rf.745cfcc29b67ddb775a0a67990a16c65.jpg</filename>
	<path>frame_2107_jpg.rf.745cfcc29b67ddb775a0a67990a16c65.jpg</path>
	<source>
		<database>roboflow.ai</database>
	</source>
	<size>
		<width>416</width>
		<height>416</height>
		<depth>3</depth>
	</size>
	<segmented>0</segmented>
	<object>
		<name>auto</name>
		<pose>Unspecified</pose>
		<truncated>0</truncated>
		<difficult>0</difficult>
		<occluded>0</occluded>
		<bndbox>
			<xmin>213</xmin>
			<xmax>364</xmax>
			<ymin>33</ymin>
			<ymax>369</ymax>
		</bndbox>
	</object>
	<object>
		<name>auto</name>
		<pose>Unspecified</pose>
		<truncated>0</truncated>
		<difficult>0</difficult>
		<occluded>0</occluded>
		<bndbox>
			<xmin>17</xmin>
			<xmax>219</xmax>
			<ymin>27</ymin>
			<ymax>385</ymax>
		</bndbox>
	</object>
</annotation>
