<annotation>
	<folder></folder>
	<filename>frame_2208_jpg.rf.4d2b693c04d0ae752942080ad38cfdfe.jpg</filename>
	<path>frame_2208_jpg.rf.4d2b693c04d0ae752942080ad38cfdfe.jpg</path>
	<source>
		<database>roboflow.ai</database>
	</source>
	<size>
		<width>416</width>
		<height>416</height>
		<depth>3</depth>
	</size>
	<segmented>0</segmented>
	<object>
		<name>auto</name>
		<pose>Unspecified</pose>
		<truncated>0</truncated>
		<difficult>0</difficult>
		<occluded>0</occluded>
		<bndbox>
			<xmin>74</xmin>
			<xmax>259</xmax>
			<ymin>75</ymin>
			<ymax>347</ymax>
		</bndbox>
	</object>
	<object>
		<name>auto</name>
		<pose>Unspecified</pose>
		<truncated>0</truncated>
		<difficult>0</difficult>
		<occluded>0</occluded>
		<bndbox>
			<xmin>166</xmin>
			<xmax>353</xmax>
			<ymin>88</ymin>
			<ymax>351</ymax>
		</bndbox>
	</object>
	<object>
		<name>auto</name>
		<pose>Unspecified</pose>
		<truncated>0</truncated>
		<difficult>0</difficult>
		<occluded>0</occluded>
		<bndbox>
			<xmin>296</xmin>
			<xmax>415</xmax>
			<ymin>97</ymin>
			<ymax>330</ymax>
		</bndbox>
	</object>
	<object>
		<name>auto</name>
		<pose>Unspecified</pose>
		<truncated>0</truncated>
		<difficult>0</difficult>
		<occluded>0</occluded>
		<bndbox>
			<xmin>0</xmin>
			<xmax>132</xmax>
			<ymin>46</ymin>
			<ymax>351</ymax>
		</bndbox>
	</object>
</annotation>
