<annotation>
	<folder></folder>
	<filename>frame_2123_jpg.rf.75ad28b7cfb8b2d0ef8346221b7a3d28.jpg</filename>
	<path>frame_2123_jpg.rf.75ad28b7cfb8b2d0ef8346221b7a3d28.jpg</path>
	<source>
		<database>roboflow.ai</database>
	</source>
	<size>
		<width>416</width>
		<height>416</height>
		<depth>3</depth>
	</size>
	<segmented>0</segmented>
	<object>
		<name>auto</name>
		<pose>Unspecified</pose>
		<truncated>0</truncated>
		<difficult>0</difficult>
		<occluded>0</occluded>
		<bndbox>
			<xmin>41</xmin>
			<xmax>242</xmax>
			<ymin>91</ymin>
			<ymax>377</ymax>
		</bndbox>
	</object>
</annotation>
