<annotation>
	<folder></folder>
	<filename>frame_2047_jpg.rf.8245ba8e0249b3971554f1bf7d60d6dd.jpg</filename>
	<path>frame_2047_jpg.rf.8245ba8e0249b3971554f1bf7d60d6dd.jpg</path>
	<source>
		<database>roboflow.ai</database>
	</source>
	<size>
		<width>416</width>
		<height>416</height>
		<depth>3</depth>
	</size>
	<segmented>0</segmented>
	<object>
		<name>auto</name>
		<pose>Unspecified</pose>
		<truncated>0</truncated>
		<difficult>0</difficult>
		<occluded>0</occluded>
		<bndbox>
			<xmin>19</xmin>
			<xmax>415</xmax>
			<ymin>28</ymin>
			<ymax>414</ymax>
		</bndbox>
	</object>
</annotation>
