<annotation>
	<folder></folder>
	<filename>frame_2091_jpg.rf.71098cc7193f6d625efffc9171632493.jpg</filename>
	<path>frame_2091_jpg.rf.71098cc7193f6d625efffc9171632493.jpg</path>
	<source>
		<database>roboflow.ai</database>
	</source>
	<size>
		<width>416</width>
		<height>416</height>
		<depth>3</depth>
	</size>
	<segmented>0</segmented>
	<object>
		<name>motorbike</name>
		<pose>Unspecified</pose>
		<truncated>0</truncated>
		<difficult>0</difficult>
		<occluded>0</occluded>
		<bndbox>
			<xmin>262</xmin>
			<xmax>388</xmax>
			<ymin>257</ymin>
			<ymax>415</ymax>
		</bndbox>
	</object>
	<object>
		<name>motorbike</name>
		<pose>Unspecified</pose>
		<truncated>0</truncated>
		<difficult>0</difficult>
		<occluded>0</occluded>
		<bndbox>
			<xmin>138</xmin>
			<xmax>254</xmax>
			<ymin>215</ymin>
			<ymax>409</ymax>
		</bndbox>
	</object>
</annotation>
