<annotation>
	<folder></folder>
	<filename>frame_2214_jpg.rf.be9a2c232e30ed6a7e817844b6dc247c.jpg</filename>
	<path>frame_2214_jpg.rf.be9a2c232e30ed6a7e817844b6dc247c.jpg</path>
	<source>
		<database>roboflow.ai</database>
	</source>
	<size>
		<width>416</width>
		<height>416</height>
		<depth>3</depth>
	</size>
	<segmented>0</segmented>
	<object>
		<name>auto</name>
		<pose>Unspecified</pose>
		<truncated>0</truncated>
		<difficult>0</difficult>
		<occluded>0</occluded>
		<bndbox>
			<xmin>0</xmin>
			<xmax>159</xmax>
			<ymin>66</ymin>
			<ymax>415</ymax>
		</bndbox>
	</object>
	<object>
		<name>auto</name>
		<pose>Unspecified</pose>
		<truncated>0</truncated>
		<difficult>0</difficult>
		<occluded>0</occluded>
		<bndbox>
			<xmin>163</xmin>
			<xmax>415</xmax>
			<ymin>36</ymin>
			<ymax>386</ymax>
		</bndbox>
	</object>
</annotation>
