<annotation>
	<folder></folder>
	<filename>frame_2074_jpg.rf.87c5ee936afc0bb4388884c3f426c57f.jpg</filename>
	<path>frame_2074_jpg.rf.87c5ee936afc0bb4388884c3f426c57f.jpg</path>
	<source>
		<database>roboflow.ai</database>
	</source>
	<size>
		<width>416</width>
		<height>416</height>
		<depth>3</depth>
	</size>
	<segmented>0</segmented>
	<object>
		<name>auto</name>
		<pose>Unspecified</pose>
		<truncated>0</truncated>
		<difficult>0</difficult>
		<occluded>0</occluded>
		<bndbox>
			<xmin>232</xmin>
			<xmax>286</xmax>
			<ymin>216</ymin>
			<ymax>281</ymax>
		</bndbox>
	</object>
</annotation>
