<annotation>
	<folder></folder>
	<filename>frame_2110_jpg.rf.65899cf116213dbdd54f3691f2abe08a.jpg</filename>
	<path>frame_2110_jpg.rf.65899cf116213dbdd54f3691f2abe08a.jpg</path>
	<source>
		<database>roboflow.ai</database>
	</source>
	<size>
		<width>416</width>
		<height>416</height>
		<depth>3</depth>
	</size>
	<segmented>0</segmented>
	<object>
		<name>auto</name>
		<pose>Unspecified</pose>
		<truncated>0</truncated>
		<difficult>0</difficult>
		<occluded>0</occluded>
		<bndbox>
			<xmin>49</xmin>
			<xmax>415</xmax>
			<ymin>8</ymin>
			<ymax>404</ymax>
		</bndbox>
	</object>
</annotation>
