<annotation>
	<folder></folder>
	<filename>frame_2152_jpg.rf.b51ca4e83b1ea63af02f5f108f4d8058.jpg</filename>
	<path>frame_2152_jpg.rf.b51ca4e83b1ea63af02f5f108f4d8058.jpg</path>
	<source>
		<database>roboflow.ai</database>
	</source>
	<size>
		<width>416</width>
		<height>416</height>
		<depth>3</depth>
	</size>
	<segmented>0</segmented>
	<object>
		<name>auto</name>
		<pose>Unspecified</pose>
		<truncated>0</truncated>
		<difficult>0</difficult>
		<occluded>0</occluded>
		<bndbox>
			<xmin>5</xmin>
			<xmax>379</xmax>
			<ymin>0</ymin>
			<ymax>415</ymax>
		</bndbox>
	</object>
</annotation>
