<annotation>
	<folder></folder>
	<filename>frame_2070_jpg.rf.18f5a703da467e94debf5f0e552d8daf.jpg</filename>
	<path>frame_2070_jpg.rf.18f5a703da467e94debf5f0e552d8daf.jpg</path>
	<source>
		<database>roboflow.ai</database>
	</source>
	<size>
		<width>416</width>
		<height>416</height>
		<depth>3</depth>
	</size>
	<segmented>0</segmented>
	<object>
		<name>auto</name>
		<pose>Unspecified</pose>
		<truncated>0</truncated>
		<difficult>0</difficult>
		<occluded>0</occluded>
		<bndbox>
			<xmin>343</xmin>
			<xmax>415</xmax>
			<ymin>225</ymin>
			<ymax>411</ymax>
		</bndbox>
	</object>
	<object>
		<name>auto</name>
		<pose>Unspecified</pose>
		<truncated>0</truncated>
		<difficult>0</difficult>
		<occluded>0</occluded>
		<bndbox>
			<xmin>258</xmin>
			<xmax>361</xmax>
			<ymin>220</ymin>
			<ymax>392</ymax>
		</bndbox>
	</object>
	<object>
		<name>auto</name>
		<pose>Unspecified</pose>
		<truncated>0</truncated>
		<difficult>0</difficult>
		<occluded>0</occluded>
		<bndbox>
			<xmin>174</xmin>
			<xmax>269</xmax>
			<ymin>225</ymin>
			<ymax>359</ymax>
		</bndbox>
	</object>
</annotation>
