<annotation>
	<folder></folder>
	<filename>frame_2063_jpg.rf.97e0bbfb6fc070eba31f434f7ff30fb6.jpg</filename>
	<path>frame_2063_jpg.rf.97e0bbfb6fc070eba31f434f7ff30fb6.jpg</path>
	<source>
		<database>roboflow.ai</database>
	</source>
	<size>
		<width>416</width>
		<height>416</height>
		<depth>3</depth>
	</size>
	<segmented>0</segmented>
	<object>
		<name>auto</name>
		<pose>Unspecified</pose>
		<truncated>0</truncated>
		<difficult>0</difficult>
		<occluded>0</occluded>
		<bndbox>
			<xmin>18</xmin>
			<xmax>338</xmax>
			<ymin>33</ymin>
			<ymax>379</ymax>
		</bndbox>
	</object>
	<object>
		<name>truck</name>
		<pose>Unspecified</pose>
		<truncated>0</truncated>
		<difficult>0</difficult>
		<occluded>0</occluded>
		<bndbox>
			<xmin>310</xmin>
			<xmax>356</xmax>
			<ymin>47</ymin>
			<ymax>153</ymax>
		</bndbox>
	</object>
</annotation>
