<annotation>
	<folder></folder>
	<filename>frame_2176_jpg.rf.82c7dc53467b2935d2c6f3ebbad1f647.jpg</filename>
	<path>frame_2176_jpg.rf.82c7dc53467b2935d2c6f3ebbad1f647.jpg</path>
	<source>
		<database>roboflow.ai</database>
	</source>
	<size>
		<width>416</width>
		<height>416</height>
		<depth>3</depth>
	</size>
	<segmented>0</segmented>
	<object>
		<name>auto</name>
		<pose>Unspecified</pose>
		<truncated>0</truncated>
		<difficult>0</difficult>
		<occluded>0</occluded>
		<bndbox>
			<xmin>57</xmin>
			<xmax>261</xmax>
			<ymin>103</ymin>
			<ymax>379</ymax>
		</bndbox>
	</object>
	<object>
		<name>auto</name>
		<pose>Unspecified</pose>
		<truncated>0</truncated>
		<difficult>0</difficult>
		<occluded>0</occluded>
		<bndbox>
			<xmin>232</xmin>
			<xmax>371</xmax>
			<ymin>130</ymin>
			<ymax>341</ymax>
		</bndbox>
	</object>
</annotation>
