<annotation>
	<folder></folder>
	<filename>frame_2074_jpg.rf.12272154e0c2bc72d1334d37a3c3ae5d.jpg</filename>
	<path>frame_2074_jpg.rf.12272154e0c2bc72d1334d37a3c3ae5d.jpg</path>
	<source>
		<database>roboflow.ai</database>
	</source>
	<size>
		<width>416</width>
		<height>416</height>
		<depth>3</depth>
	</size>
	<segmented>0</segmented>
	<object>
		<name>auto</name>
		<pose>Unspecified</pose>
		<truncated>0</truncated>
		<difficult>0</difficult>
		<occluded>0</occluded>
		<bndbox>
			<xmin>154</xmin>
			<xmax>204</xmax>
			<ymin>227</ymin>
			<ymax>301</ymax>
		</bndbox>
	</object>
</annotation>
