<annotation>
	<folder></folder>
	<filename>frame_2214_jpg.rf.75b0da27e3a0b5f6389efaca43ebece3.jpg</filename>
	<path>frame_2214_jpg.rf.75b0da27e3a0b5f6389efaca43ebece3.jpg</path>
	<source>
		<database>roboflow.ai</database>
	</source>
	<size>
		<width>416</width>
		<height>416</height>
		<depth>3</depth>
	</size>
	<segmented>0</segmented>
	<object>
		<name>auto</name>
		<pose>Unspecified</pose>
		<truncated>0</truncated>
		<difficult>0</difficult>
		<occluded>0</occluded>
		<bndbox>
			<xmin>0</xmin>
			<xmax>197</xmax>
			<ymin>75</ymin>
			<ymax>415</ymax>
		</bndbox>
	</object>
	<object>
		<name>auto</name>
		<pose>Unspecified</pose>
		<truncated>0</truncated>
		<difficult>0</difficult>
		<occluded>0</occluded>
		<bndbox>
			<xmin>139</xmin>
			<xmax>415</xmax>
			<ymin>0</ymin>
			<ymax>401</ymax>
		</bndbox>
	</object>
</annotation>
