<annotation>
	<folder></folder>
	<filename>frame_2070_jpg.rf.0fcd7f25662a01a63c423900581f31ed.jpg</filename>
	<path>frame_2070_jpg.rf.0fcd7f25662a01a63c423900581f31ed.jpg</path>
	<source>
		<database>roboflow.ai</database>
	</source>
	<size>
		<width>416</width>
		<height>416</height>
		<depth>3</depth>
	</size>
	<segmented>0</segmented>
	<object>
		<name>auto</name>
		<pose>Unspecified</pose>
		<truncated>0</truncated>
		<difficult>0</difficult>
		<occluded>0</occluded>
		<bndbox>
			<xmin>42</xmin>
			<xmax>175</xmax>
			<ymin>264</ymin>
			<ymax>412</ymax>
		</bndbox>
	</object>
	<object>
		<name>auto</name>
		<pose>Unspecified</pose>
		<truncated>0</truncated>
		<difficult>0</difficult>
		<occluded>0</occluded>
		<bndbox>
			<xmin>111</xmin>
			<xmax>248</xmax>
			<ymin>239</ymin>
			<ymax>404</ymax>
		</bndbox>
	</object>
	<object>
		<name>auto</name>
		<pose>Unspecified</pose>
		<truncated>0</truncated>
		<difficult>0</difficult>
		<occluded>0</occluded>
		<bndbox>
			<xmin>191</xmin>
			<xmax>313</xmax>
			<ymin>223</ymin>
			<ymax>354</ymax>
		</bndbox>
	</object>
</annotation>
