<annotation>
	<folder></folder>
	<filename>frame_2153_jpg.rf.2c9596a6b50448408209662ea56626f5.jpg</filename>
	<path>frame_2153_jpg.rf.2c9596a6b50448408209662ea56626f5.jpg</path>
	<source>
		<database>roboflow.ai</database>
	</source>
	<size>
		<width>416</width>
		<height>416</height>
		<depth>3</depth>
	</size>
	<segmented>0</segmented>
	<object>
		<name>auto</name>
		<pose>Unspecified</pose>
		<truncated>0</truncated>
		<difficult>0</difficult>
		<occluded>0</occluded>
		<bndbox>
			<xmin>43</xmin>
			<xmax>172</xmax>
			<ymin>99</ymin>
			<ymax>368</ymax>
		</bndbox>
	</object>
	<object>
		<name>auto</name>
		<pose>Unspecified</pose>
		<truncated>0</truncated>
		<difficult>0</difficult>
		<occluded>0</occluded>
		<bndbox>
			<xmin>172</xmin>
			<xmax>243</xmax>
			<ymin>107</ymin>
			<ymax>297</ymax>
		</bndbox>
	</object>
</annotation>
