<annotation>
	<folder></folder>
	<filename>frame_2145_jpg.rf.4070068a5ebe2c8a269e30ca2aedac69.jpg</filename>
	<path>frame_2145_jpg.rf.4070068a5ebe2c8a269e30ca2aedac69.jpg</path>
	<source>
		<database>roboflow.ai</database>
	</source>
	<size>
		<width>416</width>
		<height>416</height>
		<depth>3</depth>
	</size>
	<segmented>0</segmented>
	<object>
		<name>auto</name>
		<pose>Unspecified</pose>
		<truncated>0</truncated>
		<difficult>0</difficult>
		<occluded>0</occluded>
		<bndbox>
			<xmin>128</xmin>
			<xmax>415</xmax>
			<ymin>51</ymin>
			<ymax>379</ymax>
		</bndbox>
	</object>
	<object>
		<name>auto</name>
		<pose>Unspecified</pose>
		<truncated>0</truncated>
		<difficult>0</difficult>
		<occluded>0</occluded>
		<bndbox>
			<xmin>75</xmin>
			<xmax>175</xmax>
			<ymin>85</ymin>
			<ymax>265</ymax>
		</bndbox>
	</object>
	<object>
		<name>auto</name>
		<pose>Unspecified</pose>
		<truncated>0</truncated>
		<difficult>0</difficult>
		<occluded>0</occluded>
		<bndbox>
			<xmin>48</xmin>
			<xmax>99</xmax>
			<ymin>91</ymin>
			<ymax>192</ymax>
		</bndbox>
	</object>
</annotation>
