<annotation>
	<folder></folder>
	<filename>frame_2152_jpg.rf.3f6de78079ace6d56e49ca564e990eb5.jpg</filename>
	<path>frame_2152_jpg.rf.3f6de78079ace6d56e49ca564e990eb5.jpg</path>
	<source>
		<database>roboflow.ai</database>
	</source>
	<size>
		<width>416</width>
		<height>416</height>
		<depth>3</depth>
	</size>
	<segmented>0</segmented>
	<object>
		<name>auto</name>
		<pose>Unspecified</pose>
		<truncated>0</truncated>
		<difficult>0</difficult>
		<occluded>0</occluded>
		<bndbox>
			<xmin>22</xmin>
			<xmax>350</xmax>
			<ymin>28</ymin>
			<ymax>415</ymax>
		</bndbox>
	</object>
</annotation>
