<annotation>
	<folder></folder>
	<filename>frame_2176_jpg.rf.03d39afae3d3b509f3875bd30f786236.jpg</filename>
	<path>frame_2176_jpg.rf.03d39afae3d3b509f3875bd30f786236.jpg</path>
	<source>
		<database>roboflow.ai</database>
	</source>
	<size>
		<width>416</width>
		<height>416</height>
		<depth>3</depth>
	</size>
	<segmented>0</segmented>
	<object>
		<name>auto</name>
		<pose>Unspecified</pose>
		<truncated>0</truncated>
		<difficult>0</difficult>
		<occluded>0</occluded>
		<bndbox>
			<xmin>21</xmin>
			<xmax>272</xmax>
			<ymin>72</ymin>
			<ymax>370</ymax>
		</bndbox>
	</object>
	<object>
		<name>auto</name>
		<pose>Unspecified</pose>
		<truncated>0</truncated>
		<difficult>0</difficult>
		<occluded>0</occluded>
		<bndbox>
			<xmin>209</xmin>
			<xmax>385</xmax>
			<ymin>150</ymin>
			<ymax>374</ymax>
		</bndbox>
	</object>
</annotation>
