<annotation>
	<folder></folder>
	<filename>frame_2102_jpg.rf.fa8efba7dd6a468bcc744f54a9dad0ba.jpg</filename>
	<path>frame_2102_jpg.rf.fa8efba7dd6a468bcc744f54a9dad0ba.jpg</path>
	<source>
		<database>roboflow.ai</database>
	</source>
	<size>
		<width>416</width>
		<height>416</height>
		<depth>3</depth>
	</size>
	<segmented>0</segmented>
	<object>
		<name>auto</name>
		<pose>Unspecified</pose>
		<truncated>0</truncated>
		<difficult>0</difficult>
		<occluded>0</occluded>
		<bndbox>
			<xmin>207</xmin>
			<xmax>415</xmax>
			<ymin>117</ymin>
			<ymax>415</ymax>
		</bndbox>
	</object>
	<object>
		<name>car</name>
		<pose>Unspecified</pose>
		<truncated>0</truncated>
		<difficult>0</difficult>
		<occluded>0</occluded>
		<bndbox>
			<xmin>0</xmin>
			<xmax>195</xmax>
			<ymin>100</ymin>
			<ymax>321</ymax>
		</bndbox>
	</object>
</annotation>
