<annotation>
	<folder></folder>
	<filename>frame_2215_jpg.rf.5d2994bb3f8db6375b8f902998255850.jpg</filename>
	<path>frame_2215_jpg.rf.5d2994bb3f8db6375b8f902998255850.jpg</path>
	<source>
		<database>roboflow.ai</database>
	</source>
	<size>
		<width>416</width>
		<height>416</height>
		<depth>3</depth>
	</size>
	<segmented>0</segmented>
	<object>
		<name>auto</name>
		<pose>Unspecified</pose>
		<truncated>0</truncated>
		<difficult>0</difficult>
		<occluded>0</occluded>
		<bndbox>
			<xmin>58</xmin>
			<xmax>302</xmax>
			<ymin>0</ymin>
			<ymax>415</ymax>
		</bndbox>
	</object>
	<object>
		<name>auto</name>
		<pose>Unspecified</pose>
		<truncated>0</truncated>
		<difficult>0</difficult>
		<occluded>0</occluded>
		<bndbox>
			<xmin>296</xmin>
			<xmax>371</xmax>
			<ymin>139</ymin>
			<ymax>299</ymax>
		</bndbox>
	</object>
</annotation>
