<annotation>
	<folder></folder>
	<filename>frame_2081_jpg.rf.5055d978052b938a649adf414de9f349.jpg</filename>
	<path>frame_2081_jpg.rf.5055d978052b938a649adf414de9f349.jpg</path>
	<source>
		<database>roboflow.ai</database>
	</source>
	<size>
		<width>416</width>
		<height>416</height>
		<depth>3</depth>
	</size>
	<segmented>0</segmented>
	<object>
		<name>auto</name>
		<pose>Unspecified</pose>
		<truncated>0</truncated>
		<difficult>0</difficult>
		<occluded>0</occluded>
		<bndbox>
			<xmin>110</xmin>
			<xmax>331</xmax>
			<ymin>9</ymin>
			<ymax>415</ymax>
		</bndbox>
	</object>
	<object>
		<name>van</name>
		<pose>Unspecified</pose>
		<truncated>0</truncated>
		<difficult>0</difficult>
		<occluded>0</occluded>
		<bndbox>
			<xmin>35</xmin>
			<xmax>133</xmax>
			<ymin>65</ymin>
			<ymax>285</ymax>
		</bndbox>
	</object>
</annotation>
