<annotation>
	<folder></folder>
	<filename>frame_2063_jpg.rf.207b01cb5f8ef403e81d9dd7eda0ca38.jpg</filename>
	<path>frame_2063_jpg.rf.207b01cb5f8ef403e81d9dd7eda0ca38.jpg</path>
	<source>
		<database>roboflow.ai</database>
	</source>
	<size>
		<width>416</width>
		<height>416</height>
		<depth>3</depth>
	</size>
	<segmented>0</segmented>
	<object>
		<name>auto</name>
		<pose>Unspecified</pose>
		<truncated>0</truncated>
		<difficult>0</difficult>
		<occluded>0</occluded>
		<bndbox>
			<xmin>0</xmin>
			<xmax>380</xmax>
			<ymin>20</ymin>
			<ymax>398</ymax>
		</bndbox>
	</object>
	<object>
		<name>truck</name>
		<pose>Unspecified</pose>
		<truncated>0</truncated>
		<difficult>0</difficult>
		<occluded>0</occluded>
		<bndbox>
			<xmin>267</xmin>
			<xmax>332</xmax>
			<ymin>34</ymin>
			<ymax>145</ymax>
		</bndbox>
	</object>
</annotation>
