<annotation>
	<folder></folder>
	<filename>frame_2078_jpg.rf.d3df446e1769aac7da4b33f56aaba774.jpg</filename>
	<path>frame_2078_jpg.rf.d3df446e1769aac7da4b33f56aaba774.jpg</path>
	<source>
		<database>roboflow.ai</database>
	</source>
	<size>
		<width>416</width>
		<height>416</height>
		<depth>3</depth>
	</size>
	<segmented>0</segmented>
	<object>
		<name>auto</name>
		<pose>Unspecified</pose>
		<truncated>0</truncated>
		<difficult>0</difficult>
		<occluded>0</occluded>
		<bndbox>
			<xmin>109</xmin>
			<xmax>407</xmax>
			<ymin>37</ymin>
			<ymax>415</ymax>
		</bndbox>
	</object>
</annotation>
