<annotation>
	<folder></folder>
	<filename>frame_2064_jpg.rf.8ea5f01850576c7813fe3c81883265e6.jpg</filename>
	<path>frame_2064_jpg.rf.8ea5f01850576c7813fe3c81883265e6.jpg</path>
	<source>
		<database>roboflow.ai</database>
	</source>
	<size>
		<width>416</width>
		<height>416</height>
		<depth>3</depth>
	</size>
	<segmented>0</segmented>
	<object>
		<name>auto</name>
		<pose>Unspecified</pose>
		<truncated>0</truncated>
		<difficult>0</difficult>
		<occluded>0</occluded>
		<bndbox>
			<xmin>178</xmin>
			<xmax>252</xmax>
			<ymin>171</ymin>
			<ymax>328</ymax>
		</bndbox>
	</object>
</annotation>
