<annotation>
	<folder></folder>
	<filename>frame_2133_jpg.rf.74edf0697628e2b1f03f7382bef6212b.jpg</filename>
	<path>frame_2133_jpg.rf.74edf0697628e2b1f03f7382bef6212b.jpg</path>
	<source>
		<database>roboflow.ai</database>
	</source>
	<size>
		<width>416</width>
		<height>416</height>
		<depth>3</depth>
	</size>
	<segmented>0</segmented>
	<object>
		<name>riksha</name>
		<pose>Unspecified</pose>
		<truncated>0</truncated>
		<difficult>0</difficult>
		<occluded>0</occluded>
		<bndbox>
			<xmin>0</xmin>
			<xmax>324</xmax>
			<ymin>48</ymin>
			<ymax>415</ymax>
		</bndbox>
	</object>
	<object>
		<name>motorbike</name>
		<pose>Unspecified</pose>
		<truncated>0</truncated>
		<difficult>0</difficult>
		<occluded>0</occluded>
		<bndbox>
			<xmin>270</xmin>
			<xmax>373</xmax>
			<ymin>186</ymin>
			<ymax>340</ymax>
		</bndbox>
	</object>
</annotation>
