<annotation>
	<folder></folder>
	<filename>frame_2130_jpg.rf.05502c810ad399bc2fca0fd8ad8cd004.jpg</filename>
	<path>frame_2130_jpg.rf.05502c810ad399bc2fca0fd8ad8cd004.jpg</path>
	<source>
		<database>roboflow.ai</database>
	</source>
	<size>
		<width>416</width>
		<height>416</height>
		<depth>3</depth>
	</size>
	<segmented>0</segmented>
	<object>
		<name>auto</name>
		<pose>Unspecified</pose>
		<truncated>0</truncated>
		<difficult>0</difficult>
		<occluded>0</occluded>
		<bndbox>
			<xmin>175</xmin>
			<xmax>400</xmax>
			<ymin>129</ymin>
			<ymax>330</ymax>
		</bndbox>
	</object>
	<object>
		<name>car</name>
		<pose>Unspecified</pose>
		<truncated>0</truncated>
		<difficult>0</difficult>
		<occluded>0</occluded>
		<bndbox>
			<xmin>1</xmin>
			<xmax>79</xmax>
			<ymin>125</ymin>
			<ymax>201</ymax>
		</bndbox>
	</object>
</annotation>
