<annotation>
	<folder></folder>
	<filename>frame_2073_jpg.rf.2a5cf568d9b783393da337cdbdfe162e.jpg</filename>
	<path>frame_2073_jpg.rf.2a5cf568d9b783393da337cdbdfe162e.jpg</path>
	<source>
		<database>roboflow.ai</database>
	</source>
	<size>
		<width>416</width>
		<height>416</height>
		<depth>3</depth>
	</size>
	<segmented>0</segmented>
	<object>
		<name>auto</name>
		<pose>Unspecified</pose>
		<truncated>0</truncated>
		<difficult>0</difficult>
		<occluded>0</occluded>
		<bndbox>
			<xmin>13</xmin>
			<xmax>198</xmax>
			<ymin>192</ymin>
			<ymax>376</ymax>
		</bndbox>
	</object>
	<object>
		<name>auto</name>
		<pose>Unspecified</pose>
		<truncated>0</truncated>
		<difficult>0</difficult>
		<occluded>0</occluded>
		<bndbox>
			<xmin>167</xmin>
			<xmax>286</xmax>
			<ymin>193</ymin>
			<ymax>344</ymax>
		</bndbox>
	</object>
</annotation>
