<annotation>
	<folder></folder>
	<filename>frame_2062_jpg.rf.2ccf63b32ad808d7c6ee423ed9331dfb.jpg</filename>
	<path>frame_2062_jpg.rf.2ccf63b32ad808d7c6ee423ed9331dfb.jpg</path>
	<source>
		<database>roboflow.ai</database>
	</source>
	<size>
		<width>416</width>
		<height>416</height>
		<depth>3</depth>
	</size>
	<segmented>0</segmented>
	<object>
		<name>auto</name>
		<pose>Unspecified</pose>
		<truncated>0</truncated>
		<difficult>0</difficult>
		<occluded>0</occluded>
		<bndbox>
			<xmin>1</xmin>
			<xmax>162</xmax>
			<ymin>164</ymin>
			<ymax>401</ymax>
		</bndbox>
	</object>
	<object>
		<name>auto</name>
		<pose>Unspecified</pose>
		<truncated>0</truncated>
		<difficult>0</difficult>
		<occluded>0</occluded>
		<bndbox>
			<xmin>91</xmin>
			<xmax>252</xmax>
			<ymin>118</ymin>
			<ymax>381</ymax>
		</bndbox>
	</object>
	<object>
		<name>auto</name>
		<pose>Unspecified</pose>
		<truncated>0</truncated>
		<difficult>0</difficult>
		<occluded>0</occluded>
		<bndbox>
			<xmin>192</xmin>
			<xmax>415</xmax>
			<ymin>55</ymin>
			<ymax>370</ymax>
		</bndbox>
	</object>
</annotation>
