<annotation>
	<folder></folder>
	<filename>frame_2086_jpg.rf.ae8568151f84ce7f3f2c660cb3960488.jpg</filename>
	<path>frame_2086_jpg.rf.ae8568151f84ce7f3f2c660cb3960488.jpg</path>
	<source>
		<database>roboflow.ai</database>
	</source>
	<size>
		<width>416</width>
		<height>416</height>
		<depth>3</depth>
	</size>
	<segmented>0</segmented>
	<object>
		<name>riksha</name>
		<pose>Unspecified</pose>
		<truncated>0</truncated>
		<difficult>0</difficult>
		<occluded>0</occluded>
		<bndbox>
			<xmin>0</xmin>
			<xmax>341</xmax>
			<ymin>0</ymin>
			<ymax>415</ymax>
		</bndbox>
	</object>
	<object>
		<name>auto</name>
		<pose>Unspecified</pose>
		<truncated>0</truncated>
		<difficult>0</difficult>
		<occluded>0</occluded>
		<bndbox>
			<xmin>200</xmin>
			<xmax>361</xmax>
			<ymin>83</ymin>
			<ymax>313</ymax>
		</bndbox>
	</object>
</annotation>
