<annotation>
	<folder></folder>
	<filename>frame_2138_jpg.rf.10674d4ec72abe0773107413dc0eb272.jpg</filename>
	<path>frame_2138_jpg.rf.10674d4ec72abe0773107413dc0eb272.jpg</path>
	<source>
		<database>roboflow.ai</database>
	</source>
	<size>
		<width>416</width>
		<height>416</height>
		<depth>3</depth>
	</size>
	<segmented>0</segmented>
	<object>
		<name>auto</name>
		<pose>Unspecified</pose>
		<truncated>0</truncated>
		<difficult>0</difficult>
		<occluded>0</occluded>
		<bndbox>
			<xmin>14</xmin>
			<xmax>391</xmax>
			<ymin>4</ymin>
			<ymax>415</ymax>
		</bndbox>
	</object>
</annotation>
