<annotation>
	<folder></folder>
	<filename>frame_2143_jpg.rf.bf110596d5f3e121237bda2b98bfbfe2.jpg</filename>
	<path>frame_2143_jpg.rf.bf110596d5f3e121237bda2b98bfbfe2.jpg</path>
	<source>
		<database>roboflow.ai</database>
	</source>
	<size>
		<width>416</width>
		<height>416</height>
		<depth>3</depth>
	</size>
	<segmented>0</segmented>
	<object>
		<name>auto</name>
		<pose>Unspecified</pose>
		<truncated>0</truncated>
		<difficult>0</difficult>
		<occluded>0</occluded>
		<bndbox>
			<xmin>277</xmin>
			<xmax>404</xmax>
			<ymin>91</ymin>
			<ymax>404</ymax>
		</bndbox>
	</object>
	<object>
		<name>auto</name>
		<pose>Unspecified</pose>
		<truncated>0</truncated>
		<difficult>0</difficult>
		<occluded>0</occluded>
		<bndbox>
			<xmin>3</xmin>
			<xmax>179</xmax>
			<ymin>0</ymin>
			<ymax>387</ymax>
		</bndbox>
	</object>
	<object>
		<name>auto</name>
		<pose>Unspecified</pose>
		<truncated>0</truncated>
		<difficult>0</difficult>
		<occluded>0</occluded>
		<bndbox>
			<xmin>207</xmin>
			<xmax>283</xmax>
			<ymin>60</ymin>
			<ymax>377</ymax>
		</bndbox>
	</object>
</annotation>
