<annotation>
	<folder></folder>
	<filename>frame_2055_jpg.rf.8a97f3b669fa6a24769169897da1bdda.jpg</filename>
	<path>frame_2055_jpg.rf.8a97f3b669fa6a24769169897da1bdda.jpg</path>
	<source>
		<database>roboflow.ai</database>
	</source>
	<size>
		<width>416</width>
		<height>416</height>
		<depth>3</depth>
	</size>
	<segmented>0</segmented>
	<object>
		<name>auto</name>
		<pose>Unspecified</pose>
		<truncated>0</truncated>
		<difficult>0</difficult>
		<occluded>0</occluded>
		<bndbox>
			<xmin>8</xmin>
			<xmax>400</xmax>
			<ymin>0</ymin>
			<ymax>415</ymax>
		</bndbox>
	</object>
</annotation>
