<annotation>
	<folder></folder>
	<filename>frame_2209_jpg.rf.c362388f28693ab6f8f4a12b8618c6db.jpg</filename>
	<path>frame_2209_jpg.rf.c362388f28693ab6f8f4a12b8618c6db.jpg</path>
	<source>
		<database>roboflow.ai</database>
	</source>
	<size>
		<width>416</width>
		<height>416</height>
		<depth>3</depth>
	</size>
	<segmented>0</segmented>
	<object>
		<name>auto</name>
		<pose>Unspecified</pose>
		<truncated>0</truncated>
		<difficult>0</difficult>
		<occluded>0</occluded>
		<bndbox>
			<xmin>149</xmin>
			<xmax>305</xmax>
			<ymin>66</ymin>
			<ymax>397</ymax>
		</bndbox>
	</object>
	<object>
		<name>auto</name>
		<pose>Unspecified</pose>
		<truncated>0</truncated>
		<difficult>0</difficult>
		<occluded>0</occluded>
		<bndbox>
			<xmin>82</xmin>
			<xmax>134</xmax>
			<ymin>84</ymin>
			<ymax>160</ymax>
		</bndbox>
	</object>
	<object>
		<name>auto</name>
		<pose>Unspecified</pose>
		<truncated>0</truncated>
		<difficult>0</difficult>
		<occluded>0</occluded>
		<bndbox>
			<xmin>0</xmin>
			<xmax>19</xmax>
			<ymin>77</ymin>
			<ymax>156</ymax>
		</bndbox>
	</object>
</annotation>
