<annotation>
	<folder></folder>
	<filename>frame_2130_jpg.rf.dd5a92d9a7fd6ed9a8a264c5176a6d1f.jpg</filename>
	<path>frame_2130_jpg.rf.dd5a92d9a7fd6ed9a8a264c5176a6d1f.jpg</path>
	<source>
		<database>roboflow.ai</database>
	</source>
	<size>
		<width>416</width>
		<height>416</height>
		<depth>3</depth>
	</size>
	<segmented>0</segmented>
	<object>
		<name>auto</name>
		<pose>Unspecified</pose>
		<truncated>0</truncated>
		<difficult>0</difficult>
		<occluded>0</occluded>
		<bndbox>
			<xmin>13</xmin>
			<xmax>244</xmax>
			<ymin>86</ymin>
			<ymax>329</ymax>
		</bndbox>
	</object>
	<object>
		<name>car</name>
		<pose>Unspecified</pose>
		<truncated>0</truncated>
		<difficult>0</difficult>
		<occluded>0</occluded>
		<bndbox>
			<xmin>337</xmin>
			<xmax>415</xmax>
			<ymin>164</ymin>
			<ymax>256</ymax>
		</bndbox>
	</object>
</annotation>
