<annotation>
	<folder></folder>
	<filename>frame_2072_jpg.rf.5a91fa06cf8e0389aa18272e0594f59e.jpg</filename>
	<path>frame_2072_jpg.rf.5a91fa06cf8e0389aa18272e0594f59e.jpg</path>
	<source>
		<database>roboflow.ai</database>
	</source>
	<size>
		<width>416</width>
		<height>416</height>
		<depth>3</depth>
	</size>
	<segmented>0</segmented>
	<object>
		<name>auto</name>
		<pose>Unspecified</pose>
		<truncated>0</truncated>
		<difficult>0</difficult>
		<occluded>0</occluded>
		<bndbox>
			<xmin>0</xmin>
			<xmax>171</xmax>
			<ymin>135</ymin>
			<ymax>402</ymax>
		</bndbox>
	</object>
	<object>
		<name>auto</name>
		<pose>Unspecified</pose>
		<truncated>0</truncated>
		<difficult>0</difficult>
		<occluded>0</occluded>
		<bndbox>
			<xmin>221</xmin>
			<xmax>415</xmax>
			<ymin>32</ymin>
			<ymax>311</ymax>
		</bndbox>
	</object>
</annotation>
