<annotation>
	<folder></folder>
	<filename>frame_2075_jpg.rf.ef3ca9e1026b7332e69683dd625d2640.jpg</filename>
	<path>frame_2075_jpg.rf.ef3ca9e1026b7332e69683dd625d2640.jpg</path>
	<source>
		<database>roboflow.ai</database>
	</source>
	<size>
		<width>416</width>
		<height>416</height>
		<depth>3</depth>
	</size>
	<segmented>0</segmented>
	<object>
		<name>auto</name>
		<pose>Unspecified</pose>
		<truncated>0</truncated>
		<difficult>0</difficult>
		<occluded>0</occluded>
		<bndbox>
			<xmin>184</xmin>
			<xmax>297</xmax>
			<ymin>144</ymin>
			<ymax>248</ymax>
		</bndbox>
	</object>
	<object>
		<name>car</name>
		<pose>Unspecified</pose>
		<truncated>0</truncated>
		<difficult>0</difficult>
		<occluded>0</occluded>
		<bndbox>
			<xmin>286</xmin>
			<xmax>392</xmax>
			<ymin>127</ymin>
			<ymax>215</ymax>
		</bndbox>
	</object>
</annotation>
