<annotation>
	<folder></folder>
	<filename>frame_2217_jpg.rf.f648498ff2fb023114c5b1a0c144cd0c.jpg</filename>
	<path>frame_2217_jpg.rf.f648498ff2fb023114c5b1a0c144cd0c.jpg</path>
	<source>
		<database>roboflow.ai</database>
	</source>
	<size>
		<width>416</width>
		<height>416</height>
		<depth>3</depth>
	</size>
	<segmented>0</segmented>
	<object>
		<name>auto</name>
		<pose>Unspecified</pose>
		<truncated>0</truncated>
		<difficult>0</difficult>
		<occluded>0</occluded>
		<bndbox>
			<xmin>0</xmin>
			<xmax>263</xmax>
			<ymin>0</ymin>
			<ymax>410</ymax>
		</bndbox>
	</object>
	<object>
		<name>auto</name>
		<pose>Unspecified</pose>
		<truncated>0</truncated>
		<difficult>0</difficult>
		<occluded>0</occluded>
		<bndbox>
			<xmin>304</xmin>
			<xmax>415</xmax>
			<ymin>64</ymin>
			<ymax>236</ymax>
		</bndbox>
	</object>
</annotation>
