<annotation>
	<folder></folder>
	<filename>frame_2086_jpg.rf.1ebfaddc99dd301987bf108b3ee3606c.jpg</filename>
	<path>frame_2086_jpg.rf.1ebfaddc99dd301987bf108b3ee3606c.jpg</path>
	<source>
		<database>roboflow.ai</database>
	</source>
	<size>
		<width>416</width>
		<height>416</height>
		<depth>3</depth>
	</size>
	<segmented>0</segmented>
	<object>
		<name>riksha</name>
		<pose>Unspecified</pose>
		<truncated>0</truncated>
		<difficult>0</difficult>
		<occluded>0</occluded>
		<bndbox>
			<xmin>83</xmin>
			<xmax>412</xmax>
			<ymin>4</ymin>
			<ymax>403</ymax>
		</bndbox>
	</object>
	<object>
		<name>auto</name>
		<pose>Unspecified</pose>
		<truncated>0</truncated>
		<difficult>0</difficult>
		<occluded>0</occluded>
		<bndbox>
			<xmin>55</xmin>
			<xmax>207</xmax>
			<ymin>78</ymin>
			<ymax>272</ymax>
		</bndbox>
	</object>
</annotation>
