<annotation>
	<folder></folder>
	<filename>frame_2073_jpg.rf.674ce6f129c7c2fceaabc69efc05e86b.jpg</filename>
	<path>frame_2073_jpg.rf.674ce6f129c7c2fceaabc69efc05e86b.jpg</path>
	<source>
		<database>roboflow.ai</database>
	</source>
	<size>
		<width>416</width>
		<height>416</height>
		<depth>3</depth>
	</size>
	<segmented>0</segmented>
	<object>
		<name>auto</name>
		<pose>Unspecified</pose>
		<truncated>0</truncated>
		<difficult>0</difficult>
		<occluded>0</occluded>
		<bndbox>
			<xmin>25</xmin>
			<xmax>207</xmax>
			<ymin>214</ymin>
			<ymax>407</ymax>
		</bndbox>
	</object>
	<object>
		<name>auto</name>
		<pose>Unspecified</pose>
		<truncated>0</truncated>
		<difficult>0</difficult>
		<occluded>0</occluded>
		<bndbox>
			<xmin>171</xmin>
			<xmax>292</xmax>
			<ymin>188</ymin>
			<ymax>344</ymax>
		</bndbox>
	</object>
</annotation>
