<annotation>
	<folder></folder>
	<filename>frame_2213_jpg.rf.e1d7391b3899f774a5497966e4dbca22.jpg</filename>
	<path>frame_2213_jpg.rf.e1d7391b3899f774a5497966e4dbca22.jpg</path>
	<source>
		<database>roboflow.ai</database>
	</source>
	<size>
		<width>416</width>
		<height>416</height>
		<depth>3</depth>
	</size>
	<segmented>0</segmented>
	<object>
		<name>auto</name>
		<pose>Unspecified</pose>
		<truncated>0</truncated>
		<difficult>0</difficult>
		<occluded>0</occluded>
		<bndbox>
			<xmin>276</xmin>
			<xmax>415</xmax>
			<ymin>85</ymin>
			<ymax>371</ymax>
		</bndbox>
	</object>
	<object>
		<name>auto</name>
		<pose>Unspecified</pose>
		<truncated>0</truncated>
		<difficult>0</difficult>
		<occluded>0</occluded>
		<bndbox>
			<xmin>54</xmin>
			<xmax>160</xmax>
			<ymin>198</ymin>
			<ymax>313</ymax>
		</bndbox>
	</object>
	<object>
		<name>auto</name>
		<pose>Unspecified</pose>
		<truncated>0</truncated>
		<difficult>0</difficult>
		<occluded>0</occluded>
		<bndbox>
			<xmin>191</xmin>
			<xmax>267</xmax>
			<ymin>165</ymin>
			<ymax>276</ymax>
		</bndbox>
	</object>
</annotation>
