<annotation>
	<folder></folder>
	<filename>frame_2086_jpg.rf.a18934b13b934884576bf657efef5b8f.jpg</filename>
	<path>frame_2086_jpg.rf.a18934b13b934884576bf657efef5b8f.jpg</path>
	<source>
		<database>roboflow.ai</database>
	</source>
	<size>
		<width>416</width>
		<height>416</height>
		<depth>3</depth>
	</size>
	<segmented>0</segmented>
	<object>
		<name>riksha</name>
		<pose>Unspecified</pose>
		<truncated>0</truncated>
		<difficult>0</difficult>
		<occluded>0</occluded>
		<bndbox>
			<xmin>98</xmin>
			<xmax>397</xmax>
			<ymin>0</ymin>
			<ymax>413</ymax>
		</bndbox>
	</object>
	<object>
		<name>auto</name>
		<pose>Unspecified</pose>
		<truncated>0</truncated>
		<difficult>0</difficult>
		<occluded>0</occluded>
		<bndbox>
			<xmin>84</xmin>
			<xmax>221</xmax>
			<ymin>71</ymin>
			<ymax>276</ymax>
		</bndbox>
	</object>
</annotation>
