<annotation>
	<folder></folder>
	<filename>frame_2144_jpg.rf.83e52c1c0983d71bc7640b3c9401f657.jpg</filename>
	<path>frame_2144_jpg.rf.83e52c1c0983d71bc7640b3c9401f657.jpg</path>
	<source>
		<database>roboflow.ai</database>
	</source>
	<size>
		<width>416</width>
		<height>416</height>
		<depth>3</depth>
	</size>
	<segmented>0</segmented>
	<object>
		<name>auto</name>
		<pose>Unspecified</pose>
		<truncated>0</truncated>
		<difficult>0</difficult>
		<occluded>0</occluded>
		<bndbox>
			<xmin>90</xmin>
			<xmax>342</xmax>
			<ymin>0</ymin>
			<ymax>415</ymax>
		</bndbox>
	</object>
</annotation>
