<annotation>
	<folder></folder>
	<filename>frame_2085_jpg.rf.db6b8409c98d1fbc84f405db858a2290.jpg</filename>
	<path>frame_2085_jpg.rf.db6b8409c98d1fbc84f405db858a2290.jpg</path>
	<source>
		<database>roboflow.ai</database>
	</source>
	<size>
		<width>416</width>
		<height>416</height>
		<depth>3</depth>
	</size>
	<segmented>0</segmented>
	<object>
		<name>auto</name>
		<pose>Unspecified</pose>
		<truncated>0</truncated>
		<difficult>0</difficult>
		<occluded>0</occluded>
		<bndbox>
			<xmin>14</xmin>
			<xmax>415</xmax>
			<ymin>0</ymin>
			<ymax>415</ymax>
		</bndbox>
	</object>
	<object>
		<name>motorbike</name>
		<pose>Unspecified</pose>
		<truncated>0</truncated>
		<difficult>0</difficult>
		<occluded>0</occluded>
		<bndbox>
			<xmin>47</xmin>
			<xmax>137</xmax>
			<ymin>71</ymin>
			<ymax>161</ymax>
		</bndbox>
	</object>
</annotation>
