<annotation>
	<folder></folder>
	<filename>frame_2131_jpg.rf.df8047f292521ba1bde8b5c9ebb16dfa.jpg</filename>
	<path>frame_2131_jpg.rf.df8047f292521ba1bde8b5c9ebb16dfa.jpg</path>
	<source>
		<database>roboflow.ai</database>
	</source>
	<size>
		<width>416</width>
		<height>416</height>
		<depth>3</depth>
	</size>
	<segmented>0</segmented>
	<object>
		<name>truck</name>
		<pose>Unspecified</pose>
		<truncated>0</truncated>
		<difficult>0</difficult>
		<occluded>0</occluded>
		<bndbox>
			<xmin>63</xmin>
			<xmax>258</xmax>
			<ymin>73</ymin>
			<ymax>385</ymax>
		</bndbox>
	</object>
</annotation>
