<annotation>
	<folder></folder>
	<filename>frame_2063_jpg.rf.1dc223148985e200ac9cc4249ff0322f.jpg</filename>
	<path>frame_2063_jpg.rf.1dc223148985e200ac9cc4249ff0322f.jpg</path>
	<source>
		<database>roboflow.ai</database>
	</source>
	<size>
		<width>416</width>
		<height>416</height>
		<depth>3</depth>
	</size>
	<segmented>0</segmented>
	<object>
		<name>auto</name>
		<pose>Unspecified</pose>
		<truncated>0</truncated>
		<difficult>0</difficult>
		<occluded>0</occluded>
		<bndbox>
			<xmin>47</xmin>
			<xmax>415</xmax>
			<ymin>17</ymin>
			<ymax>396</ymax>
		</bndbox>
	</object>
	<object>
		<name>truck</name>
		<pose>Unspecified</pose>
		<truncated>0</truncated>
		<difficult>0</difficult>
		<occluded>0</occluded>
		<bndbox>
			<xmin>79</xmin>
			<xmax>139</xmax>
			<ymin>40</ymin>
			<ymax>152</ymax>
		</bndbox>
	</object>
</annotation>
