<annotation>
	<folder></folder>
	<filename>frame_2196_jpg.rf.bce5bd940dc4fc47f95aeec3c441fe01.jpg</filename>
	<path>frame_2196_jpg.rf.bce5bd940dc4fc47f95aeec3c441fe01.jpg</path>
	<source>
		<database>roboflow.ai</database>
	</source>
	<size>
		<width>416</width>
		<height>416</height>
		<depth>3</depth>
	</size>
	<segmented>0</segmented>
	<object>
		<name>auto</name>
		<pose>Unspecified</pose>
		<truncated>0</truncated>
		<difficult>0</difficult>
		<occluded>0</occluded>
		<bndbox>
			<xmin>159</xmin>
			<xmax>271</xmax>
			<ymin>118</ymin>
			<ymax>309</ymax>
		</bndbox>
	</object>
</annotation>
