<annotation>
	<folder></folder>
	<filename>frame_2131_jpg.rf.ec10105554ac4c69764002db0c697d41.jpg</filename>
	<path>frame_2131_jpg.rf.ec10105554ac4c69764002db0c697d41.jpg</path>
	<source>
		<database>roboflow.ai</database>
	</source>
	<size>
		<width>416</width>
		<height>416</height>
		<depth>3</depth>
	</size>
	<segmented>0</segmented>
	<object>
		<name>truck</name>
		<pose>Unspecified</pose>
		<truncated>0</truncated>
		<difficult>0</difficult>
		<occluded>0</occluded>
		<bndbox>
			<xmin>166</xmin>
			<xmax>340</xmax>
			<ymin>84</ymin>
			<ymax>359</ymax>
		</bndbox>
	</object>
</annotation>
