<annotation>
	<folder></folder>
	<filename>frame_2131_jpg.rf.94a765072ba704f0a50a89afff46ffc8.jpg</filename>
	<path>frame_2131_jpg.rf.94a765072ba704f0a50a89afff46ffc8.jpg</path>
	<source>
		<database>roboflow.ai</database>
	</source>
	<size>
		<width>416</width>
		<height>416</height>
		<depth>3</depth>
	</size>
	<segmented>0</segmented>
	<object>
		<name>truck</name>
		<pose>Unspecified</pose>
		<truncated>0</truncated>
		<difficult>0</difficult>
		<occluded>0</occluded>
		<bndbox>
			<xmin>72</xmin>
			<xmax>254</xmax>
			<ymin>77</ymin>
			<ymax>361</ymax>
		</bndbox>
	</object>
</annotation>
