<annotation>
	<folder></folder>
	<filename>frame_2072_jpg.rf.3464442e7bb7457a0616b0be1de7c8ed.jpg</filename>
	<path>frame_2072_jpg.rf.3464442e7bb7457a0616b0be1de7c8ed.jpg</path>
	<source>
		<database>roboflow.ai</database>
	</source>
	<size>
		<width>416</width>
		<height>416</height>
		<depth>3</depth>
	</size>
	<segmented>0</segmented>
	<object>
		<name>auto</name>
		<pose>Unspecified</pose>
		<truncated>0</truncated>
		<difficult>0</difficult>
		<occluded>0</occluded>
		<bndbox>
			<xmin>227</xmin>
			<xmax>413</xmax>
			<ymin>100</ymin>
			<ymax>390</ymax>
		</bndbox>
	</object>
	<object>
		<name>auto</name>
		<pose>Unspecified</pose>
		<truncated>0</truncated>
		<difficult>0</difficult>
		<occluded>0</occluded>
		<bndbox>
			<xmin>0</xmin>
			<xmax>209</xmax>
			<ymin>39</ymin>
			<ymax>346</ymax>
		</bndbox>
	</object>
</annotation>
