<annotation>
	<folder></folder>
	<filename>frame_2131_jpg.rf.ea0fa771113b36980cde9f94b9b688db.jpg</filename>
	<path>frame_2131_jpg.rf.ea0fa771113b36980cde9f94b9b688db.jpg</path>
	<source>
		<database>roboflow.ai</database>
	</source>
	<size>
		<width>416</width>
		<height>416</height>
		<depth>3</depth>
	</size>
	<segmented>0</segmented>
	<object>
		<name>truck</name>
		<pose>Unspecified</pose>
		<truncated>0</truncated>
		<difficult>0</difficult>
		<occluded>0</occluded>
		<bndbox>
			<xmin>174</xmin>
			<xmax>333</xmax>
			<ymin>103</ymin>
			<ymax>361</ymax>
		</bndbox>
	</object>
</annotation>
