<annotation>
	<folder></folder>
	<filename>frame_2108_jpg.rf.3b5ed74902ca9d37403a4842fdb812c9.jpg</filename>
	<path>frame_2108_jpg.rf.3b5ed74902ca9d37403a4842fdb812c9.jpg</path>
	<source>
		<database>roboflow.ai</database>
	</source>
	<size>
		<width>416</width>
		<height>416</height>
		<depth>3</depth>
	</size>
	<segmented>0</segmented>
	<object>
		<name>motorbike</name>
		<pose>Unspecified</pose>
		<truncated>0</truncated>
		<difficult>0</difficult>
		<occluded>0</occluded>
		<bndbox>
			<xmin>18</xmin>
			<xmax>162</xmax>
			<ymin>155</ymin>
			<ymax>415</ymax>
		</bndbox>
	</object>
</annotation>
