<annotation>
	<folder></folder>
	<filename>frame_2191_jpg.rf.dd256b88086e071378814b93c27baca0.jpg</filename>
	<path>frame_2191_jpg.rf.dd256b88086e071378814b93c27baca0.jpg</path>
	<source>
		<database>roboflow.ai</database>
	</source>
	<size>
		<width>416</width>
		<height>416</height>
		<depth>3</depth>
	</size>
	<segmented>0</segmented>
	<object>
		<name>auto</name>
		<pose>Unspecified</pose>
		<truncated>0</truncated>
		<difficult>0</difficult>
		<occluded>0</occluded>
		<bndbox>
			<xmin>133</xmin>
			<xmax>364</xmax>
			<ymin>22</ymin>
			<ymax>410</ymax>
		</bndbox>
	</object>
	<object>
		<name>motorbike</name>
		<pose>Unspecified</pose>
		<truncated>0</truncated>
		<difficult>0</difficult>
		<occluded>0</occluded>
		<bndbox>
			<xmin>29</xmin>
			<xmax>131</xmax>
			<ymin>74</ymin>
			<ymax>283</ymax>
		</bndbox>
	</object>
</annotation>
