<annotation>
	<folder></folder>
	<filename>frame_2107_jpg.rf.525007f031020f8c7da444dcbac8dab9.jpg</filename>
	<path>frame_2107_jpg.rf.525007f031020f8c7da444dcbac8dab9.jpg</path>
	<source>
		<database>roboflow.ai</database>
	</source>
	<size>
		<width>416</width>
		<height>416</height>
		<depth>3</depth>
	</size>
	<segmented>0</segmented>
	<object>
		<name>auto</name>
		<pose>Unspecified</pose>
		<truncated>0</truncated>
		<difficult>0</difficult>
		<occluded>0</occluded>
		<bndbox>
			<xmin>195</xmin>
			<xmax>383</xmax>
			<ymin>28</ymin>
			<ymax>414</ymax>
		</bndbox>
	</object>
	<object>
		<name>auto</name>
		<pose>Unspecified</pose>
		<truncated>0</truncated>
		<difficult>0</difficult>
		<occluded>0</occluded>
		<bndbox>
			<xmin>0</xmin>
			<xmax>240</xmax>
			<ymin>0</ymin>
			<ymax>392</ymax>
		</bndbox>
	</object>
</annotation>
