<annotation>
	<folder></folder>
	<filename>frame_2075_jpg.rf.0ae35a999adb1d2dc932718809b0f133.jpg</filename>
	<path>frame_2075_jpg.rf.0ae35a999adb1d2dc932718809b0f133.jpg</path>
	<source>
		<database>roboflow.ai</database>
	</source>
	<size>
		<width>416</width>
		<height>416</height>
		<depth>3</depth>
	</size>
	<segmented>0</segmented>
	<object>
		<name>auto</name>
		<pose>Unspecified</pose>
		<truncated>0</truncated>
		<difficult>0</difficult>
		<occluded>0</occluded>
		<bndbox>
			<xmin>194</xmin>
			<xmax>289</xmax>
			<ymin>148</ymin>
			<ymax>256</ymax>
		</bndbox>
	</object>
	<object>
		<name>car</name>
		<pose>Unspecified</pose>
		<truncated>0</truncated>
		<difficult>0</difficult>
		<occluded>0</occluded>
		<bndbox>
			<xmin>295</xmin>
			<xmax>384</xmax>
			<ymin>151</ymin>
			<ymax>241</ymax>
		</bndbox>
	</object>
</annotation>
