<annotation>
	<folder></folder>
	<filename>frame_2073_jpg.rf.fa8955ec8eed82b6aea9532fb7d847ac.jpg</filename>
	<path>frame_2073_jpg.rf.fa8955ec8eed82b6aea9532fb7d847ac.jpg</path>
	<source>
		<database>roboflow.ai</database>
	</source>
	<size>
		<width>416</width>
		<height>416</height>
		<depth>3</depth>
	</size>
	<segmented>0</segmented>
	<object>
		<name>auto</name>
		<pose>Unspecified</pose>
		<truncated>0</truncated>
		<difficult>0</difficult>
		<occluded>0</occluded>
		<bndbox>
			<xmin>250</xmin>
			<xmax>415</xmax>
			<ymin>169</ymin>
			<ymax>377</ymax>
		</bndbox>
	</object>
	<object>
		<name>auto</name>
		<pose>Unspecified</pose>
		<truncated>0</truncated>
		<difficult>0</difficult>
		<occluded>0</occluded>
		<bndbox>
			<xmin>154</xmin>
			<xmax>286</xmax>
			<ymin>187</ymin>
			<ymax>351</ymax>
		</bndbox>
	</object>
</annotation>
