<annotation>
	<folder></folder>
	<filename>frame_2064_jpg.rf.3807bfbbb7839fc1dc6c7203224be028.jpg</filename>
	<path>frame_2064_jpg.rf.3807bfbbb7839fc1dc6c7203224be028.jpg</path>
	<source>
		<database>roboflow.ai</database>
	</source>
	<size>
		<width>416</width>
		<height>416</height>
		<depth>3</depth>
	</size>
	<segmented>0</segmented>
	<object>
		<name>auto</name>
		<pose>Unspecified</pose>
		<truncated>0</truncated>
		<difficult>0</difficult>
		<occluded>0</occluded>
		<bndbox>
			<xmin>171</xmin>
			<xmax>250</xmax>
			<ymin>173</ymin>
			<ymax>328</ymax>
		</bndbox>
	</object>
</annotation>
