<annotation>
	<folder></folder>
	<filename>frame_2089_jpg.rf.0ec3e899f2ba6cfcf16a469446995b71.jpg</filename>
	<path>frame_2089_jpg.rf.0ec3e899f2ba6cfcf16a469446995b71.jpg</path>
	<source>
		<database>roboflow.ai</database>
	</source>
	<size>
		<width>416</width>
		<height>416</height>
		<depth>3</depth>
	</size>
	<segmented>0</segmented>
	<object>
		<name>auto</name>
		<pose>Unspecified</pose>
		<truncated>0</truncated>
		<difficult>0</difficult>
		<occluded>0</occluded>
		<bndbox>
			<xmin>60</xmin>
			<xmax>382</xmax>
			<ymin>0</ymin>
			<ymax>411</ymax>
		</bndbox>
	</object>
</annotation>
