<annotation>
	<folder></folder>
	<filename>frame_2130_jpg.rf.b265b77beee42cda998364888a034749.jpg</filename>
	<path>frame_2130_jpg.rf.b265b77beee42cda998364888a034749.jpg</path>
	<source>
		<database>roboflow.ai</database>
	</source>
	<size>
		<width>416</width>
		<height>416</height>
		<depth>3</depth>
	</size>
	<segmented>0</segmented>
	<object>
		<name>auto</name>
		<pose>Unspecified</pose>
		<truncated>0</truncated>
		<difficult>0</difficult>
		<occluded>0</occluded>
		<bndbox>
			<xmin>6</xmin>
			<xmax>254</xmax>
			<ymin>81</ymin>
			<ymax>328</ymax>
		</bndbox>
	</object>
	<object>
		<name>car</name>
		<pose>Unspecified</pose>
		<truncated>0</truncated>
		<difficult>0</difficult>
		<occluded>0</occluded>
		<bndbox>
			<xmin>331</xmin>
			<xmax>415</xmax>
			<ymin>168</ymin>
			<ymax>264</ymax>
		</bndbox>
	</object>
</annotation>
