<annotation>
	<folder></folder>
	<filename>frame_2059_jpg.rf.61a5615dd94321f6cd8a81f1c1257a27.jpg</filename>
	<path>frame_2059_jpg.rf.61a5615dd94321f6cd8a81f1c1257a27.jpg</path>
	<source>
		<database>roboflow.ai</database>
	</source>
	<size>
		<width>416</width>
		<height>416</height>
		<depth>3</depth>
	</size>
	<segmented>0</segmented>
	<object>
		<name>riksha</name>
		<pose>Unspecified</pose>
		<truncated>0</truncated>
		<difficult>0</difficult>
		<occluded>0</occluded>
		<bndbox>
			<xmin>143</xmin>
			<xmax>364</xmax>
			<ymin>90</ymin>
			<ymax>382</ymax>
		</bndbox>
	</object>
	<object>
		<name>auto</name>
		<pose>Unspecified</pose>
		<truncated>0</truncated>
		<difficult>0</difficult>
		<occluded>0</occluded>
		<bndbox>
			<xmin>34</xmin>
			<xmax>117</xmax>
			<ymin>232</ymin>
			<ymax>347</ymax>
		</bndbox>
	</object>
</annotation>
