<annotation>
	<folder></folder>
	<filename>frame_2217_jpg.rf.c74b4d10df2258c12ee4acb74cd0698a.jpg</filename>
	<path>frame_2217_jpg.rf.c74b4d10df2258c12ee4acb74cd0698a.jpg</path>
	<source>
		<database>roboflow.ai</database>
	</source>
	<size>
		<width>416</width>
		<height>416</height>
		<depth>3</depth>
	</size>
	<segmented>0</segmented>
	<object>
		<name>auto</name>
		<pose>Unspecified</pose>
		<truncated>0</truncated>
		<difficult>0</difficult>
		<occluded>0</occluded>
		<bndbox>
			<xmin>166</xmin>
			<xmax>415</xmax>
			<ymin>29</ymin>
			<ymax>413</ymax>
		</bndbox>
	</object>
	<object>
		<name>auto</name>
		<pose>Unspecified</pose>
		<truncated>0</truncated>
		<difficult>0</difficult>
		<occluded>0</occluded>
		<bndbox>
			<xmin>1</xmin>
			<xmax>112</xmax>
			<ymin>38</ymin>
			<ymax>195</ymax>
		</bndbox>
	</object>
</annotation>
