<annotation>
	<folder></folder>
	<filename>frame_2194_jpg.rf.fe6faefcdd47981b5ff0adb8412fbe66.jpg</filename>
	<path>frame_2194_jpg.rf.fe6faefcdd47981b5ff0adb8412fbe66.jpg</path>
	<source>
		<database>roboflow.ai</database>
	</source>
	<size>
		<width>416</width>
		<height>416</height>
		<depth>3</depth>
	</size>
	<segmented>0</segmented>
	<object>
		<name>auto</name>
		<pose>Unspecified</pose>
		<truncated>0</truncated>
		<difficult>0</difficult>
		<occluded>0</occluded>
		<bndbox>
			<xmin>11</xmin>
			<xmax>124</xmax>
			<ymin>189</ymin>
			<ymax>335</ymax>
		</bndbox>
	</object>
	<object>
		<name>auto</name>
		<pose>Unspecified</pose>
		<truncated>0</truncated>
		<difficult>0</difficult>
		<occluded>0</occluded>
		<bndbox>
			<xmin>133</xmin>
			<xmax>246</xmax>
			<ymin>204</ymin>
			<ymax>350</ymax>
		</bndbox>
	</object>
	<object>
		<name>auto</name>
		<pose>Unspecified</pose>
		<truncated>0</truncated>
		<difficult>0</difficult>
		<occluded>0</occluded>
		<bndbox>
			<xmin>285</xmin>
			<xmax>398</xmax>
			<ymin>216</ymin>
			<ymax>362</ymax>
		</bndbox>
	</object>
</annotation>
