<annotation>
	<folder></folder>
	<filename>frame_2089_jpg.rf.74c6fe2830dc62151aa6b8e063d696fc.jpg</filename>
	<path>frame_2089_jpg.rf.74c6fe2830dc62151aa6b8e063d696fc.jpg</path>
	<source>
		<database>roboflow.ai</database>
	</source>
	<size>
		<width>416</width>
		<height>416</height>
		<depth>3</depth>
	</size>
	<segmented>0</segmented>
	<object>
		<name>auto</name>
		<pose>Unspecified</pose>
		<truncated>0</truncated>
		<difficult>0</difficult>
		<occluded>0</occluded>
		<bndbox>
			<xmin>74</xmin>
			<xmax>368</xmax>
			<ymin>17</ymin>
			<ymax>401</ymax>
		</bndbox>
	</object>
</annotation>
