<annotation>
	<folder></folder>
	<filename>frame_2205_jpg.rf.5a5bd98eec223be6cfd6a3f1ac75102e.jpg</filename>
	<path>frame_2205_jpg.rf.5a5bd98eec223be6cfd6a3f1ac75102e.jpg</path>
	<source>
		<database>roboflow.ai</database>
	</source>
	<size>
		<width>416</width>
		<height>416</height>
		<depth>3</depth>
	</size>
	<segmented>0</segmented>
	<object>
		<name>auto</name>
		<pose>Unspecified</pose>
		<truncated>0</truncated>
		<difficult>0</difficult>
		<occluded>0</occluded>
		<bndbox>
			<xmin>0</xmin>
			<xmax>167</xmax>
			<ymin>68</ymin>
			<ymax>411</ymax>
		</bndbox>
	</object>
	<object>
		<name>auto</name>
		<pose>Unspecified</pose>
		<truncated>0</truncated>
		<difficult>0</difficult>
		<occluded>0</occluded>
		<bndbox>
			<xmin>124</xmin>
			<xmax>249</xmax>
			<ymin>98</ymin>
			<ymax>285</ymax>
		</bndbox>
	</object>
	<object>
		<name>auto</name>
		<pose>Unspecified</pose>
		<truncated>0</truncated>
		<difficult>0</difficult>
		<occluded>0</occluded>
		<bndbox>
			<xmin>165</xmin>
			<xmax>415</xmax>
			<ymin>105</ymin>
			<ymax>415</ymax>
		</bndbox>
	</object>
</annotation>
