<annotation>
	<folder></folder>
	<filename>frame_2064_jpg.rf.8b6a7f6229469d8fce88851f4cdef43d.jpg</filename>
	<path>frame_2064_jpg.rf.8b6a7f6229469d8fce88851f4cdef43d.jpg</path>
	<source>
		<database>roboflow.ai</database>
	</source>
	<size>
		<width>416</width>
		<height>416</height>
		<depth>3</depth>
	</size>
	<segmented>0</segmented>
	<object>
		<name>auto</name>
		<pose>Unspecified</pose>
		<truncated>0</truncated>
		<difficult>0</difficult>
		<occluded>0</occluded>
		<bndbox>
			<xmin>164</xmin>
			<xmax>247</xmax>
			<ymin>170</ymin>
			<ymax>332</ymax>
		</bndbox>
	</object>
</annotation>
