<annotation>
	<folder></folder>
	<filename>frame_2059_jpg.rf.1a8b5bad02e6d9c7c866794b0a6f1389.jpg</filename>
	<path>frame_2059_jpg.rf.1a8b5bad02e6d9c7c866794b0a6f1389.jpg</path>
	<source>
		<database>roboflow.ai</database>
	</source>
	<size>
		<width>416</width>
		<height>416</height>
		<depth>3</depth>
	</size>
	<segmented>0</segmented>
	<object>
		<name>riksha</name>
		<pose>Unspecified</pose>
		<truncated>0</truncated>
		<difficult>0</difficult>
		<occluded>0</occluded>
		<bndbox>
			<xmin>58</xmin>
			<xmax>296</xmax>
			<ymin>99</ymin>
			<ymax>405</ymax>
		</bndbox>
	</object>
	<object>
		<name>auto</name>
		<pose>Unspecified</pose>
		<truncated>0</truncated>
		<difficult>0</difficult>
		<occluded>0</occluded>
		<bndbox>
			<xmin>321</xmin>
			<xmax>411</xmax>
			<ymin>162</ymin>
			<ymax>283</ymax>
		</bndbox>
	</object>
</annotation>
