<annotation>
	<folder></folder>
	<filename>frame_2059_jpg.rf.171d8e0439c82d76e59c3b4c1c994e86.jpg</filename>
	<path>frame_2059_jpg.rf.171d8e0439c82d76e59c3b4c1c994e86.jpg</path>
	<source>
		<database>roboflow.ai</database>
	</source>
	<size>
		<width>416</width>
		<height>416</height>
		<depth>3</depth>
	</size>
	<segmented>0</segmented>
	<object>
		<name>riksha</name>
		<pose>Unspecified</pose>
		<truncated>0</truncated>
		<difficult>0</difficult>
		<occluded>0</occluded>
		<bndbox>
			<xmin>126</xmin>
			<xmax>370</xmax>
			<ymin>67</ymin>
			<ymax>394</ymax>
		</bndbox>
	</object>
	<object>
		<name>auto</name>
		<pose>Unspecified</pose>
		<truncated>0</truncated>
		<difficult>0</difficult>
		<occluded>0</occluded>
		<bndbox>
			<xmin>13</xmin>
			<xmax>105</xmax>
			<ymin>242</ymin>
			<ymax>371</ymax>
		</bndbox>
	</object>
</annotation>
