<annotation>
	<folder></folder>
	<filename>frame_2078_jpg.rf.60b8aaa6b74c9a54d1cf96707685b39a.jpg</filename>
	<path>frame_2078_jpg.rf.60b8aaa6b74c9a54d1cf96707685b39a.jpg</path>
	<source>
		<database>roboflow.ai</database>
	</source>
	<size>
		<width>416</width>
		<height>416</height>
		<depth>3</depth>
	</size>
	<segmented>0</segmented>
	<object>
		<name>auto</name>
		<pose>Unspecified</pose>
		<truncated>0</truncated>
		<difficult>0</difficult>
		<occluded>0</occluded>
		<bndbox>
			<xmin>0</xmin>
			<xmax>314</xmax>
			<ymin>13</ymin>
			<ymax>403</ymax>
		</bndbox>
	</object>
</annotation>
