<annotation>
	<folder></folder>
	<filename>frame_2081_jpg.rf.f4246fa805b72d42c13f3ae75b1420a0.jpg</filename>
	<path>frame_2081_jpg.rf.f4246fa805b72d42c13f3ae75b1420a0.jpg</path>
	<source>
		<database>roboflow.ai</database>
	</source>
	<size>
		<width>416</width>
		<height>416</height>
		<depth>3</depth>
	</size>
	<segmented>0</segmented>
	<object>
		<name>auto</name>
		<pose>Unspecified</pose>
		<truncated>0</truncated>
		<difficult>0</difficult>
		<occluded>0</occluded>
		<bndbox>
			<xmin>112</xmin>
			<xmax>332</xmax>
			<ymin>14</ymin>
			<ymax>415</ymax>
		</bndbox>
	</object>
	<object>
		<name>van</name>
		<pose>Unspecified</pose>
		<truncated>0</truncated>
		<difficult>0</difficult>
		<occluded>0</occluded>
		<bndbox>
			<xmin>31</xmin>
			<xmax>128</xmax>
			<ymin>29</ymin>
			<ymax>247</ymax>
		</bndbox>
	</object>
</annotation>
