<annotation>
	<folder></folder>
	<filename>frame_2153_jpg.rf.4229667f7c441285f04ebe552f4a6ea3.jpg</filename>
	<path>frame_2153_jpg.rf.4229667f7c441285f04ebe552f4a6ea3.jpg</path>
	<source>
		<database>roboflow.ai</database>
	</source>
	<size>
		<width>416</width>
		<height>416</height>
		<depth>3</depth>
	</size>
	<segmented>0</segmented>
	<object>
		<name>auto</name>
		<pose>Unspecified</pose>
		<truncated>0</truncated>
		<difficult>0</difficult>
		<occluded>0</occluded>
		<bndbox>
			<xmin>30</xmin>
			<xmax>194</xmax>
			<ymin>84</ymin>
			<ymax>351</ymax>
		</bndbox>
	</object>
	<object>
		<name>auto</name>
		<pose>Unspecified</pose>
		<truncated>0</truncated>
		<difficult>0</difficult>
		<occluded>0</occluded>
		<bndbox>
			<xmin>160</xmin>
			<xmax>252</xmax>
			<ymin>109</ymin>
			<ymax>296</ymax>
		</bndbox>
	</object>
</annotation>
