<annotation>
	<folder></folder>
	<filename>frame_2056_jpg.rf.d46f43b5136dbb86852ff2b4624c5b35.jpg</filename>
	<path>frame_2056_jpg.rf.d46f43b5136dbb86852ff2b4624c5b35.jpg</path>
	<source>
		<database>roboflow.ai</database>
	</source>
	<size>
		<width>416</width>
		<height>416</height>
		<depth>3</depth>
	</size>
	<segmented>0</segmented>
	<object>
		<name>auto</name>
		<pose>Unspecified</pose>
		<truncated>0</truncated>
		<difficult>0</difficult>
		<occluded>0</occluded>
		<bndbox>
			<xmin>150</xmin>
			<xmax>228</xmax>
			<ymin>16</ymin>
			<ymax>226</ymax>
		</bndbox>
	</object>
	<object>
		<name>auto</name>
		<pose>Unspecified</pose>
		<truncated>0</truncated>
		<difficult>0</difficult>
		<occluded>0</occluded>
		<bndbox>
			<xmin>201</xmin>
			<xmax>360</xmax>
			<ymin>29</ymin>
			<ymax>278</ymax>
		</bndbox>
	</object>
</annotation>
