<annotation>
	<folder></folder>
	<filename>frame_2095_jpg.rf.41f45710cc499e7433c10da59e111fa3.jpg</filename>
	<path>frame_2095_jpg.rf.41f45710cc499e7433c10da59e111fa3.jpg</path>
	<source>
		<database>roboflow.ai</database>
	</source>
	<size>
		<width>416</width>
		<height>416</height>
		<depth>3</depth>
	</size>
	<segmented>0</segmented>
	<object>
		<name>auto</name>
		<pose>Unspecified</pose>
		<truncated>0</truncated>
		<difficult>0</difficult>
		<occluded>0</occluded>
		<bndbox>
			<xmin>48</xmin>
			<xmax>276</xmax>
			<ymin>63</ymin>
			<ymax>388</ymax>
		</bndbox>
	</object>
	<object>
		<name>car</name>
		<pose>Unspecified</pose>
		<truncated>0</truncated>
		<difficult>0</difficult>
		<occluded>0</occluded>
		<bndbox>
			<xmin>322</xmin>
			<xmax>415</xmax>
			<ymin>67</ymin>
			<ymax>194</ymax>
		</bndbox>
	</object>
</annotation>
