<annotation>
	<folder></folder>
	<filename>frame_2050_jpg.rf.5b934dc3a66a03567ee9bc761f8d599f.jpg</filename>
	<path>frame_2050_jpg.rf.5b934dc3a66a03567ee9bc761f8d599f.jpg</path>
	<source>
		<database>roboflow.ai</database>
	</source>
	<size>
		<width>416</width>
		<height>416</height>
		<depth>3</depth>
	</size>
	<segmented>0</segmented>
	<object>
		<name>auto</name>
		<pose>Unspecified</pose>
		<truncated>0</truncated>
		<difficult>0</difficult>
		<occluded>0</occluded>
		<bndbox>
			<xmin>134</xmin>
			<xmax>272</xmax>
			<ymin>137</ymin>
			<ymax>378</ymax>
		</bndbox>
	</object>
</annotation>
