<annotation>
	<folder></folder>
	<filename>frame_2046_jpg.rf.80775b57a804e6d2df327b477ebba031.jpg</filename>
	<path>frame_2046_jpg.rf.80775b57a804e6d2df327b477ebba031.jpg</path>
	<source>
		<database>roboflow.ai</database>
	</source>
	<size>
		<width>416</width>
		<height>416</height>
		<depth>3</depth>
	</size>
	<segmented>0</segmented>
	<object>
		<name>auto</name>
		<pose>Unspecified</pose>
		<truncated>0</truncated>
		<difficult>0</difficult>
		<occluded>0</occluded>
		<bndbox>
			<xmin>101</xmin>
			<xmax>317</xmax>
			<ymin>57</ymin>
			<ymax>323</ymax>
		</bndbox>
	</object>
	<object>
		<name>auto</name>
		<pose>Unspecified</pose>
		<truncated>0</truncated>
		<difficult>0</difficult>
		<occluded>0</occluded>
		<bndbox>
			<xmin>25</xmin>
			<xmax>139</xmax>
			<ymin>63</ymin>
			<ymax>262</ymax>
		</bndbox>
	</object>
</annotation>
