<annotation>
	<folder></folder>
	<filename>frame_2108_jpg.rf.f250264ac52504aa868417a695465907.jpg</filename>
	<path>frame_2108_jpg.rf.f250264ac52504aa868417a695465907.jpg</path>
	<source>
		<database>roboflow.ai</database>
	</source>
	<size>
		<width>416</width>
		<height>416</height>
		<depth>3</depth>
	</size>
	<segmented>0</segmented>
	<object>
		<name>motorbike</name>
		<pose>Unspecified</pose>
		<truncated>0</truncated>
		<difficult>0</difficult>
		<occluded>0</occluded>
		<bndbox>
			<xmin>0</xmin>
			<xmax>213</xmax>
			<ymin>168</ymin>
			<ymax>415</ymax>
		</bndbox>
	</object>
</annotation>
