<annotation>
	<folder></folder>
	<filename>frame_2073_jpg.rf.fda04d615e1db5a05b388aa1e9adb8ff.jpg</filename>
	<path>frame_2073_jpg.rf.fda04d615e1db5a05b388aa1e9adb8ff.jpg</path>
	<source>
		<database>roboflow.ai</database>
	</source>
	<size>
		<width>416</width>
		<height>416</height>
		<depth>3</depth>
	</size>
	<segmented>0</segmented>
	<object>
		<name>auto</name>
		<pose>Unspecified</pose>
		<truncated>0</truncated>
		<difficult>0</difficult>
		<occluded>0</occluded>
		<bndbox>
			<xmin>252</xmin>
			<xmax>415</xmax>
			<ymin>189</ymin>
			<ymax>383</ymax>
		</bndbox>
	</object>
	<object>
		<name>auto</name>
		<pose>Unspecified</pose>
		<truncated>0</truncated>
		<difficult>0</difficult>
		<occluded>0</occluded>
		<bndbox>
			<xmin>155</xmin>
			<xmax>266</xmax>
			<ymin>190</ymin>
			<ymax>347</ymax>
		</bndbox>
	</object>
</annotation>
