<annotation>
	<folder></folder>
	<filename>frame_2126_jpg.rf.72a7467e26fd18d43674bd375a0c1936.jpg</filename>
	<path>frame_2126_jpg.rf.72a7467e26fd18d43674bd375a0c1936.jpg</path>
	<source>
		<database>roboflow.ai</database>
	</source>
	<size>
		<width>416</width>
		<height>416</height>
		<depth>3</depth>
	</size>
	<segmented>0</segmented>
	<object>
		<name>auto</name>
		<pose>Unspecified</pose>
		<truncated>0</truncated>
		<difficult>0</difficult>
		<occluded>0</occluded>
		<bndbox>
			<xmin>105</xmin>
			<xmax>182</xmax>
			<ymin>208</ymin>
			<ymax>287</ymax>
		</bndbox>
	</object>
	<object>
		<name>bicycle</name>
		<pose>Unspecified</pose>
		<truncated>0</truncated>
		<difficult>0</difficult>
		<occluded>0</occluded>
		<bndbox>
			<xmin>51</xmin>
			<xmax>108</xmax>
			<ymin>194</ymin>
			<ymax>295</ymax>
		</bndbox>
	</object>
</annotation>
