<annotation>
	<folder></folder>
	<filename>frame_2089_jpg.rf.7c4e0e1fe5c02197f20a102cd4a3a0a1.jpg</filename>
	<path>frame_2089_jpg.rf.7c4e0e1fe5c02197f20a102cd4a3a0a1.jpg</path>
	<source>
		<database>roboflow.ai</database>
	</source>
	<size>
		<width>416</width>
		<height>416</height>
		<depth>3</depth>
	</size>
	<segmented>0</segmented>
	<object>
		<name>auto</name>
		<pose>Unspecified</pose>
		<truncated>0</truncated>
		<difficult>0</difficult>
		<occluded>0</occluded>
		<bndbox>
			<xmin>43</xmin>
			<xmax>399</xmax>
			<ymin>13</ymin>
			<ymax>395</ymax>
		</bndbox>
	</object>
</annotation>
