<annotation>
	<folder></folder>
	<filename>frame_2062_jpg.rf.a183dcdf337425e77c8da152287aa04b.jpg</filename>
	<path>frame_2062_jpg.rf.a183dcdf337425e77c8da152287aa04b.jpg</path>
	<source>
		<database>roboflow.ai</database>
	</source>
	<size>
		<width>416</width>
		<height>416</height>
		<depth>3</depth>
	</size>
	<segmented>0</segmented>
	<object>
		<name>auto</name>
		<pose>Unspecified</pose>
		<truncated>0</truncated>
		<difficult>0</difficult>
		<occluded>0</occluded>
		<bndbox>
			<xmin>265</xmin>
			<xmax>415</xmax>
			<ymin>113</ymin>
			<ymax>338</ymax>
		</bndbox>
	</object>
	<object>
		<name>auto</name>
		<pose>Unspecified</pose>
		<truncated>0</truncated>
		<difficult>0</difficult>
		<occluded>0</occluded>
		<bndbox>
			<xmin>179</xmin>
			<xmax>335</xmax>
			<ymin>107</ymin>
			<ymax>358</ymax>
		</bndbox>
	</object>
	<object>
		<name>auto</name>
		<pose>Unspecified</pose>
		<truncated>0</truncated>
		<difficult>0</difficult>
		<occluded>0</occluded>
		<bndbox>
			<xmin>0</xmin>
			<xmax>252</xmax>
			<ymin>113</ymin>
			<ymax>406</ymax>
		</bndbox>
	</object>
</annotation>
