<annotation>
	<folder></folder>
	<filename>frame_2077_jpg.rf.f341c39179f461b75cf8fb24764b78dd.jpg</filename>
	<path>frame_2077_jpg.rf.f341c39179f461b75cf8fb24764b78dd.jpg</path>
	<source>
		<database>roboflow.ai</database>
	</source>
	<size>
		<width>416</width>
		<height>416</height>
		<depth>3</depth>
	</size>
	<segmented>0</segmented>
	<object>
		<name>auto</name>
		<pose>Unspecified</pose>
		<truncated>0</truncated>
		<difficult>0</difficult>
		<occluded>0</occluded>
		<bndbox>
			<xmin>27</xmin>
			<xmax>106</xmax>
			<ymin>269</ymin>
			<ymax>399</ymax>
		</bndbox>
	</object>
	<object>
		<name>auto</name>
		<pose>Unspecified</pose>
		<truncated>0</truncated>
		<difficult>0</difficult>
		<occluded>0</occluded>
		<bndbox>
			<xmin>75</xmin>
			<xmax>152</xmax>
			<ymin>202</ymin>
			<ymax>319</ymax>
		</bndbox>
	</object>
	<object>
		<name>van</name>
		<pose>Unspecified</pose>
		<truncated>0</truncated>
		<difficult>0</difficult>
		<occluded>0</occluded>
		<bndbox>
			<xmin>166</xmin>
			<xmax>269</xmax>
			<ymin>35</ymin>
			<ymax>153</ymax>
		</bndbox>
	</object>
	<object>
		<name>van</name>
		<pose>Unspecified</pose>
		<truncated>0</truncated>
		<difficult>0</difficult>
		<occluded>0</occluded>
		<bndbox>
			<xmin>260</xmin>
			<xmax>385</xmax>
			<ymin>71</ymin>
			<ymax>214</ymax>
		</bndbox>
	</object>
</annotation>
