<annotation>
	<folder></folder>
	<filename>frame_2123_jpg.rf.4823c1b341cf36db4cd6e144cb6c03fa.jpg</filename>
	<path>frame_2123_jpg.rf.4823c1b341cf36db4cd6e144cb6c03fa.jpg</path>
	<source>
		<database>roboflow.ai</database>
	</source>
	<size>
		<width>416</width>
		<height>416</height>
		<depth>3</depth>
	</size>
	<segmented>0</segmented>
	<object>
		<name>auto</name>
		<pose>Unspecified</pose>
		<truncated>0</truncated>
		<difficult>0</difficult>
		<occluded>0</occluded>
		<bndbox>
			<xmin>163</xmin>
			<xmax>373</xmax>
			<ymin>95</ymin>
			<ymax>382</ymax>
		</bndbox>
	</object>
</annotation>
