<annotation>
	<folder></folder>
	<filename>frame_2075_jpg.rf.9ba82b4970147a2591f3452bded904c2.jpg</filename>
	<path>frame_2075_jpg.rf.9ba82b4970147a2591f3452bded904c2.jpg</path>
	<source>
		<database>roboflow.ai</database>
	</source>
	<size>
		<width>416</width>
		<height>416</height>
		<depth>3</depth>
	</size>
	<segmented>0</segmented>
	<object>
		<name>auto</name>
		<pose>Unspecified</pose>
		<truncated>0</truncated>
		<difficult>0</difficult>
		<occluded>0</occluded>
		<bndbox>
			<xmin>122</xmin>
			<xmax>233</xmax>
			<ymin>146</ymin>
			<ymax>253</ymax>
		</bndbox>
	</object>
	<object>
		<name>car</name>
		<pose>Unspecified</pose>
		<truncated>0</truncated>
		<difficult>0</difficult>
		<occluded>0</occluded>
		<bndbox>
			<xmin>32</xmin>
			<xmax>135</xmax>
			<ymin>141</ymin>
			<ymax>231</ymax>
		</bndbox>
	</object>
</annotation>
