<annotation>
	<folder></folder>
	<filename>frame_2210_jpg.rf.7cc673ff5c2b9689be36b719b22d1e80.jpg</filename>
	<path>frame_2210_jpg.rf.7cc673ff5c2b9689be36b719b22d1e80.jpg</path>
	<source>
		<database>roboflow.ai</database>
	</source>
	<size>
		<width>416</width>
		<height>416</height>
		<depth>3</depth>
	</size>
	<segmented>0</segmented>
	<object>
		<name>auto</name>
		<pose>Unspecified</pose>
		<truncated>0</truncated>
		<difficult>0</difficult>
		<occluded>0</occluded>
		<bndbox>
			<xmin>323</xmin>
			<xmax>395</xmax>
			<ymin>134</ymin>
			<ymax>254</ymax>
		</bndbox>
	</object>
	<object>
		<name>auto</name>
		<pose>Unspecified</pose>
		<truncated>0</truncated>
		<difficult>0</difficult>
		<occluded>0</occluded>
		<bndbox>
			<xmin>240</xmin>
			<xmax>306</xmax>
			<ymin>120</ymin>
			<ymax>282</ymax>
		</bndbox>
	</object>
	<object>
		<name>auto</name>
		<pose>Unspecified</pose>
		<truncated>0</truncated>
		<difficult>0</difficult>
		<occluded>0</occluded>
		<bndbox>
			<xmin>114</xmin>
			<xmax>245</xmax>
			<ymin>92</ymin>
			<ymax>359</ymax>
		</bndbox>
	</object>
</annotation>
