<annotation>
	<folder></folder>
	<filename>frame_2206_jpg.rf.23db9521fc324f1aa8eae8d7b0d075ca.jpg</filename>
	<path>frame_2206_jpg.rf.23db9521fc324f1aa8eae8d7b0d075ca.jpg</path>
	<source>
		<database>roboflow.ai</database>
	</source>
	<size>
		<width>416</width>
		<height>416</height>
		<depth>3</depth>
	</size>
	<segmented>0</segmented>
	<object>
		<name>auto</name>
		<pose>Unspecified</pose>
		<truncated>0</truncated>
		<difficult>0</difficult>
		<occluded>0</occluded>
		<bndbox>
			<xmin>155</xmin>
			<xmax>251</xmax>
			<ymin>59</ymin>
			<ymax>193</ymax>
		</bndbox>
	</object>
	<object>
		<name>auto</name>
		<pose>Unspecified</pose>
		<truncated>0</truncated>
		<difficult>0</difficult>
		<occluded>0</occluded>
		<bndbox>
			<xmin>241</xmin>
			<xmax>379</xmax>
			<ymin>5</ymin>
			<ymax>175</ymax>
		</bndbox>
	</object>
	<object>
		<name>motorbike</name>
		<pose>Unspecified</pose>
		<truncated>0</truncated>
		<difficult>0</difficult>
		<occluded>0</occluded>
		<bndbox>
			<xmin>122</xmin>
			<xmax>149</xmax>
			<ymin>111</ymin>
			<ymax>189</ymax>
		</bndbox>
	</object>
	<object>
		<name>bus</name>
		<pose>Unspecified</pose>
		<truncated>0</truncated>
		<difficult>0</difficult>
		<occluded>0</occluded>
		<bndbox>
			<xmin>1</xmin>
			<xmax>91</xmax>
			<ymin>53</ymin>
			<ymax>229</ymax>
		</bndbox>
	</object>
</annotation>
