<annotation>
	<folder></folder>
	<filename>frame_2056_jpg.rf.7bacf380f5d890b3523b7be6267f7c20.jpg</filename>
	<path>frame_2056_jpg.rf.7bacf380f5d890b3523b7be6267f7c20.jpg</path>
	<source>
		<database>roboflow.ai</database>
	</source>
	<size>
		<width>416</width>
		<height>416</height>
		<depth>3</depth>
	</size>
	<segmented>0</segmented>
	<object>
		<name>auto</name>
		<pose>Unspecified</pose>
		<truncated>0</truncated>
		<difficult>0</difficult>
		<occluded>0</occluded>
		<bndbox>
			<xmin>151</xmin>
			<xmax>247</xmax>
			<ymin>5</ymin>
			<ymax>240</ymax>
		</bndbox>
	</object>
	<object>
		<name>auto</name>
		<pose>Unspecified</pose>
		<truncated>0</truncated>
		<difficult>0</difficult>
		<occluded>0</occluded>
		<bndbox>
			<xmin>196</xmin>
			<xmax>377</xmax>
			<ymin>2</ymin>
			<ymax>287</ymax>
		</bndbox>
	</object>
</annotation>
