<annotation>
	<folder></folder>
	<filename>frame_2086_jpg.rf.d83ddd0e84090adb989213c589b9c4af.jpg</filename>
	<path>frame_2086_jpg.rf.d83ddd0e84090adb989213c589b9c4af.jpg</path>
	<source>
		<database>roboflow.ai</database>
	</source>
	<size>
		<width>416</width>
		<height>416</height>
		<depth>3</depth>
	</size>
	<segmented>0</segmented>
	<object>
		<name>riksha</name>
		<pose>Unspecified</pose>
		<truncated>0</truncated>
		<difficult>0</difficult>
		<occluded>0</occluded>
		<bndbox>
			<xmin>85</xmin>
			<xmax>410</xmax>
			<ymin>13</ymin>
			<ymax>403</ymax>
		</bndbox>
	</object>
	<object>
		<name>auto</name>
		<pose>Unspecified</pose>
		<truncated>0</truncated>
		<difficult>0</difficult>
		<occluded>0</occluded>
		<bndbox>
			<xmin>55</xmin>
			<xmax>206</xmax>
			<ymin>71</ymin>
			<ymax>262</ymax>
		</bndbox>
	</object>
</annotation>
