<annotation>
	<folder></folder>
	<filename>frame_2132_jpg.rf.373efc3f103f643ebc177f40728a1c2e.jpg</filename>
	<path>frame_2132_jpg.rf.373efc3f103f643ebc177f40728a1c2e.jpg</path>
	<source>
		<database>roboflow.ai</database>
	</source>
	<size>
		<width>416</width>
		<height>416</height>
		<depth>3</depth>
	</size>
	<segmented>0</segmented>
	<object>
		<name>auto</name>
		<pose>Unspecified</pose>
		<truncated>0</truncated>
		<difficult>0</difficult>
		<occluded>0</occluded>
		<bndbox>
			<xmin>132</xmin>
			<xmax>332</xmax>
			<ymin>77</ymin>
			<ymax>335</ymax>
		</bndbox>
	</object>
</annotation>
