<annotation>
	<folder></folder>
	<filename>frame_2168_jpg.rf.c34be302674c3f55d54eec876eaa1f99.jpg</filename>
	<path>frame_2168_jpg.rf.c34be302674c3f55d54eec876eaa1f99.jpg</path>
	<source>
		<database>roboflow.ai</database>
	</source>
	<size>
		<width>416</width>
		<height>416</height>
		<depth>3</depth>
	</size>
	<segmented>0</segmented>
	<object>
		<name>auto</name>
		<pose>Unspecified</pose>
		<truncated>0</truncated>
		<difficult>0</difficult>
		<occluded>0</occluded>
		<bndbox>
			<xmin>0</xmin>
			<xmax>147</xmax>
			<ymin>67</ymin>
			<ymax>291</ymax>
		</bndbox>
	</object>
	<object>
		<name>auto</name>
		<pose>Unspecified</pose>
		<truncated>0</truncated>
		<difficult>0</difficult>
		<occluded>0</occluded>
		<bndbox>
			<xmin>196</xmin>
			<xmax>406</xmax>
			<ymin>52</ymin>
			<ymax>400</ymax>
		</bndbox>
	</object>
</annotation>
