<annotation>
	<folder></folder>
	<filename>frame_2095_jpg.rf.6fee046bcd7c9d3602947818e3357fd1.jpg</filename>
	<path>frame_2095_jpg.rf.6fee046bcd7c9d3602947818e3357fd1.jpg</path>
	<source>
		<database>roboflow.ai</database>
	</source>
	<size>
		<width>416</width>
		<height>416</height>
		<depth>3</depth>
	</size>
	<segmented>0</segmented>
	<object>
		<name>auto</name>
		<pose>Unspecified</pose>
		<truncated>0</truncated>
		<difficult>0</difficult>
		<occluded>0</occluded>
		<bndbox>
			<xmin>138</xmin>
			<xmax>373</xmax>
			<ymin>66</ymin>
			<ymax>355</ymax>
		</bndbox>
	</object>
	<object>
		<name>car</name>
		<pose>Unspecified</pose>
		<truncated>0</truncated>
		<difficult>0</difficult>
		<occluded>0</occluded>
		<bndbox>
			<xmin>0</xmin>
			<xmax>90</xmax>
			<ymin>127</ymin>
			<ymax>240</ymax>
		</bndbox>
	</object>
</annotation>
