<annotation>
	<folder></folder>
	<filename>frame_2102_jpg.rf.37445b7e26f4a88a73822b5b34509924.jpg</filename>
	<path>frame_2102_jpg.rf.37445b7e26f4a88a73822b5b34509924.jpg</path>
	<source>
		<database>roboflow.ai</database>
	</source>
	<size>
		<width>416</width>
		<height>416</height>
		<depth>3</depth>
	</size>
	<segmented>0</segmented>
	<object>
		<name>auto</name>
		<pose>Unspecified</pose>
		<truncated>0</truncated>
		<difficult>0</difficult>
		<occluded>0</occluded>
		<bndbox>
			<xmin>0</xmin>
			<xmax>253</xmax>
			<ymin>102</ymin>
			<ymax>415</ymax>
		</bndbox>
	</object>
	<object>
		<name>car</name>
		<pose>Unspecified</pose>
		<truncated>0</truncated>
		<difficult>0</difficult>
		<occluded>0</occluded>
		<bndbox>
			<xmin>206</xmin>
			<xmax>415</xmax>
			<ymin>102</ymin>
			<ymax>337</ymax>
		</bndbox>
	</object>
</annotation>
