<annotation>
	<folder></folder>
	<filename>frame_2115_jpg.rf.d2eeac16d3573fd9a8ff34e4e003ae20.jpg</filename>
	<path>frame_2115_jpg.rf.d2eeac16d3573fd9a8ff34e4e003ae20.jpg</path>
	<source>
		<database>roboflow.ai</database>
	</source>
	<size>
		<width>416</width>
		<height>416</height>
		<depth>3</depth>
	</size>
	<segmented>0</segmented>
	<object>
		<name>auto</name>
		<pose>Unspecified</pose>
		<truncated>0</truncated>
		<difficult>0</difficult>
		<occluded>0</occluded>
		<bndbox>
			<xmin>138</xmin>
			<xmax>334</xmax>
			<ymin>135</ymin>
			<ymax>387</ymax>
		</bndbox>
	</object>
	<object>
		<name>auto</name>
		<pose>Unspecified</pose>
		<truncated>0</truncated>
		<difficult>0</difficult>
		<occluded>0</occluded>
		<bndbox>
			<xmin>82</xmin>
			<xmax>196</xmax>
			<ymin>152</ymin>
			<ymax>304</ymax>
		</bndbox>
	</object>
</annotation>
