<annotation>
	<folder></folder>
	<filename>frame_2187_jpg.rf.c44424a611a36894dafa8b3506e02757.jpg</filename>
	<path>frame_2187_jpg.rf.c44424a611a36894dafa8b3506e02757.jpg</path>
	<source>
		<database>roboflow.ai</database>
	</source>
	<size>
		<width>416</width>
		<height>416</height>
		<depth>3</depth>
	</size>
	<segmented>0</segmented>
	<object>
		<name>auto</name>
		<pose>Unspecified</pose>
		<truncated>0</truncated>
		<difficult>0</difficult>
		<occluded>0</occluded>
		<bndbox>
			<xmin>113</xmin>
			<xmax>415</xmax>
			<ymin>0</ymin>
			<ymax>415</ymax>
		</bndbox>
	</object>
	<object>
		<name>riksha</name>
		<pose>Unspecified</pose>
		<truncated>0</truncated>
		<difficult>0</difficult>
		<occluded>0</occluded>
		<bndbox>
			<xmin>0</xmin>
			<xmax>226</xmax>
			<ymin>13</ymin>
			<ymax>415</ymax>
		</bndbox>
	</object>
</annotation>
