<annotation>
	<folder></folder>
	<filename>frame_2073_jpg.rf.09abb4fe1205f3a5adc18e851b13796b.jpg</filename>
	<path>frame_2073_jpg.rf.09abb4fe1205f3a5adc18e851b13796b.jpg</path>
	<source>
		<database>roboflow.ai</database>
	</source>
	<size>
		<width>416</width>
		<height>416</height>
		<depth>3</depth>
	</size>
	<segmented>0</segmented>
	<object>
		<name>auto</name>
		<pose>Unspecified</pose>
		<truncated>0</truncated>
		<difficult>0</difficult>
		<occluded>0</occluded>
		<bndbox>
			<xmin>0</xmin>
			<xmax>165</xmax>
			<ymin>180</ymin>
			<ymax>414</ymax>
		</bndbox>
	</object>
	<object>
		<name>auto</name>
		<pose>Unspecified</pose>
		<truncated>0</truncated>
		<difficult>0</difficult>
		<occluded>0</occluded>
		<bndbox>
			<xmin>142</xmin>
			<xmax>262</xmax>
			<ymin>177</ymin>
			<ymax>363</ymax>
		</bndbox>
	</object>
</annotation>
