<annotation>
	<folder></folder>
	<filename>frame_2196_jpg.rf.3b7fa727cc96b3e0f282291dfd8cd31f.jpg</filename>
	<path>frame_2196_jpg.rf.3b7fa727cc96b3e0f282291dfd8cd31f.jpg</path>
	<source>
		<database>roboflow.ai</database>
	</source>
	<size>
		<width>416</width>
		<height>416</height>
		<depth>3</depth>
	</size>
	<segmented>0</segmented>
	<object>
		<name>auto</name>
		<pose>Unspecified</pose>
		<truncated>0</truncated>
		<difficult>0</difficult>
		<occluded>0</occluded>
		<bndbox>
			<xmin>163</xmin>
			<xmax>269</xmax>
			<ymin>130</ymin>
			<ymax>301</ymax>
		</bndbox>
	</object>
</annotation>
