<annotation>
	<folder></folder>
	<filename>frame_2130_jpg.rf.ba3d901f3b3927cfdde9bf987d1808a3.jpg</filename>
	<path>frame_2130_jpg.rf.ba3d901f3b3927cfdde9bf987d1808a3.jpg</path>
	<source>
		<database>roboflow.ai</database>
	</source>
	<size>
		<width>416</width>
		<height>416</height>
		<depth>3</depth>
	</size>
	<segmented>0</segmented>
	<object>
		<name>auto</name>
		<pose>Unspecified</pose>
		<truncated>0</truncated>
		<difficult>0</difficult>
		<occluded>0</occluded>
		<bndbox>
			<xmin>14</xmin>
			<xmax>254</xmax>
			<ymin>127</ymin>
			<ymax>335</ymax>
		</bndbox>
	</object>
	<object>
		<name>car</name>
		<pose>Unspecified</pose>
		<truncated>0</truncated>
		<difficult>0</difficult>
		<occluded>0</occluded>
		<bndbox>
			<xmin>325</xmin>
			<xmax>409</xmax>
			<ymin>120</ymin>
			<ymax>199</ymax>
		</bndbox>
	</object>
</annotation>
