<annotation>
	<folder></folder>
	<filename>frame_2176_jpg.rf.c05c301bff0f23f5f7fc7bd9d4e8ae65.jpg</filename>
	<path>frame_2176_jpg.rf.c05c301bff0f23f5f7fc7bd9d4e8ae65.jpg</path>
	<source>
		<database>roboflow.ai</database>
	</source>
	<size>
		<width>416</width>
		<height>416</height>
		<depth>3</depth>
	</size>
	<segmented>0</segmented>
	<object>
		<name>auto</name>
		<pose>Unspecified</pose>
		<truncated>0</truncated>
		<difficult>0</difficult>
		<occluded>0</occluded>
		<bndbox>
			<xmin>59</xmin>
			<xmax>256</xmax>
			<ymin>125</ymin>
			<ymax>398</ymax>
		</bndbox>
	</object>
	<object>
		<name>auto</name>
		<pose>Unspecified</pose>
		<truncated>0</truncated>
		<difficult>0</difficult>
		<occluded>0</occluded>
		<bndbox>
			<xmin>232</xmin>
			<xmax>368</xmax>
			<ymin>98</ymin>
			<ymax>306</ymax>
		</bndbox>
	</object>
</annotation>
