<annotation>
	<folder></folder>
	<filename>frame_2168_jpg.rf.ad2a98013331c62afe98a93b88bbfcc3.jpg</filename>
	<path>frame_2168_jpg.rf.ad2a98013331c62afe98a93b88bbfcc3.jpg</path>
	<source>
		<database>roboflow.ai</database>
	</source>
	<size>
		<width>416</width>
		<height>416</height>
		<depth>3</depth>
	</size>
	<segmented>0</segmented>
	<object>
		<name>auto</name>
		<pose>Unspecified</pose>
		<truncated>0</truncated>
		<difficult>0</difficult>
		<occluded>0</occluded>
		<bndbox>
			<xmin>0</xmin>
			<xmax>177</xmax>
			<ymin>43</ymin>
			<ymax>289</ymax>
		</bndbox>
	</object>
	<object>
		<name>auto</name>
		<pose>Unspecified</pose>
		<truncated>0</truncated>
		<difficult>0</difficult>
		<occluded>0</occluded>
		<bndbox>
			<xmin>158</xmin>
			<xmax>415</xmax>
			<ymin>47</ymin>
			<ymax>415</ymax>
		</bndbox>
	</object>
</annotation>
