<annotation>
	<folder></folder>
	<filename>frame_2081_jpg.rf.a0e051ed45d03266badaca4ad3433b05.jpg</filename>
	<path>frame_2081_jpg.rf.a0e051ed45d03266badaca4ad3433b05.jpg</path>
	<source>
		<database>roboflow.ai</database>
	</source>
	<size>
		<width>416</width>
		<height>416</height>
		<depth>3</depth>
	</size>
	<segmented>0</segmented>
	<object>
		<name>auto</name>
		<pose>Unspecified</pose>
		<truncated>0</truncated>
		<difficult>0</difficult>
		<occluded>0</occluded>
		<bndbox>
			<xmin>98</xmin>
			<xmax>296</xmax>
			<ymin>7</ymin>
			<ymax>415</ymax>
		</bndbox>
	</object>
	<object>
		<name>van</name>
		<pose>Unspecified</pose>
		<truncated>0</truncated>
		<difficult>0</difficult>
		<occluded>0</occluded>
		<bndbox>
			<xmin>283</xmin>
			<xmax>369</xmax>
			<ymin>52</ymin>
			<ymax>276</ymax>
		</bndbox>
	</object>
</annotation>
