<annotation>
	<folder></folder>
	<filename>frame_2163_jpg.rf.bdcc1ad1c206abb382895a5c40ef4691.jpg</filename>
	<path>frame_2163_jpg.rf.bdcc1ad1c206abb382895a5c40ef4691.jpg</path>
	<source>
		<database>roboflow.ai</database>
	</source>
	<size>
		<width>416</width>
		<height>416</height>
		<depth>3</depth>
	</size>
	<segmented>0</segmented>
	<object>
		<name>auto</name>
		<pose>Unspecified</pose>
		<truncated>0</truncated>
		<difficult>0</difficult>
		<occluded>0</occluded>
		<bndbox>
			<xmin>63</xmin>
			<xmax>336</xmax>
			<ymin>9</ymin>
			<ymax>415</ymax>
		</bndbox>
	</object>
</annotation>
