<annotation>
	<folder></folder>
	<filename>frame_2153_jpg.rf.381ad225f02e8783228f4222a397df26.jpg</filename>
	<path>frame_2153_jpg.rf.381ad225f02e8783228f4222a397df26.jpg</path>
	<source>
		<database>roboflow.ai</database>
	</source>
	<size>
		<width>416</width>
		<height>416</height>
		<depth>3</depth>
	</size>
	<segmented>0</segmented>
	<object>
		<name>auto</name>
		<pose>Unspecified</pose>
		<truncated>0</truncated>
		<difficult>0</difficult>
		<occluded>0</occluded>
		<bndbox>
			<xmin>232</xmin>
			<xmax>381</xmax>
			<ymin>110</ymin>
			<ymax>354</ymax>
		</bndbox>
	</object>
	<object>
		<name>auto</name>
		<pose>Unspecified</pose>
		<truncated>0</truncated>
		<difficult>0</difficult>
		<occluded>0</occluded>
		<bndbox>
			<xmin>166</xmin>
			<xmax>252</xmax>
			<ymin>118</ymin>
			<ymax>287</ymax>
		</bndbox>
	</object>
</annotation>
