<annotation>
	<folder></folder>
	<filename>frame_2176_jpg.rf.0285e9f3259f8eb61d594409fa94c020.jpg</filename>
	<path>frame_2176_jpg.rf.0285e9f3259f8eb61d594409fa94c020.jpg</path>
	<source>
		<database>roboflow.ai</database>
	</source>
	<size>
		<width>416</width>
		<height>416</height>
		<depth>3</depth>
	</size>
	<segmented>0</segmented>
	<object>
		<name>auto</name>
		<pose>Unspecified</pose>
		<truncated>0</truncated>
		<difficult>0</difficult>
		<occluded>0</occluded>
		<bndbox>
			<xmin>163</xmin>
			<xmax>383</xmax>
			<ymin>102</ymin>
			<ymax>363</ymax>
		</bndbox>
	</object>
	<object>
		<name>auto</name>
		<pose>Unspecified</pose>
		<truncated>0</truncated>
		<difficult>0</difficult>
		<occluded>0</occluded>
		<bndbox>
			<xmin>46</xmin>
			<xmax>200</xmax>
			<ymin>150</ymin>
			<ymax>346</ymax>
		</bndbox>
	</object>
</annotation>
