<annotation>
	<folder></folder>
	<filename>frame_2185_jpg.rf.f8faccacbd9ae927e5bcdedb01c76808.jpg</filename>
	<path>frame_2185_jpg.rf.f8faccacbd9ae927e5bcdedb01c76808.jpg</path>
	<source>
		<database>roboflow.ai</database>
	</source>
	<size>
		<width>416</width>
		<height>416</height>
		<depth>3</depth>
	</size>
	<segmented>0</segmented>
	<object>
		<name>auto</name>
		<pose>Unspecified</pose>
		<truncated>0</truncated>
		<difficult>0</difficult>
		<occluded>0</occluded>
		<bndbox>
			<xmin>228</xmin>
			<xmax>415</xmax>
			<ymin>87</ymin>
			<ymax>346</ymax>
		</bndbox>
	</object>
	<object>
		<name>bicycle</name>
		<pose>Unspecified</pose>
		<truncated>0</truncated>
		<difficult>0</difficult>
		<occluded>0</occluded>
		<bndbox>
			<xmin>103</xmin>
			<xmax>212</xmax>
			<ymin>87</ymin>
			<ymax>339</ymax>
		</bndbox>
	</object>
	<object>
		<name>truck</name>
		<pose>Unspecified</pose>
		<truncated>0</truncated>
		<difficult>0</difficult>
		<occluded>0</occluded>
		<bndbox>
			<xmin>168</xmin>
			<xmax>229</xmax>
			<ymin>69</ymin>
			<ymax>140</ymax>
		</bndbox>
	</object>
</annotation>
