<annotation>
	<folder></folder>
	<filename>frame_2209_jpg.rf.212b034d7d8a3982523c036df5fb5cd3.jpg</filename>
	<path>frame_2209_jpg.rf.212b034d7d8a3982523c036df5fb5cd3.jpg</path>
	<source>
		<database>roboflow.ai</database>
	</source>
	<size>
		<width>416</width>
		<height>416</height>
		<depth>3</depth>
	</size>
	<segmented>0</segmented>
	<object>
		<name>auto</name>
		<pose>Unspecified</pose>
		<truncated>0</truncated>
		<difficult>0</difficult>
		<occluded>0</occluded>
		<bndbox>
			<xmin>99</xmin>
			<xmax>285</xmax>
			<ymin>65</ymin>
			<ymax>398</ymax>
		</bndbox>
	</object>
	<object>
		<name>auto</name>
		<pose>Unspecified</pose>
		<truncated>0</truncated>
		<difficult>0</difficult>
		<occluded>0</occluded>
		<bndbox>
			<xmin>275</xmin>
			<xmax>334</xmax>
			<ymin>80</ymin>
			<ymax>157</ymax>
		</bndbox>
	</object>
	<object>
		<name>auto</name>
		<pose>Unspecified</pose>
		<truncated>0</truncated>
		<difficult>0</difficult>
		<occluded>0</occluded>
		<bndbox>
			<xmin>391</xmin>
			<xmax>415</xmax>
			<ymin>69</ymin>
			<ymax>147</ymax>
		</bndbox>
	</object>
</annotation>
