<annotation>
	<folder></folder>
	<filename>frame_2071_jpg.rf.f95b9df41d6b12688a02d6581d4161b4.jpg</filename>
	<path>frame_2071_jpg.rf.f95b9df41d6b12688a02d6581d4161b4.jpg</path>
	<source>
		<database>roboflow.ai</database>
	</source>
	<size>
		<width>416</width>
		<height>416</height>
		<depth>3</depth>
	</size>
	<segmented>0</segmented>
	<object>
		<name>bus</name>
		<pose>Unspecified</pose>
		<truncated>0</truncated>
		<difficult>0</difficult>
		<occluded>0</occluded>
		<bndbox>
			<xmin>237</xmin>
			<xmax>380</xmax>
			<ymin>174</ymin>
			<ymax>340</ymax>
		</bndbox>
	</object>
</annotation>
