<annotation>
	<folder></folder>
	<filename>frame_2064_jpg.rf.d66498844bd975b66ebc89fde1a1fb2d.jpg</filename>
	<path>frame_2064_jpg.rf.d66498844bd975b66ebc89fde1a1fb2d.jpg</path>
	<source>
		<database>roboflow.ai</database>
	</source>
	<size>
		<width>416</width>
		<height>416</height>
		<depth>3</depth>
	</size>
	<segmented>0</segmented>
	<object>
		<name>auto</name>
		<pose>Unspecified</pose>
		<truncated>0</truncated>
		<difficult>0</difficult>
		<occluded>0</occluded>
		<bndbox>
			<xmin>160</xmin>
			<xmax>265</xmax>
			<ymin>166</ymin>
			<ymax>341</ymax>
		</bndbox>
	</object>
</annotation>
