<annotation>
	<folder></folder>
	<filename>frame_2050_jpg.rf.76a9388671c98dd1995451e32b3d475a.jpg</filename>
	<path>frame_2050_jpg.rf.76a9388671c98dd1995451e32b3d475a.jpg</path>
	<source>
		<database>roboflow.ai</database>
	</source>
	<size>
		<width>416</width>
		<height>416</height>
		<depth>3</depth>
	</size>
	<segmented>0</segmented>
	<object>
		<name>auto</name>
		<pose>Unspecified</pose>
		<truncated>0</truncated>
		<difficult>0</difficult>
		<occluded>0</occluded>
		<bndbox>
			<xmin>121</xmin>
			<xmax>331</xmax>
			<ymin>122</ymin>
			<ymax>391</ymax>
		</bndbox>
	</object>
</annotation>
