<annotation>
	<folder></folder>
	<filename>frame_2074_jpg.rf.d6f645bbe4c20cd51135876a7501e211.jpg</filename>
	<path>frame_2074_jpg.rf.d6f645bbe4c20cd51135876a7501e211.jpg</path>
	<source>
		<database>roboflow.ai</database>
	</source>
	<size>
		<width>416</width>
		<height>416</height>
		<depth>3</depth>
	</size>
	<segmented>0</segmented>
	<object>
		<name>auto</name>
		<pose>Unspecified</pose>
		<truncated>0</truncated>
		<difficult>0</difficult>
		<occluded>0</occluded>
		<bndbox>
			<xmin>212</xmin>
			<xmax>262</xmax>
			<ymin>237</ymin>
			<ymax>298</ymax>
		</bndbox>
	</object>
</annotation>
