<annotation>
	<folder></folder>
	<filename>frame_1701_jpg.rf.b5b42d76f76ca0018b9f185ecc81a92d.jpg</filename>
	<path>frame_1701_jpg.rf.b5b42d76f76ca0018b9f185ecc81a92d.jpg</path>
	<source>
		<database>roboflow.ai</database>
	</source>
	<size>
		<width>416</width>
		<height>416</height>
		<depth>3</depth>
	</size>
	<segmented>0</segmented>
	<object>
		<name>riksha</name>
		<pose>Unspecified</pose>
		<truncated>0</truncated>
		<difficult>0</difficult>
		<occluded>0</occluded>
		<bndbox>
			<xmin>169</xmin>
			<xmax>415</xmax>
			<ymin>82</ymin>
			<ymax>415</ymax>
		</bndbox>
	</object>
	<object>
		<name>riksha</name>
		<pose>Unspecified</pose>
		<truncated>0</truncated>
		<difficult>0</difficult>
		<occluded>0</occluded>
		<bndbox>
			<xmin>120</xmin>
			<xmax>206</xmax>
			<ymin>123</ymin>
			<ymax>333</ymax>
		</bndbox>
	</object>
	<object>
		<name>auto</name>
		<pose>Unspecified</pose>
		<truncated>0</truncated>
		<difficult>0</difficult>
		<occluded>0</occluded>
		<bndbox>
			<xmin>0</xmin>
			<xmax>69</xmax>
			<ymin>183</ymin>
			<ymax>394</ymax>
		</bndbox>
	</object>
</annotation>
