<annotation>
	<folder></folder>
	<filename>frame_1756_jpg.rf.f8c54fa06e388704e86c6b0c64694eae.jpg</filename>
	<path>frame_1756_jpg.rf.f8c54fa06e388704e86c6b0c64694eae.jpg</path>
	<source>
		<database>roboflow.ai</database>
	</source>
	<size>
		<width>416</width>
		<height>416</height>
		<depth>3</depth>
	</size>
	<segmented>0</segmented>
	<object>
		<name>auto</name>
		<pose>Unspecified</pose>
		<truncated>0</truncated>
		<difficult>0</difficult>
		<occluded>0</occluded>
		<bndbox>
			<xmin>69</xmin>
			<xmax>278</xmax>
			<ymin>65</ymin>
			<ymax>414</ymax>
		</bndbox>
	</object>
	<object>
		<name>auto</name>
		<pose>Unspecified</pose>
		<truncated>0</truncated>
		<difficult>0</difficult>
		<occluded>0</occluded>
		<bndbox>
			<xmin>214</xmin>
			<xmax>310</xmax>
			<ymin>68</ymin>
			<ymax>260</ymax>
		</bndbox>
	</object>
</annotation>
