<annotation>
	<folder></folder>
	<filename>frame_1748_jpg.rf.2c40f0ffcef37ee728b88e9786657a90.jpg</filename>
	<path>frame_1748_jpg.rf.2c40f0ffcef37ee728b88e9786657a90.jpg</path>
	<source>
		<database>roboflow.ai</database>
	</source>
	<size>
		<width>416</width>
		<height>416</height>
		<depth>3</depth>
	</size>
	<segmented>0</segmented>
	<object>
		<name>auto</name>
		<pose>Unspecified</pose>
		<truncated>0</truncated>
		<difficult>0</difficult>
		<occluded>0</occluded>
		<bndbox>
			<xmin>63</xmin>
			<xmax>401</xmax>
			<ymin>42</ymin>
			<ymax>415</ymax>
		</bndbox>
	</object>
</annotation>
