<annotation>
	<folder></folder>
	<filename>frame_1707_jpg.rf.62d9599c56294920acb3095d9ead5b39.jpg</filename>
	<path>frame_1707_jpg.rf.62d9599c56294920acb3095d9ead5b39.jpg</path>
	<source>
		<database>roboflow.ai</database>
	</source>
	<size>
		<width>416</width>
		<height>416</height>
		<depth>3</depth>
	</size>
	<segmented>0</segmented>
	<object>
		<name>auto</name>
		<pose>Unspecified</pose>
		<truncated>0</truncated>
		<difficult>0</difficult>
		<occluded>0</occluded>
		<bndbox>
			<xmin>22</xmin>
			<xmax>339</xmax>
			<ymin>9</ymin>
			<ymax>412</ymax>
		</bndbox>
	</object>
	<object>
		<name>auto</name>
		<pose>Unspecified</pose>
		<truncated>0</truncated>
		<difficult>0</difficult>
		<occluded>0</occluded>
		<bndbox>
			<xmin>340</xmin>
			<xmax>415</xmax>
			<ymin>152</ymin>
			<ymax>307</ymax>
		</bndbox>
	</object>
</annotation>
