<annotation>
	<folder></folder>
	<filename>frame_1681_jpg.rf.e4a9ac3e1cd6878061562ecc2c7871d1.jpg</filename>
	<path>frame_1681_jpg.rf.e4a9ac3e1cd6878061562ecc2c7871d1.jpg</path>
	<source>
		<database>roboflow.ai</database>
	</source>
	<size>
		<width>416</width>
		<height>416</height>
		<depth>3</depth>
	</size>
	<segmented>0</segmented>
	<object>
		<name>auto</name>
		<pose>Unspecified</pose>
		<truncated>0</truncated>
		<difficult>0</difficult>
		<occluded>0</occluded>
		<bndbox>
			<xmin>227</xmin>
			<xmax>334</xmax>
			<ymin>178</ymin>
			<ymax>361</ymax>
		</bndbox>
	</object>
	<object>
		<name>auto</name>
		<pose>Unspecified</pose>
		<truncated>0</truncated>
		<difficult>0</difficult>
		<occluded>0</occluded>
		<bndbox>
			<xmin>145</xmin>
			<xmax>213</xmax>
			<ymin>156</ymin>
			<ymax>263</ymax>
		</bndbox>
	</object>
</annotation>
