<annotation>
	<folder></folder>
	<filename>frame_1736_jpg.rf.9dca2f36b0cfe7d263074bbd09896c0c.jpg</filename>
	<path>frame_1736_jpg.rf.9dca2f36b0cfe7d263074bbd09896c0c.jpg</path>
	<source>
		<database>roboflow.ai</database>
	</source>
	<size>
		<width>416</width>
		<height>416</height>
		<depth>3</depth>
	</size>
	<segmented>0</segmented>
	<object>
		<name>auto</name>
		<pose>Unspecified</pose>
		<truncated>0</truncated>
		<difficult>0</difficult>
		<occluded>0</occluded>
		<bndbox>
			<xmin>142</xmin>
			<xmax>280</xmax>
			<ymin>205</ymin>
			<ymax>385</ymax>
		</bndbox>
	</object>
	<object>
		<name>motorbike</name>
		<pose>Unspecified</pose>
		<truncated>0</truncated>
		<difficult>0</difficult>
		<occluded>0</occluded>
		<bndbox>
			<xmin>267</xmin>
			<xmax>329</xmax>
			<ymin>262</ymin>
			<ymax>327</ymax>
		</bndbox>
	</object>
</annotation>
