<annotation>
	<folder></folder>
	<filename>frame_1680_jpg.rf.c57ec083b232851f9d8d8e2bfeabc766.jpg</filename>
	<path>frame_1680_jpg.rf.c57ec083b232851f9d8d8e2bfeabc766.jpg</path>
	<source>
		<database>roboflow.ai</database>
	</source>
	<size>
		<width>416</width>
		<height>416</height>
		<depth>3</depth>
	</size>
	<segmented>0</segmented>
	<object>
		<name>van</name>
		<pose>Unspecified</pose>
		<truncated>0</truncated>
		<difficult>0</difficult>
		<occluded>0</occluded>
		<bndbox>
			<xmin>316</xmin>
			<xmax>415</xmax>
			<ymin>43</ymin>
			<ymax>156</ymax>
		</bndbox>
	</object>
	<object>
		<name>van</name>
		<pose>Unspecified</pose>
		<truncated>0</truncated>
		<difficult>0</difficult>
		<occluded>0</occluded>
		<bndbox>
			<xmin>147</xmin>
			<xmax>346</xmax>
			<ymin>248</ymin>
			<ymax>387</ymax>
		</bndbox>
	</object>
	<object>
		<name>auto</name>
		<pose>Unspecified</pose>
		<truncated>0</truncated>
		<difficult>0</difficult>
		<occluded>0</occluded>
		<bndbox>
			<xmin>0</xmin>
			<xmax>101</xmax>
			<ymin>152</ymin>
			<ymax>273</ymax>
		</bndbox>
	</object>
</annotation>
