<annotation>
	<folder></folder>
	<filename>frame_1751_jpg.rf.90ce766edfb66da65a70caaf370e22c5.jpg</filename>
	<path>frame_1751_jpg.rf.90ce766edfb66da65a70caaf370e22c5.jpg</path>
	<source>
		<database>roboflow.ai</database>
	</source>
	<size>
		<width>416</width>
		<height>416</height>
		<depth>3</depth>
	</size>
	<segmented>0</segmented>
	<object>
		<name>auto</name>
		<pose>Unspecified</pose>
		<truncated>0</truncated>
		<difficult>0</difficult>
		<occluded>0</occluded>
		<bndbox>
			<xmin>101</xmin>
			<xmax>333</xmax>
			<ymin>142</ymin>
			<ymax>345</ymax>
		</bndbox>
	</object>
</annotation>
