<annotation>
	<folder></folder>
	<filename>frame_1745_jpg.rf.6e1a995084041904b31997b98134832a.jpg</filename>
	<path>frame_1745_jpg.rf.6e1a995084041904b31997b98134832a.jpg</path>
	<source>
		<database>roboflow.ai</database>
	</source>
	<size>
		<width>416</width>
		<height>416</height>
		<depth>3</depth>
	</size>
	<segmented>0</segmented>
	<object>
		<name>auto</name>
		<pose>Unspecified</pose>
		<truncated>0</truncated>
		<difficult>0</difficult>
		<occluded>0</occluded>
		<bndbox>
			<xmin>19</xmin>
			<xmax>289</xmax>
			<ymin>183</ymin>
			<ymax>405</ymax>
		</bndbox>
	</object>
</annotation>
