<annotation>
	<folder></folder>
	<filename>frame_1703_jpg.rf.dcac25705ea4afae26cd37a35ee5ad24.jpg</filename>
	<path>frame_1703_jpg.rf.dcac25705ea4afae26cd37a35ee5ad24.jpg</path>
	<source>
		<database>roboflow.ai</database>
	</source>
	<size>
		<width>416</width>
		<height>416</height>
		<depth>3</depth>
	</size>
	<segmented>0</segmented>
	<object>
		<name>auto</name>
		<pose>Unspecified</pose>
		<truncated>0</truncated>
		<difficult>0</difficult>
		<occluded>0</occluded>
		<bndbox>
			<xmin>211</xmin>
			<xmax>415</xmax>
			<ymin>36</ymin>
			<ymax>308</ymax>
		</bndbox>
	</object>
</annotation>
