<annotation>
	<folder></folder>
	<filename>frame_1706_jpg.rf.4239a0ebb926c296aed4638204390c22.jpg</filename>
	<path>frame_1706_jpg.rf.4239a0ebb926c296aed4638204390c22.jpg</path>
	<source>
		<database>roboflow.ai</database>
	</source>
	<size>
		<width>416</width>
		<height>416</height>
		<depth>3</depth>
	</size>
	<segmented>0</segmented>
	<object>
		<name>auto</name>
		<pose>Unspecified</pose>
		<truncated>0</truncated>
		<difficult>0</difficult>
		<occluded>0</occluded>
		<bndbox>
			<xmin>182</xmin>
			<xmax>315</xmax>
			<ymin>210</ymin>
			<ymax>385</ymax>
		</bndbox>
	</object>
</annotation>
