<annotation>
	<folder></folder>
	<filename>frame_1732_jpg.rf.2939a0b560e4e051df3cd662954621e4.jpg</filename>
	<path>frame_1732_jpg.rf.2939a0b560e4e051df3cd662954621e4.jpg</path>
	<source>
		<database>roboflow.ai</database>
	</source>
	<size>
		<width>416</width>
		<height>416</height>
		<depth>3</depth>
	</size>
	<segmented>0</segmented>
	<object>
		<name>auto</name>
		<pose>Unspecified</pose>
		<truncated>0</truncated>
		<difficult>0</difficult>
		<occluded>0</occluded>
		<bndbox>
			<xmin>232</xmin>
			<xmax>326</xmax>
			<ymin>203</ymin>
			<ymax>382</ymax>
		</bndbox>
	</object>
	<object>
		<name>auto</name>
		<pose>Unspecified</pose>
		<truncated>0</truncated>
		<difficult>0</difficult>
		<occluded>0</occluded>
		<bndbox>
			<xmin>153</xmin>
			<xmax>242</xmax>
			<ymin>185</ymin>
			<ymax>355</ymax>
		</bndbox>
	</object>
</annotation>
