<annotation>
	<folder></folder>
	<filename>frame_1664_jpg.rf.e80340d66f1f6cefc6301d1159d2bd35.jpg</filename>
	<path>frame_1664_jpg.rf.e80340d66f1f6cefc6301d1159d2bd35.jpg</path>
	<source>
		<database>roboflow.ai</database>
	</source>
	<size>
		<width>416</width>
		<height>416</height>
		<depth>3</depth>
	</size>
	<segmented>0</segmented>
	<object>
		<name>auto</name>
		<pose>Unspecified</pose>
		<truncated>0</truncated>
		<difficult>0</difficult>
		<occluded>0</occluded>
		<bndbox>
			<xmin>53</xmin>
			<xmax>392</xmax>
			<ymin>38</ymin>
			<ymax>408</ymax>
		</bndbox>
	</object>
</annotation>
