<annotation>
	<folder></folder>
	<filename>frame_1704_jpg.rf.4107ac0aa47758fad3f86be5e248daf6.jpg</filename>
	<path>frame_1704_jpg.rf.4107ac0aa47758fad3f86be5e248daf6.jpg</path>
	<source>
		<database>roboflow.ai</database>
	</source>
	<size>
		<width>416</width>
		<height>416</height>
		<depth>3</depth>
	</size>
	<segmented>0</segmented>
	<object>
		<name>auto</name>
		<pose>Unspecified</pose>
		<truncated>0</truncated>
		<difficult>0</difficult>
		<occluded>0</occluded>
		<bndbox>
			<xmin>12</xmin>
			<xmax>148</xmax>
			<ymin>170</ymin>
			<ymax>297</ymax>
		</bndbox>
	</object>
</annotation>
