<annotation>
	<folder></folder>
	<filename>frame_1714_jpg.rf.bab8613b57b42f0516fee65206b55e04.jpg</filename>
	<path>frame_1714_jpg.rf.bab8613b57b42f0516fee65206b55e04.jpg</path>
	<source>
		<database>roboflow.ai</database>
	</source>
	<size>
		<width>416</width>
		<height>416</height>
		<depth>3</depth>
	</size>
	<segmented>0</segmented>
	<object>
		<name>auto</name>
		<pose>Unspecified</pose>
		<truncated>0</truncated>
		<difficult>0</difficult>
		<occluded>0</occluded>
		<bndbox>
			<xmin>28</xmin>
			<xmax>415</xmax>
			<ymin>0</ymin>
			<ymax>416</ymax>
		</bndbox>
	</object>
	<object>
		<name>auto</name>
		<pose>Unspecified</pose>
		<truncated>0</truncated>
		<difficult>0</difficult>
		<occluded>0</occluded>
		<bndbox>
			<xmin>0</xmin>
			<xmax>72</xmax>
			<ymin>154</ymin>
			<ymax>329</ymax>
		</bndbox>
	</object>
</annotation>
