<annotation>
	<folder></folder>
	<filename>frame_1743_jpg.rf.0068b70ddd3bac1319efb1c410f7c57f.jpg</filename>
	<path>frame_1743_jpg.rf.0068b70ddd3bac1319efb1c410f7c57f.jpg</path>
	<source>
		<database>roboflow.ai</database>
	</source>
	<size>
		<width>416</width>
		<height>416</height>
		<depth>3</depth>
	</size>
	<segmented>0</segmented>
	<object>
		<name>auto</name>
		<pose>Unspecified</pose>
		<truncated>0</truncated>
		<difficult>0</difficult>
		<occluded>0</occluded>
		<bndbox>
			<xmin>62</xmin>
			<xmax>336</xmax>
			<ymin>243</ymin>
			<ymax>414</ymax>
		</bndbox>
	</object>
</annotation>
