<annotation>
	<folder></folder>
	<filename>frame_1735_jpg.rf.6c7228763c05d8857d62264ebe904bac.jpg</filename>
	<path>frame_1735_jpg.rf.6c7228763c05d8857d62264ebe904bac.jpg</path>
	<source>
		<database>roboflow.ai</database>
	</source>
	<size>
		<width>416</width>
		<height>416</height>
		<depth>3</depth>
	</size>
	<segmented>0</segmented>
	<object>
		<name>auto</name>
		<pose>Unspecified</pose>
		<truncated>0</truncated>
		<difficult>0</difficult>
		<occluded>0</occluded>
		<bndbox>
			<xmin>67</xmin>
			<xmax>360</xmax>
			<ymin>41</ymin>
			<ymax>402</ymax>
		</bndbox>
	</object>
	<object>
		<name>car</name>
		<pose>Unspecified</pose>
		<truncated>0</truncated>
		<difficult>0</difficult>
		<occluded>0</occluded>
		<bndbox>
			<xmin>24</xmin>
			<xmax>128</xmax>
			<ymin>219</ymin>
			<ymax>415</ymax>
		</bndbox>
	</object>
</annotation>
