<annotation>
	<folder></folder>
	<filename>frame_1757_jpg.rf.3f8d27e98b2ded26c388020bbaac5afc.jpg</filename>
	<path>frame_1757_jpg.rf.3f8d27e98b2ded26c388020bbaac5afc.jpg</path>
	<source>
		<database>roboflow.ai</database>
	</source>
	<size>
		<width>416</width>
		<height>416</height>
		<depth>3</depth>
	</size>
	<segmented>0</segmented>
	<object>
		<name>auto</name>
		<pose>Unspecified</pose>
		<truncated>0</truncated>
		<difficult>0</difficult>
		<occluded>0</occluded>
		<bndbox>
			<xmin>34</xmin>
			<xmax>266</xmax>
			<ymin>74</ymin>
			<ymax>415</ymax>
		</bndbox>
	</object>
</annotation>
