<annotation>
	<folder></folder>
	<filename>frame_1698_jpg.rf.152cac68d5f668c943274ab2f1d87275.jpg</filename>
	<path>frame_1698_jpg.rf.152cac68d5f668c943274ab2f1d87275.jpg</path>
	<source>
		<database>roboflow.ai</database>
	</source>
	<size>
		<width>416</width>
		<height>416</height>
		<depth>3</depth>
	</size>
	<segmented>0</segmented>
	<object>
		<name>auto</name>
		<pose>Unspecified</pose>
		<truncated>0</truncated>
		<difficult>0</difficult>
		<occluded>0</occluded>
		<bndbox>
			<xmin>81</xmin>
			<xmax>415</xmax>
			<ymin>132</ymin>
			<ymax>391</ymax>
		</bndbox>
	</object>
</annotation>
