<annotation>
	<folder></folder>
	<filename>frame_1736_jpg.rf.a1f5a748859886b44170994da224d9b4.jpg</filename>
	<path>frame_1736_jpg.rf.a1f5a748859886b44170994da224d9b4.jpg</path>
	<source>
		<database>roboflow.ai</database>
	</source>
	<size>
		<width>416</width>
		<height>416</height>
		<depth>3</depth>
	</size>
	<segmented>0</segmented>
	<object>
		<name>auto</name>
		<pose>Unspecified</pose>
		<truncated>0</truncated>
		<difficult>0</difficult>
		<occluded>0</occluded>
		<bndbox>
			<xmin>181</xmin>
			<xmax>319</xmax>
			<ymin>201</ymin>
			<ymax>375</ymax>
		</bndbox>
	</object>
	<object>
		<name>motorbike</name>
		<pose>Unspecified</pose>
		<truncated>0</truncated>
		<difficult>0</difficult>
		<occluded>0</occluded>
		<bndbox>
			<xmin>131</xmin>
			<xmax>191</xmax>
			<ymin>269</ymin>
			<ymax>333</ymax>
		</bndbox>
	</object>
</annotation>
