<annotation>
	<folder></folder>
	<filename>frame_1713_jpg.rf.1c54be1f0e0e9e58f088abee93e7b345.jpg</filename>
	<path>frame_1713_jpg.rf.1c54be1f0e0e9e58f088abee93e7b345.jpg</path>
	<source>
		<database>roboflow.ai</database>
	</source>
	<size>
		<width>416</width>
		<height>416</height>
		<depth>3</depth>
	</size>
	<segmented>0</segmented>
	<object>
		<name>auto</name>
		<pose>Unspecified</pose>
		<truncated>0</truncated>
		<difficult>0</difficult>
		<occluded>0</occluded>
		<bndbox>
			<xmin>267</xmin>
			<xmax>414</xmax>
			<ymin>193</ymin>
			<ymax>384</ymax>
		</bndbox>
	</object>
</annotation>
