<annotation>
	<folder></folder>
	<filename>frame_1744_jpg.rf.0a09027433c63d5cfb68746818668913.jpg</filename>
	<path>frame_1744_jpg.rf.0a09027433c63d5cfb68746818668913.jpg</path>
	<source>
		<database>roboflow.ai</database>
	</source>
	<size>
		<width>416</width>
		<height>416</height>
		<depth>3</depth>
	</size>
	<segmented>0</segmented>
	<object>
		<name>auto</name>
		<pose>Unspecified</pose>
		<truncated>0</truncated>
		<difficult>0</difficult>
		<occluded>0</occluded>
		<bndbox>
			<xmin>41</xmin>
			<xmax>367</xmax>
			<ymin>19</ymin>
			<ymax>415</ymax>
		</bndbox>
	</object>
</annotation>
