<annotation>
	<folder></folder>
	<filename>frame_1671_jpg.rf.0ddcc4720529a7f99293d35018ffbf3a.jpg</filename>
	<path>frame_1671_jpg.rf.0ddcc4720529a7f99293d35018ffbf3a.jpg</path>
	<source>
		<database>roboflow.ai</database>
	</source>
	<size>
		<width>416</width>
		<height>416</height>
		<depth>3</depth>
	</size>
	<segmented>0</segmented>
	<object>
		<name>auto</name>
		<pose>Unspecified</pose>
		<truncated>0</truncated>
		<difficult>0</difficult>
		<occluded>0</occluded>
		<bndbox>
			<xmin>45</xmin>
			<xmax>228</xmax>
			<ymin>124</ymin>
			<ymax>400</ymax>
		</bndbox>
	</object>
	<object>
		<name>auto</name>
		<pose>Unspecified</pose>
		<truncated>0</truncated>
		<difficult>0</difficult>
		<occluded>0</occluded>
		<bndbox>
			<xmin>242</xmin>
			<xmax>307</xmax>
			<ymin>156</ymin>
			<ymax>239</ymax>
		</bndbox>
	</object>
</annotation>
