<annotation>
	<folder></folder>
	<filename>frame_1725_jpg.rf.2aa1e4e6b19b399896ee8313e73b75ba.jpg</filename>
	<path>frame_1725_jpg.rf.2aa1e4e6b19b399896ee8313e73b75ba.jpg</path>
	<source>
		<database>roboflow.ai</database>
	</source>
	<size>
		<width>416</width>
		<height>416</height>
		<depth>3</depth>
	</size>
	<segmented>0</segmented>
	<object>
		<name>auto</name>
		<pose>Unspecified</pose>
		<truncated>0</truncated>
		<difficult>0</difficult>
		<occluded>0</occluded>
		<bndbox>
			<xmin>0</xmin>
			<xmax>415</xmax>
			<ymin>0</ymin>
			<ymax>415</ymax>
		</bndbox>
	</object>
	<object>
		<name>auto</name>
		<pose>Unspecified</pose>
		<truncated>0</truncated>
		<difficult>0</difficult>
		<occluded>0</occluded>
		<bndbox>
			<xmin>0</xmin>
			<xmax>108</xmax>
			<ymin>0</ymin>
			<ymax>135</ymax>
		</bndbox>
	</object>
</annotation>
