<annotation>
	<folder></folder>
	<filename>frame_1700_jpg.rf.a0b1aa7b3334760e8535b0ce40272897.jpg</filename>
	<path>frame_1700_jpg.rf.a0b1aa7b3334760e8535b0ce40272897.jpg</path>
	<source>
		<database>roboflow.ai</database>
	</source>
	<size>
		<width>416</width>
		<height>416</height>
		<depth>3</depth>
	</size>
	<segmented>0</segmented>
	<object>
		<name>auto</name>
		<pose>Unspecified</pose>
		<truncated>0</truncated>
		<difficult>0</difficult>
		<occluded>0</occluded>
		<bndbox>
			<xmin>173</xmin>
			<xmax>369</xmax>
			<ymin>190</ymin>
			<ymax>416</ymax>
		</bndbox>
	</object>
	<object>
		<name>auto</name>
		<pose>Unspecified</pose>
		<truncated>0</truncated>
		<difficult>0</difficult>
		<occluded>0</occluded>
		<bndbox>
			<xmin>35</xmin>
			<xmax>216</xmax>
			<ymin>179</ymin>
			<ymax>373</ymax>
		</bndbox>
	</object>
</annotation>
