<annotation>
	<folder></folder>
	<filename>frame_1714_jpg.rf.369877f5e2693d2e21ba04cf9f8e550d.jpg</filename>
	<path>frame_1714_jpg.rf.369877f5e2693d2e21ba04cf9f8e550d.jpg</path>
	<source>
		<database>roboflow.ai</database>
	</source>
	<size>
		<width>416</width>
		<height>416</height>
		<depth>3</depth>
	</size>
	<segmented>0</segmented>
	<object>
		<name>auto</name>
		<pose>Unspecified</pose>
		<truncated>0</truncated>
		<difficult>0</difficult>
		<occluded>0</occluded>
		<bndbox>
			<xmin>0</xmin>
			<xmax>407</xmax>
			<ymin>0</ymin>
			<ymax>415</ymax>
		</bndbox>
	</object>
	<object>
		<name>auto</name>
		<pose>Unspecified</pose>
		<truncated>0</truncated>
		<difficult>0</difficult>
		<occluded>0</occluded>
		<bndbox>
			<xmin>288</xmin>
			<xmax>406</xmax>
			<ymin>179</ymin>
			<ymax>381</ymax>
		</bndbox>
	</object>
</annotation>
