<annotation>
	<folder></folder>
	<filename>frame_1679_jpg.rf.fd742091bcd3d6f553721f09b809a60b.jpg</filename>
	<path>frame_1679_jpg.rf.fd742091bcd3d6f553721f09b809a60b.jpg</path>
	<source>
		<database>roboflow.ai</database>
	</source>
	<size>
		<width>416</width>
		<height>416</height>
		<depth>3</depth>
	</size>
	<segmented>0</segmented>
	<object>
		<name>auto</name>
		<pose>Unspecified</pose>
		<truncated>0</truncated>
		<difficult>0</difficult>
		<occluded>0</occluded>
		<bndbox>
			<xmin>0</xmin>
			<xmax>211</xmax>
			<ymin>94</ymin>
			<ymax>364</ymax>
		</bndbox>
	</object>
	<object>
		<name>riksha</name>
		<pose>Unspecified</pose>
		<truncated>0</truncated>
		<difficult>0</difficult>
		<occluded>0</occluded>
		<bndbox>
			<xmin>129</xmin>
			<xmax>359</xmax>
			<ymin>221</ymin>
			<ymax>413</ymax>
		</bndbox>
	</object>
	<object>
		<name>car</name>
		<pose>Unspecified</pose>
		<truncated>0</truncated>
		<difficult>0</difficult>
		<occluded>0</occluded>
		<bndbox>
			<xmin>325</xmin>
			<xmax>415</xmax>
			<ymin>215</ymin>
			<ymax>372</ymax>
		</bndbox>
	</object>
</annotation>
