<annotation>
	<folder></folder>
	<filename>frame_1695_jpg.rf.8c7fe04b7453a795df3e63de5b27596d.jpg</filename>
	<path>frame_1695_jpg.rf.8c7fe04b7453a795df3e63de5b27596d.jpg</path>
	<source>
		<database>roboflow.ai</database>
	</source>
	<size>
		<width>416</width>
		<height>416</height>
		<depth>3</depth>
	</size>
	<segmented>0</segmented>
	<object>
		<name>auto</name>
		<pose>Unspecified</pose>
		<truncated>0</truncated>
		<difficult>0</difficult>
		<occluded>0</occluded>
		<bndbox>
			<xmin>50</xmin>
			<xmax>175</xmax>
			<ymin>148</ymin>
			<ymax>380</ymax>
		</bndbox>
	</object>
	<object>
		<name>auto</name>
		<pose>Unspecified</pose>
		<truncated>0</truncated>
		<difficult>0</difficult>
		<occluded>0</occluded>
		<bndbox>
			<xmin>264</xmin>
			<xmax>392</xmax>
			<ymin>109</ymin>
			<ymax>392</ymax>
		</bndbox>
	</object>
</annotation>
