<annotation>
	<folder></folder>
	<filename>frame_1732_jpg.rf.4ecc34598b3fb5efae004776507b7dd3.jpg</filename>
	<path>frame_1732_jpg.rf.4ecc34598b3fb5efae004776507b7dd3.jpg</path>
	<source>
		<database>roboflow.ai</database>
	</source>
	<size>
		<width>416</width>
		<height>416</height>
		<depth>3</depth>
	</size>
	<segmented>0</segmented>
	<object>
		<name>auto</name>
		<pose>Unspecified</pose>
		<truncated>0</truncated>
		<difficult>0</difficult>
		<occluded>0</occluded>
		<bndbox>
			<xmin>221</xmin>
			<xmax>306</xmax>
			<ymin>207</ymin>
			<ymax>386</ymax>
		</bndbox>
	</object>
	<object>
		<name>auto</name>
		<pose>Unspecified</pose>
		<truncated>0</truncated>
		<difficult>0</difficult>
		<occluded>0</occluded>
		<bndbox>
			<xmin>143</xmin>
			<xmax>223</xmax>
			<ymin>182</ymin>
			<ymax>352</ymax>
		</bndbox>
	</object>
</annotation>
