<annotation>
	<folder></folder>
	<filename>frame_1733_jpg.rf.2d4a35d44b3a63e8020779b4a26854f1.jpg</filename>
	<path>frame_1733_jpg.rf.2d4a35d44b3a63e8020779b4a26854f1.jpg</path>
	<source>
		<database>roboflow.ai</database>
	</source>
	<size>
		<width>416</width>
		<height>416</height>
		<depth>3</depth>
	</size>
	<segmented>0</segmented>
	<object>
		<name>auto</name>
		<pose>Unspecified</pose>
		<truncated>0</truncated>
		<difficult>0</difficult>
		<occluded>0</occluded>
		<bndbox>
			<xmin>0</xmin>
			<xmax>415</xmax>
			<ymin>26</ymin>
			<ymax>388</ymax>
		</bndbox>
	</object>
</annotation>
