<annotation>
	<folder></folder>
	<filename>frame_1713_jpg.rf.093e966ce98f881aa4c6c718d36a0a9f.jpg</filename>
	<path>frame_1713_jpg.rf.093e966ce98f881aa4c6c718d36a0a9f.jpg</path>
	<source>
		<database>roboflow.ai</database>
	</source>
	<size>
		<width>416</width>
		<height>416</height>
		<depth>3</depth>
	</size>
	<segmented>0</segmented>
	<object>
		<name>auto</name>
		<pose>Unspecified</pose>
		<truncated>0</truncated>
		<difficult>0</difficult>
		<occluded>0</occluded>
		<bndbox>
			<xmin>0</xmin>
			<xmax>141</xmax>
			<ymin>211</ymin>
			<ymax>411</ymax>
		</bndbox>
	</object>
</annotation>
