<annotation>
	<folder></folder>
	<filename>frame_1730_jpg.rf.04f53debb168e66103dd3f6b7615b709.jpg</filename>
	<path>frame_1730_jpg.rf.04f53debb168e66103dd3f6b7615b709.jpg</path>
	<source>
		<database>roboflow.ai</database>
	</source>
	<size>
		<width>416</width>
		<height>416</height>
		<depth>3</depth>
	</size>
	<segmented>0</segmented>
	<object>
		<name>auto</name>
		<pose>Unspecified</pose>
		<truncated>0</truncated>
		<difficult>0</difficult>
		<occluded>0</occluded>
		<bndbox>
			<xmin>3</xmin>
			<xmax>339</xmax>
			<ymin>71</ymin>
			<ymax>353</ymax>
		</bndbox>
	</object>
</annotation>
