<annotation>
	<folder></folder>
	<filename>frame_1751_jpg.rf.17c4b8e15b695d614772621c6284c24e.jpg</filename>
	<path>frame_1751_jpg.rf.17c4b8e15b695d614772621c6284c24e.jpg</path>
	<source>
		<database>roboflow.ai</database>
	</source>
	<size>
		<width>416</width>
		<height>416</height>
		<depth>3</depth>
	</size>
	<segmented>0</segmented>
	<object>
		<name>auto</name>
		<pose>Unspecified</pose>
		<truncated>0</truncated>
		<difficult>0</difficult>
		<occluded>0</occluded>
		<bndbox>
			<xmin>85</xmin>
			<xmax>349</xmax>
			<ymin>124</ymin>
			<ymax>354</ymax>
		</bndbox>
	</object>
</annotation>
