<annotation>
	<folder></folder>
	<filename>frame_1664_jpg.rf.fbaaa77e628f421fd04a08a6d3ca3d06.jpg</filename>
	<path>frame_1664_jpg.rf.fbaaa77e628f421fd04a08a6d3ca3d06.jpg</path>
	<source>
		<database>roboflow.ai</database>
	</source>
	<size>
		<width>416</width>
		<height>416</height>
		<depth>3</depth>
	</size>
	<segmented>0</segmented>
	<object>
		<name>auto</name>
		<pose>Unspecified</pose>
		<truncated>0</truncated>
		<difficult>0</difficult>
		<occluded>0</occluded>
		<bndbox>
			<xmin>94</xmin>
			<xmax>347</xmax>
			<ymin>61</ymin>
			<ymax>399</ymax>
		</bndbox>
	</object>
</annotation>
