<annotation>
	<folder></folder>
	<filename>frame_1745_jpg.rf.808a5145926bb422c3a6112568f53066.jpg</filename>
	<path>frame_1745_jpg.rf.808a5145926bb422c3a6112568f53066.jpg</path>
	<source>
		<database>roboflow.ai</database>
	</source>
	<size>
		<width>416</width>
		<height>416</height>
		<depth>3</depth>
	</size>
	<segmented>0</segmented>
	<object>
		<name>auto</name>
		<pose>Unspecified</pose>
		<truncated>0</truncated>
		<difficult>0</difficult>
		<occluded>0</occluded>
		<bndbox>
			<xmin>129</xmin>
			<xmax>350</xmax>
			<ymin>200</ymin>
			<ymax>397</ymax>
		</bndbox>
	</object>
</annotation>
