<annotation>
	<folder></folder>
	<filename>frame_1740_jpg.rf.65b6ea164f4119bb21f4a9932bf04a0f.jpg</filename>
	<path>frame_1740_jpg.rf.65b6ea164f4119bb21f4a9932bf04a0f.jpg</path>
	<source>
		<database>roboflow.ai</database>
	</source>
	<size>
		<width>416</width>
		<height>416</height>
		<depth>3</depth>
	</size>
	<segmented>0</segmented>
	<object>
		<name>auto</name>
		<pose>Unspecified</pose>
		<truncated>0</truncated>
		<difficult>0</difficult>
		<occluded>0</occluded>
		<bndbox>
			<xmin>237</xmin>
			<xmax>378</xmax>
			<ymin>147</ymin>
			<ymax>385</ymax>
		</bndbox>
	</object>
</annotation>
