<annotation>
	<folder></folder>
	<filename>frame_1747_jpg.rf.550684614e3db26ebc5628ba0c1e0223.jpg</filename>
	<path>frame_1747_jpg.rf.550684614e3db26ebc5628ba0c1e0223.jpg</path>
	<source>
		<database>roboflow.ai</database>
	</source>
	<size>
		<width>416</width>
		<height>416</height>
		<depth>3</depth>
	</size>
	<segmented>0</segmented>
	<object>
		<name>auto</name>
		<pose>Unspecified</pose>
		<truncated>0</truncated>
		<difficult>0</difficult>
		<occluded>0</occluded>
		<bndbox>
			<xmin>108</xmin>
			<xmax>390</xmax>
			<ymin>58</ymin>
			<ymax>360</ymax>
		</bndbox>
	</object>
</annotation>
