<annotation>
	<folder></folder>
	<filename>frame_1683_jpg.rf.9c68e69b3dd20f50e2423514ea7cf33a.jpg</filename>
	<path>frame_1683_jpg.rf.9c68e69b3dd20f50e2423514ea7cf33a.jpg</path>
	<source>
		<database>roboflow.ai</database>
	</source>
	<size>
		<width>416</width>
		<height>416</height>
		<depth>3</depth>
	</size>
	<segmented>0</segmented>
	<object>
		<name>auto</name>
		<pose>Unspecified</pose>
		<truncated>0</truncated>
		<difficult>0</difficult>
		<occluded>0</occluded>
		<bndbox>
			<xmin>213</xmin>
			<xmax>374</xmax>
			<ymin>205</ymin>
			<ymax>415</ymax>
		</bndbox>
	</object>
	<object>
		<name>auto</name>
		<pose>Unspecified</pose>
		<truncated>0</truncated>
		<difficult>0</difficult>
		<occluded>0</occluded>
		<bndbox>
			<xmin>367</xmin>
			<xmax>415</xmax>
			<ymin>252</ymin>
			<ymax>380</ymax>
		</bndbox>
	</object>
	<object>
		<name>motorbike</name>
		<pose>Unspecified</pose>
		<truncated>0</truncated>
		<difficult>0</difficult>
		<occluded>0</occluded>
		<bndbox>
			<xmin>8</xmin>
			<xmax>124</xmax>
			<ymin>212</ymin>
			<ymax>367</ymax>
		</bndbox>
	</object>
</annotation>
