<annotation>
	<folder></folder>
	<filename>frame_1735_jpg.rf.81f244f6eccd9327d36e87f2849ce43f.jpg</filename>
	<path>frame_1735_jpg.rf.81f244f6eccd9327d36e87f2849ce43f.jpg</path>
	<source>
		<database>roboflow.ai</database>
	</source>
	<size>
		<width>416</width>
		<height>416</height>
		<depth>3</depth>
	</size>
	<segmented>0</segmented>
	<object>
		<name>auto</name>
		<pose>Unspecified</pose>
		<truncated>0</truncated>
		<difficult>0</difficult>
		<occluded>0</occluded>
		<bndbox>
			<xmin>76</xmin>
			<xmax>346</xmax>
			<ymin>40</ymin>
			<ymax>406</ymax>
		</bndbox>
	</object>
	<object>
		<name>car</name>
		<pose>Unspecified</pose>
		<truncated>0</truncated>
		<difficult>0</difficult>
		<occluded>0</occluded>
		<bndbox>
			<xmin>15</xmin>
			<xmax>101</xmax>
			<ymin>134</ymin>
			<ymax>342</ymax>
		</bndbox>
	</object>
</annotation>
