<annotation>
	<folder></folder>
	<filename>frame_1740_jpg.rf.9ab34fa5b2708e703c7051fbfab17457.jpg</filename>
	<path>frame_1740_jpg.rf.9ab34fa5b2708e703c7051fbfab17457.jpg</path>
	<source>
		<database>roboflow.ai</database>
	</source>
	<size>
		<width>416</width>
		<height>416</height>
		<depth>3</depth>
	</size>
	<segmented>0</segmented>
	<object>
		<name>auto</name>
		<pose>Unspecified</pose>
		<truncated>0</truncated>
		<difficult>0</difficult>
		<occluded>0</occluded>
		<bndbox>
			<xmin>36</xmin>
			<xmax>184</xmax>
			<ymin>136</ymin>
			<ymax>381</ymax>
		</bndbox>
	</object>
</annotation>
