<annotation>
	<folder></folder>
	<filename>frame_1715_jpg.rf.a85b04d416e70a77a06def1eb8ec09bb.jpg</filename>
	<path>frame_1715_jpg.rf.a85b04d416e70a77a06def1eb8ec09bb.jpg</path>
	<source>
		<database>roboflow.ai</database>
	</source>
	<size>
		<width>416</width>
		<height>416</height>
		<depth>3</depth>
	</size>
	<segmented>0</segmented>
	<object>
		<name>auto</name>
		<pose>Unspecified</pose>
		<truncated>0</truncated>
		<difficult>0</difficult>
		<occluded>0</occluded>
		<bndbox>
			<xmin>0</xmin>
			<xmax>102</xmax>
			<ymin>269</ymin>
			<ymax>414</ymax>
		</bndbox>
	</object>
</annotation>
