<annotation>
	<folder></folder>
	<filename>frame_1680_jpg.rf.2802a76d9af2bdc47af0fd13c45a985c.jpg</filename>
	<path>frame_1680_jpg.rf.2802a76d9af2bdc47af0fd13c45a985c.jpg</path>
	<source>
		<database>roboflow.ai</database>
	</source>
	<size>
		<width>416</width>
		<height>416</height>
		<depth>3</depth>
	</size>
	<segmented>0</segmented>
	<object>
		<name>van</name>
		<pose>Unspecified</pose>
		<truncated>0</truncated>
		<difficult>0</difficult>
		<occluded>0</occluded>
		<bndbox>
			<xmin>342</xmin>
			<xmax>415</xmax>
			<ymin>83</ymin>
			<ymax>208</ymax>
		</bndbox>
	</object>
	<object>
		<name>van</name>
		<pose>Unspecified</pose>
		<truncated>0</truncated>
		<difficult>0</difficult>
		<occluded>0</occluded>
		<bndbox>
			<xmin>90</xmin>
			<xmax>291</xmax>
			<ymin>255</ymin>
			<ymax>402</ymax>
		</bndbox>
	</object>
	<object>
		<name>auto</name>
		<pose>Unspecified</pose>
		<truncated>0</truncated>
		<difficult>0</difficult>
		<occluded>0</occluded>
		<bndbox>
			<xmin>17</xmin>
			<xmax>123</xmax>
			<ymin>100</ymin>
			<ymax>231</ymax>
		</bndbox>
	</object>
</annotation>
