<annotation>
	<folder></folder>
	<filename>frame_1671_jpg.rf.77d1c7b47ffd91978a0c8a3c366dc5a3.jpg</filename>
	<path>frame_1671_jpg.rf.77d1c7b47ffd91978a0c8a3c366dc5a3.jpg</path>
	<source>
		<database>roboflow.ai</database>
	</source>
	<size>
		<width>416</width>
		<height>416</height>
		<depth>3</depth>
	</size>
	<segmented>0</segmented>
	<object>
		<name>auto</name>
		<pose>Unspecified</pose>
		<truncated>0</truncated>
		<difficult>0</difficult>
		<occluded>0</occluded>
		<bndbox>
			<xmin>42</xmin>
			<xmax>229</xmax>
			<ymin>89</ymin>
			<ymax>407</ymax>
		</bndbox>
	</object>
	<object>
		<name>auto</name>
		<pose>Unspecified</pose>
		<truncated>0</truncated>
		<difficult>0</difficult>
		<occluded>0</occluded>
		<bndbox>
			<xmin>241</xmin>
			<xmax>308</xmax>
			<ymin>163</ymin>
			<ymax>258</ymax>
		</bndbox>
	</object>
</annotation>
