<annotation>
	<folder></folder>
	<filename>frame_1709_jpg.rf.3f164312398a22ce9ad3d62be8e2f2b3.jpg</filename>
	<path>frame_1709_jpg.rf.3f164312398a22ce9ad3d62be8e2f2b3.jpg</path>
	<source>
		<database>roboflow.ai</database>
	</source>
	<size>
		<width>416</width>
		<height>416</height>
		<depth>3</depth>
	</size>
	<segmented>0</segmented>
	<object>
		<name>auto</name>
		<pose>Unspecified</pose>
		<truncated>0</truncated>
		<difficult>0</difficult>
		<occluded>0</occluded>
		<bndbox>
			<xmin>234</xmin>
			<xmax>333</xmax>
			<ymin>22</ymin>
			<ymax>179</ymax>
		</bndbox>
	</object>
	<object>
		<name>car</name>
		<pose>Unspecified</pose>
		<truncated>0</truncated>
		<difficult>0</difficult>
		<occluded>0</occluded>
		<bndbox>
			<xmin>134</xmin>
			<xmax>263</xmax>
			<ymin>52</ymin>
			<ymax>202</ymax>
		</bndbox>
	</object>
</annotation>
