<annotation>
	<folder></folder>
	<filename>frame_1706_jpg.rf.81f6ae2f5dc970dd760dd4fb87e6449e.jpg</filename>
	<path>frame_1706_jpg.rf.81f6ae2f5dc970dd760dd4fb87e6449e.jpg</path>
	<source>
		<database>roboflow.ai</database>
	</source>
	<size>
		<width>416</width>
		<height>416</height>
		<depth>3</depth>
	</size>
	<segmented>0</segmented>
	<object>
		<name>auto</name>
		<pose>Unspecified</pose>
		<truncated>0</truncated>
		<difficult>0</difficult>
		<occluded>0</occluded>
		<bndbox>
			<xmin>175</xmin>
			<xmax>334</xmax>
			<ymin>228</ymin>
			<ymax>413</ymax>
		</bndbox>
	</object>
</annotation>
