<annotation>
	<folder></folder>
	<filename>frame_1730_jpg.rf.c0949a4016b09eea7a37f5e0f9811eb7.jpg</filename>
	<path>frame_1730_jpg.rf.c0949a4016b09eea7a37f5e0f9811eb7.jpg</path>
	<source>
		<database>roboflow.ai</database>
	</source>
	<size>
		<width>416</width>
		<height>416</height>
		<depth>3</depth>
	</size>
	<segmented>0</segmented>
	<object>
		<name>auto</name>
		<pose>Unspecified</pose>
		<truncated>0</truncated>
		<difficult>0</difficult>
		<occluded>0</occluded>
		<bndbox>
			<xmin>0</xmin>
			<xmax>387</xmax>
			<ymin>4</ymin>
			<ymax>415</ymax>
		</bndbox>
	</object>
</annotation>
