<annotation>
	<folder></folder>
	<filename>frame_1686_jpg.rf.ce1dd389dd6dbf5b6ea0df10cf03897c.jpg</filename>
	<path>frame_1686_jpg.rf.ce1dd389dd6dbf5b6ea0df10cf03897c.jpg</path>
	<source>
		<database>roboflow.ai</database>
	</source>
	<size>
		<width>416</width>
		<height>416</height>
		<depth>3</depth>
	</size>
	<segmented>0</segmented>
	<object>
		<name>auto</name>
		<pose>Unspecified</pose>
		<truncated>0</truncated>
		<difficult>0</difficult>
		<occluded>0</occluded>
		<bndbox>
			<xmin>68</xmin>
			<xmax>415</xmax>
			<ymin>89</ymin>
			<ymax>393</ymax>
		</bndbox>
	</object>
</annotation>
