<annotation>
	<folder></folder>
	<filename>frame_1730_jpg.rf.de9a2afacb1184ad6ea73bc95862c055.jpg</filename>
	<path>frame_1730_jpg.rf.de9a2afacb1184ad6ea73bc95862c055.jpg</path>
	<source>
		<database>roboflow.ai</database>
	</source>
	<size>
		<width>416</width>
		<height>416</height>
		<depth>3</depth>
	</size>
	<segmented>0</segmented>
	<object>
		<name>auto</name>
		<pose>Unspecified</pose>
		<truncated>0</truncated>
		<difficult>0</difficult>
		<occluded>0</occluded>
		<bndbox>
			<xmin>0</xmin>
			<xmax>342</xmax>
			<ymin>53</ymin>
			<ymax>370</ymax>
		</bndbox>
	</object>
</annotation>
