<annotation>
	<folder></folder>
	<filename>frame_1751_jpg.rf.256fded68573489c7f364d066710cd6f.jpg</filename>
	<path>frame_1751_jpg.rf.256fded68573489c7f364d066710cd6f.jpg</path>
	<source>
		<database>roboflow.ai</database>
	</source>
	<size>
		<width>416</width>
		<height>416</height>
		<depth>3</depth>
	</size>
	<segmented>0</segmented>
	<object>
		<name>auto</name>
		<pose>Unspecified</pose>
		<truncated>0</truncated>
		<difficult>0</difficult>
		<occluded>0</occluded>
		<bndbox>
			<xmin>97</xmin>
			<xmax>298</xmax>
			<ymin>152</ymin>
			<ymax>333</ymax>
		</bndbox>
	</object>
</annotation>
