<annotation>
	<folder></folder>
	<filename>frame_1745_jpg.rf.dbf413966c56d3f3fba965efcee67958.jpg</filename>
	<path>frame_1745_jpg.rf.dbf413966c56d3f3fba965efcee67958.jpg</path>
	<source>
		<database>roboflow.ai</database>
	</source>
	<size>
		<width>416</width>
		<height>416</height>
		<depth>3</depth>
	</size>
	<segmented>0</segmented>
	<object>
		<name>auto</name>
		<pose>Unspecified</pose>
		<truncated>0</truncated>
		<difficult>0</difficult>
		<occluded>0</occluded>
		<bndbox>
			<xmin>72</xmin>
			<xmax>327</xmax>
			<ymin>177</ymin>
			<ymax>415</ymax>
		</bndbox>
	</object>
</annotation>
