<annotation>
	<folder></folder>
	<filename>frame_1744_jpg.rf.03881d697a1be4f45fcf5201c96d8700.jpg</filename>
	<path>frame_1744_jpg.rf.03881d697a1be4f45fcf5201c96d8700.jpg</path>
	<source>
		<database>roboflow.ai</database>
	</source>
	<size>
		<width>416</width>
		<height>416</height>
		<depth>3</depth>
	</size>
	<segmented>0</segmented>
	<object>
		<name>auto</name>
		<pose>Unspecified</pose>
		<truncated>0</truncated>
		<difficult>0</difficult>
		<occluded>0</occluded>
		<bndbox>
			<xmin>63</xmin>
			<xmax>340</xmax>
			<ymin>21</ymin>
			<ymax>415</ymax>
		</bndbox>
	</object>
</annotation>
