<annotation>
	<folder></folder>
	<filename>frame_1730_jpg.rf.c547f6dee37b4fc4f026b65d6c5ec1d8.jpg</filename>
	<path>frame_1730_jpg.rf.c547f6dee37b4fc4f026b65d6c5ec1d8.jpg</path>
	<source>
		<database>roboflow.ai</database>
	</source>
	<size>
		<width>416</width>
		<height>416</height>
		<depth>3</depth>
	</size>
	<segmented>0</segmented>
	<object>
		<name>auto</name>
		<pose>Unspecified</pose>
		<truncated>0</truncated>
		<difficult>0</difficult>
		<occluded>0</occluded>
		<bndbox>
			<xmin>0</xmin>
			<xmax>344</xmax>
			<ymin>49</ymin>
			<ymax>382</ymax>
		</bndbox>
	</object>
</annotation>
