<annotation>
	<folder></folder>
	<filename>frame_1679_jpg.rf.52d832c3614ad8099449ad5eb994cec4.jpg</filename>
	<path>frame_1679_jpg.rf.52d832c3614ad8099449ad5eb994cec4.jpg</path>
	<source>
		<database>roboflow.ai</database>
	</source>
	<size>
		<width>416</width>
		<height>416</height>
		<depth>3</depth>
	</size>
	<segmented>0</segmented>
	<object>
		<name>auto</name>
		<pose>Unspecified</pose>
		<truncated>0</truncated>
		<difficult>0</difficult>
		<occluded>0</occluded>
		<bndbox>
			<xmin>0</xmin>
			<xmax>218</xmax>
			<ymin>147</ymin>
			<ymax>386</ymax>
		</bndbox>
	</object>
	<object>
		<name>riksha</name>
		<pose>Unspecified</pose>
		<truncated>0</truncated>
		<difficult>0</difficult>
		<occluded>0</occluded>
		<bndbox>
			<xmin>152</xmin>
			<xmax>368</xmax>
			<ymin>227</ymin>
			<ymax>395</ymax>
		</bndbox>
	</object>
	<object>
		<name>car</name>
		<pose>Unspecified</pose>
		<truncated>0</truncated>
		<difficult>0</difficult>
		<occluded>0</occluded>
		<bndbox>
			<xmin>331</xmin>
			<xmax>413</xmax>
			<ymin>174</ymin>
			<ymax>314</ymax>
		</bndbox>
	</object>
</annotation>
