<annotation>
	<folder></folder>
	<filename>frame_1718_jpg.rf.d91c651a21cb2f6fc576d5610c78dc68.jpg</filename>
	<path>frame_1718_jpg.rf.d91c651a21cb2f6fc576d5610c78dc68.jpg</path>
	<source>
		<database>roboflow.ai</database>
	</source>
	<size>
		<width>416</width>
		<height>416</height>
		<depth>3</depth>
	</size>
	<segmented>0</segmented>
	<object>
		<name>auto</name>
		<pose>Unspecified</pose>
		<truncated>0</truncated>
		<difficult>0</difficult>
		<occluded>0</occluded>
		<bndbox>
			<xmin>68</xmin>
			<xmax>365</xmax>
			<ymin>34</ymin>
			<ymax>415</ymax>
		</bndbox>
	</object>
</annotation>
