<annotation>
	<folder></folder>
	<filename>frame_1671_jpg.rf.d1e90c57b2b51a5d93c00159e2bbb57a.jpg</filename>
	<path>frame_1671_jpg.rf.d1e90c57b2b51a5d93c00159e2bbb57a.jpg</path>
	<source>
		<database>roboflow.ai</database>
	</source>
	<size>
		<width>416</width>
		<height>416</height>
		<depth>3</depth>
	</size>
	<segmented>0</segmented>
	<object>
		<name>auto</name>
		<pose>Unspecified</pose>
		<truncated>0</truncated>
		<difficult>0</difficult>
		<occluded>0</occluded>
		<bndbox>
			<xmin>150</xmin>
			<xmax>387</xmax>
			<ymin>119</ymin>
			<ymax>415</ymax>
		</bndbox>
	</object>
	<object>
		<name>auto</name>
		<pose>Unspecified</pose>
		<truncated>0</truncated>
		<difficult>0</difficult>
		<occluded>0</occluded>
		<bndbox>
			<xmin>105</xmin>
			<xmax>186</xmax>
			<ymin>127</ymin>
			<ymax>227</ymax>
		</bndbox>
	</object>
</annotation>
