<annotation>
	<folder></folder>
	<filename>frame_1735_jpg.rf.f6b073cf5a32567f93b09aa82c6363e0.jpg</filename>
	<path>frame_1735_jpg.rf.f6b073cf5a32567f93b09aa82c6363e0.jpg</path>
	<source>
		<database>roboflow.ai</database>
	</source>
	<size>
		<width>416</width>
		<height>416</height>
		<depth>3</depth>
	</size>
	<segmented>0</segmented>
	<object>
		<name>auto</name>
		<pose>Unspecified</pose>
		<truncated>0</truncated>
		<difficult>0</difficult>
		<occluded>0</occluded>
		<bndbox>
			<xmin>95</xmin>
			<xmax>324</xmax>
			<ymin>34</ymin>
			<ymax>412</ymax>
		</bndbox>
	</object>
	<object>
		<name>car</name>
		<pose>Unspecified</pose>
		<truncated>0</truncated>
		<difficult>0</difficult>
		<occluded>0</occluded>
		<bndbox>
			<xmin>21</xmin>
			<xmax>89</xmax>
			<ymin>180</ymin>
			<ymax>399</ymax>
		</bndbox>
	</object>
</annotation>
