<annotation>
	<folder></folder>
	<filename>frame_1743_jpg.rf.8ae57e40a4702862c8c9015277474cf1.jpg</filename>
	<path>frame_1743_jpg.rf.8ae57e40a4702862c8c9015277474cf1.jpg</path>
	<source>
		<database>roboflow.ai</database>
	</source>
	<size>
		<width>416</width>
		<height>416</height>
		<depth>3</depth>
	</size>
	<segmented>0</segmented>
	<object>
		<name>auto</name>
		<pose>Unspecified</pose>
		<truncated>0</truncated>
		<difficult>0</difficult>
		<occluded>0</occluded>
		<bndbox>
			<xmin>102</xmin>
			<xmax>316</xmax>
			<ymin>258</ymin>
			<ymax>403</ymax>
		</bndbox>
	</object>
</annotation>
