<annotation>
	<folder></folder>
	<filename>frame_1755_jpg.rf.575ceaa9bd4551398a1ade51c1e89024.jpg</filename>
	<path>frame_1755_jpg.rf.575ceaa9bd4551398a1ade51c1e89024.jpg</path>
	<source>
		<database>roboflow.ai</database>
	</source>
	<size>
		<width>416</width>
		<height>416</height>
		<depth>3</depth>
	</size>
	<segmented>0</segmented>
	<object>
		<name>auto</name>
		<pose>Unspecified</pose>
		<truncated>0</truncated>
		<difficult>0</difficult>
		<occluded>0</occluded>
		<bndbox>
			<xmin>70</xmin>
			<xmax>413</xmax>
			<ymin>55</ymin>
			<ymax>397</ymax>
		</bndbox>
	</object>
</annotation>
