<annotation>
	<folder></folder>
	<filename>frame_1715_jpg.rf.c6c1160102097e73246fe70ad60baf49.jpg</filename>
	<path>frame_1715_jpg.rf.c6c1160102097e73246fe70ad60baf49.jpg</path>
	<source>
		<database>roboflow.ai</database>
	</source>
	<size>
		<width>416</width>
		<height>416</height>
		<depth>3</depth>
	</size>
	<segmented>0</segmented>
	<object>
		<name>auto</name>
		<pose>Unspecified</pose>
		<truncated>0</truncated>
		<difficult>0</difficult>
		<occluded>0</occluded>
		<bndbox>
			<xmin>17</xmin>
			<xmax>105</xmax>
			<ymin>266</ymin>
			<ymax>409</ymax>
		</bndbox>
	</object>
</annotation>
