<annotation>
	<folder></folder>
	<filename>frame_1757_jpg.rf.72d640bf027806589f2f8f8e4052fb5b.jpg</filename>
	<path>frame_1757_jpg.rf.72d640bf027806589f2f8f8e4052fb5b.jpg</path>
	<source>
		<database>roboflow.ai</database>
	</source>
	<size>
		<width>416</width>
		<height>416</height>
		<depth>3</depth>
	</size>
	<segmented>0</segmented>
	<object>
		<name>auto</name>
		<pose>Unspecified</pose>
		<truncated>0</truncated>
		<difficult>0</difficult>
		<occluded>0</occluded>
		<bndbox>
			<xmin>14</xmin>
			<xmax>260</xmax>
			<ymin>79</ymin>
			<ymax>415</ymax>
		</bndbox>
	</object>
</annotation>
