<annotation>
	<folder></folder>
	<filename>frame_1662_jpg.rf.b95fb233fcac83e93eed345f419ce458.jpg</filename>
	<path>frame_1662_jpg.rf.b95fb233fcac83e93eed345f419ce458.jpg</path>
	<source>
		<database>roboflow.ai</database>
	</source>
	<size>
		<width>416</width>
		<height>416</height>
		<depth>3</depth>
	</size>
	<segmented>0</segmented>
	<object>
		<name>auto</name>
		<pose>Unspecified</pose>
		<truncated>0</truncated>
		<difficult>0</difficult>
		<occluded>0</occluded>
		<bndbox>
			<xmin>376</xmin>
			<xmax>406</xmax>
			<ymin>0</ymin>
			<ymax>67</ymax>
		</bndbox>
	</object>
	<object>
		<name>motorbike</name>
		<pose>Unspecified</pose>
		<truncated>0</truncated>
		<difficult>0</difficult>
		<occluded>0</occluded>
		<bndbox>
			<xmin>37</xmin>
			<xmax>118</xmax>
			<ymin>61</ymin>
			<ymax>231</ymax>
		</bndbox>
	</object>
	<object>
		<name>motorbike</name>
		<pose>Unspecified</pose>
		<truncated>0</truncated>
		<difficult>0</difficult>
		<occluded>0</occluded>
		<bndbox>
			<xmin>140</xmin>
			<xmax>158</xmax>
			<ymin>52</ymin>
			<ymax>105</ymax>
		</bndbox>
	</object>
	<object>
		<name>truck</name>
		<pose>Unspecified</pose>
		<truncated>0</truncated>
		<difficult>0</difficult>
		<occluded>0</occluded>
		<bndbox>
			<xmin>162</xmin>
			<xmax>271</xmax>
			<ymin>1</ymin>
			<ymax>118</ymax>
		</bndbox>
	</object>
</annotation>
