<annotation>
	<folder></folder>
	<filename>frame_1703_jpg.rf.17f716a877cbb0d96b287e80803c691b.jpg</filename>
	<path>frame_1703_jpg.rf.17f716a877cbb0d96b287e80803c691b.jpg</path>
	<source>
		<database>roboflow.ai</database>
	</source>
	<size>
		<width>416</width>
		<height>416</height>
		<depth>3</depth>
	</size>
	<segmented>0</segmented>
	<object>
		<name>auto</name>
		<pose>Unspecified</pose>
		<truncated>0</truncated>
		<difficult>0</difficult>
		<occluded>0</occluded>
		<bndbox>
			<xmin>0</xmin>
			<xmax>199</xmax>
			<ymin>42</ymin>
			<ymax>312</ymax>
		</bndbox>
	</object>
</annotation>
