<annotation>
	<folder></folder>
	<filename>frame_1709_jpg.rf.94e9e6d3f58326e70c0719a9e29c4147.jpg</filename>
	<path>frame_1709_jpg.rf.94e9e6d3f58326e70c0719a9e29c4147.jpg</path>
	<source>
		<database>roboflow.ai</database>
	</source>
	<size>
		<width>416</width>
		<height>416</height>
		<depth>3</depth>
	</size>
	<segmented>0</segmented>
	<object>
		<name>auto</name>
		<pose>Unspecified</pose>
		<truncated>0</truncated>
		<difficult>0</difficult>
		<occluded>0</occluded>
		<bndbox>
			<xmin>56</xmin>
			<xmax>148</xmax>
			<ymin>0</ymin>
			<ymax>162</ymax>
		</bndbox>
	</object>
	<object>
		<name>car</name>
		<pose>Unspecified</pose>
		<truncated>0</truncated>
		<difficult>0</difficult>
		<occluded>0</occluded>
		<bndbox>
			<xmin>135</xmin>
			<xmax>257</xmax>
			<ymin>44</ymin>
			<ymax>208</ymax>
		</bndbox>
	</object>
</annotation>
