<annotation>
	<folder></folder>
	<filename>frame_1706_jpg.rf.13c004f07288feb3fce4d964b6a56434.jpg</filename>
	<path>frame_1706_jpg.rf.13c004f07288feb3fce4d964b6a56434.jpg</path>
	<source>
		<database>roboflow.ai</database>
	</source>
	<size>
		<width>416</width>
		<height>416</height>
		<depth>3</depth>
	</size>
	<segmented>0</segmented>
	<object>
		<name>auto</name>
		<pose>Unspecified</pose>
		<truncated>0</truncated>
		<difficult>0</difficult>
		<occluded>0</occluded>
		<bndbox>
			<xmin>181</xmin>
			<xmax>308</xmax>
			<ymin>217</ymin>
			<ymax>384</ymax>
		</bndbox>
	</object>
</annotation>
