<annotation>
	<folder></folder>
	<filename>frame_1711_jpg.rf.372bb64768c393bee7c7ee3ea231e490.jpg</filename>
	<path>frame_1711_jpg.rf.372bb64768c393bee7c7ee3ea231e490.jpg</path>
	<source>
		<database>roboflow.ai</database>
	</source>
	<size>
		<width>416</width>
		<height>416</height>
		<depth>3</depth>
	</size>
	<segmented>0</segmented>
	<object>
		<name>auto</name>
		<pose>Unspecified</pose>
		<truncated>0</truncated>
		<difficult>0</difficult>
		<occluded>0</occluded>
		<bndbox>
			<xmin>47</xmin>
			<xmax>237</xmax>
			<ymin>215</ymin>
			<ymax>406</ymax>
		</bndbox>
	</object>
	<object>
		<name>motorbike</name>
		<pose>Unspecified</pose>
		<truncated>0</truncated>
		<difficult>0</difficult>
		<occluded>0</occluded>
		<bndbox>
			<xmin>242</xmin>
			<xmax>405</xmax>
			<ymin>213</ymin>
			<ymax>396</ymax>
		</bndbox>
	</object>
</annotation>
