<annotation>
	<folder></folder>
	<filename>frame_1678_jpg.rf.c4d1bfcf2b658c88e4fdf78077d026c9.jpg</filename>
	<path>frame_1678_jpg.rf.c4d1bfcf2b658c88e4fdf78077d026c9.jpg</path>
	<source>
		<database>roboflow.ai</database>
	</source>
	<size>
		<width>416</width>
		<height>416</height>
		<depth>3</depth>
	</size>
	<segmented>0</segmented>
	<object>
		<name>auto</name>
		<pose>Unspecified</pose>
		<truncated>0</truncated>
		<difficult>0</difficult>
		<occluded>0</occluded>
		<bndbox>
			<xmin>32</xmin>
			<xmax>289</xmax>
			<ymin>22</ymin>
			<ymax>415</ymax>
		</bndbox>
	</object>
</annotation>
