<annotation>
	<folder></folder>
	<filename>frame_1681_jpg.rf.dc5b53573578327f7ef4addf9af818ef.jpg</filename>
	<path>frame_1681_jpg.rf.dc5b53573578327f7ef4addf9af818ef.jpg</path>
	<source>
		<database>roboflow.ai</database>
	</source>
	<size>
		<width>416</width>
		<height>416</height>
		<depth>3</depth>
	</size>
	<segmented>0</segmented>
	<object>
		<name>auto</name>
		<pose>Unspecified</pose>
		<truncated>0</truncated>
		<difficult>0</difficult>
		<occluded>0</occluded>
		<bndbox>
			<xmin>235</xmin>
			<xmax>344</xmax>
			<ymin>160</ymin>
			<ymax>325</ymax>
		</bndbox>
	</object>
	<object>
		<name>auto</name>
		<pose>Unspecified</pose>
		<truncated>0</truncated>
		<difficult>0</difficult>
		<occluded>0</occluded>
		<bndbox>
			<xmin>148</xmin>
			<xmax>217</xmax>
			<ymin>173</ymin>
			<ymax>270</ymax>
		</bndbox>
	</object>
</annotation>
