<annotation>
	<folder></folder>
	<filename>frame_1746_jpg.rf.b3acbfe4ab822891b783fa1a3779d9e5.jpg</filename>
	<path>frame_1746_jpg.rf.b3acbfe4ab822891b783fa1a3779d9e5.jpg</path>
	<source>
		<database>roboflow.ai</database>
	</source>
	<size>
		<width>416</width>
		<height>416</height>
		<depth>3</depth>
	</size>
	<segmented>0</segmented>
	<object>
		<name>riksha</name>
		<pose>Unspecified</pose>
		<truncated>0</truncated>
		<difficult>0</difficult>
		<occluded>0</occluded>
		<bndbox>
			<xmin>13</xmin>
			<xmax>390</xmax>
			<ymin>66</ymin>
			<ymax>380</ymax>
		</bndbox>
	</object>
</annotation>
