<annotation>
	<folder></folder>
	<filename>frame_1681_jpg.rf.522a9cf3f20e9196da4153150fa1a5e5.jpg</filename>
	<path>frame_1681_jpg.rf.522a9cf3f20e9196da4153150fa1a5e5.jpg</path>
	<source>
		<database>roboflow.ai</database>
	</source>
	<size>
		<width>416</width>
		<height>416</height>
		<depth>3</depth>
	</size>
	<segmented>0</segmented>
	<object>
		<name>auto</name>
		<pose>Unspecified</pose>
		<truncated>0</truncated>
		<difficult>0</difficult>
		<occluded>0</occluded>
		<bndbox>
			<xmin>234</xmin>
			<xmax>348</xmax>
			<ymin>153</ymin>
			<ymax>328</ymax>
		</bndbox>
	</object>
	<object>
		<name>auto</name>
		<pose>Unspecified</pose>
		<truncated>0</truncated>
		<difficult>0</difficult>
		<occluded>0</occluded>
		<bndbox>
			<xmin>148</xmin>
			<xmax>219</xmax>
			<ymin>171</ymin>
			<ymax>274</ymax>
		</bndbox>
	</object>
</annotation>
