<annotation>
	<folder></folder>
	<filename>frame_1676_jpg.rf.6359f61fb35b4f03e4379b59fcede238.jpg</filename>
	<path>frame_1676_jpg.rf.6359f61fb35b4f03e4379b59fcede238.jpg</path>
	<source>
		<database>roboflow.ai</database>
	</source>
	<size>
		<width>416</width>
		<height>416</height>
		<depth>3</depth>
	</size>
	<segmented>0</segmented>
	<object>
		<name>auto</name>
		<pose>Unspecified</pose>
		<truncated>0</truncated>
		<difficult>0</difficult>
		<occluded>0</occluded>
		<bndbox>
			<xmin>107</xmin>
			<xmax>300</xmax>
			<ymin>35</ymin>
			<ymax>412</ymax>
		</bndbox>
	</object>
	<object>
		<name>motorbike</name>
		<pose>Unspecified</pose>
		<truncated>0</truncated>
		<difficult>0</difficult>
		<occluded>0</occluded>
		<bndbox>
			<xmin>120</xmin>
			<xmax>148</xmax>
			<ymin>111</ymin>
			<ymax>184</ymax>
		</bndbox>
	</object>
	<object>
		<name>riksha</name>
		<pose>Unspecified</pose>
		<truncated>0</truncated>
		<difficult>0</difficult>
		<occluded>0</occluded>
		<bndbox>
			<xmin>68</xmin>
			<xmax>131</xmax>
			<ymin>40</ymin>
			<ymax>205</ymax>
		</bndbox>
	</object>
</annotation>
