<annotation>
	<folder></folder>
	<filename>frame_1681_jpg.rf.f204acb21ac808001ee2cd6150432bf3.jpg</filename>
	<path>frame_1681_jpg.rf.f204acb21ac808001ee2cd6150432bf3.jpg</path>
	<source>
		<database>roboflow.ai</database>
	</source>
	<size>
		<width>416</width>
		<height>416</height>
		<depth>3</depth>
	</size>
	<segmented>0</segmented>
	<object>
		<name>auto</name>
		<pose>Unspecified</pose>
		<truncated>0</truncated>
		<difficult>0</difficult>
		<occluded>0</occluded>
		<bndbox>
			<xmin>75</xmin>
			<xmax>180</xmax>
			<ymin>160</ymin>
			<ymax>350</ymax>
		</bndbox>
	</object>
	<object>
		<name>auto</name>
		<pose>Unspecified</pose>
		<truncated>0</truncated>
		<difficult>0</difficult>
		<occluded>0</occluded>
		<bndbox>
			<xmin>202</xmin>
			<xmax>268</xmax>
			<ymin>162</ymin>
			<ymax>274</ymax>
		</bndbox>
	</object>
</annotation>
