<annotation>
	<folder></folder>
	<filename>frame_1701_jpg.rf.4decdc9d67558694d0ca97bbeccfda6e.jpg</filename>
	<path>frame_1701_jpg.rf.4decdc9d67558694d0ca97bbeccfda6e.jpg</path>
	<source>
		<database>roboflow.ai</database>
	</source>
	<size>
		<width>416</width>
		<height>416</height>
		<depth>3</depth>
	</size>
	<segmented>0</segmented>
	<object>
		<name>riksha</name>
		<pose>Unspecified</pose>
		<truncated>0</truncated>
		<difficult>0</difficult>
		<occluded>0</occluded>
		<bndbox>
			<xmin>166</xmin>
			<xmax>415</xmax>
			<ymin>123</ymin>
			<ymax>415</ymax>
		</bndbox>
	</object>
	<object>
		<name>riksha</name>
		<pose>Unspecified</pose>
		<truncated>0</truncated>
		<difficult>0</difficult>
		<occluded>0</occluded>
		<bndbox>
			<xmin>120</xmin>
			<xmax>206</xmax>
			<ymin>113</ymin>
			<ymax>312</ymax>
		</bndbox>
	</object>
	<object>
		<name>auto</name>
		<pose>Unspecified</pose>
		<truncated>0</truncated>
		<difficult>0</difficult>
		<occluded>0</occluded>
		<bndbox>
			<xmin>0</xmin>
			<xmax>68</xmax>
			<ymin>128</ymin>
			<ymax>329</ymax>
		</bndbox>
	</object>
</annotation>
