<annotation>
	<folder></folder>
	<filename>frame_1695_jpg.rf.810f47c6a218064d763f420ecbcc0d4a.jpg</filename>
	<path>frame_1695_jpg.rf.810f47c6a218064d763f420ecbcc0d4a.jpg</path>
	<source>
		<database>roboflow.ai</database>
	</source>
	<size>
		<width>416</width>
		<height>416</height>
		<depth>3</depth>
	</size>
	<segmented>0</segmented>
	<object>
		<name>auto</name>
		<pose>Unspecified</pose>
		<truncated>0</truncated>
		<difficult>0</difficult>
		<occluded>0</occluded>
		<bndbox>
			<xmin>243</xmin>
			<xmax>385</xmax>
			<ymin>146</ymin>
			<ymax>405</ymax>
		</bndbox>
	</object>
	<object>
		<name>auto</name>
		<pose>Unspecified</pose>
		<truncated>0</truncated>
		<difficult>0</difficult>
		<occluded>0</occluded>
		<bndbox>
			<xmin>26</xmin>
			<xmax>171</xmax>
			<ymin>77</ymin>
			<ymax>395</ymax>
		</bndbox>
	</object>
</annotation>
