<annotation>
	<folder></folder>
	<filename>frame_1711_jpg.rf.393c18515c1a6686ec7c50480eb0e0c5.jpg</filename>
	<path>frame_1711_jpg.rf.393c18515c1a6686ec7c50480eb0e0c5.jpg</path>
	<source>
		<database>roboflow.ai</database>
	</source>
	<size>
		<width>416</width>
		<height>416</height>
		<depth>3</depth>
	</size>
	<segmented>0</segmented>
	<object>
		<name>auto</name>
		<pose>Unspecified</pose>
		<truncated>0</truncated>
		<difficult>0</difficult>
		<occluded>0</occluded>
		<bndbox>
			<xmin>181</xmin>
			<xmax>397</xmax>
			<ymin>212</ymin>
			<ymax>415</ymax>
		</bndbox>
	</object>
	<object>
		<name>motorbike</name>
		<pose>Unspecified</pose>
		<truncated>0</truncated>
		<difficult>0</difficult>
		<occluded>0</occluded>
		<bndbox>
			<xmin>13</xmin>
			<xmax>198</xmax>
			<ymin>195</ymin>
			<ymax>394</ymax>
		</bndbox>
	</object>
</annotation>
