<annotation>
	<folder></folder>
	<filename>frame_1747_jpg.rf.88fb59909e373d7463985f2c698599db.jpg</filename>
	<path>frame_1747_jpg.rf.88fb59909e373d7463985f2c698599db.jpg</path>
	<source>
		<database>roboflow.ai</database>
	</source>
	<size>
		<width>416</width>
		<height>416</height>
		<depth>3</depth>
	</size>
	<segmented>0</segmented>
	<object>
		<name>auto</name>
		<pose>Unspecified</pose>
		<truncated>0</truncated>
		<difficult>0</difficult>
		<occluded>0</occluded>
		<bndbox>
			<xmin>44</xmin>
			<xmax>290</xmax>
			<ymin>92</ymin>
			<ymax>325</ymax>
		</bndbox>
	</object>
</annotation>
