<annotation>
	<folder></folder>
	<filename>frame_1744_jpg.rf.30de933a8bfd47f0e4f9bd508ecdde07.jpg</filename>
	<path>frame_1744_jpg.rf.30de933a8bfd47f0e4f9bd508ecdde07.jpg</path>
	<source>
		<database>roboflow.ai</database>
	</source>
	<size>
		<width>416</width>
		<height>416</height>
		<depth>3</depth>
	</size>
	<segmented>0</segmented>
	<object>
		<name>auto</name>
		<pose>Unspecified</pose>
		<truncated>0</truncated>
		<difficult>0</difficult>
		<occluded>0</occluded>
		<bndbox>
			<xmin>72</xmin>
			<xmax>355</xmax>
			<ymin>40</ymin>
			<ymax>411</ymax>
		</bndbox>
	</object>
</annotation>
