<annotation>
	<folder></folder>
	<filename>frame_1698_jpg.rf.72fd8d21118940c77bd575583a1d1ba4.jpg</filename>
	<path>frame_1698_jpg.rf.72fd8d21118940c77bd575583a1d1ba4.jpg</path>
	<source>
		<database>roboflow.ai</database>
	</source>
	<size>
		<width>416</width>
		<height>416</height>
		<depth>3</depth>
	</size>
	<segmented>0</segmented>
	<object>
		<name>auto</name>
		<pose>Unspecified</pose>
		<truncated>0</truncated>
		<difficult>0</difficult>
		<occluded>0</occluded>
		<bndbox>
			<xmin>0</xmin>
			<xmax>354</xmax>
			<ymin>138</ymin>
			<ymax>390</ymax>
		</bndbox>
	</object>
</annotation>
