<annotation>
	<folder></folder>
	<filename>frame_1740_jpg.rf.24140b174cdbc00138048f1c65c16c5b.jpg</filename>
	<path>frame_1740_jpg.rf.24140b174cdbc00138048f1c65c16c5b.jpg</path>
	<source>
		<database>roboflow.ai</database>
	</source>
	<size>
		<width>416</width>
		<height>416</height>
		<depth>3</depth>
	</size>
	<segmented>0</segmented>
	<object>
		<name>auto</name>
		<pose>Unspecified</pose>
		<truncated>0</truncated>
		<difficult>0</difficult>
		<occluded>0</occluded>
		<bndbox>
			<xmin>35</xmin>
			<xmax>194</xmax>
			<ymin>105</ymin>
			<ymax>379</ymax>
		</bndbox>
	</object>
</annotation>
