<annotation>
	<folder></folder>
	<filename>frame_1743_jpg.rf.4f38a8f524055671df1b0a0beb6f82e7.jpg</filename>
	<path>frame_1743_jpg.rf.4f38a8f524055671df1b0a0beb6f82e7.jpg</path>
	<source>
		<database>roboflow.ai</database>
	</source>
	<size>
		<width>416</width>
		<height>416</height>
		<depth>3</depth>
	</size>
	<segmented>0</segmented>
	<object>
		<name>auto</name>
		<pose>Unspecified</pose>
		<truncated>0</truncated>
		<difficult>0</difficult>
		<occluded>0</occluded>
		<bndbox>
			<xmin>54</xmin>
			<xmax>312</xmax>
			<ymin>252</ymin>
			<ymax>410</ymax>
		</bndbox>
	</object>
</annotation>
