<annotation>
	<folder></folder>
	<filename>frame_1743_jpg.rf.06ab2f8bb28d2499d7f18ea6773ea4af.jpg</filename>
	<path>frame_1743_jpg.rf.06ab2f8bb28d2499d7f18ea6773ea4af.jpg</path>
	<source>
		<database>roboflow.ai</database>
	</source>
	<size>
		<width>416</width>
		<height>416</height>
		<depth>3</depth>
	</size>
	<segmented>0</segmented>
	<object>
		<name>auto</name>
		<pose>Unspecified</pose>
		<truncated>0</truncated>
		<difficult>0</difficult>
		<occluded>0</occluded>
		<bndbox>
			<xmin>35</xmin>
			<xmax>280</xmax>
			<ymin>238</ymin>
			<ymax>415</ymax>
		</bndbox>
	</object>
</annotation>
