<annotation>
	<folder></folder>
	<filename>frame_1697_jpg.rf.244e7184b2f68a426f32f22fa347fdfb.jpg</filename>
	<path>frame_1697_jpg.rf.244e7184b2f68a426f32f22fa347fdfb.jpg</path>
	<source>
		<database>roboflow.ai</database>
	</source>
	<size>
		<width>416</width>
		<height>416</height>
		<depth>3</depth>
	</size>
	<segmented>0</segmented>
	<object>
		<name>auto</name>
		<pose>Unspecified</pose>
		<truncated>0</truncated>
		<difficult>0</difficult>
		<occluded>0</occluded>
		<bndbox>
			<xmin>70</xmin>
			<xmax>391</xmax>
			<ymin>39</ymin>
			<ymax>415</ymax>
		</bndbox>
	</object>
	<object>
		<name>motorbike</name>
		<pose>Unspecified</pose>
		<truncated>0</truncated>
		<difficult>0</difficult>
		<occluded>0</occluded>
		<bndbox>
			<xmin>48</xmin>
			<xmax>94</xmax>
			<ymin>97</ymin>
			<ymax>216</ymax>
		</bndbox>
	</object>
</annotation>
