<annotation>
	<folder></folder>
	<filename>frame_1739_jpg.rf.3d0bc272d14acfbd176b69ba55332a98.jpg</filename>
	<path>frame_1739_jpg.rf.3d0bc272d14acfbd176b69ba55332a98.jpg</path>
	<source>
		<database>roboflow.ai</database>
	</source>
	<size>
		<width>416</width>
		<height>416</height>
		<depth>3</depth>
	</size>
	<segmented>0</segmented>
	<object>
		<name>auto</name>
		<pose>Unspecified</pose>
		<truncated>0</truncated>
		<difficult>0</difficult>
		<occluded>0</occluded>
		<bndbox>
			<xmin>0</xmin>
			<xmax>415</xmax>
			<ymin>20</ymin>
			<ymax>415</ymax>
		</bndbox>
	</object>
	<object>
		<name>car</name>
		<pose>Unspecified</pose>
		<truncated>0</truncated>
		<difficult>0</difficult>
		<occluded>0</occluded>
		<bndbox>
			<xmin>28</xmin>
			<xmax>70</xmax>
			<ymin>0</ymin>
			<ymax>30</ymax>
		</bndbox>
	</object>
</annotation>
