<annotation>
	<folder></folder>
	<filename>frame_1679_jpg.rf.9cac4f77ce1c93207daae74cb8d4c268.jpg</filename>
	<path>frame_1679_jpg.rf.9cac4f77ce1c93207daae74cb8d4c268.jpg</path>
	<source>
		<database>roboflow.ai</database>
	</source>
	<size>
		<width>416</width>
		<height>416</height>
		<depth>3</depth>
	</size>
	<segmented>0</segmented>
	<object>
		<name>auto</name>
		<pose>Unspecified</pose>
		<truncated>0</truncated>
		<difficult>0</difficult>
		<occluded>0</occluded>
		<bndbox>
			<xmin>0</xmin>
			<xmax>206</xmax>
			<ymin>168</ymin>
			<ymax>405</ymax>
		</bndbox>
	</object>
	<object>
		<name>riksha</name>
		<pose>Unspecified</pose>
		<truncated>0</truncated>
		<difficult>0</difficult>
		<occluded>0</occluded>
		<bndbox>
			<xmin>154</xmin>
			<xmax>354</xmax>
			<ymin>217</ymin>
			<ymax>387</ymax>
		</bndbox>
	</object>
	<object>
		<name>car</name>
		<pose>Unspecified</pose>
		<truncated>0</truncated>
		<difficult>0</difficult>
		<occluded>0</occluded>
		<bndbox>
			<xmin>331</xmin>
			<xmax>411</xmax>
			<ymin>145</ymin>
			<ymax>283</ymax>
		</bndbox>
	</object>
</annotation>
