<annotation>
	<folder></folder>
	<filename>frame_1671_jpg.rf.5f9ee1ee0274a1bad09ec504bbc9138b.jpg</filename>
	<path>frame_1671_jpg.rf.5f9ee1ee0274a1bad09ec504bbc9138b.jpg</path>
	<source>
		<database>roboflow.ai</database>
	</source>
	<size>
		<width>416</width>
		<height>416</height>
		<depth>3</depth>
	</size>
	<segmented>0</segmented>
	<object>
		<name>auto</name>
		<pose>Unspecified</pose>
		<truncated>0</truncated>
		<difficult>0</difficult>
		<occluded>0</occluded>
		<bndbox>
			<xmin>170</xmin>
			<xmax>415</xmax>
			<ymin>100</ymin>
			<ymax>411</ymax>
		</bndbox>
	</object>
	<object>
		<name>auto</name>
		<pose>Unspecified</pose>
		<truncated>0</truncated>
		<difficult>0</difficult>
		<occluded>0</occluded>
		<bndbox>
			<xmin>98</xmin>
			<xmax>185</xmax>
			<ymin>157</ymin>
			<ymax>252</ymax>
		</bndbox>
	</object>
</annotation>
