<annotation>
	<folder></folder>
	<filename>frame_1679_jpg.rf.71d499ca720464bcd79ccc0d483a9a00.jpg</filename>
	<path>frame_1679_jpg.rf.71d499ca720464bcd79ccc0d483a9a00.jpg</path>
	<source>
		<database>roboflow.ai</database>
	</source>
	<size>
		<width>416</width>
		<height>416</height>
		<depth>3</depth>
	</size>
	<segmented>0</segmented>
	<object>
		<name>auto</name>
		<pose>Unspecified</pose>
		<truncated>0</truncated>
		<difficult>0</difficult>
		<occluded>0</occluded>
		<bndbox>
			<xmin>213</xmin>
			<xmax>415</xmax>
			<ymin>167</ymin>
			<ymax>415</ymax>
		</bndbox>
	</object>
	<object>
		<name>riksha</name>
		<pose>Unspecified</pose>
		<truncated>0</truncated>
		<difficult>0</difficult>
		<occluded>0</occluded>
		<bndbox>
			<xmin>68</xmin>
			<xmax>281</xmax>
			<ymin>211</ymin>
			<ymax>389</ymax>
		</bndbox>
	</object>
	<object>
		<name>car</name>
		<pose>Unspecified</pose>
		<truncated>0</truncated>
		<difficult>0</difficult>
		<occluded>0</occluded>
		<bndbox>
			<xmin>6</xmin>
			<xmax>89</xmax>
			<ymin>131</ymin>
			<ymax>278</ymax>
		</bndbox>
	</object>
</annotation>
