<annotation>
	<folder></folder>
	<filename>frame_1713_jpg.rf.995f77a72d171c26aabe1b82169b17ad.jpg</filename>
	<path>frame_1713_jpg.rf.995f77a72d171c26aabe1b82169b17ad.jpg</path>
	<source>
		<database>roboflow.ai</database>
	</source>
	<size>
		<width>416</width>
		<height>416</height>
		<depth>3</depth>
	</size>
	<segmented>0</segmented>
	<object>
		<name>auto</name>
		<pose>Unspecified</pose>
		<truncated>0</truncated>
		<difficult>0</difficult>
		<occluded>0</occluded>
		<bndbox>
			<xmin>213</xmin>
			<xmax>393</xmax>
			<ymin>212</ymin>
			<ymax>407</ymax>
		</bndbox>
	</object>
</annotation>
