<annotation>
	<folder></folder>
	<filename>frame_1686_jpg.rf.01303deef3dd96cb379ad8c95987d3a0.jpg</filename>
	<path>frame_1686_jpg.rf.01303deef3dd96cb379ad8c95987d3a0.jpg</path>
	<source>
		<database>roboflow.ai</database>
	</source>
	<size>
		<width>416</width>
		<height>416</height>
		<depth>3</depth>
	</size>
	<segmented>0</segmented>
	<object>
		<name>auto</name>
		<pose>Unspecified</pose>
		<truncated>0</truncated>
		<difficult>0</difficult>
		<occluded>0</occluded>
		<bndbox>
			<xmin>82</xmin>
			<xmax>403</xmax>
			<ymin>127</ymin>
			<ymax>380</ymax>
		</bndbox>
	</object>
</annotation>
