<annotation>
	<folder></folder>
	<filename>frame_1730_jpg.rf.b808e59c205dbca0de8e409c453d8c42.jpg</filename>
	<path>frame_1730_jpg.rf.b808e59c205dbca0de8e409c453d8c42.jpg</path>
	<source>
		<database>roboflow.ai</database>
	</source>
	<size>
		<width>416</width>
		<height>416</height>
		<depth>3</depth>
	</size>
	<segmented>0</segmented>
	<object>
		<name>auto</name>
		<pose>Unspecified</pose>
		<truncated>0</truncated>
		<difficult>0</difficult>
		<occluded>0</occluded>
		<bndbox>
			<xmin>5</xmin>
			<xmax>337</xmax>
			<ymin>61</ymin>
			<ymax>370</ymax>
		</bndbox>
	</object>
</annotation>
