<annotation>
	<folder></folder>
	<filename>frame_1695_jpg.rf.9e035cc3cf975c517024d00b6e80fff9.jpg</filename>
	<path>frame_1695_jpg.rf.9e035cc3cf975c517024d00b6e80fff9.jpg</path>
	<source>
		<database>roboflow.ai</database>
	</source>
	<size>
		<width>416</width>
		<height>416</height>
		<depth>3</depth>
	</size>
	<segmented>0</segmented>
	<object>
		<name>auto</name>
		<pose>Unspecified</pose>
		<truncated>0</truncated>
		<difficult>0</difficult>
		<occluded>0</occluded>
		<bndbox>
			<xmin>213</xmin>
			<xmax>386</xmax>
			<ymin>155</ymin>
			<ymax>407</ymax>
		</bndbox>
	</object>
	<object>
		<name>auto</name>
		<pose>Unspecified</pose>
		<truncated>0</truncated>
		<difficult>0</difficult>
		<occluded>0</occluded>
		<bndbox>
			<xmin>0</xmin>
			<xmax>179</xmax>
			<ymin>73</ymin>
			<ymax>378</ymax>
		</bndbox>
	</object>
</annotation>
