<annotation>
	<folder></folder>
	<filename>frame_1707_jpg.rf.226ad837d65995c165c8cf1f6a4f5d81.jpg</filename>
	<path>frame_1707_jpg.rf.226ad837d65995c165c8cf1f6a4f5d81.jpg</path>
	<source>
		<database>roboflow.ai</database>
	</source>
	<size>
		<width>416</width>
		<height>416</height>
		<depth>3</depth>
	</size>
	<segmented>0</segmented>
	<object>
		<name>auto</name>
		<pose>Unspecified</pose>
		<truncated>0</truncated>
		<difficult>0</difficult>
		<occluded>0</occluded>
		<bndbox>
			<xmin>0</xmin>
			<xmax>368</xmax>
			<ymin>0</ymin>
			<ymax>407</ymax>
		</bndbox>
	</object>
	<object>
		<name>auto</name>
		<pose>Unspecified</pose>
		<truncated>0</truncated>
		<difficult>0</difficult>
		<occluded>0</occluded>
		<bndbox>
			<xmin>329</xmin>
			<xmax>415</xmax>
			<ymin>190</ymin>
			<ymax>341</ymax>
		</bndbox>
	</object>
</annotation>
