<annotation>
	<folder></folder>
	<filename>frame_1756_jpg.rf.bccefb5cf4c085a22ff732d14615d1ac.jpg</filename>
	<path>frame_1756_jpg.rf.bccefb5cf4c085a22ff732d14615d1ac.jpg</path>
	<source>
		<database>roboflow.ai</database>
	</source>
	<size>
		<width>416</width>
		<height>416</height>
		<depth>3</depth>
	</size>
	<segmented>0</segmented>
	<object>
		<name>auto</name>
		<pose>Unspecified</pose>
		<truncated>0</truncated>
		<difficult>0</difficult>
		<occluded>0</occluded>
		<bndbox>
			<xmin>149</xmin>
			<xmax>367</xmax>
			<ymin>61</ymin>
			<ymax>393</ymax>
		</bndbox>
	</object>
	<object>
		<name>auto</name>
		<pose>Unspecified</pose>
		<truncated>0</truncated>
		<difficult>0</difficult>
		<occluded>0</occluded>
		<bndbox>
			<xmin>84</xmin>
			<xmax>186</xmax>
			<ymin>93</ymin>
			<ymax>276</ymax>
		</bndbox>
	</object>
</annotation>
