<annotation>
	<folder></folder>
	<filename>frame_1735_jpg.rf.c6fd3297ded23cec70d97f556e69a7aa.jpg</filename>
	<path>frame_1735_jpg.rf.c6fd3297ded23cec70d97f556e69a7aa.jpg</path>
	<source>
		<database>roboflow.ai</database>
	</source>
	<size>
		<width>416</width>
		<height>416</height>
		<depth>3</depth>
	</size>
	<segmented>0</segmented>
	<object>
		<name>auto</name>
		<pose>Unspecified</pose>
		<truncated>0</truncated>
		<difficult>0</difficult>
		<occluded>0</occluded>
		<bndbox>
			<xmin>65</xmin>
			<xmax>367</xmax>
			<ymin>20</ymin>
			<ymax>415</ymax>
		</bndbox>
	</object>
	<object>
		<name>car</name>
		<pose>Unspecified</pose>
		<truncated>0</truncated>
		<difficult>0</difficult>
		<occluded>0</occluded>
		<bndbox>
			<xmin>40</xmin>
			<xmax>144</xmax>
			<ymin>175</ymin>
			<ymax>398</ymax>
		</bndbox>
	</object>
</annotation>
