<annotation>
	<folder></folder>
	<filename>frame_1753_jpg.rf.2844d921e994006168dbdb6dc23d2196.jpg</filename>
	<path>frame_1753_jpg.rf.2844d921e994006168dbdb6dc23d2196.jpg</path>
	<source>
		<database>roboflow.ai</database>
	</source>
	<size>
		<width>416</width>
		<height>416</height>
		<depth>3</depth>
	</size>
	<segmented>0</segmented>
	<object>
		<name>auto</name>
		<pose>Unspecified</pose>
		<truncated>0</truncated>
		<difficult>0</difficult>
		<occluded>0</occluded>
		<bndbox>
			<xmin>62</xmin>
			<xmax>387</xmax>
			<ymin>96</ymin>
			<ymax>374</ymax>
		</bndbox>
	</object>
</annotation>
