<annotation>
	<folder></folder>
	<filename>frame_1747_jpg.rf.3f764e3ac3709f63f2432c521c745cbc.jpg</filename>
	<path>frame_1747_jpg.rf.3f764e3ac3709f63f2432c521c745cbc.jpg</path>
	<source>
		<database>roboflow.ai</database>
	</source>
	<size>
		<width>416</width>
		<height>416</height>
		<depth>3</depth>
	</size>
	<segmented>0</segmented>
	<object>
		<name>auto</name>
		<pose>Unspecified</pose>
		<truncated>0</truncated>
		<difficult>0</difficult>
		<occluded>0</occluded>
		<bndbox>
			<xmin>126</xmin>
			<xmax>378</xmax>
			<ymin>107</ymin>
			<ymax>319</ymax>
		</bndbox>
	</object>
</annotation>
