<annotation>
	<folder></folder>
	<filename>frame_1712_jpg.rf.bca2843d852df0337524b301816f5512.jpg</filename>
	<path>frame_1712_jpg.rf.bca2843d852df0337524b301816f5512.jpg</path>
	<source>
		<database>roboflow.ai</database>
	</source>
	<size>
		<width>416</width>
		<height>416</height>
		<depth>3</depth>
	</size>
	<segmented>0</segmented>
	<object>
		<name>auto</name>
		<pose>Unspecified</pose>
		<truncated>0</truncated>
		<difficult>0</difficult>
		<occluded>0</occluded>
		<bndbox>
			<xmin>227</xmin>
			<xmax>415</xmax>
			<ymin>51</ymin>
			<ymax>415</ymax>
		</bndbox>
	</object>
	<object>
		<name>auto</name>
		<pose>Unspecified</pose>
		<truncated>0</truncated>
		<difficult>0</difficult>
		<occluded>0</occluded>
		<bndbox>
			<xmin>0</xmin>
			<xmax>22</xmax>
			<ymin>24</ymin>
			<ymax>101</ymax>
		</bndbox>
	</object>
	<object>
		<name>auto</name>
		<pose>Unspecified</pose>
		<truncated>0</truncated>
		<difficult>0</difficult>
		<occluded>0</occluded>
		<bndbox>
			<xmin>18</xmin>
			<xmax>50</xmax>
			<ymin>35</ymin>
			<ymax>92</ymax>
		</bndbox>
	</object>
</annotation>
