<annotation>
	<folder></folder>
	<filename>frame_1664_jpg.rf.6f6a723c4aa0060beb74f9c7d26381ba.jpg</filename>
	<path>frame_1664_jpg.rf.6f6a723c4aa0060beb74f9c7d26381ba.jpg</path>
	<source>
		<database>roboflow.ai</database>
	</source>
	<size>
		<width>416</width>
		<height>416</height>
		<depth>3</depth>
	</size>
	<segmented>0</segmented>
	<object>
		<name>auto</name>
		<pose>Unspecified</pose>
		<truncated>0</truncated>
		<difficult>0</difficult>
		<occluded>0</occluded>
		<bndbox>
			<xmin>89</xmin>
			<xmax>347</xmax>
			<ymin>38</ymin>
			<ymax>415</ymax>
		</bndbox>
	</object>
</annotation>
