<annotation>
	<folder></folder>
	<filename>frame_1663_jpg.rf.0d404c1bafc9ae99eb73220d3907828a.jpg</filename>
	<path>frame_1663_jpg.rf.0d404c1bafc9ae99eb73220d3907828a.jpg</path>
	<source>
		<database>roboflow.ai</database>
	</source>
	<size>
		<width>416</width>
		<height>416</height>
		<depth>3</depth>
	</size>
	<segmented>0</segmented>
	<object>
		<name>auto</name>
		<pose>Unspecified</pose>
		<truncated>0</truncated>
		<difficult>0</difficult>
		<occluded>0</occluded>
		<bndbox>
			<xmin>192</xmin>
			<xmax>374</xmax>
			<ymin>73</ymin>
			<ymax>363</ymax>
		</bndbox>
	</object>
	<object>
		<name>auto</name>
		<pose>Unspecified</pose>
		<truncated>0</truncated>
		<difficult>0</difficult>
		<occluded>0</occluded>
		<bndbox>
			<xmin>35</xmin>
			<xmax>92</xmax>
			<ymin>96</ymin>
			<ymax>274</ymax>
		</bndbox>
	</object>
	<object>
		<name>motorbike</name>
		<pose>Unspecified</pose>
		<truncated>0</truncated>
		<difficult>0</difficult>
		<occluded>0</occluded>
		<bndbox>
			<xmin>72</xmin>
			<xmax>133</xmax>
			<ymin>111</ymin>
			<ymax>323</ymax>
		</bndbox>
	</object>
</annotation>
