<annotation>
	<folder></folder>
	<filename>frame_1704_jpg.rf.4876c391ce57155f88736f7770cf61f9.jpg</filename>
	<path>frame_1704_jpg.rf.4876c391ce57155f88736f7770cf61f9.jpg</path>
	<source>
		<database>roboflow.ai</database>
	</source>
	<size>
		<width>416</width>
		<height>416</height>
		<depth>3</depth>
	</size>
	<segmented>0</segmented>
	<object>
		<name>auto</name>
		<pose>Unspecified</pose>
		<truncated>0</truncated>
		<difficult>0</difficult>
		<occluded>0</occluded>
		<bndbox>
			<xmin>281</xmin>
			<xmax>393</xmax>
			<ymin>225</ymin>
			<ymax>353</ymax>
		</bndbox>
	</object>
</annotation>
