<annotation>
	<folder></folder>
	<filename>frame_1713_jpg.rf.eb868d8850150ef2320a749e02ee0d12.jpg</filename>
	<path>frame_1713_jpg.rf.eb868d8850150ef2320a749e02ee0d12.jpg</path>
	<source>
		<database>roboflow.ai</database>
	</source>
	<size>
		<width>416</width>
		<height>416</height>
		<depth>3</depth>
	</size>
	<segmented>0</segmented>
	<object>
		<name>auto</name>
		<pose>Unspecified</pose>
		<truncated>0</truncated>
		<difficult>0</difficult>
		<occluded>0</occluded>
		<bndbox>
			<xmin>250</xmin>
			<xmax>407</xmax>
			<ymin>242</ymin>
			<ymax>415</ymax>
		</bndbox>
	</object>
</annotation>
