<annotation>
	<folder></folder>
	<filename>frame_1709_jpg.rf.6ccefaf6002a84c99087b6d83cad5c64.jpg</filename>
	<path>frame_1709_jpg.rf.6ccefaf6002a84c99087b6d83cad5c64.jpg</path>
	<source>
		<database>roboflow.ai</database>
	</source>
	<size>
		<width>416</width>
		<height>416</height>
		<depth>3</depth>
	</size>
	<segmented>0</segmented>
	<object>
		<name>auto</name>
		<pose>Unspecified</pose>
		<truncated>0</truncated>
		<difficult>0</difficult>
		<occluded>0</occluded>
		<bndbox>
			<xmin>27</xmin>
			<xmax>135</xmax>
			<ymin>37</ymin>
			<ymax>199</ymax>
		</bndbox>
	</object>
	<object>
		<name>car</name>
		<pose>Unspecified</pose>
		<truncated>0</truncated>
		<difficult>0</difficult>
		<occluded>0</occluded>
		<bndbox>
			<xmin>109</xmin>
			<xmax>244</xmax>
			<ymin>49</ymin>
			<ymax>209</ymax>
		</bndbox>
	</object>
</annotation>
