<annotation>
	<folder></folder>
	<filename>frame_1669_jpg.rf.9f2452660df9dc53762e0891eed7daa2.jpg</filename>
	<path>frame_1669_jpg.rf.9f2452660df9dc53762e0891eed7daa2.jpg</path>
	<source>
		<database>roboflow.ai</database>
	</source>
	<size>
		<width>416</width>
		<height>416</height>
		<depth>3</depth>
	</size>
	<segmented>0</segmented>
	<object>
		<name>auto</name>
		<pose>Unspecified</pose>
		<truncated>0</truncated>
		<difficult>0</difficult>
		<occluded>0</occluded>
		<bndbox>
			<xmin>36</xmin>
			<xmax>353</xmax>
			<ymin>0</ymin>
			<ymax>415</ymax>
		</bndbox>
	</object>
	<object>
		<name>auto</name>
		<pose>Unspecified</pose>
		<truncated>0</truncated>
		<difficult>0</difficult>
		<occluded>0</occluded>
		<bndbox>
			<xmin>301</xmin>
			<xmax>415</xmax>
			<ymin>0</ymin>
			<ymax>224</ymax>
		</bndbox>
	</object>
</annotation>
