<annotation>
	<folder></folder>
	<filename>frame_1751_jpg.rf.e2087d408a373b8f735fe202e62ef440.jpg</filename>
	<path>frame_1751_jpg.rf.e2087d408a373b8f735fe202e62ef440.jpg</path>
	<source>
		<database>roboflow.ai</database>
	</source>
	<size>
		<width>416</width>
		<height>416</height>
		<depth>3</depth>
	</size>
	<segmented>0</segmented>
	<object>
		<name>auto</name>
		<pose>Unspecified</pose>
		<truncated>0</truncated>
		<difficult>0</difficult>
		<occluded>0</occluded>
		<bndbox>
			<xmin>112</xmin>
			<xmax>316</xmax>
			<ymin>137</ymin>
			<ymax>353</ymax>
		</bndbox>
	</object>
</annotation>
