<annotation>
	<folder></folder>
	<filename>frame_1714_jpg.rf.64e8ca6701c003f1419fe58ef2b6f69a.jpg</filename>
	<path>frame_1714_jpg.rf.64e8ca6701c003f1419fe58ef2b6f69a.jpg</path>
	<source>
		<database>roboflow.ai</database>
	</source>
	<size>
		<width>416</width>
		<height>416</height>
		<depth>3</depth>
	</size>
	<segmented>0</segmented>
	<object>
		<name>auto</name>
		<pose>Unspecified</pose>
		<truncated>0</truncated>
		<difficult>0</difficult>
		<occluded>0</occluded>
		<bndbox>
			<xmin>0</xmin>
			<xmax>382</xmax>
			<ymin>0</ymin>
			<ymax>415</ymax>
		</bndbox>
	</object>
	<object>
		<name>auto</name>
		<pose>Unspecified</pose>
		<truncated>0</truncated>
		<difficult>0</difficult>
		<occluded>0</occluded>
		<bndbox>
			<xmin>338</xmin>
			<xmax>415</xmax>
			<ymin>128</ymin>
			<ymax>314</ymax>
		</bndbox>
	</object>
</annotation>
