<annotation>
	<folder></folder>
	<filename>frame_1715_jpg.rf.9809456d4690dd2897236b4691ba5a68.jpg</filename>
	<path>frame_1715_jpg.rf.9809456d4690dd2897236b4691ba5a68.jpg</path>
	<source>
		<database>roboflow.ai</database>
	</source>
	<size>
		<width>416</width>
		<height>416</height>
		<depth>3</depth>
	</size>
	<segmented>0</segmented>
	<object>
		<name>auto</name>
		<pose>Unspecified</pose>
		<truncated>0</truncated>
		<difficult>0</difficult>
		<occluded>0</occluded>
		<bndbox>
			<xmin>0</xmin>
			<xmax>75</xmax>
			<ymin>234</ymin>
			<ymax>366</ymax>
		</bndbox>
	</object>
</annotation>
