<annotation>
	<folder></folder>
	<filename>frame_1674_jpg.rf.7fbd1200fcf6359eff10e47bafc61651.jpg</filename>
	<path>frame_1674_jpg.rf.7fbd1200fcf6359eff10e47bafc61651.jpg</path>
	<source>
		<database>roboflow.ai</database>
	</source>
	<size>
		<width>416</width>
		<height>416</height>
		<depth>3</depth>
	</size>
	<segmented>0</segmented>
	<object>
		<name>van</name>
		<pose>Unspecified</pose>
		<truncated>0</truncated>
		<difficult>0</difficult>
		<occluded>0</occluded>
		<bndbox>
			<xmin>6</xmin>
			<xmax>183</xmax>
			<ymin>198</ymin>
			<ymax>415</ymax>
		</bndbox>
	</object>
	<object>
		<name>motorbike</name>
		<pose>Unspecified</pose>
		<truncated>0</truncated>
		<difficult>0</difficult>
		<occluded>0</occluded>
		<bndbox>
			<xmin>292</xmin>
			<xmax>415</xmax>
			<ymin>100</ymin>
			<ymax>372</ymax>
		</bndbox>
	</object>
	<object>
		<name>auto</name>
		<pose>Unspecified</pose>
		<truncated>0</truncated>
		<difficult>0</difficult>
		<occluded>0</occluded>
		<bndbox>
			<xmin>146</xmin>
			<xmax>325</xmax>
			<ymin>148</ymin>
			<ymax>389</ymax>
		</bndbox>
	</object>
</annotation>
