<annotation>
	<folder></folder>
	<filename>frame_1700_jpg.rf.0b04fc97d2fadb523658dd1b88e8244f.jpg</filename>
	<path>frame_1700_jpg.rf.0b04fc97d2fadb523658dd1b88e8244f.jpg</path>
	<source>
		<database>roboflow.ai</database>
	</source>
	<size>
		<width>416</width>
		<height>416</height>
		<depth>3</depth>
	</size>
	<segmented>0</segmented>
	<object>
		<name>auto</name>
		<pose>Unspecified</pose>
		<truncated>0</truncated>
		<difficult>0</difficult>
		<occluded>0</occluded>
		<bndbox>
			<xmin>217</xmin>
			<xmax>410</xmax>
			<ymin>178</ymin>
			<ymax>415</ymax>
		</bndbox>
	</object>
	<object>
		<name>auto</name>
		<pose>Unspecified</pose>
		<truncated>0</truncated>
		<difficult>0</difficult>
		<occluded>0</occluded>
		<bndbox>
			<xmin>69</xmin>
			<xmax>247</xmax>
			<ymin>158</ymin>
			<ymax>387</ymax>
		</bndbox>
	</object>
</annotation>
