<annotation>
	<folder></folder>
	<filename>frame_1715_jpg.rf.46ded4b92caaa65cea9e92531c00e31e.jpg</filename>
	<path>frame_1715_jpg.rf.46ded4b92caaa65cea9e92531c00e31e.jpg</path>
	<source>
		<database>roboflow.ai</database>
	</source>
	<size>
		<width>416</width>
		<height>416</height>
		<depth>3</depth>
	</size>
	<segmented>0</segmented>
	<object>
		<name>auto</name>
		<pose>Unspecified</pose>
		<truncated>0</truncated>
		<difficult>0</difficult>
		<occluded>0</occluded>
		<bndbox>
			<xmin>13</xmin>
			<xmax>114</xmax>
			<ymin>275</ymin>
			<ymax>415</ymax>
		</bndbox>
	</object>
</annotation>
