<annotation>
	<folder></folder>
	<filename>frame_1745_jpg.rf.fb6aafb69b6145055019b3f028e16ba2.jpg</filename>
	<path>frame_1745_jpg.rf.fb6aafb69b6145055019b3f028e16ba2.jpg</path>
	<source>
		<database>roboflow.ai</database>
	</source>
	<size>
		<width>416</width>
		<height>416</height>
		<depth>3</depth>
	</size>
	<segmented>0</segmented>
	<object>
		<name>auto</name>
		<pose>Unspecified</pose>
		<truncated>0</truncated>
		<difficult>0</difficult>
		<occluded>0</occluded>
		<bndbox>
			<xmin>85</xmin>
			<xmax>326</xmax>
			<ymin>180</ymin>
			<ymax>415</ymax>
		</bndbox>
	</object>
</annotation>
