<annotation>
	<folder></folder>
	<filename>frame_1755_jpg.rf.dfc0cea8bd66e8abf3e4e7634357d06a.jpg</filename>
	<path>frame_1755_jpg.rf.dfc0cea8bd66e8abf3e4e7634357d06a.jpg</path>
	<source>
		<database>roboflow.ai</database>
	</source>
	<size>
		<width>416</width>
		<height>416</height>
		<depth>3</depth>
	</size>
	<segmented>0</segmented>
	<object>
		<name>auto</name>
		<pose>Unspecified</pose>
		<truncated>0</truncated>
		<difficult>0</difficult>
		<occluded>0</occluded>
		<bndbox>
			<xmin>0</xmin>
			<xmax>410</xmax>
			<ymin>13</ymin>
			<ymax>415</ymax>
		</bndbox>
	</object>
</annotation>
