<annotation>
	<folder></folder>
	<filename>frame_1704_jpg.rf.87d0ceeeed85aefecd807c62919cc9b0.jpg</filename>
	<path>frame_1704_jpg.rf.87d0ceeeed85aefecd807c62919cc9b0.jpg</path>
	<source>
		<database>roboflow.ai</database>
	</source>
	<size>
		<width>416</width>
		<height>416</height>
		<depth>3</depth>
	</size>
	<segmented>0</segmented>
	<object>
		<name>auto</name>
		<pose>Unspecified</pose>
		<truncated>0</truncated>
		<difficult>0</difficult>
		<occluded>0</occluded>
		<bndbox>
			<xmin>287</xmin>
			<xmax>392</xmax>
			<ymin>207</ymin>
			<ymax>339</ymax>
		</bndbox>
	</object>
</annotation>
