<annotation>
	<folder></folder>
	<filename>frame_1756_jpg.rf.7529abc96caec54c69b5b8cbe87421b0.jpg</filename>
	<path>frame_1756_jpg.rf.7529abc96caec54c69b5b8cbe87421b0.jpg</path>
	<source>
		<database>roboflow.ai</database>
	</source>
	<size>
		<width>416</width>
		<height>416</height>
		<depth>3</depth>
	</size>
	<segmented>0</segmented>
	<object>
		<name>auto</name>
		<pose>Unspecified</pose>
		<truncated>0</truncated>
		<difficult>0</difficult>
		<occluded>0</occluded>
		<bndbox>
			<xmin>159</xmin>
			<xmax>354</xmax>
			<ymin>76</ymin>
			<ymax>389</ymax>
		</bndbox>
	</object>
	<object>
		<name>auto</name>
		<pose>Unspecified</pose>
		<truncated>0</truncated>
		<difficult>0</difficult>
		<occluded>0</occluded>
		<bndbox>
			<xmin>92</xmin>
			<xmax>179</xmax>
			<ymin>88</ymin>
			<ymax>262</ymax>
		</bndbox>
	</object>
</annotation>
