<annotation>
	<folder></folder>
	<filename>frame_1706_jpg.rf.f0a021bfdfdf767c6b69a6099e495417.jpg</filename>
	<path>frame_1706_jpg.rf.f0a021bfdfdf767c6b69a6099e495417.jpg</path>
	<source>
		<database>roboflow.ai</database>
	</source>
	<size>
		<width>416</width>
		<height>416</height>
		<depth>3</depth>
	</size>
	<segmented>0</segmented>
	<object>
		<name>auto</name>
		<pose>Unspecified</pose>
		<truncated>0</truncated>
		<difficult>0</difficult>
		<occluded>0</occluded>
		<bndbox>
			<xmin>157</xmin>
			<xmax>300</xmax>
			<ymin>220</ymin>
			<ymax>403</ymax>
		</bndbox>
	</object>
</annotation>
