<annotation>
	<folder></folder>
	<filename>frame_1712_jpg.rf.07a13da524ea612026d30438095562e0.jpg</filename>
	<path>frame_1712_jpg.rf.07a13da524ea612026d30438095562e0.jpg</path>
	<source>
		<database>roboflow.ai</database>
	</source>
	<size>
		<width>416</width>
		<height>416</height>
		<depth>3</depth>
	</size>
	<segmented>0</segmented>
	<object>
		<name>auto</name>
		<pose>Unspecified</pose>
		<truncated>0</truncated>
		<difficult>0</difficult>
		<occluded>0</occluded>
		<bndbox>
			<xmin>0</xmin>
			<xmax>227</xmax>
			<ymin>57</ymin>
			<ymax>415</ymax>
		</bndbox>
	</object>
	<object>
		<name>auto</name>
		<pose>Unspecified</pose>
		<truncated>0</truncated>
		<difficult>0</difficult>
		<occluded>0</occluded>
		<bndbox>
			<xmin>331</xmin>
			<xmax>377</xmax>
			<ymin>53</ymin>
			<ymax>121</ymax>
		</bndbox>
	</object>
	<object>
		<name>auto</name>
		<pose>Unspecified</pose>
		<truncated>0</truncated>
		<difficult>0</difficult>
		<occluded>0</occluded>
		<bndbox>
			<xmin>301</xmin>
			<xmax>338</xmax>
			<ymin>58</ymin>
			<ymax>110</ymax>
		</bndbox>
	</object>
</annotation>
