<annotation>
	<folder></folder>
	<filename>frame_1743_jpg.rf.0e9eadb88a9b978f698a1e1bbb9f04c0.jpg</filename>
	<path>frame_1743_jpg.rf.0e9eadb88a9b978f698a1e1bbb9f04c0.jpg</path>
	<source>
		<database>roboflow.ai</database>
	</source>
	<size>
		<width>416</width>
		<height>416</height>
		<depth>3</depth>
	</size>
	<segmented>0</segmented>
	<object>
		<name>auto</name>
		<pose>Unspecified</pose>
		<truncated>0</truncated>
		<difficult>0</difficult>
		<occluded>0</occluded>
		<bndbox>
			<xmin>33</xmin>
			<xmax>282</xmax>
			<ymin>249</ymin>
			<ymax>407</ymax>
		</bndbox>
	</object>
</annotation>
