<annotation>
	<folder></folder>
	<filename>frame_1700_jpg.rf.eb360c9ccd42ed8c755afaf287d3ec8b.jpg</filename>
	<path>frame_1700_jpg.rf.eb360c9ccd42ed8c755afaf287d3ec8b.jpg</path>
	<source>
		<database>roboflow.ai</database>
	</source>
	<size>
		<width>416</width>
		<height>416</height>
		<depth>3</depth>
	</size>
	<segmented>0</segmented>
	<object>
		<name>auto</name>
		<pose>Unspecified</pose>
		<truncated>0</truncated>
		<difficult>0</difficult>
		<occluded>0</occluded>
		<bndbox>
			<xmin>45</xmin>
			<xmax>251</xmax>
			<ymin>170</ymin>
			<ymax>415</ymax>
		</bndbox>
	</object>
	<object>
		<name>auto</name>
		<pose>Unspecified</pose>
		<truncated>0</truncated>
		<difficult>0</difficult>
		<occluded>0</occluded>
		<bndbox>
			<xmin>198</xmin>
			<xmax>386</xmax>
			<ymin>170</ymin>
			<ymax>393</ymax>
		</bndbox>
	</object>
</annotation>
