<annotation>
	<folder></folder>
	<filename>frame_1744_jpg.rf.aa77311bf7fb104bbf747368e192f9e7.jpg</filename>
	<path>frame_1744_jpg.rf.aa77311bf7fb104bbf747368e192f9e7.jpg</path>
	<source>
		<database>roboflow.ai</database>
	</source>
	<size>
		<width>416</width>
		<height>416</height>
		<depth>3</depth>
	</size>
	<segmented>0</segmented>
	<object>
		<name>auto</name>
		<pose>Unspecified</pose>
		<truncated>0</truncated>
		<difficult>0</difficult>
		<occluded>0</occluded>
		<bndbox>
			<xmin>61</xmin>
			<xmax>368</xmax>
			<ymin>8</ymin>
			<ymax>415</ymax>
		</bndbox>
	</object>
</annotation>
