<annotation>
	<folder></folder>
	<filename>frame_1704_jpg.rf.2577acd64a6bb8006dd69659319dddf1.jpg</filename>
	<path>frame_1704_jpg.rf.2577acd64a6bb8006dd69659319dddf1.jpg</path>
	<source>
		<database>roboflow.ai</database>
	</source>
	<size>
		<width>416</width>
		<height>416</height>
		<depth>3</depth>
	</size>
	<segmented>0</segmented>
	<object>
		<name>auto</name>
		<pose>Unspecified</pose>
		<truncated>0</truncated>
		<difficult>0</difficult>
		<occluded>0</occluded>
		<bndbox>
			<xmin>28</xmin>
			<xmax>155</xmax>
			<ymin>237</ymin>
			<ymax>383</ymax>
		</bndbox>
	</object>
</annotation>
