<annotation>
	<folder></folder>
	<filename>frame_1678_jpg.rf.005ed3415216c2cc471b2719a2f1d9c6.jpg</filename>
	<path>frame_1678_jpg.rf.005ed3415216c2cc471b2719a2f1d9c6.jpg</path>
	<source>
		<database>roboflow.ai</database>
	</source>
	<size>
		<width>416</width>
		<height>416</height>
		<depth>3</depth>
	</size>
	<segmented>0</segmented>
	<object>
		<name>auto</name>
		<pose>Unspecified</pose>
		<truncated>0</truncated>
		<difficult>0</difficult>
		<occluded>0</occluded>
		<bndbox>
			<xmin>133</xmin>
			<xmax>375</xmax>
			<ymin>22</ymin>
			<ymax>415</ymax>
		</bndbox>
	</object>
</annotation>
