<annotation>
	<folder></folder>
	<filename>frame_1736_jpg.rf.1ff9edf907f2924617075cc7bd5b34d0.jpg</filename>
	<path>frame_1736_jpg.rf.1ff9edf907f2924617075cc7bd5b34d0.jpg</path>
	<source>
		<database>roboflow.ai</database>
	</source>
	<size>
		<width>416</width>
		<height>416</height>
		<depth>3</depth>
	</size>
	<segmented>0</segmented>
	<object>
		<name>auto</name>
		<pose>Unspecified</pose>
		<truncated>0</truncated>
		<difficult>0</difficult>
		<occluded>0</occluded>
		<bndbox>
			<xmin>151</xmin>
			<xmax>289</xmax>
			<ymin>200</ymin>
			<ymax>398</ymax>
		</bndbox>
	</object>
	<object>
		<name>motorbike</name>
		<pose>Unspecified</pose>
		<truncated>0</truncated>
		<difficult>0</difficult>
		<occluded>0</occluded>
		<bndbox>
			<xmin>100</xmin>
			<xmax>161</xmax>
			<ymin>223</ymin>
			<ymax>295</ymax>
		</bndbox>
	</object>
</annotation>
