<annotation>
	<folder></folder>
	<filename>frame_1697_jpg.rf.b3b3fd418269ac396ce81688f9ad4ff6.jpg</filename>
	<path>frame_1697_jpg.rf.b3b3fd418269ac396ce81688f9ad4ff6.jpg</path>
	<source>
		<database>roboflow.ai</database>
	</source>
	<size>
		<width>416</width>
		<height>416</height>
		<depth>3</depth>
	</size>
	<segmented>0</segmented>
	<object>
		<name>auto</name>
		<pose>Unspecified</pose>
		<truncated>0</truncated>
		<difficult>0</difficult>
		<occluded>0</occluded>
		<bndbox>
			<xmin>41</xmin>
			<xmax>412</xmax>
			<ymin>0</ymin>
			<ymax>415</ymax>
		</bndbox>
	</object>
	<object>
		<name>motorbike</name>
		<pose>Unspecified</pose>
		<truncated>0</truncated>
		<difficult>0</difficult>
		<occluded>0</occluded>
		<bndbox>
			<xmin>55</xmin>
			<xmax>115</xmax>
			<ymin>92</ymin>
			<ymax>232</ymax>
		</bndbox>
	</object>
</annotation>
