<annotation>
	<folder></folder>
	<filename>frame_1698_jpg.rf.3ae378751a585e508958965f854221bd.jpg</filename>
	<path>frame_1698_jpg.rf.3ae378751a585e508958965f854221bd.jpg</path>
	<source>
		<database>roboflow.ai</database>
	</source>
	<size>
		<width>416</width>
		<height>416</height>
		<depth>3</depth>
	</size>
	<segmented>0</segmented>
	<object>
		<name>auto</name>
		<pose>Unspecified</pose>
		<truncated>0</truncated>
		<difficult>0</difficult>
		<occluded>0</occluded>
		<bndbox>
			<xmin>0</xmin>
			<xmax>353</xmax>
			<ymin>83</ymin>
			<ymax>404</ymax>
		</bndbox>
	</object>
</annotation>
