<annotation>
	<folder></folder>
	<filename>frame_1750_jpg.rf.d7b08cd5153850a8494eb457c6ee74cc.jpg</filename>
	<path>frame_1750_jpg.rf.d7b08cd5153850a8494eb457c6ee74cc.jpg</path>
	<source>
		<database>roboflow.ai</database>
	</source>
	<size>
		<width>416</width>
		<height>416</height>
		<depth>3</depth>
	</size>
	<segmented>0</segmented>
	<object>
		<name>auto</name>
		<pose>Unspecified</pose>
		<truncated>0</truncated>
		<difficult>0</difficult>
		<occluded>0</occluded>
		<bndbox>
			<xmin>168</xmin>
			<xmax>232</xmax>
			<ymin>133</ymin>
			<ymax>245</ymax>
		</bndbox>
	</object>
</annotation>
