<annotation>
	<folder></folder>
	<filename>frame_1674_jpg.rf.31e5f38138e88b3e24f2a210e748f118.jpg</filename>
	<path>frame_1674_jpg.rf.31e5f38138e88b3e24f2a210e748f118.jpg</path>
	<source>
		<database>roboflow.ai</database>
	</source>
	<size>
		<width>416</width>
		<height>416</height>
		<depth>3</depth>
	</size>
	<segmented>0</segmented>
	<object>
		<name>van</name>
		<pose>Unspecified</pose>
		<truncated>0</truncated>
		<difficult>0</difficult>
		<occluded>0</occluded>
		<bndbox>
			<xmin>28</xmin>
			<xmax>163</xmax>
			<ymin>193</ymin>
			<ymax>415</ymax>
		</bndbox>
	</object>
	<object>
		<name>motorbike</name>
		<pose>Unspecified</pose>
		<truncated>0</truncated>
		<difficult>0</difficult>
		<occluded>0</occluded>
		<bndbox>
			<xmin>312</xmin>
			<xmax>414</xmax>
			<ymin>102</ymin>
			<ymax>386</ymax>
		</bndbox>
	</object>
	<object>
		<name>auto</name>
		<pose>Unspecified</pose>
		<truncated>0</truncated>
		<difficult>0</difficult>
		<occluded>0</occluded>
		<bndbox>
			<xmin>166</xmin>
			<xmax>301</xmax>
			<ymin>149</ymin>
			<ymax>396</ymax>
		</bndbox>
	</object>
</annotation>
