<annotation>
	<folder></folder>
	<filename>frame_1695_jpg.rf.8fc88532ffb205dbd12e3c84209bcdf0.jpg</filename>
	<path>frame_1695_jpg.rf.8fc88532ffb205dbd12e3c84209bcdf0.jpg</path>
	<source>
		<database>roboflow.ai</database>
	</source>
	<size>
		<width>416</width>
		<height>416</height>
		<depth>3</depth>
	</size>
	<segmented>0</segmented>
	<object>
		<name>auto</name>
		<pose>Unspecified</pose>
		<truncated>0</truncated>
		<difficult>0</difficult>
		<occluded>0</occluded>
		<bndbox>
			<xmin>11</xmin>
			<xmax>188</xmax>
			<ymin>112</ymin>
			<ymax>379</ymax>
		</bndbox>
	</object>
	<object>
		<name>auto</name>
		<pose>Unspecified</pose>
		<truncated>0</truncated>
		<difficult>0</difficult>
		<occluded>0</occluded>
		<bndbox>
			<xmin>205</xmin>
			<xmax>398</xmax>
			<ymin>112</ymin>
			<ymax>415</ymax>
		</bndbox>
	</object>
</annotation>
