<annotation>
	<folder></folder>
	<filename>frame_1732_jpg.rf.1b2d404a3aea08e14c2906c40a5052d3.jpg</filename>
	<path>frame_1732_jpg.rf.1b2d404a3aea08e14c2906c40a5052d3.jpg</path>
	<source>
		<database>roboflow.ai</database>
	</source>
	<size>
		<width>416</width>
		<height>416</height>
		<depth>3</depth>
	</size>
	<segmented>0</segmented>
	<object>
		<name>auto</name>
		<pose>Unspecified</pose>
		<truncated>0</truncated>
		<difficult>0</difficult>
		<occluded>0</occluded>
		<bndbox>
			<xmin>217</xmin>
			<xmax>311</xmax>
			<ymin>175</ymin>
			<ymax>360</ymax>
		</bndbox>
	</object>
	<object>
		<name>auto</name>
		<pose>Unspecified</pose>
		<truncated>0</truncated>
		<difficult>0</difficult>
		<occluded>0</occluded>
		<bndbox>
			<xmin>140</xmin>
			<xmax>228</xmax>
			<ymin>192</ymin>
			<ymax>367</ymax>
		</bndbox>
	</object>
</annotation>
