<annotation>
	<folder></folder>
	<filename>frame_1711_jpg.rf.071b2bf1e081a8c0d6280bd2616bc76c.jpg</filename>
	<path>frame_1711_jpg.rf.071b2bf1e081a8c0d6280bd2616bc76c.jpg</path>
	<source>
		<database>roboflow.ai</database>
	</source>
	<size>
		<width>416</width>
		<height>416</height>
		<depth>3</depth>
	</size>
	<segmented>0</segmented>
	<object>
		<name>auto</name>
		<pose>Unspecified</pose>
		<truncated>0</truncated>
		<difficult>0</difficult>
		<occluded>0</occluded>
		<bndbox>
			<xmin>137</xmin>
			<xmax>366</xmax>
			<ymin>212</ymin>
			<ymax>415</ymax>
		</bndbox>
	</object>
	<object>
		<name>motorbike</name>
		<pose>Unspecified</pose>
		<truncated>0</truncated>
		<difficult>0</difficult>
		<occluded>0</occluded>
		<bndbox>
			<xmin>0</xmin>
			<xmax>172</xmax>
			<ymin>200</ymin>
			<ymax>396</ymax>
		</bndbox>
	</object>
</annotation>
