<annotation>
	<folder></folder>
	<filename>frame_1663_jpg.rf.8b0ebc907819fb74d26ec5123e219bd1.jpg</filename>
	<path>frame_1663_jpg.rf.8b0ebc907819fb74d26ec5123e219bd1.jpg</path>
	<source>
		<database>roboflow.ai</database>
	</source>
	<size>
		<width>416</width>
		<height>416</height>
		<depth>3</depth>
	</size>
	<segmented>0</segmented>
	<object>
		<name>auto</name>
		<pose>Unspecified</pose>
		<truncated>0</truncated>
		<difficult>0</difficult>
		<occluded>0</occluded>
		<bndbox>
			<xmin>19</xmin>
			<xmax>239</xmax>
			<ymin>69</ymin>
			<ymax>356</ymax>
		</bndbox>
	</object>
	<object>
		<name>auto</name>
		<pose>Unspecified</pose>
		<truncated>0</truncated>
		<difficult>0</difficult>
		<occluded>0</occluded>
		<bndbox>
			<xmin>327</xmin>
			<xmax>401</xmax>
			<ymin>109</ymin>
			<ymax>282</ymax>
		</bndbox>
	</object>
	<object>
		<name>motorbike</name>
		<pose>Unspecified</pose>
		<truncated>0</truncated>
		<difficult>0</difficult>
		<occluded>0</occluded>
		<bndbox>
			<xmin>267</xmin>
			<xmax>350</xmax>
			<ymin>121</ymin>
			<ymax>326</ymax>
		</bndbox>
	</object>
</annotation>
