<annotation>
	<folder></folder>
	<filename>frame_1750_jpg.rf.b556da54da06a26ced019085837a9946.jpg</filename>
	<path>frame_1750_jpg.rf.b556da54da06a26ced019085837a9946.jpg</path>
	<source>
		<database>roboflow.ai</database>
	</source>
	<size>
		<width>416</width>
		<height>416</height>
		<depth>3</depth>
	</size>
	<segmented>0</segmented>
	<object>
		<name>auto</name>
		<pose>Unspecified</pose>
		<truncated>0</truncated>
		<difficult>0</difficult>
		<occluded>0</occluded>
		<bndbox>
			<xmin>162</xmin>
			<xmax>242</xmax>
			<ymin>125</ymin>
			<ymax>246</ymax>
		</bndbox>
	</object>
</annotation>
