<annotation>
	<folder></folder>
	<filename>frame_1707_jpg.rf.a13cc0c133ffdd3b50a0334d2f211041.jpg</filename>
	<path>frame_1707_jpg.rf.a13cc0c133ffdd3b50a0334d2f211041.jpg</path>
	<source>
		<database>roboflow.ai</database>
	</source>
	<size>
		<width>416</width>
		<height>416</height>
		<depth>3</depth>
	</size>
	<segmented>0</segmented>
	<object>
		<name>auto</name>
		<pose>Unspecified</pose>
		<truncated>0</truncated>
		<difficult>0</difficult>
		<occluded>0</occluded>
		<bndbox>
			<xmin>41</xmin>
			<xmax>321</xmax>
			<ymin>0</ymin>
			<ymax>415</ymax>
		</bndbox>
	</object>
	<object>
		<name>auto</name>
		<pose>Unspecified</pose>
		<truncated>0</truncated>
		<difficult>0</difficult>
		<occluded>0</occluded>
		<bndbox>
			<xmin>345</xmin>
			<xmax>414</xmax>
			<ymin>103</ymin>
			<ymax>274</ymax>
		</bndbox>
	</object>
</annotation>
