<annotation>
	<folder></folder>
	<filename>frame_1697_jpg.rf.174246c67084543e4b590891345441f8.jpg</filename>
	<path>frame_1697_jpg.rf.174246c67084543e4b590891345441f8.jpg</path>
	<source>
		<database>roboflow.ai</database>
	</source>
	<size>
		<width>416</width>
		<height>416</height>
		<depth>3</depth>
	</size>
	<segmented>0</segmented>
	<object>
		<name>auto</name>
		<pose>Unspecified</pose>
		<truncated>0</truncated>
		<difficult>0</difficult>
		<occluded>0</occluded>
		<bndbox>
			<xmin>12</xmin>
			<xmax>352</xmax>
			<ymin>0</ymin>
			<ymax>415</ymax>
		</bndbox>
	</object>
	<object>
		<name>motorbike</name>
		<pose>Unspecified</pose>
		<truncated>0</truncated>
		<difficult>0</difficult>
		<occluded>0</occluded>
		<bndbox>
			<xmin>328</xmin>
			<xmax>378</xmax>
			<ymin>94</ymin>
			<ymax>235</ymax>
		</bndbox>
	</object>
</annotation>
