<annotation>
	<folder></folder>
	<filename>frame_1736_jpg.rf.d49d652bbdae54f1dc4e8519d3c79b70.jpg</filename>
	<path>frame_1736_jpg.rf.d49d652bbdae54f1dc4e8519d3c79b70.jpg</path>
	<source>
		<database>roboflow.ai</database>
	</source>
	<size>
		<width>416</width>
		<height>416</height>
		<depth>3</depth>
	</size>
	<segmented>0</segmented>
	<object>
		<name>auto</name>
		<pose>Unspecified</pose>
		<truncated>0</truncated>
		<difficult>0</difficult>
		<occluded>0</occluded>
		<bndbox>
			<xmin>173</xmin>
			<xmax>300</xmax>
			<ymin>204</ymin>
			<ymax>376</ymax>
		</bndbox>
	</object>
	<object>
		<name>motorbike</name>
		<pose>Unspecified</pose>
		<truncated>0</truncated>
		<difficult>0</difficult>
		<occluded>0</occluded>
		<bndbox>
			<xmin>117</xmin>
			<xmax>174</xmax>
			<ymin>269</ymin>
			<ymax>331</ymax>
		</bndbox>
	</object>
</annotation>
