<annotation>
	<folder></folder>
	<filename>frame_1735_jpg.rf.c227f210950cdc4a8bd5def65dce5e68.jpg</filename>
	<path>frame_1735_jpg.rf.c227f210950cdc4a8bd5def65dce5e68.jpg</path>
	<source>
		<database>roboflow.ai</database>
	</source>
	<size>
		<width>416</width>
		<height>416</height>
		<depth>3</depth>
	</size>
	<segmented>0</segmented>
	<object>
		<name>auto</name>
		<pose>Unspecified</pose>
		<truncated>0</truncated>
		<difficult>0</difficult>
		<occluded>0</occluded>
		<bndbox>
			<xmin>93</xmin>
			<xmax>317</xmax>
			<ymin>61</ymin>
			<ymax>385</ymax>
		</bndbox>
	</object>
	<object>
		<name>car</name>
		<pose>Unspecified</pose>
		<truncated>0</truncated>
		<difficult>0</difficult>
		<occluded>0</occluded>
		<bndbox>
			<xmin>318</xmin>
			<xmax>383</xmax>
			<ymin>188</ymin>
			<ymax>377</ymax>
		</bndbox>
	</object>
</annotation>
