<annotation>
	<folder></folder>
	<filename>frame_1746_jpg.rf.dc8ed40711317feaaf430fcdc4e67c3a.jpg</filename>
	<path>frame_1746_jpg.rf.dc8ed40711317feaaf430fcdc4e67c3a.jpg</path>
	<source>
		<database>roboflow.ai</database>
	</source>
	<size>
		<width>416</width>
		<height>416</height>
		<depth>3</depth>
	</size>
	<segmented>0</segmented>
	<object>
		<name>riksha</name>
		<pose>Unspecified</pose>
		<truncated>0</truncated>
		<difficult>0</difficult>
		<occluded>0</occluded>
		<bndbox>
			<xmin>0</xmin>
			<xmax>415</xmax>
			<ymin>42</ymin>
			<ymax>401</ymax>
		</bndbox>
	</object>
</annotation>
