<annotation>
	<folder></folder>
	<filename>frame_1711_jpg.rf.523f06f17d8fd76eae1a1de11c5c5fe0.jpg</filename>
	<path>frame_1711_jpg.rf.523f06f17d8fd76eae1a1de11c5c5fe0.jpg</path>
	<source>
		<database>roboflow.ai</database>
	</source>
	<size>
		<width>416</width>
		<height>416</height>
		<depth>3</depth>
	</size>
	<segmented>0</segmented>
	<object>
		<name>auto</name>
		<pose>Unspecified</pose>
		<truncated>0</truncated>
		<difficult>0</difficult>
		<occluded>0</occluded>
		<bndbox>
			<xmin>174</xmin>
			<xmax>400</xmax>
			<ymin>210</ymin>
			<ymax>415</ymax>
		</bndbox>
	</object>
	<object>
		<name>motorbike</name>
		<pose>Unspecified</pose>
		<truncated>0</truncated>
		<difficult>0</difficult>
		<occluded>0</occluded>
		<bndbox>
			<xmin>7</xmin>
			<xmax>201</xmax>
			<ymin>169</ymin>
			<ymax>389</ymax>
		</bndbox>
	</object>
</annotation>
