<annotation>
	<folder></folder>
	<filename>frame_1744_jpg.rf.7bf1b9f8869032e710578ee9e172c446.jpg</filename>
	<path>frame_1744_jpg.rf.7bf1b9f8869032e710578ee9e172c446.jpg</path>
	<source>
		<database>roboflow.ai</database>
	</source>
	<size>
		<width>416</width>
		<height>416</height>
		<depth>3</depth>
	</size>
	<segmented>0</segmented>
	<object>
		<name>auto</name>
		<pose>Unspecified</pose>
		<truncated>0</truncated>
		<difficult>0</difficult>
		<occluded>0</occluded>
		<bndbox>
			<xmin>32</xmin>
			<xmax>395</xmax>
			<ymin>0</ymin>
			<ymax>415</ymax>
		</bndbox>
	</object>
</annotation>
