<annotation>
	<folder></folder>
	<filename>frame_1750_jpg.rf.a708454dfead8d277c2e319066814fb2.jpg</filename>
	<path>frame_1750_jpg.rf.a708454dfead8d277c2e319066814fb2.jpg</path>
	<source>
		<database>roboflow.ai</database>
	</source>
	<size>
		<width>416</width>
		<height>416</height>
		<depth>3</depth>
	</size>
	<segmented>0</segmented>
	<object>
		<name>auto</name>
		<pose>Unspecified</pose>
		<truncated>0</truncated>
		<difficult>0</difficult>
		<occluded>0</occluded>
		<bndbox>
			<xmin>171</xmin>
			<xmax>252</xmax>
			<ymin>127</ymin>
			<ymax>246</ymax>
		</bndbox>
	</object>
</annotation>
