<annotation>
	<folder></folder>
	<filename>frame_1711_jpg.rf.4f777242bdde9d8079129d1905f537b3.jpg</filename>
	<path>frame_1711_jpg.rf.4f777242bdde9d8079129d1905f537b3.jpg</path>
	<source>
		<database>roboflow.ai</database>
	</source>
	<size>
		<width>416</width>
		<height>416</height>
		<depth>3</depth>
	</size>
	<segmented>0</segmented>
	<object>
		<name>auto</name>
		<pose>Unspecified</pose>
		<truncated>0</truncated>
		<difficult>0</difficult>
		<occluded>0</occluded>
		<bndbox>
			<xmin>0</xmin>
			<xmax>214</xmax>
			<ymin>202</ymin>
			<ymax>410</ymax>
		</bndbox>
	</object>
	<object>
		<name>motorbike</name>
		<pose>Unspecified</pose>
		<truncated>0</truncated>
		<difficult>0</difficult>
		<occluded>0</occluded>
		<bndbox>
			<xmin>181</xmin>
			<xmax>368</xmax>
			<ymin>217</ymin>
			<ymax>415</ymax>
		</bndbox>
	</object>
</annotation>
