<annotation>
	<folder></folder>
	<filename>frame_1696_jpg.rf.52e0f14889e431f8be4acf164ea19464.jpg</filename>
	<path>frame_1696_jpg.rf.52e0f14889e431f8be4acf164ea19464.jpg</path>
	<source>
		<database>roboflow.ai</database>
	</source>
	<size>
		<width>416</width>
		<height>416</height>
		<depth>3</depth>
	</size>
	<segmented>0</segmented>
	<object>
		<name>auto</name>
		<pose>Unspecified</pose>
		<truncated>0</truncated>
		<difficult>0</difficult>
		<occluded>0</occluded>
		<bndbox>
			<xmin>315</xmin>
			<xmax>388</xmax>
			<ymin>206</ymin>
			<ymax>293</ymax>
		</bndbox>
	</object>
	<object>
		<name>auto</name>
		<pose>Unspecified</pose>
		<truncated>0</truncated>
		<difficult>0</difficult>
		<occluded>0</occluded>
		<bndbox>
			<xmin>257</xmin>
			<xmax>323</xmax>
			<ymin>193</ymin>
			<ymax>274</ymax>
		</bndbox>
	</object>
	<object>
		<name>auto</name>
		<pose>Unspecified</pose>
		<truncated>0</truncated>
		<difficult>0</difficult>
		<occluded>0</occluded>
		<bndbox>
			<xmin>194</xmin>
			<xmax>275</xmax>
			<ymin>170</ymin>
			<ymax>269</ymax>
		</bndbox>
	</object>
	<object>
		<name>auto</name>
		<pose>Unspecified</pose>
		<truncated>0</truncated>
		<difficult>0</difficult>
		<occluded>0</occluded>
		<bndbox>
			<xmin>112</xmin>
			<xmax>198</xmax>
			<ymin>145</ymin>
			<ymax>245</ymax>
		</bndbox>
	</object>
</annotation>
