<annotation>
	<folder></folder>
	<filename>frame_1745_jpg.rf.4444169e2d0a9003ca51f7b96d9b2ec7.jpg</filename>
	<path>frame_1745_jpg.rf.4444169e2d0a9003ca51f7b96d9b2ec7.jpg</path>
	<source>
		<database>roboflow.ai</database>
	</source>
	<size>
		<width>416</width>
		<height>416</height>
		<depth>3</depth>
	</size>
	<segmented>0</segmented>
	<object>
		<name>auto</name>
		<pose>Unspecified</pose>
		<truncated>0</truncated>
		<difficult>0</difficult>
		<occluded>0</occluded>
		<bndbox>
			<xmin>107</xmin>
			<xmax>351</xmax>
			<ymin>202</ymin>
			<ymax>397</ymax>
		</bndbox>
	</object>
</annotation>
