<annotation>
	<folder></folder>
	<filename>frame_1676_jpg.rf.61fcba69d5a41cea44ba2d654c37d78e.jpg</filename>
	<path>frame_1676_jpg.rf.61fcba69d5a41cea44ba2d654c37d78e.jpg</path>
	<source>
		<database>roboflow.ai</database>
	</source>
	<size>
		<width>416</width>
		<height>416</height>
		<depth>3</depth>
	</size>
	<segmented>0</segmented>
	<object>
		<name>auto</name>
		<pose>Unspecified</pose>
		<truncated>0</truncated>
		<difficult>0</difficult>
		<occluded>0</occluded>
		<bndbox>
			<xmin>113</xmin>
			<xmax>310</xmax>
			<ymin>46</ymin>
			<ymax>406</ymax>
		</bndbox>
	</object>
	<object>
		<name>motorbike</name>
		<pose>Unspecified</pose>
		<truncated>0</truncated>
		<difficult>0</difficult>
		<occluded>0</occluded>
		<bndbox>
			<xmin>272</xmin>
			<xmax>300</xmax>
			<ymin>160</ymin>
			<ymax>230</ymax>
		</bndbox>
	</object>
	<object>
		<name>riksha</name>
		<pose>Unspecified</pose>
		<truncated>0</truncated>
		<difficult>0</difficult>
		<occluded>0</occluded>
		<bndbox>
			<xmin>289</xmin>
			<xmax>351</xmax>
			<ymin>112</ymin>
			<ymax>270</ymax>
		</bndbox>
	</object>
</annotation>
