<annotation>
	<folder></folder>
	<filename>frame_1681_jpg.rf.e3b3725e3296fe91231a19797b0b8dc4.jpg</filename>
	<path>frame_1681_jpg.rf.e3b3725e3296fe91231a19797b0b8dc4.jpg</path>
	<source>
		<database>roboflow.ai</database>
	</source>
	<size>
		<width>416</width>
		<height>416</height>
		<depth>3</depth>
	</size>
	<segmented>0</segmented>
	<object>
		<name>auto</name>
		<pose>Unspecified</pose>
		<truncated>0</truncated>
		<difficult>0</difficult>
		<occluded>0</occluded>
		<bndbox>
			<xmin>240</xmin>
			<xmax>337</xmax>
			<ymin>169</ymin>
			<ymax>348</ymax>
		</bndbox>
	</object>
	<object>
		<name>auto</name>
		<pose>Unspecified</pose>
		<truncated>0</truncated>
		<difficult>0</difficult>
		<occluded>0</occluded>
		<bndbox>
			<xmin>151</xmin>
			<xmax>213</xmax>
			<ymin>163</ymin>
			<ymax>268</ymax>
		</bndbox>
	</object>
</annotation>
