<annotation>
	<folder></folder>
	<filename>frame_1676_jpg.rf.200cff4d4d35f6a60d41df6a50c2441a.jpg</filename>
	<path>frame_1676_jpg.rf.200cff4d4d35f6a60d41df6a50c2441a.jpg</path>
	<source>
		<database>roboflow.ai</database>
	</source>
	<size>
		<width>416</width>
		<height>416</height>
		<depth>3</depth>
	</size>
	<segmented>0</segmented>
	<object>
		<name>auto</name>
		<pose>Unspecified</pose>
		<truncated>0</truncated>
		<difficult>0</difficult>
		<occluded>0</occluded>
		<bndbox>
			<xmin>123</xmin>
			<xmax>294</xmax>
			<ymin>46</ymin>
			<ymax>406</ymax>
		</bndbox>
	</object>
	<object>
		<name>motorbike</name>
		<pose>Unspecified</pose>
		<truncated>0</truncated>
		<difficult>0</difficult>
		<occluded>0</occluded>
		<bndbox>
			<xmin>279</xmin>
			<xmax>304</xmax>
			<ymin>138</ymin>
			<ymax>208</ymax>
		</bndbox>
	</object>
	<object>
		<name>riksha</name>
		<pose>Unspecified</pose>
		<truncated>0</truncated>
		<difficult>0</difficult>
		<occluded>0</occluded>
		<bndbox>
			<xmin>300</xmin>
			<xmax>354</xmax>
			<ymin>80</ymin>
			<ymax>238</ymax>
		</bndbox>
	</object>
</annotation>
