<annotation>
	<folder></folder>
	<filename>frame_1753_jpg.rf.2746fd74f5a837a946c8748667cacdd5.jpg</filename>
	<path>frame_1753_jpg.rf.2746fd74f5a837a946c8748667cacdd5.jpg</path>
	<source>
		<database>roboflow.ai</database>
	</source>
	<size>
		<width>416</width>
		<height>416</height>
		<depth>3</depth>
	</size>
	<segmented>0</segmented>
	<object>
		<name>auto</name>
		<pose>Unspecified</pose>
		<truncated>0</truncated>
		<difficult>0</difficult>
		<occluded>0</occluded>
		<bndbox>
			<xmin>6</xmin>
			<xmax>376</xmax>
			<ymin>72</ymin>
			<ymax>414</ymax>
		</bndbox>
	</object>
</annotation>
