<annotation>
	<folder></folder>
	<filename>frame_1757_jpg.rf.3a5b86ee40030ffbdcd8f11d7b6bcd12.jpg</filename>
	<path>frame_1757_jpg.rf.3a5b86ee40030ffbdcd8f11d7b6bcd12.jpg</path>
	<source>
		<database>roboflow.ai</database>
	</source>
	<size>
		<width>416</width>
		<height>416</height>
		<depth>3</depth>
	</size>
	<segmented>0</segmented>
	<object>
		<name>auto</name>
		<pose>Unspecified</pose>
		<truncated>0</truncated>
		<difficult>0</difficult>
		<occluded>0</occluded>
		<bndbox>
			<xmin>161</xmin>
			<xmax>396</xmax>
			<ymin>98</ymin>
			<ymax>415</ymax>
		</bndbox>
	</object>
</annotation>
