<annotation>
	<folder></folder>
	<filename>frame_1740_jpg.rf.4e16950e7dec4c8de41e70ec40fdeca6.jpg</filename>
	<path>frame_1740_jpg.rf.4e16950e7dec4c8de41e70ec40fdeca6.jpg</path>
	<source>
		<database>roboflow.ai</database>
	</source>
	<size>
		<width>416</width>
		<height>416</height>
		<depth>3</depth>
	</size>
	<segmented>0</segmented>
	<object>
		<name>auto</name>
		<pose>Unspecified</pose>
		<truncated>0</truncated>
		<difficult>0</difficult>
		<occluded>0</occluded>
		<bndbox>
			<xmin>212</xmin>
			<xmax>385</xmax>
			<ymin>156</ymin>
			<ymax>412</ymax>
		</bndbox>
	</object>
</annotation>
