<annotation>
	<folder></folder>
	<filename>frame_1714_jpg.rf.af5950f26412e2988bb507a8fc3eba39.jpg</filename>
	<path>frame_1714_jpg.rf.af5950f26412e2988bb507a8fc3eba39.jpg</path>
	<source>
		<database>roboflow.ai</database>
	</source>
	<size>
		<width>416</width>
		<height>416</height>
		<depth>3</depth>
	</size>
	<segmented>0</segmented>
	<object>
		<name>auto</name>
		<pose>Unspecified</pose>
		<truncated>0</truncated>
		<difficult>0</difficult>
		<occluded>0</occluded>
		<bndbox>
			<xmin>60</xmin>
			<xmax>405</xmax>
			<ymin>0</ymin>
			<ymax>415</ymax>
		</bndbox>
	</object>
	<object>
		<name>auto</name>
		<pose>Unspecified</pose>
		<truncated>0</truncated>
		<difficult>0</difficult>
		<occluded>0</occluded>
		<bndbox>
			<xmin>1</xmin>
			<xmax>75</xmax>
			<ymin>106</ymin>
			<ymax>316</ymax>
		</bndbox>
	</object>
</annotation>
