<annotation>
	<folder></folder>
	<filename>frame_1753_jpg.rf.b87ced07db420c4068211c1cc21fa6ff.jpg</filename>
	<path>frame_1753_jpg.rf.b87ced07db420c4068211c1cc21fa6ff.jpg</path>
	<source>
		<database>roboflow.ai</database>
	</source>
	<size>
		<width>416</width>
		<height>416</height>
		<depth>3</depth>
	</size>
	<segmented>0</segmented>
	<object>
		<name>auto</name>
		<pose>Unspecified</pose>
		<truncated>0</truncated>
		<difficult>0</difficult>
		<occluded>0</occluded>
		<bndbox>
			<xmin>22</xmin>
			<xmax>346</xmax>
			<ymin>68</ymin>
			<ymax>393</ymax>
		</bndbox>
	</object>
</annotation>
