<annotation>
	<folder></folder>
	<filename>frame_1680_jpg.rf.b78b1896c00b7373938cf4de590b11aa.jpg</filename>
	<path>frame_1680_jpg.rf.b78b1896c00b7373938cf4de590b11aa.jpg</path>
	<source>
		<database>roboflow.ai</database>
	</source>
	<size>
		<width>416</width>
		<height>416</height>
		<depth>3</depth>
	</size>
	<segmented>0</segmented>
	<object>
		<name>van</name>
		<pose>Unspecified</pose>
		<truncated>0</truncated>
		<difficult>0</difficult>
		<occluded>0</occluded>
		<bndbox>
			<xmin>342</xmin>
			<xmax>415</xmax>
			<ymin>92</ymin>
			<ymax>204</ymax>
		</bndbox>
	</object>
	<object>
		<name>van</name>
		<pose>Unspecified</pose>
		<truncated>0</truncated>
		<difficult>0</difficult>
		<occluded>0</occluded>
		<bndbox>
			<xmin>124</xmin>
			<xmax>301</xmax>
			<ymin>265</ymin>
			<ymax>391</ymax>
		</bndbox>
	</object>
	<object>
		<name>auto</name>
		<pose>Unspecified</pose>
		<truncated>0</truncated>
		<difficult>0</difficult>
		<occluded>0</occluded>
		<bndbox>
			<xmin>13</xmin>
			<xmax>103</xmax>
			<ymin>105</ymin>
			<ymax>222</ymax>
		</bndbox>
	</object>
</annotation>
