<annotation>
	<folder></folder>
	<filename>frame_1753_jpg.rf.63d69382a663326799e6a173ae791bea.jpg</filename>
	<path>frame_1753_jpg.rf.63d69382a663326799e6a173ae791bea.jpg</path>
	<source>
		<database>roboflow.ai</database>
	</source>
	<size>
		<width>416</width>
		<height>416</height>
		<depth>3</depth>
	</size>
	<segmented>0</segmented>
	<object>
		<name>auto</name>
		<pose>Unspecified</pose>
		<truncated>0</truncated>
		<difficult>0</difficult>
		<occluded>0</occluded>
		<bndbox>
			<xmin>39</xmin>
			<xmax>345</xmax>
			<ymin>75</ymin>
			<ymax>410</ymax>
		</bndbox>
	</object>
</annotation>
