<annotation>
	<folder></folder>
	<filename>frame_1747_jpg.rf.dc277566d06b4eaefcfb3470486b6a60.jpg</filename>
	<path>frame_1747_jpg.rf.dc277566d06b4eaefcfb3470486b6a60.jpg</path>
	<source>
		<database>roboflow.ai</database>
	</source>
	<size>
		<width>416</width>
		<height>416</height>
		<depth>3</depth>
	</size>
	<segmented>0</segmented>
	<object>
		<name>auto</name>
		<pose>Unspecified</pose>
		<truncated>0</truncated>
		<difficult>0</difficult>
		<occluded>0</occluded>
		<bndbox>
			<xmin>128</xmin>
			<xmax>373</xmax>
			<ymin>99</ymin>
			<ymax>331</ymax>
		</bndbox>
	</object>
</annotation>
