<annotation>
	<folder></folder>
	<filename>frame_1706_jpg.rf.da6add74748dffa9a68b746b8af62329.jpg</filename>
	<path>frame_1706_jpg.rf.da6add74748dffa9a68b746b8af62329.jpg</path>
	<source>
		<database>roboflow.ai</database>
	</source>
	<size>
		<width>416</width>
		<height>416</height>
		<depth>3</depth>
	</size>
	<segmented>0</segmented>
	<object>
		<name>auto</name>
		<pose>Unspecified</pose>
		<truncated>0</truncated>
		<difficult>0</difficult>
		<occluded>0</occluded>
		<bndbox>
			<xmin>111</xmin>
			<xmax>251</xmax>
			<ymin>236</ymin>
			<ymax>398</ymax>
		</bndbox>
	</object>
</annotation>
