<annotation>
	<folder></folder>
	<filename>frame_1732_jpg.rf.2db7dd3d130917bcd384096853ec18bb.jpg</filename>
	<path>frame_1732_jpg.rf.2db7dd3d130917bcd384096853ec18bb.jpg</path>
	<source>
		<database>roboflow.ai</database>
	</source>
	<size>
		<width>416</width>
		<height>416</height>
		<depth>3</depth>
	</size>
	<segmented>0</segmented>
	<object>
		<name>auto</name>
		<pose>Unspecified</pose>
		<truncated>0</truncated>
		<difficult>0</difficult>
		<occluded>0</occluded>
		<bndbox>
			<xmin>125</xmin>
			<xmax>251</xmax>
			<ymin>198</ymin>
			<ymax>385</ymax>
		</bndbox>
	</object>
	<object>
		<name>auto</name>
		<pose>Unspecified</pose>
		<truncated>0</truncated>
		<difficult>0</difficult>
		<occluded>0</occluded>
		<bndbox>
			<xmin>198</xmin>
			<xmax>317</xmax>
			<ymin>182</ymin>
			<ymax>360</ymax>
		</bndbox>
	</object>
</annotation>
