<annotation>
	<folder></folder>
	<filename>frame_1707_jpg.rf.185e1bf86742ebd3e928241806451e19.jpg</filename>
	<path>frame_1707_jpg.rf.185e1bf86742ebd3e928241806451e19.jpg</path>
	<source>
		<database>roboflow.ai</database>
	</source>
	<size>
		<width>416</width>
		<height>416</height>
		<depth>3</depth>
	</size>
	<segmented>0</segmented>
	<object>
		<name>auto</name>
		<pose>Unspecified</pose>
		<truncated>0</truncated>
		<difficult>0</difficult>
		<occluded>0</occluded>
		<bndbox>
			<xmin>30</xmin>
			<xmax>333</xmax>
			<ymin>14</ymin>
			<ymax>413</ymax>
		</bndbox>
	</object>
	<object>
		<name>auto</name>
		<pose>Unspecified</pose>
		<truncated>0</truncated>
		<difficult>0</difficult>
		<occluded>0</occluded>
		<bndbox>
			<xmin>341</xmin>
			<xmax>415</xmax>
			<ymin>131</ymin>
			<ymax>282</ymax>
		</bndbox>
	</object>
</annotation>
