<annotation>
	<folder></folder>
	<filename>frame_1664_jpg.rf.5c6248502cfe30ddd1f52b338867ae49.jpg</filename>
	<path>frame_1664_jpg.rf.5c6248502cfe30ddd1f52b338867ae49.jpg</path>
	<source>
		<database>roboflow.ai</database>
	</source>
	<size>
		<width>416</width>
		<height>416</height>
		<depth>3</depth>
	</size>
	<segmented>0</segmented>
	<object>
		<name>auto</name>
		<pose>Unspecified</pose>
		<truncated>0</truncated>
		<difficult>0</difficult>
		<occluded>0</occluded>
		<bndbox>
			<xmin>41</xmin>
			<xmax>340</xmax>
			<ymin>10</ymin>
			<ymax>415</ymax>
		</bndbox>
	</object>
</annotation>
