<annotation>
	<folder></folder>
	<filename>frame_1750_jpg.rf.e4932d0e923140fa4fcc2e33c222e673.jpg</filename>
	<path>frame_1750_jpg.rf.e4932d0e923140fa4fcc2e33c222e673.jpg</path>
	<source>
		<database>roboflow.ai</database>
	</source>
	<size>
		<width>416</width>
		<height>416</height>
		<depth>3</depth>
	</size>
	<segmented>0</segmented>
	<object>
		<name>auto</name>
		<pose>Unspecified</pose>
		<truncated>0</truncated>
		<difficult>0</difficult>
		<occluded>0</occluded>
		<bndbox>
			<xmin>152</xmin>
			<xmax>236</xmax>
			<ymin>134</ymin>
			<ymax>244</ymax>
		</bndbox>
	</object>
</annotation>
