<annotation>
	<folder></folder>
	<filename>frame_1756_jpg.rf.6020cd9fcd73d1f457d95066a5e3b617.jpg</filename>
	<path>frame_1756_jpg.rf.6020cd9fcd73d1f457d95066a5e3b617.jpg</path>
	<source>
		<database>roboflow.ai</database>
	</source>
	<size>
		<width>416</width>
		<height>416</height>
		<depth>3</depth>
	</size>
	<segmented>0</segmented>
	<object>
		<name>auto</name>
		<pose>Unspecified</pose>
		<truncated>0</truncated>
		<difficult>0</difficult>
		<occluded>0</occluded>
		<bndbox>
			<xmin>154</xmin>
			<xmax>352</xmax>
			<ymin>40</ymin>
			<ymax>404</ymax>
		</bndbox>
	</object>
	<object>
		<name>auto</name>
		<pose>Unspecified</pose>
		<truncated>0</truncated>
		<difficult>0</difficult>
		<occluded>0</occluded>
		<bndbox>
			<xmin>97</xmin>
			<xmax>186</xmax>
			<ymin>90</ymin>
			<ymax>293</ymax>
		</bndbox>
	</object>
</annotation>
