<annotation>
	<folder></folder>
	<filename>frame_1739_jpg.rf.bbdc2a330792bf86fafc0b3129241500.jpg</filename>
	<path>frame_1739_jpg.rf.bbdc2a330792bf86fafc0b3129241500.jpg</path>
	<source>
		<database>roboflow.ai</database>
	</source>
	<size>
		<width>416</width>
		<height>416</height>
		<depth>3</depth>
	</size>
	<segmented>0</segmented>
	<object>
		<name>auto</name>
		<pose>Unspecified</pose>
		<truncated>0</truncated>
		<difficult>0</difficult>
		<occluded>0</occluded>
		<bndbox>
			<xmin>0</xmin>
			<xmax>415</xmax>
			<ymin>31</ymin>
			<ymax>415</ymax>
		</bndbox>
	</object>
	<object>
		<name>car</name>
		<pose>Unspecified</pose>
		<truncated>0</truncated>
		<difficult>0</difficult>
		<occluded>0</occluded>
		<bndbox>
			<xmin>72</xmin>
			<xmax>115</xmax>
			<ymin>3</ymin>
			<ymax>42</ymax>
		</bndbox>
	</object>
</annotation>
