<annotation>
	<folder></folder>
	<filename>frame_1669_jpg.rf.6df268e671a354e404e35c11e1ff1bc7.jpg</filename>
	<path>frame_1669_jpg.rf.6df268e671a354e404e35c11e1ff1bc7.jpg</path>
	<source>
		<database>roboflow.ai</database>
	</source>
	<size>
		<width>416</width>
		<height>416</height>
		<depth>3</depth>
	</size>
	<segmented>0</segmented>
	<object>
		<name>auto</name>
		<pose>Unspecified</pose>
		<truncated>0</truncated>
		<difficult>0</difficult>
		<occluded>0</occluded>
		<bndbox>
			<xmin>65</xmin>
			<xmax>381</xmax>
			<ymin>0</ymin>
			<ymax>415</ymax>
		</bndbox>
	</object>
	<object>
		<name>auto</name>
		<pose>Unspecified</pose>
		<truncated>0</truncated>
		<difficult>0</difficult>
		<occluded>0</occluded>
		<bndbox>
			<xmin>0</xmin>
			<xmax>124</xmax>
			<ymin>0</ymin>
			<ymax>216</ymax>
		</bndbox>
	</object>
</annotation>
