<annotation>
	<folder></folder>
	<filename>frame_1713_jpg.rf.0ad0abd75d41b8b04f8a761fe839a40e.jpg</filename>
	<path>frame_1713_jpg.rf.0ad0abd75d41b8b04f8a761fe839a40e.jpg</path>
	<source>
		<database>roboflow.ai</database>
	</source>
	<size>
		<width>416</width>
		<height>416</height>
		<depth>3</depth>
	</size>
	<segmented>0</segmented>
	<object>
		<name>auto</name>
		<pose>Unspecified</pose>
		<truncated>0</truncated>
		<difficult>0</difficult>
		<occluded>0</occluded>
		<bndbox>
			<xmin>246</xmin>
			<xmax>413</xmax>
			<ymin>174</ymin>
			<ymax>377</ymax>
		</bndbox>
	</object>
</annotation>
