<annotation>
	<folder></folder>
	<filename>frame_1703_jpg.rf.8893d0f1e01b0397919a0ff91a1fb340.jpg</filename>
	<path>frame_1703_jpg.rf.8893d0f1e01b0397919a0ff91a1fb340.jpg</path>
	<source>
		<database>roboflow.ai</database>
	</source>
	<size>
		<width>416</width>
		<height>416</height>
		<depth>3</depth>
	</size>
	<segmented>0</segmented>
	<object>
		<name>auto</name>
		<pose>Unspecified</pose>
		<truncated>0</truncated>
		<difficult>0</difficult>
		<occluded>0</occluded>
		<bndbox>
			<xmin>199</xmin>
			<xmax>415</xmax>
			<ymin>85</ymin>
			<ymax>378</ymax>
		</bndbox>
	</object>
</annotation>
