<annotation>
	<folder></folder>
	<filename>frame_1704_jpg.rf.6be76dd2c2f2d05a6204a076e1887f01.jpg</filename>
	<path>frame_1704_jpg.rf.6be76dd2c2f2d05a6204a076e1887f01.jpg</path>
	<source>
		<database>roboflow.ai</database>
	</source>
	<size>
		<width>416</width>
		<height>416</height>
		<depth>3</depth>
	</size>
	<segmented>0</segmented>
	<object>
		<name>auto</name>
		<pose>Unspecified</pose>
		<truncated>0</truncated>
		<difficult>0</difficult>
		<occluded>0</occluded>
		<bndbox>
			<xmin>31</xmin>
			<xmax>129</xmax>
			<ymin>212</ymin>
			<ymax>325</ymax>
		</bndbox>
	</object>
</annotation>
