<annotation>
	<folder></folder>
	<filename>frame_1707_jpg.rf.9b9a4ac3c75a4cad107c000b3c2fb77f.jpg</filename>
	<path>frame_1707_jpg.rf.9b9a4ac3c75a4cad107c000b3c2fb77f.jpg</path>
	<source>
		<database>roboflow.ai</database>
	</source>
	<size>
		<width>416</width>
		<height>416</height>
		<depth>3</depth>
	</size>
	<segmented>0</segmented>
	<object>
		<name>auto</name>
		<pose>Unspecified</pose>
		<truncated>0</truncated>
		<difficult>0</difficult>
		<occluded>0</occluded>
		<bndbox>
			<xmin>0</xmin>
			<xmax>392</xmax>
			<ymin>0</ymin>
			<ymax>415</ymax>
		</bndbox>
	</object>
	<object>
		<name>auto</name>
		<pose>Unspecified</pose>
		<truncated>0</truncated>
		<difficult>0</difficult>
		<occluded>0</occluded>
		<bndbox>
			<xmin>321</xmin>
			<xmax>415</xmax>
			<ymin>133</ymin>
			<ymax>307</ymax>
		</bndbox>
	</object>
</annotation>
