<annotation>
	<folder></folder>
	<filename>frame_1709_jpg.rf.aa8e103b9a66c7c21943b260999c55e0.jpg</filename>
	<path>frame_1709_jpg.rf.aa8e103b9a66c7c21943b260999c55e0.jpg</path>
	<source>
		<database>roboflow.ai</database>
	</source>
	<size>
		<width>416</width>
		<height>416</height>
		<depth>3</depth>
	</size>
	<segmented>0</segmented>
	<object>
		<name>auto</name>
		<pose>Unspecified</pose>
		<truncated>0</truncated>
		<difficult>0</difficult>
		<occluded>0</occluded>
		<bndbox>
			<xmin>259</xmin>
			<xmax>345</xmax>
			<ymin>40</ymin>
			<ymax>185</ymax>
		</bndbox>
	</object>
	<object>
		<name>car</name>
		<pose>Unspecified</pose>
		<truncated>0</truncated>
		<difficult>0</difficult>
		<occluded>0</occluded>
		<bndbox>
			<xmin>152</xmin>
			<xmax>270</xmax>
			<ymin>61</ymin>
			<ymax>197</ymax>
		</bndbox>
	</object>
</annotation>
