<annotation>
	<folder></folder>
	<filename>frame_1703_jpg.rf.9dede3b78fd05d7b865e56efe7d2ccac.jpg</filename>
	<path>frame_1703_jpg.rf.9dede3b78fd05d7b865e56efe7d2ccac.jpg</path>
	<source>
		<database>roboflow.ai</database>
	</source>
	<size>
		<width>416</width>
		<height>416</height>
		<depth>3</depth>
	</size>
	<segmented>0</segmented>
	<object>
		<name>auto</name>
		<pose>Unspecified</pose>
		<truncated>0</truncated>
		<difficult>0</difficult>
		<occluded>0</occluded>
		<bndbox>
			<xmin>206</xmin>
			<xmax>415</xmax>
			<ymin>78</ymin>
			<ymax>321</ymax>
		</bndbox>
	</object>
</annotation>
