<annotation>
	<folder></folder>
	<filename>frame_1678_jpg.rf.36d77e0113d890c4cb9b2379d87ea707.jpg</filename>
	<path>frame_1678_jpg.rf.36d77e0113d890c4cb9b2379d87ea707.jpg</path>
	<source>
		<database>roboflow.ai</database>
	</source>
	<size>
		<width>416</width>
		<height>416</height>
		<depth>3</depth>
	</size>
	<segmented>0</segmented>
	<object>
		<name>auto</name>
		<pose>Unspecified</pose>
		<truncated>0</truncated>
		<difficult>0</difficult>
		<occluded>0</occluded>
		<bndbox>
			<xmin>14</xmin>
			<xmax>283</xmax>
			<ymin>37</ymin>
			<ymax>415</ymax>
		</bndbox>
	</object>
</annotation>
