<annotation>
	<folder></folder>
	<filename>frame_1697_jpg.rf.9e2657b904e369539719573e11d7472b.jpg</filename>
	<path>frame_1697_jpg.rf.9e2657b904e369539719573e11d7472b.jpg</path>
	<source>
		<database>roboflow.ai</database>
	</source>
	<size>
		<width>416</width>
		<height>416</height>
		<depth>3</depth>
	</size>
	<segmented>0</segmented>
	<object>
		<name>auto</name>
		<pose>Unspecified</pose>
		<truncated>0</truncated>
		<difficult>0</difficult>
		<occluded>0</occluded>
		<bndbox>
			<xmin>7</xmin>
			<xmax>376</xmax>
			<ymin>25</ymin>
			<ymax>415</ymax>
		</bndbox>
	</object>
	<object>
		<name>motorbike</name>
		<pose>Unspecified</pose>
		<truncated>0</truncated>
		<difficult>0</difficult>
		<occluded>0</occluded>
		<bndbox>
			<xmin>307</xmin>
			<xmax>360</xmax>
			<ymin>102</ymin>
			<ymax>229</ymax>
		</bndbox>
	</object>
</annotation>
