<annotation>
	<folder></folder>
	<filename>frame_1736_jpg.rf.20ffd06c5916741c3a05dbdf0a8f1f62.jpg</filename>
	<path>frame_1736_jpg.rf.20ffd06c5916741c3a05dbdf0a8f1f62.jpg</path>
	<source>
		<database>roboflow.ai</database>
	</source>
	<size>
		<width>416</width>
		<height>416</height>
		<depth>3</depth>
	</size>
	<segmented>0</segmented>
	<object>
		<name>auto</name>
		<pose>Unspecified</pose>
		<truncated>0</truncated>
		<difficult>0</difficult>
		<occluded>0</occluded>
		<bndbox>
			<xmin>150</xmin>
			<xmax>294</xmax>
			<ymin>213</ymin>
			<ymax>372</ymax>
		</bndbox>
	</object>
	<object>
		<name>motorbike</name>
		<pose>Unspecified</pose>
		<truncated>0</truncated>
		<difficult>0</difficult>
		<occluded>0</occluded>
		<bndbox>
			<xmin>98</xmin>
			<xmax>163</xmax>
			<ymin>266</ymin>
			<ymax>323</ymax>
		</bndbox>
	</object>
</annotation>
