<annotation>
	<folder></folder>
	<filename>frame_1750_jpg.rf.f673e7703576db4f024fe1007c7c5707.jpg</filename>
	<path>frame_1750_jpg.rf.f673e7703576db4f024fe1007c7c5707.jpg</path>
	<source>
		<database>roboflow.ai</database>
	</source>
	<size>
		<width>416</width>
		<height>416</height>
		<depth>3</depth>
	</size>
	<segmented>0</segmented>
	<object>
		<name>auto</name>
		<pose>Unspecified</pose>
		<truncated>0</truncated>
		<difficult>0</difficult>
		<occluded>0</occluded>
		<bndbox>
			<xmin>161</xmin>
			<xmax>250</xmax>
			<ymin>126</ymin>
			<ymax>245</ymax>
		</bndbox>
	</object>
</annotation>
