<annotation>
	<folder></folder>
	<filename>frame_1753_jpg.rf.33d3170563faa857f5e07455c7823061.jpg</filename>
	<path>frame_1753_jpg.rf.33d3170563faa857f5e07455c7823061.jpg</path>
	<source>
		<database>roboflow.ai</database>
	</source>
	<size>
		<width>416</width>
		<height>416</height>
		<depth>3</depth>
	</size>
	<segmented>0</segmented>
	<object>
		<name>auto</name>
		<pose>Unspecified</pose>
		<truncated>0</truncated>
		<difficult>0</difficult>
		<occluded>0</occluded>
		<bndbox>
			<xmin>34</xmin>
			<xmax>344</xmax>
			<ymin>78</ymin>
			<ymax>409</ymax>
		</bndbox>
	</object>
</annotation>
