<annotation>
	<folder></folder>
	<filename>frame_1746_jpg.rf.a71937cb738417a889a8c31817bd25de.jpg</filename>
	<path>frame_1746_jpg.rf.a71937cb738417a889a8c31817bd25de.jpg</path>
	<source>
		<database>roboflow.ai</database>
	</source>
	<size>
		<width>416</width>
		<height>416</height>
		<depth>3</depth>
	</size>
	<segmented>0</segmented>
	<object>
		<name>riksha</name>
		<pose>Unspecified</pose>
		<truncated>0</truncated>
		<difficult>0</difficult>
		<occluded>0</occluded>
		<bndbox>
			<xmin>0</xmin>
			<xmax>397</xmax>
			<ymin>60</ymin>
			<ymax>382</ymax>
		</bndbox>
	</object>
</annotation>
