<annotation>
	<folder></folder>
	<filename>frame_1671_jpg.rf.b8adb0fcfe48f2a1219e94a2733431e0.jpg</filename>
	<path>frame_1671_jpg.rf.b8adb0fcfe48f2a1219e94a2733431e0.jpg</path>
	<source>
		<database>roboflow.ai</database>
	</source>
	<size>
		<width>416</width>
		<height>416</height>
		<depth>3</depth>
	</size>
	<segmented>0</segmented>
	<object>
		<name>auto</name>
		<pose>Unspecified</pose>
		<truncated>0</truncated>
		<difficult>0</difficult>
		<occluded>0</occluded>
		<bndbox>
			<xmin>22</xmin>
			<xmax>242</xmax>
			<ymin>99</ymin>
			<ymax>398</ymax>
		</bndbox>
	</object>
	<object>
		<name>auto</name>
		<pose>Unspecified</pose>
		<truncated>0</truncated>
		<difficult>0</difficult>
		<occluded>0</occluded>
		<bndbox>
			<xmin>237</xmin>
			<xmax>314</xmax>
			<ymin>163</ymin>
			<ymax>254</ymax>
		</bndbox>
	</object>
</annotation>
