<annotation>
	<folder></folder>
	<filename>frame_1679_jpg.rf.8e5e6628a40006dc41b4c0d8f9927290.jpg</filename>
	<path>frame_1679_jpg.rf.8e5e6628a40006dc41b4c0d8f9927290.jpg</path>
	<source>
		<database>roboflow.ai</database>
	</source>
	<size>
		<width>416</width>
		<height>416</height>
		<depth>3</depth>
	</size>
	<segmented>0</segmented>
	<object>
		<name>auto</name>
		<pose>Unspecified</pose>
		<truncated>0</truncated>
		<difficult>0</difficult>
		<occluded>0</occluded>
		<bndbox>
			<xmin>220</xmin>
			<xmax>415</xmax>
			<ymin>106</ymin>
			<ymax>365</ymax>
		</bndbox>
	</object>
	<object>
		<name>riksha</name>
		<pose>Unspecified</pose>
		<truncated>0</truncated>
		<difficult>0</difficult>
		<occluded>0</occluded>
		<bndbox>
			<xmin>75</xmin>
			<xmax>282</xmax>
			<ymin>226</ymin>
			<ymax>407</ymax>
		</bndbox>
	</object>
	<object>
		<name>car</name>
		<pose>Unspecified</pose>
		<truncated>0</truncated>
		<difficult>0</difficult>
		<occluded>0</occluded>
		<bndbox>
			<xmin>10</xmin>
			<xmax>89</xmax>
			<ymin>210</ymin>
			<ymax>362</ymax>
		</bndbox>
	</object>
</annotation>
