<annotation>
	<folder></folder>
	<filename>frame_1718_jpg.rf.0e6b522fbddd411bc387029e3eb4fe18.jpg</filename>
	<path>frame_1718_jpg.rf.0e6b522fbddd411bc387029e3eb4fe18.jpg</path>
	<source>
		<database>roboflow.ai</database>
	</source>
	<size>
		<width>416</width>
		<height>416</height>
		<depth>3</depth>
	</size>
	<segmented>0</segmented>
	<object>
		<name>auto</name>
		<pose>Unspecified</pose>
		<truncated>0</truncated>
		<difficult>0</difficult>
		<occluded>0</occluded>
		<bndbox>
			<xmin>49</xmin>
			<xmax>353</xmax>
			<ymin>30</ymin>
			<ymax>415</ymax>
		</bndbox>
	</object>
</annotation>
