<annotation>
	<folder></folder>
	<filename>frame_1752_jpg.rf.8a73751e3652b669d5257b4056851602.jpg</filename>
	<path>frame_1752_jpg.rf.8a73751e3652b669d5257b4056851602.jpg</path>
	<source>
		<database>roboflow.ai</database>
	</source>
	<size>
		<width>416</width>
		<height>416</height>
		<depth>3</depth>
	</size>
	<segmented>0</segmented>
	<object>
		<name>auto</name>
		<pose>Unspecified</pose>
		<truncated>0</truncated>
		<difficult>0</difficult>
		<occluded>0</occluded>
		<bndbox>
			<xmin>179</xmin>
			<xmax>415</xmax>
			<ymin>48</ymin>
			<ymax>380</ymax>
		</bndbox>
	</object>
</annotation>
