<annotation>
	<folder></folder>
	<filename>frame_1756_jpg.rf.5a301e52e617306ba7cfe1b94b940d4b.jpg</filename>
	<path>frame_1756_jpg.rf.5a301e52e617306ba7cfe1b94b940d4b.jpg</path>
	<source>
		<database>roboflow.ai</database>
	</source>
	<size>
		<width>416</width>
		<height>416</height>
		<depth>3</depth>
	</size>
	<segmented>0</segmented>
	<object>
		<name>auto</name>
		<pose>Unspecified</pose>
		<truncated>0</truncated>
		<difficult>0</difficult>
		<occluded>0</occluded>
		<bndbox>
			<xmin>161</xmin>
			<xmax>355</xmax>
			<ymin>58</ymin>
			<ymax>415</ymax>
		</bndbox>
	</object>
	<object>
		<name>auto</name>
		<pose>Unspecified</pose>
		<truncated>0</truncated>
		<difficult>0</difficult>
		<occluded>0</occluded>
		<bndbox>
			<xmin>92</xmin>
			<xmax>178</xmax>
			<ymin>60</ymin>
			<ymax>264</ymax>
		</bndbox>
	</object>
</annotation>
