<annotation>
	<folder></folder>
	<filename>frame_1680_jpg.rf.e8b54c5f249f5d18ca38686eec6eb5f8.jpg</filename>
	<path>frame_1680_jpg.rf.e8b54c5f249f5d18ca38686eec6eb5f8.jpg</path>
	<source>
		<database>roboflow.ai</database>
	</source>
	<size>
		<width>416</width>
		<height>416</height>
		<depth>3</depth>
	</size>
	<segmented>0</segmented>
	<object>
		<name>van</name>
		<pose>Unspecified</pose>
		<truncated>0</truncated>
		<difficult>0</difficult>
		<occluded>0</occluded>
		<bndbox>
			<xmin>0</xmin>
			<xmax>89</xmax>
			<ymin>43</ymin>
			<ymax>158</ymax>
		</bndbox>
	</object>
	<object>
		<name>van</name>
		<pose>Unspecified</pose>
		<truncated>0</truncated>
		<difficult>0</difficult>
		<occluded>0</occluded>
		<bndbox>
			<xmin>79</xmin>
			<xmax>287</xmax>
			<ymin>249</ymin>
			<ymax>388</ymax>
		</bndbox>
	</object>
	<object>
		<name>auto</name>
		<pose>Unspecified</pose>
		<truncated>0</truncated>
		<difficult>0</difficult>
		<occluded>0</occluded>
		<bndbox>
			<xmin>314</xmin>
			<xmax>415</xmax>
			<ymin>149</ymin>
			<ymax>273</ymax>
		</bndbox>
	</object>
</annotation>
