<annotation>
	<folder></folder>
	<filename>frame_1733_jpg.rf.9d2134437a0574e3446de3650114917d.jpg</filename>
	<path>frame_1733_jpg.rf.9d2134437a0574e3446de3650114917d.jpg</path>
	<source>
		<database>roboflow.ai</database>
	</source>
	<size>
		<width>416</width>
		<height>416</height>
		<depth>3</depth>
	</size>
	<segmented>0</segmented>
	<object>
		<name>auto</name>
		<pose>Unspecified</pose>
		<truncated>0</truncated>
		<difficult>0</difficult>
		<occluded>0</occluded>
		<bndbox>
			<xmin>0</xmin>
			<xmax>415</xmax>
			<ymin>7</ymin>
			<ymax>405</ymax>
		</bndbox>
	</object>
</annotation>
