<annotation>
	<folder></folder>
	<filename>frame_1715_jpg.rf.3024b82b8633c06bc42f04e618b61e0f.jpg</filename>
	<path>frame_1715_jpg.rf.3024b82b8633c06bc42f04e618b61e0f.jpg</path>
	<source>
		<database>roboflow.ai</database>
	</source>
	<size>
		<width>416</width>
		<height>416</height>
		<depth>3</depth>
	</size>
	<segmented>0</segmented>
	<object>
		<name>auto</name>
		<pose>Unspecified</pose>
		<truncated>0</truncated>
		<difficult>0</difficult>
		<occluded>0</occluded>
		<bndbox>
			<xmin>317</xmin>
			<xmax>394</xmax>
			<ymin>218</ymin>
			<ymax>354</ymax>
		</bndbox>
	</object>
</annotation>
