<annotation>
	<folder></folder>
	<filename>frame_1739_jpg.rf.ea666f09d3b9d4d1cf6677971b88fd03.jpg</filename>
	<path>frame_1739_jpg.rf.ea666f09d3b9d4d1cf6677971b88fd03.jpg</path>
	<source>
		<database>roboflow.ai</database>
	</source>
	<size>
		<width>416</width>
		<height>416</height>
		<depth>3</depth>
	</size>
	<segmented>0</segmented>
	<object>
		<name>auto</name>
		<pose>Unspecified</pose>
		<truncated>0</truncated>
		<difficult>0</difficult>
		<occluded>0</occluded>
		<bndbox>
			<xmin>0</xmin>
			<xmax>415</xmax>
			<ymin>4</ymin>
			<ymax>415</ymax>
		</bndbox>
	</object>
	<object>
		<name>car</name>
		<pose>Unspecified</pose>
		<truncated>0</truncated>
		<difficult>0</difficult>
		<occluded>0</occluded>
		<bndbox>
			<xmin>53</xmin>
			<xmax>96</xmax>
			<ymin>0</ymin>
			<ymax>22</ymax>
		</bndbox>
	</object>
</annotation>
