<annotation>
	<folder></folder>
	<filename>frame_1725_jpg.rf.2d0b4f22a49e70f999e6e06a2a57e55c.jpg</filename>
	<path>frame_1725_jpg.rf.2d0b4f22a49e70f999e6e06a2a57e55c.jpg</path>
	<source>
		<database>roboflow.ai</database>
	</source>
	<size>
		<width>416</width>
		<height>416</height>
		<depth>3</depth>
	</size>
	<segmented>0</segmented>
	<object>
		<name>auto</name>
		<pose>Unspecified</pose>
		<truncated>0</truncated>
		<difficult>0</difficult>
		<occluded>0</occluded>
		<bndbox>
			<xmin>0</xmin>
			<xmax>415</xmax>
			<ymin>0</ymin>
			<ymax>415</ymax>
		</bndbox>
	</object>
	<object>
		<name>auto</name>
		<pose>Unspecified</pose>
		<truncated>0</truncated>
		<difficult>0</difficult>
		<occluded>0</occluded>
		<bndbox>
			<xmin>0</xmin>
			<xmax>53</xmax>
			<ymin>0</ymin>
			<ymax>209</ymax>
		</bndbox>
	</object>
</annotation>
