<annotation>
	<folder></folder>
	<filename>frame_1669_jpg.rf.cce238e03fe20c339c9a775aaf02d1f8.jpg</filename>
	<path>frame_1669_jpg.rf.cce238e03fe20c339c9a775aaf02d1f8.jpg</path>
	<source>
		<database>roboflow.ai</database>
	</source>
	<size>
		<width>416</width>
		<height>416</height>
		<depth>3</depth>
	</size>
	<segmented>0</segmented>
	<object>
		<name>auto</name>
		<pose>Unspecified</pose>
		<truncated>0</truncated>
		<difficult>0</difficult>
		<occluded>0</occluded>
		<bndbox>
			<xmin>37</xmin>
			<xmax>409</xmax>
			<ymin>0</ymin>
			<ymax>415</ymax>
		</bndbox>
	</object>
	<object>
		<name>auto</name>
		<pose>Unspecified</pose>
		<truncated>0</truncated>
		<difficult>0</difficult>
		<occluded>0</occluded>
		<bndbox>
			<xmin>7</xmin>
			<xmax>151</xmax>
			<ymin>8</ymin>
			<ymax>229</ymax>
		</bndbox>
	</object>
</annotation>
