<annotation>
	<folder></folder>
	<filename>frame_1700_jpg.rf.3abab6d853c08a997caa0288090bec70.jpg</filename>
	<path>frame_1700_jpg.rf.3abab6d853c08a997caa0288090bec70.jpg</path>
	<source>
		<database>roboflow.ai</database>
	</source>
	<size>
		<width>416</width>
		<height>416</height>
		<depth>3</depth>
	</size>
	<segmented>0</segmented>
	<object>
		<name>auto</name>
		<pose>Unspecified</pose>
		<truncated>0</truncated>
		<difficult>0</difficult>
		<occluded>0</occluded>
		<bndbox>
			<xmin>195</xmin>
			<xmax>377</xmax>
			<ymin>192</ymin>
			<ymax>415</ymax>
		</bndbox>
	</object>
	<object>
		<name>auto</name>
		<pose>Unspecified</pose>
		<truncated>0</truncated>
		<difficult>0</difficult>
		<occluded>0</occluded>
		<bndbox>
			<xmin>52</xmin>
			<xmax>219</xmax>
			<ymin>139</ymin>
			<ymax>371</ymax>
		</bndbox>
	</object>
</annotation>
