<annotation>
	<folder></folder>
	<filename>frame_1697_jpg.rf.ba0c54ff9d24d0ac97cbd1a9498ff013.jpg</filename>
	<path>frame_1697_jpg.rf.ba0c54ff9d24d0ac97cbd1a9498ff013.jpg</path>
	<source>
		<database>roboflow.ai</database>
	</source>
	<size>
		<width>416</width>
		<height>416</height>
		<depth>3</depth>
	</size>
	<segmented>0</segmented>
	<object>
		<name>auto</name>
		<pose>Unspecified</pose>
		<truncated>0</truncated>
		<difficult>0</difficult>
		<occluded>0</occluded>
		<bndbox>
			<xmin>0</xmin>
			<xmax>380</xmax>
			<ymin>24</ymin>
			<ymax>415</ymax>
		</bndbox>
	</object>
	<object>
		<name>motorbike</name>
		<pose>Unspecified</pose>
		<truncated>0</truncated>
		<difficult>0</difficult>
		<occluded>0</occluded>
		<bndbox>
			<xmin>324</xmin>
			<xmax>385</xmax>
			<ymin>136</ymin>
			<ymax>256</ymax>
		</bndbox>
	</object>
</annotation>
