<annotation>
	<folder></folder>
	<filename>frame_1709_jpg.rf.5daef60ec03d83f2275d748f34cd7e48.jpg</filename>
	<path>frame_1709_jpg.rf.5daef60ec03d83f2275d748f34cd7e48.jpg</path>
	<source>
		<database>roboflow.ai</database>
	</source>
	<size>
		<width>416</width>
		<height>416</height>
		<depth>3</depth>
	</size>
	<segmented>0</segmented>
	<object>
		<name>auto</name>
		<pose>Unspecified</pose>
		<truncated>0</truncated>
		<difficult>0</difficult>
		<occluded>0</occluded>
		<bndbox>
			<xmin>64</xmin>
			<xmax>153</xmax>
			<ymin>43</ymin>
			<ymax>193</ymax>
		</bndbox>
	</object>
	<object>
		<name>car</name>
		<pose>Unspecified</pose>
		<truncated>0</truncated>
		<difficult>0</difficult>
		<occluded>0</occluded>
		<bndbox>
			<xmin>141</xmin>
			<xmax>261</xmax>
			<ymin>58</ymin>
			<ymax>201</ymax>
		</bndbox>
	</object>
</annotation>
