<annotation>
	<folder></folder>
	<filename>frame_2357_jpg.rf.e812b245665742bbbabb52c359a37a23.jpg</filename>
	<path>frame_2357_jpg.rf.e812b245665742bbbabb52c359a37a23.jpg</path>
	<source>
		<database>roboflow.ai</database>
	</source>
	<size>
		<width>416</width>
		<height>416</height>
		<depth>3</depth>
	</size>
	<segmented>0</segmented>
	<object>
		<name>car</name>
		<pose>Unspecified</pose>
		<truncated>0</truncated>
		<difficult>0</difficult>
		<occluded>0</occluded>
		<bndbox>
			<xmin>28</xmin>
			<xmax>371</xmax>
			<ymin>39</ymin>
			<ymax>306</ymax>
		</bndbox>
	</object>
</annotation>
