<annotation>
	<folder></folder>
	<filename>frame_2393_jpg.rf.92ce4c35aeb4ffda2a25b39ffe24e196.jpg</filename>
	<path>frame_2393_jpg.rf.92ce4c35aeb4ffda2a25b39ffe24e196.jpg</path>
	<source>
		<database>roboflow.ai</database>
	</source>
	<size>
		<width>416</width>
		<height>416</height>
		<depth>3</depth>
	</size>
	<segmented>0</segmented>
	<object>
		<name>truck</name>
		<pose>Unspecified</pose>
		<truncated>0</truncated>
		<difficult>0</difficult>
		<occluded>0</occluded>
		<bndbox>
			<xmin>0</xmin>
			<xmax>119</xmax>
			<ymin>49</ymin>
			<ymax>238</ymax>
		</bndbox>
	</object>
	<object>
		<name>truck</name>
		<pose>Unspecified</pose>
		<truncated>0</truncated>
		<difficult>0</difficult>
		<occluded>0</occluded>
		<bndbox>
			<xmin>77</xmin>
			<xmax>406</xmax>
			<ymin>18</ymin>
			<ymax>297</ymax>
		</bndbox>
	</object>
</annotation>
