<annotation>
	<folder></folder>
	<filename>frame_2377_jpg.rf.6866a4c647906f2c255bda998d0527bb.jpg</filename>
	<path>frame_2377_jpg.rf.6866a4c647906f2c255bda998d0527bb.jpg</path>
	<source>
		<database>roboflow.ai</database>
	</source>
	<size>
		<width>416</width>
		<height>416</height>
		<depth>3</depth>
	</size>
	<segmented>0</segmented>
	<object>
		<name>motorbike</name>
		<pose>Unspecified</pose>
		<truncated>0</truncated>
		<difficult>0</difficult>
		<occluded>0</occluded>
		<bndbox>
			<xmin>124</xmin>
			<xmax>156</xmax>
			<ymin>128</ymin>
			<ymax>191</ymax>
		</bndbox>
	</object>
	<object>
		<name>bicycle</name>
		<pose>Unspecified</pose>
		<truncated>0</truncated>
		<difficult>0</difficult>
		<occluded>0</occluded>
		<bndbox>
			<xmin>234</xmin>
			<xmax>269</xmax>
			<ymin>120</ymin>
			<ymax>191</ymax>
		</bndbox>
	</object>
	<object>
		<name>bicycle</name>
		<pose>Unspecified</pose>
		<truncated>0</truncated>
		<difficult>0</difficult>
		<occluded>0</occluded>
		<bndbox>
			<xmin>163</xmin>
			<xmax>195</xmax>
			<ymin>105</ymin>
			<ymax>164</ymax>
		</bndbox>
	</object>
</annotation>
