<annotation>
	<folder></folder>
	<filename>frame_2374_jpg.rf.d2b134cd323df5afad708dd891093f2d.jpg</filename>
	<path>frame_2374_jpg.rf.d2b134cd323df5afad708dd891093f2d.jpg</path>
	<source>
		<database>roboflow.ai</database>
	</source>
	<size>
		<width>416</width>
		<height>416</height>
		<depth>3</depth>
	</size>
	<segmented>0</segmented>
	<object>
		<name>motorbike</name>
		<pose>Unspecified</pose>
		<truncated>0</truncated>
		<difficult>0</difficult>
		<occluded>0</occluded>
		<bndbox>
			<xmin>45</xmin>
			<xmax>99</xmax>
			<ymin>141</ymin>
			<ymax>287</ymax>
		</bndbox>
	</object>
</annotation>
