<annotation>
	<folder></folder>
	<filename>frame_2333_jpg.rf.3fd2f63779464c31af49532dc578996c.jpg</filename>
	<path>frame_2333_jpg.rf.3fd2f63779464c31af49532dc578996c.jpg</path>
	<source>
		<database>roboflow.ai</database>
	</source>
	<size>
		<width>416</width>
		<height>416</height>
		<depth>3</depth>
	</size>
	<segmented>0</segmented>
	<object>
		<name>car</name>
		<pose>Unspecified</pose>
		<truncated>0</truncated>
		<difficult>0</difficult>
		<occluded>0</occluded>
		<bndbox>
			<xmin>51</xmin>
			<xmax>149</xmax>
			<ymin>127</ymin>
			<ymax>236</ymax>
		</bndbox>
	</object>
	<object>
		<name>truck</name>
		<pose>Unspecified</pose>
		<truncated>0</truncated>
		<difficult>0</difficult>
		<occluded>0</occluded>
		<bndbox>
			<xmin>145</xmin>
			<xmax>345</xmax>
			<ymin>11</ymin>
			<ymax>165</ymax>
		</bndbox>
	</object>
	<object>
		<name>auto</name>
		<pose>Unspecified</pose>
		<truncated>0</truncated>
		<difficult>0</difficult>
		<occluded>0</occluded>
		<bndbox>
			<xmin>90</xmin>
			<xmax>236</xmax>
			<ymin>176</ymin>
			<ymax>415</ymax>
		</bndbox>
	</object>
</annotation>
