<annotation>
	<folder></folder>
	<filename>frame_2367_jpg.rf.0a07f73e7f2bc2a1e93bff838a37b9f6.jpg</filename>
	<path>frame_2367_jpg.rf.0a07f73e7f2bc2a1e93bff838a37b9f6.jpg</path>
	<source>
		<database>roboflow.ai</database>
	</source>
	<size>
		<width>416</width>
		<height>416</height>
		<depth>3</depth>
	</size>
	<segmented>0</segmented>
	<object>
		<name>car</name>
		<pose>Unspecified</pose>
		<truncated>0</truncated>
		<difficult>0</difficult>
		<occluded>0</occluded>
		<bndbox>
			<xmin>208</xmin>
			<xmax>269</xmax>
			<ymin>145</ymin>
			<ymax>240</ymax>
		</bndbox>
	</object>
</annotation>
