<annotation>
	<folder></folder>
	<filename>frame_2389_jpg.rf.2c6eba19bf38e51e66d9cf24bf8da1d4.jpg</filename>
	<path>frame_2389_jpg.rf.2c6eba19bf38e51e66d9cf24bf8da1d4.jpg</path>
	<source>
		<database>roboflow.ai</database>
	</source>
	<size>
		<width>416</width>
		<height>416</height>
		<depth>3</depth>
	</size>
	<segmented>0</segmented>
	<object>
		<name>truck</name>
		<pose>Unspecified</pose>
		<truncated>0</truncated>
		<difficult>0</difficult>
		<occluded>0</occluded>
		<bndbox>
			<xmin>2</xmin>
			<xmax>412</xmax>
			<ymin>10</ymin>
			<ymax>326</ymax>
		</bndbox>
	</object>
</annotation>
