<annotation>
	<folder></folder>
	<filename>frame_2296_jpg.rf.745106f832c8e27597abe628e0f47f9f.jpg</filename>
	<path>frame_2296_jpg.rf.745106f832c8e27597abe628e0f47f9f.jpg</path>
	<source>
		<database>roboflow.ai</database>
	</source>
	<size>
		<width>416</width>
		<height>416</height>
		<depth>3</depth>
	</size>
	<segmented>0</segmented>
	<object>
		<name>bus</name>
		<pose>Unspecified</pose>
		<truncated>0</truncated>
		<difficult>0</difficult>
		<occluded>0</occluded>
		<bndbox>
			<xmin>82</xmin>
			<xmax>221</xmax>
			<ymin>125</ymin>
			<ymax>338</ymax>
		</bndbox>
	</object>
	<object>
		<name>truck</name>
		<pose>Unspecified</pose>
		<truncated>0</truncated>
		<difficult>0</difficult>
		<occluded>0</occluded>
		<bndbox>
			<xmin>172</xmin>
			<xmax>415</xmax>
			<ymin>14</ymin>
			<ymax>403</ymax>
		</bndbox>
	</object>
</annotation>
