<annotation>
	<folder></folder>
	<filename>frame_2397_jpg.rf.cb513d3020f22ef17ef2f50fbdfae21f.jpg</filename>
	<path>frame_2397_jpg.rf.cb513d3020f22ef17ef2f50fbdfae21f.jpg</path>
	<source>
		<database>roboflow.ai</database>
	</source>
	<size>
		<width>416</width>
		<height>416</height>
		<depth>3</depth>
	</size>
	<segmented>0</segmented>
	<object>
		<name>bicycle</name>
		<pose>Unspecified</pose>
		<truncated>0</truncated>
		<difficult>0</difficult>
		<occluded>0</occluded>
		<bndbox>
			<xmin>48</xmin>
			<xmax>142</xmax>
			<ymin>129</ymin>
			<ymax>324</ymax>
		</bndbox>
	</object>
	<object>
		<name>motorbike</name>
		<pose>Unspecified</pose>
		<truncated>0</truncated>
		<difficult>0</difficult>
		<occluded>0</occluded>
		<bndbox>
			<xmin>69</xmin>
			<xmax>112</xmax>
			<ymin>113</ymin>
			<ymax>218</ymax>
		</bndbox>
	</object>
	<object>
		<name>car</name>
		<pose>Unspecified</pose>
		<truncated>0</truncated>
		<difficult>0</difficult>
		<occluded>0</occluded>
		<bndbox>
			<xmin>95</xmin>
			<xmax>161</xmax>
			<ymin>97</ymin>
			<ymax>198</ymax>
		</bndbox>
	</object>
</annotation>
