<annotation>
	<folder></folder>
	<filename>frame_2375_jpg.rf.6dd61d652f11429e65587738d6ef49a2.jpg</filename>
	<path>frame_2375_jpg.rf.6dd61d652f11429e65587738d6ef49a2.jpg</path>
	<source>
		<database>roboflow.ai</database>
	</source>
	<size>
		<width>416</width>
		<height>416</height>
		<depth>3</depth>
	</size>
	<segmented>0</segmented>
	<object>
		<name>car</name>
		<pose>Unspecified</pose>
		<truncated>0</truncated>
		<difficult>0</difficult>
		<occluded>0</occluded>
		<bndbox>
			<xmin>146</xmin>
			<xmax>178</xmax>
			<ymin>131</ymin>
			<ymax>179</ymax>
		</bndbox>
	</object>
</annotation>
