<annotation>
	<folder></folder>
	<filename>frame_2361_jpg.rf.5c19cba9c66078c8e5a9730aea663a9d.jpg</filename>
	<path>frame_2361_jpg.rf.5c19cba9c66078c8e5a9730aea663a9d.jpg</path>
	<source>
		<database>roboflow.ai</database>
	</source>
	<size>
		<width>416</width>
		<height>416</height>
		<depth>3</depth>
	</size>
	<segmented>0</segmented>
	<object>
		<name>motorbike</name>
		<pose>Unspecified</pose>
		<truncated>0</truncated>
		<difficult>0</difficult>
		<occluded>0</occluded>
		<bndbox>
			<xmin>95</xmin>
			<xmax>135</xmax>
			<ymin>151</ymin>
			<ymax>222</ymax>
		</bndbox>
	</object>
	<object>
		<name>bicycle</name>
		<pose>Unspecified</pose>
		<truncated>0</truncated>
		<difficult>0</difficult>
		<occluded>0</occluded>
		<bndbox>
			<xmin>175</xmin>
			<xmax>202</xmax>
			<ymin>127</ymin>
			<ymax>188</ymax>
		</bndbox>
	</object>
</annotation>
