<annotation>
	<folder></folder>
	<filename>frame_2296_jpg.rf.3385a0eeb3f8d97f5b2b20bfca3cdbfd.jpg</filename>
	<path>frame_2296_jpg.rf.3385a0eeb3f8d97f5b2b20bfca3cdbfd.jpg</path>
	<source>
		<database>roboflow.ai</database>
	</source>
	<size>
		<width>416</width>
		<height>416</height>
		<depth>3</depth>
	</size>
	<segmented>0</segmented>
	<object>
		<name>bus</name>
		<pose>Unspecified</pose>
		<truncated>0</truncated>
		<difficult>0</difficult>
		<occluded>0</occluded>
		<bndbox>
			<xmin>96</xmin>
			<xmax>210</xmax>
			<ymin>138</ymin>
			<ymax>358</ymax>
		</bndbox>
	</object>
	<object>
		<name>truck</name>
		<pose>Unspecified</pose>
		<truncated>0</truncated>
		<difficult>0</difficult>
		<occluded>0</occluded>
		<bndbox>
			<xmin>196</xmin>
			<xmax>405</xmax>
			<ymin>0</ymin>
			<ymax>379</ymax>
		</bndbox>
	</object>
</annotation>
