<annotation>
	<folder></folder>
	<filename>frame_2320_jpg.rf.018f478901430f221269eefc593cc1c4.jpg</filename>
	<path>frame_2320_jpg.rf.018f478901430f221269eefc593cc1c4.jpg</path>
	<source>
		<database>roboflow.ai</database>
	</source>
	<size>
		<width>416</width>
		<height>416</height>
		<depth>3</depth>
	</size>
	<segmented>0</segmented>
	<object>
		<name>truck</name>
		<pose>Unspecified</pose>
		<truncated>0</truncated>
		<difficult>0</difficult>
		<occluded>0</occluded>
		<bndbox>
			<xmin>148</xmin>
			<xmax>200</xmax>
			<ymin>123</ymin>
			<ymax>246</ymax>
		</bndbox>
	</object>
	<object>
		<name>truck</name>
		<pose>Unspecified</pose>
		<truncated>0</truncated>
		<difficult>0</difficult>
		<occluded>0</occluded>
		<bndbox>
			<xmin>202</xmin>
			<xmax>243</xmax>
			<ymin>159</ymin>
			<ymax>249</ymax>
		</bndbox>
	</object>
</annotation>
