<annotation>
	<folder></folder>
	<filename>frame_2324_jpg.rf.daa0a0c85c8eb3a473af53828541db5c.jpg</filename>
	<path>frame_2324_jpg.rf.daa0a0c85c8eb3a473af53828541db5c.jpg</path>
	<source>
		<database>roboflow.ai</database>
	</source>
	<size>
		<width>416</width>
		<height>416</height>
		<depth>3</depth>
	</size>
	<segmented>0</segmented>
	<object>
		<name>auto</name>
		<pose>Unspecified</pose>
		<truncated>0</truncated>
		<difficult>0</difficult>
		<occluded>0</occluded>
		<bndbox>
			<xmin>260</xmin>
			<xmax>321</xmax>
			<ymin>176</ymin>
			<ymax>285</ymax>
		</bndbox>
	</object>
</annotation>
