<annotation>
	<folder></folder>
	<filename>frame_2363_jpg.rf.ef1d256a6c1378dc8759bc9b31b30783.jpg</filename>
	<path>frame_2363_jpg.rf.ef1d256a6c1378dc8759bc9b31b30783.jpg</path>
	<source>
		<database>roboflow.ai</database>
	</source>
	<size>
		<width>416</width>
		<height>416</height>
		<depth>3</depth>
	</size>
	<segmented>0</segmented>
	<object>
		<name>motorbike</name>
		<pose>Unspecified</pose>
		<truncated>0</truncated>
		<difficult>0</difficult>
		<occluded>0</occluded>
		<bndbox>
			<xmin>287</xmin>
			<xmax>329</xmax>
			<ymin>153</ymin>
			<ymax>233</ymax>
		</bndbox>
	</object>
	<object>
		<name>car</name>
		<pose>Unspecified</pose>
		<truncated>0</truncated>
		<difficult>0</difficult>
		<occluded>0</occluded>
		<bndbox>
			<xmin>202</xmin>
			<xmax>230</xmax>
			<ymin>131</ymin>
			<ymax>174</ymax>
		</bndbox>
	</object>
</annotation>
