<annotation>
	<folder></folder>
	<filename>frame_2364_jpg.rf.a3c4e516fc6e4dfd4ef34f50c14a52dc.jpg</filename>
	<path>frame_2364_jpg.rf.a3c4e516fc6e4dfd4ef34f50c14a52dc.jpg</path>
	<source>
		<database>roboflow.ai</database>
	</source>
	<size>
		<width>416</width>
		<height>416</height>
		<depth>3</depth>
	</size>
	<segmented>0</segmented>
	<object>
		<name>motorbike</name>
		<pose>Unspecified</pose>
		<truncated>0</truncated>
		<difficult>0</difficult>
		<occluded>0</occluded>
		<bndbox>
			<xmin>121</xmin>
			<xmax>164</xmax>
			<ymin>146</ymin>
			<ymax>223</ymax>
		</bndbox>
	</object>
	<object>
		<name>auto</name>
		<pose>Unspecified</pose>
		<truncated>0</truncated>
		<difficult>0</difficult>
		<occluded>0</occluded>
		<bndbox>
			<xmin>199</xmin>
			<xmax>259</xmax>
			<ymin>99</ymin>
			<ymax>195</ymax>
		</bndbox>
	</object>
	<object>
		<name>auto</name>
		<pose>Unspecified</pose>
		<truncated>0</truncated>
		<difficult>0</difficult>
		<occluded>0</occluded>
		<bndbox>
			<xmin>248</xmin>
			<xmax>310</xmax>
			<ymin>88</ymin>
			<ymax>182</ymax>
		</bndbox>
	</object>
</annotation>
