<annotation>
	<folder></folder>
	<filename>frame_2362_jpg.rf.02ae2a7ba9aa7df30ceaacb537eed5e7.jpg</filename>
	<path>frame_2362_jpg.rf.02ae2a7ba9aa7df30ceaacb537eed5e7.jpg</path>
	<source>
		<database>roboflow.ai</database>
	</source>
	<size>
		<width>416</width>
		<height>416</height>
		<depth>3</depth>
	</size>
	<segmented>0</segmented>
	<object>
		<name>motorbike</name>
		<pose>Unspecified</pose>
		<truncated>0</truncated>
		<difficult>0</difficult>
		<occluded>0</occluded>
		<bndbox>
			<xmin>142</xmin>
			<xmax>182</xmax>
			<ymin>146</ymin>
			<ymax>235</ymax>
		</bndbox>
	</object>
	<object>
		<name>motorbike</name>
		<pose>Unspecified</pose>
		<truncated>0</truncated>
		<difficult>0</difficult>
		<occluded>0</occluded>
		<bndbox>
			<xmin>183</xmin>
			<xmax>208</xmax>
			<ymin>135</ymin>
			<ymax>186</ymax>
		</bndbox>
	</object>
</annotation>
