<annotation>
	<folder></folder>
	<filename>frame_2340_jpg.rf.d980efda80ba28a35bee5e05f7b14612.jpg</filename>
	<path>frame_2340_jpg.rf.d980efda80ba28a35bee5e05f7b14612.jpg</path>
	<source>
		<database>roboflow.ai</database>
	</source>
	<size>
		<width>416</width>
		<height>416</height>
		<depth>3</depth>
	</size>
	<segmented>0</segmented>
	<object>
		<name>riksha</name>
		<pose>Unspecified</pose>
		<truncated>0</truncated>
		<difficult>0</difficult>
		<occluded>0</occluded>
		<bndbox>
			<xmin>48</xmin>
			<xmax>199</xmax>
			<ymin>113</ymin>
			<ymax>413</ymax>
		</bndbox>
	</object>
</annotation>
