<annotation>
	<folder></folder>
	<filename>frame_2328_jpg.rf.ed4d19bc354b11249b89d0267066c2ab.jpg</filename>
	<path>frame_2328_jpg.rf.ed4d19bc354b11249b89d0267066c2ab.jpg</path>
	<source>
		<database>roboflow.ai</database>
	</source>
	<size>
		<width>416</width>
		<height>416</height>
		<depth>3</depth>
	</size>
	<segmented>0</segmented>
	<object>
		<name>car</name>
		<pose>Unspecified</pose>
		<truncated>0</truncated>
		<difficult>0</difficult>
		<occluded>0</occluded>
		<bndbox>
			<xmin>160</xmin>
			<xmax>415</xmax>
			<ymin>104</ymin>
			<ymax>415</ymax>
		</bndbox>
	</object>
	<object>
		<name>car</name>
		<pose>Unspecified</pose>
		<truncated>0</truncated>
		<difficult>0</difficult>
		<occluded>0</occluded>
		<bndbox>
			<xmin>0</xmin>
			<xmax>228</xmax>
			<ymin>25</ymin>
			<ymax>386</ymax>
		</bndbox>
	</object>
</annotation>
