<annotation>
	<folder></folder>
	<filename>frame_2384_jpg.rf.51853f4d5ff26b719ec5af897bf7084f.jpg</filename>
	<path>frame_2384_jpg.rf.51853f4d5ff26b719ec5af897bf7084f.jpg</path>
	<source>
		<database>roboflow.ai</database>
	</source>
	<size>
		<width>416</width>
		<height>416</height>
		<depth>3</depth>
	</size>
	<segmented>0</segmented>
	<object>
		<name>car</name>
		<pose>Unspecified</pose>
		<truncated>0</truncated>
		<difficult>0</difficult>
		<occluded>0</occluded>
		<bndbox>
			<xmin>163</xmin>
			<xmax>278</xmax>
			<ymin>96</ymin>
			<ymax>245</ymax>
		</bndbox>
	</object>
	<object>
		<name>car</name>
		<pose>Unspecified</pose>
		<truncated>0</truncated>
		<difficult>0</difficult>
		<occluded>0</occluded>
		<bndbox>
			<xmin>0</xmin>
			<xmax>157</xmax>
			<ymin>59</ymin>
			<ymax>334</ymax>
		</bndbox>
	</object>
</annotation>
