<annotation>
	<folder></folder>
	<filename>frame_2322_jpg.rf.74a7155305225e8a25c54ee736cc43f5.jpg</filename>
	<path>frame_2322_jpg.rf.74a7155305225e8a25c54ee736cc43f5.jpg</path>
	<source>
		<database>roboflow.ai</database>
	</source>
	<size>
		<width>416</width>
		<height>416</height>
		<depth>3</depth>
	</size>
	<segmented>0</segmented>
	<object>
		<name>truck</name>
		<pose>Unspecified</pose>
		<truncated>0</truncated>
		<difficult>0</difficult>
		<occluded>0</occluded>
		<bndbox>
			<xmin>8</xmin>
			<xmax>148</xmax>
			<ymin>93</ymin>
			<ymax>355</ymax>
		</bndbox>
	</object>
</annotation>
