<annotation>
	<folder></folder>
	<filename>frame_2297_jpg.rf.6d833d8777a37e9f2d06793bed16763f.jpg</filename>
	<path>frame_2297_jpg.rf.6d833d8777a37e9f2d06793bed16763f.jpg</path>
	<source>
		<database>roboflow.ai</database>
	</source>
	<size>
		<width>416</width>
		<height>416</height>
		<depth>3</depth>
	</size>
	<segmented>0</segmented>
	<object>
		<name>bus</name>
		<pose>Unspecified</pose>
		<truncated>0</truncated>
		<difficult>0</difficult>
		<occluded>0</occluded>
		<bndbox>
			<xmin>131</xmin>
			<xmax>203</xmax>
			<ymin>161</ymin>
			<ymax>323</ymax>
		</bndbox>
	</object>
</annotation>
