<annotation>
	<folder></folder>
	<filename>frame_2329_jpg.rf.5cf89a2609ff0fc72f4cb68a59077bd6.jpg</filename>
	<path>frame_2329_jpg.rf.5cf89a2609ff0fc72f4cb68a59077bd6.jpg</path>
	<source>
		<database>roboflow.ai</database>
	</source>
	<size>
		<width>416</width>
		<height>416</height>
		<depth>3</depth>
	</size>
	<segmented>0</segmented>
	<object>
		<name>truck</name>
		<pose>Unspecified</pose>
		<truncated>0</truncated>
		<difficult>0</difficult>
		<occluded>0</occluded>
		<bndbox>
			<xmin>121</xmin>
			<xmax>223</xmax>
			<ymin>0</ymin>
			<ymax>222</ymax>
		</bndbox>
	</object>
</annotation>
