<annotation>
	<folder></folder>
	<filename>frame_2359_jpg.rf.c19a5428c506fcd7c9dbc2272e372f86.jpg</filename>
	<path>frame_2359_jpg.rf.c19a5428c506fcd7c9dbc2272e372f86.jpg</path>
	<source>
		<database>roboflow.ai</database>
	</source>
	<size>
		<width>416</width>
		<height>416</height>
		<depth>3</depth>
	</size>
	<segmented>0</segmented>
	<object>
		<name>car</name>
		<pose>Unspecified</pose>
		<truncated>0</truncated>
		<difficult>0</difficult>
		<occluded>0</occluded>
		<bndbox>
			<xmin>315</xmin>
			<xmax>356</xmax>
			<ymin>139</ymin>
			<ymax>183</ymax>
		</bndbox>
	</object>
	<object>
		<name>motorbike</name>
		<pose>Unspecified</pose>
		<truncated>0</truncated>
		<difficult>0</difficult>
		<occluded>0</occluded>
		<bndbox>
			<xmin>317</xmin>
			<xmax>357</xmax>
			<ymin>165</ymin>
			<ymax>272</ymax>
		</bndbox>
	</object>
</annotation>
