<annotation>
	<folder></folder>
	<filename>frame_2330_jpg.rf.3165d0d4f80ad38febe046b27d31a2b0.jpg</filename>
	<path>frame_2330_jpg.rf.3165d0d4f80ad38febe046b27d31a2b0.jpg</path>
	<source>
		<database>roboflow.ai</database>
	</source>
	<size>
		<width>416</width>
		<height>416</height>
		<depth>3</depth>
	</size>
	<segmented>0</segmented>
	<object>
		<name>truck</name>
		<pose>Unspecified</pose>
		<truncated>0</truncated>
		<difficult>0</difficult>
		<occluded>0</occluded>
		<bndbox>
			<xmin>189</xmin>
			<xmax>341</xmax>
			<ymin>0</ymin>
			<ymax>227</ymax>
		</bndbox>
	</object>
</annotation>
