<annotation>
	<folder></folder>
	<filename>frame_2295_jpg.rf.01f3826547dd8c00c37c1e8be0bd4172.jpg</filename>
	<path>frame_2295_jpg.rf.01f3826547dd8c00c37c1e8be0bd4172.jpg</path>
	<source>
		<database>roboflow.ai</database>
	</source>
	<size>
		<width>416</width>
		<height>416</height>
		<depth>3</depth>
	</size>
	<segmented>0</segmented>
	<object>
		<name>truck</name>
		<pose>Unspecified</pose>
		<truncated>0</truncated>
		<difficult>0</difficult>
		<occluded>0</occluded>
		<bndbox>
			<xmin>115</xmin>
			<xmax>221</xmax>
			<ymin>128</ymin>
			<ymax>313</ymax>
		</bndbox>
	</object>
	<object>
		<name>truck</name>
		<pose>Unspecified</pose>
		<truncated>0</truncated>
		<difficult>0</difficult>
		<occluded>0</occluded>
		<bndbox>
			<xmin>181</xmin>
			<xmax>409</xmax>
			<ymin>3</ymin>
			<ymax>376</ymax>
		</bndbox>
	</object>
</annotation>
