<annotation>
	<folder></folder>
	<filename>frame_2375_jpg.rf.ae17573ca25e718d24f241e8cbfb5199.jpg</filename>
	<path>frame_2375_jpg.rf.ae17573ca25e718d24f241e8cbfb5199.jpg</path>
	<source>
		<database>roboflow.ai</database>
	</source>
	<size>
		<width>416</width>
		<height>416</height>
		<depth>3</depth>
	</size>
	<segmented>0</segmented>
	<object>
		<name>car</name>
		<pose>Unspecified</pose>
		<truncated>0</truncated>
		<difficult>0</difficult>
		<occluded>0</occluded>
		<bndbox>
			<xmin>222</xmin>
			<xmax>251</xmax>
			<ymin>123</ymin>
			<ymax>165</ymax>
		</bndbox>
	</object>
</annotation>
