<annotation>
	<folder></folder>
	<filename>frame_2294_jpg.rf.d486f509d1130618612e9fea9dea1926.jpg</filename>
	<path>frame_2294_jpg.rf.d486f509d1130618612e9fea9dea1926.jpg</path>
	<source>
		<database>roboflow.ai</database>
	</source>
	<size>
		<width>416</width>
		<height>416</height>
		<depth>3</depth>
	</size>
	<segmented>0</segmented>
	<object>
		<name>truck</name>
		<pose>Unspecified</pose>
		<truncated>0</truncated>
		<difficult>0</difficult>
		<occluded>0</occluded>
		<bndbox>
			<xmin>70</xmin>
			<xmax>215</xmax>
			<ymin>92</ymin>
			<ymax>346</ymax>
		</bndbox>
	</object>
</annotation>
