<annotation>
	<folder></folder>
	<filename>frame_2384_jpg.rf.1f2a0a1f6508da0786600ed090bd5ad8.jpg</filename>
	<path>frame_2384_jpg.rf.1f2a0a1f6508da0786600ed090bd5ad8.jpg</path>
	<source>
		<database>roboflow.ai</database>
	</source>
	<size>
		<width>416</width>
		<height>416</height>
		<depth>3</depth>
	</size>
	<segmented>0</segmented>
	<object>
		<name>car</name>
		<pose>Unspecified</pose>
		<truncated>0</truncated>
		<difficult>0</difficult>
		<occluded>0</occluded>
		<bndbox>
			<xmin>193</xmin>
			<xmax>289</xmax>
			<ymin>106</ymin>
			<ymax>249</ymax>
		</bndbox>
	</object>
	<object>
		<name>car</name>
		<pose>Unspecified</pose>
		<truncated>0</truncated>
		<difficult>0</difficult>
		<occluded>0</occluded>
		<bndbox>
			<xmin>0</xmin>
			<xmax>151</xmax>
			<ymin>33</ymin>
			<ymax>296</ymax>
		</bndbox>
	</object>
</annotation>
