<annotation>
	<folder></folder>
	<filename>frame_2295_jpg.rf.fdbba958dd4a0950c54e71aa0e683673.jpg</filename>
	<path>frame_2295_jpg.rf.fdbba958dd4a0950c54e71aa0e683673.jpg</path>
	<source>
		<database>roboflow.ai</database>
	</source>
	<size>
		<width>416</width>
		<height>416</height>
		<depth>3</depth>
	</size>
	<segmented>0</segmented>
	<object>
		<name>truck</name>
		<pose>Unspecified</pose>
		<truncated>0</truncated>
		<difficult>0</difficult>
		<occluded>0</occluded>
		<bndbox>
			<xmin>191</xmin>
			<xmax>304</xmax>
			<ymin>114</ymin>
			<ymax>317</ymax>
		</bndbox>
	</object>
	<object>
		<name>truck</name>
		<pose>Unspecified</pose>
		<truncated>0</truncated>
		<difficult>0</difficult>
		<occluded>0</occluded>
		<bndbox>
			<xmin>0</xmin>
			<xmax>246</xmax>
			<ymin>0</ymin>
			<ymax>405</ymax>
		</bndbox>
	</object>
</annotation>
