<annotation>
	<folder></folder>
	<filename>frame_2296_jpg.rf.5aef63e81a64fdcfc2ff874f4e9a9395.jpg</filename>
	<path>frame_2296_jpg.rf.5aef63e81a64fdcfc2ff874f4e9a9395.jpg</path>
	<source>
		<database>roboflow.ai</database>
	</source>
	<size>
		<width>416</width>
		<height>416</height>
		<depth>3</depth>
	</size>
	<segmented>0</segmented>
	<object>
		<name>bus</name>
		<pose>Unspecified</pose>
		<truncated>0</truncated>
		<difficult>0</difficult>
		<occluded>0</occluded>
		<bndbox>
			<xmin>108</xmin>
			<xmax>221</xmax>
			<ymin>133</ymin>
			<ymax>352</ymax>
		</bndbox>
	</object>
	<object>
		<name>truck</name>
		<pose>Unspecified</pose>
		<truncated>0</truncated>
		<difficult>0</difficult>
		<occluded>0</occluded>
		<bndbox>
			<xmin>189</xmin>
			<xmax>397</xmax>
			<ymin>0</ymin>
			<ymax>390</ymax>
		</bndbox>
	</object>
</annotation>
