<annotation>
	<folder></folder>
	<filename>frame_2359_jpg.rf.d028e5b2d717cc3655868ddbc7b0d7f5.jpg</filename>
	<path>frame_2359_jpg.rf.d028e5b2d717cc3655868ddbc7b0d7f5.jpg</path>
	<source>
		<database>roboflow.ai</database>
	</source>
	<size>
		<width>416</width>
		<height>416</height>
		<depth>3</depth>
	</size>
	<segmented>0</segmented>
	<object>
		<name>car</name>
		<pose>Unspecified</pose>
		<truncated>0</truncated>
		<difficult>0</difficult>
		<occluded>0</occluded>
		<bndbox>
			<xmin>304</xmin>
			<xmax>350</xmax>
			<ymin>93</ymin>
			<ymax>142</ymax>
		</bndbox>
	</object>
	<object>
		<name>motorbike</name>
		<pose>Unspecified</pose>
		<truncated>0</truncated>
		<difficult>0</difficult>
		<occluded>0</occluded>
		<bndbox>
			<xmin>309</xmin>
			<xmax>363</xmax>
			<ymin>119</ymin>
			<ymax>227</ymax>
		</bndbox>
	</object>
</annotation>
