<annotation>
	<folder></folder>
	<filename>frame_2341_jpg.rf.1cdb59ac622604df6818b9fc65b737e2.jpg</filename>
	<path>frame_2341_jpg.rf.1cdb59ac622604df6818b9fc65b737e2.jpg</path>
	<source>
		<database>roboflow.ai</database>
	</source>
	<size>
		<width>416</width>
		<height>416</height>
		<depth>3</depth>
	</size>
	<segmented>0</segmented>
	<object>
		<name>motorbike</name>
		<pose>Unspecified</pose>
		<truncated>0</truncated>
		<difficult>0</difficult>
		<occluded>0</occluded>
		<bndbox>
			<xmin>136</xmin>
			<xmax>325</xmax>
			<ymin>119</ymin>
			<ymax>398</ymax>
		</bndbox>
	</object>
</annotation>
