<annotation>
	<folder></folder>
	<filename>frame_2324_jpg.rf.7743a8ec95302c6834412e4356ccf87a.jpg</filename>
	<path>frame_2324_jpg.rf.7743a8ec95302c6834412e4356ccf87a.jpg</path>
	<source>
		<database>roboflow.ai</database>
	</source>
	<size>
		<width>416</width>
		<height>416</height>
		<depth>3</depth>
	</size>
	<segmented>0</segmented>
	<object>
		<name>auto</name>
		<pose>Unspecified</pose>
		<truncated>0</truncated>
		<difficult>0</difficult>
		<occluded>0</occluded>
		<bndbox>
			<xmin>82</xmin>
			<xmax>165</xmax>
			<ymin>184</ymin>
			<ymax>301</ymax>
		</bndbox>
	</object>
</annotation>
