<annotation>
	<folder></folder>
	<filename>frame_2392_jpg.rf.cfc29c79c7aad272571810b28dd50b9a.jpg</filename>
	<path>frame_2392_jpg.rf.cfc29c79c7aad272571810b28dd50b9a.jpg</path>
	<source>
		<database>roboflow.ai</database>
	</source>
	<size>
		<width>416</width>
		<height>416</height>
		<depth>3</depth>
	</size>
	<segmented>0</segmented>
	<object>
		<name>truck</name>
		<pose>Unspecified</pose>
		<truncated>0</truncated>
		<difficult>0</difficult>
		<occluded>0</occluded>
		<bndbox>
			<xmin>74</xmin>
			<xmax>247</xmax>
			<ymin>27</ymin>
			<ymax>246</ymax>
		</bndbox>
	</object>
	<object>
		<name>truck</name>
		<pose>Unspecified</pose>
		<truncated>0</truncated>
		<difficult>0</difficult>
		<occluded>0</occluded>
		<bndbox>
			<xmin>230</xmin>
			<xmax>413</xmax>
			<ymin>32</ymin>
			<ymax>286</ymax>
		</bndbox>
	</object>
</annotation>
