<annotation>
	<folder></folder>
	<filename>frame_2325_jpg.rf.c4f88db8e6c536302ec83e3827adc112.jpg</filename>
	<path>frame_2325_jpg.rf.c4f88db8e6c536302ec83e3827adc112.jpg</path>
	<source>
		<database>roboflow.ai</database>
	</source>
	<size>
		<width>416</width>
		<height>416</height>
		<depth>3</depth>
	</size>
	<segmented>0</segmented>
	<object>
		<name>truck</name>
		<pose>Unspecified</pose>
		<truncated>0</truncated>
		<difficult>0</difficult>
		<occluded>0</occluded>
		<bndbox>
			<xmin>134</xmin>
			<xmax>188</xmax>
			<ymin>236</ymin>
			<ymax>311</ymax>
		</bndbox>
	</object>
</annotation>
