<annotation>
	<folder></folder>
	<filename>frame_2345_jpg.rf.6983a67142b8a0d322c665ac18f3a2c9.jpg</filename>
	<path>frame_2345_jpg.rf.6983a67142b8a0d322c665ac18f3a2c9.jpg</path>
	<source>
		<database>roboflow.ai</database>
	</source>
	<size>
		<width>416</width>
		<height>416</height>
		<depth>3</depth>
	</size>
	<segmented>0</segmented>
	<object>
		<name>motorbike</name>
		<pose>Unspecified</pose>
		<truncated>0</truncated>
		<difficult>0</difficult>
		<occluded>0</occluded>
		<bndbox>
			<xmin>263</xmin>
			<xmax>358</xmax>
			<ymin>128</ymin>
			<ymax>295</ymax>
		</bndbox>
	</object>
	<object>
		<name>motorbike</name>
		<pose>Unspecified</pose>
		<truncated>0</truncated>
		<difficult>0</difficult>
		<occluded>0</occluded>
		<bndbox>
			<xmin>123</xmin>
			<xmax>207</xmax>
			<ymin>131</ymin>
			<ymax>248</ymax>
		</bndbox>
	</object>
	<object>
		<name>riksha</name>
		<pose>Unspecified</pose>
		<truncated>0</truncated>
		<difficult>0</difficult>
		<occluded>0</occluded>
		<bndbox>
			<xmin>7</xmin>
			<xmax>114</xmax>
			<ymin>97</ymin>
			<ymax>291</ymax>
		</bndbox>
	</object>
</annotation>
