<annotation>
	<folder></folder>
	<filename>frame_2294_jpg.rf.e66f57e332beca17c0cfc2f29dfd4afa.jpg</filename>
	<path>frame_2294_jpg.rf.e66f57e332beca17c0cfc2f29dfd4afa.jpg</path>
	<source>
		<database>roboflow.ai</database>
	</source>
	<size>
		<width>416</width>
		<height>416</height>
		<depth>3</depth>
	</size>
	<segmented>0</segmented>
	<object>
		<name>truck</name>
		<pose>Unspecified</pose>
		<truncated>0</truncated>
		<difficult>0</difficult>
		<occluded>0</occluded>
		<bndbox>
			<xmin>71</xmin>
			<xmax>239</xmax>
			<ymin>79</ymin>
			<ymax>381</ymax>
		</bndbox>
	</object>
</annotation>
