<annotation>
	<folder></folder>
	<filename>frame_2390_jpg.rf.202140eff6182ca0ba36836e58303b06.jpg</filename>
	<path>frame_2390_jpg.rf.202140eff6182ca0ba36836e58303b06.jpg</path>
	<source>
		<database>roboflow.ai</database>
	</source>
	<size>
		<width>416</width>
		<height>416</height>
		<depth>3</depth>
	</size>
	<segmented>0</segmented>
	<object>
		<name>truck</name>
		<pose>Unspecified</pose>
		<truncated>0</truncated>
		<difficult>0</difficult>
		<occluded>0</occluded>
		<bndbox>
			<xmin>194</xmin>
			<xmax>363</xmax>
			<ymin>51</ymin>
			<ymax>230</ymax>
		</bndbox>
	</object>
	<object>
		<name>truck</name>
		<pose>Unspecified</pose>
		<truncated>0</truncated>
		<difficult>0</difficult>
		<occluded>0</occluded>
		<bndbox>
			<xmin>0</xmin>
			<xmax>249</xmax>
			<ymin>0</ymin>
			<ymax>346</ymax>
		</bndbox>
	</object>
	<object>
		<name>truck</name>
		<pose>Unspecified</pose>
		<truncated>0</truncated>
		<difficult>0</difficult>
		<occluded>0</occluded>
		<bndbox>
			<xmin>339</xmin>
			<xmax>400</xmax>
			<ymin>114</ymin>
			<ymax>206</ymax>
		</bndbox>
	</object>
</annotation>
