<annotation>
	<folder></folder>
	<filename>frame_2321_jpg.rf.1ff21839c313cbee8d665d4e1d2a2469.jpg</filename>
	<path>frame_2321_jpg.rf.1ff21839c313cbee8d665d4e1d2a2469.jpg</path>
	<source>
		<database>roboflow.ai</database>
	</source>
	<size>
		<width>416</width>
		<height>416</height>
		<depth>3</depth>
	</size>
	<segmented>0</segmented>
	<object>
		<name>truck</name>
		<pose>Unspecified</pose>
		<truncated>0</truncated>
		<difficult>0</difficult>
		<occluded>0</occluded>
		<bndbox>
			<xmin>202</xmin>
			<xmax>260</xmax>
			<ymin>156</ymin>
			<ymax>251</ymax>
		</bndbox>
	</object>
</annotation>
