<annotation>
	<folder></folder>
	<filename>frame_2390_jpg.rf.036892f6d45c3425a3839c08a8fe4685.jpg</filename>
	<path>frame_2390_jpg.rf.036892f6d45c3425a3839c08a8fe4685.jpg</path>
	<source>
		<database>roboflow.ai</database>
	</source>
	<size>
		<width>416</width>
		<height>416</height>
		<depth>3</depth>
	</size>
	<segmented>0</segmented>
	<object>
		<name>truck</name>
		<pose>Unspecified</pose>
		<truncated>0</truncated>
		<difficult>0</difficult>
		<occluded>0</occluded>
		<bndbox>
			<xmin>224</xmin>
			<xmax>396</xmax>
			<ymin>94</ymin>
			<ymax>281</ymax>
		</bndbox>
	</object>
	<object>
		<name>truck</name>
		<pose>Unspecified</pose>
		<truncated>0</truncated>
		<difficult>0</difficult>
		<occluded>0</occluded>
		<bndbox>
			<xmin>0</xmin>
			<xmax>270</xmax>
			<ymin>0</ymin>
			<ymax>313</ymax>
		</bndbox>
	</object>
	<object>
		<name>truck</name>
		<pose>Unspecified</pose>
		<truncated>0</truncated>
		<difficult>0</difficult>
		<occluded>0</occluded>
		<bndbox>
			<xmin>364</xmin>
			<xmax>415</xmax>
			<ymin>195</ymin>
			<ymax>293</ymax>
		</bndbox>
	</object>
</annotation>
