<annotation>
	<folder></folder>
	<filename>frame_2360_jpg.rf.b885437c1f4c953340e093233c1a1983.jpg</filename>
	<path>frame_2360_jpg.rf.b885437c1f4c953340e093233c1a1983.jpg</path>
	<source>
		<database>roboflow.ai</database>
	</source>
	<size>
		<width>416</width>
		<height>416</height>
		<depth>3</depth>
	</size>
	<segmented>0</segmented>
	<object>
		<name>motorbike</name>
		<pose>Unspecified</pose>
		<truncated>0</truncated>
		<difficult>0</difficult>
		<occluded>0</occluded>
		<bndbox>
			<xmin>287</xmin>
			<xmax>321</xmax>
			<ymin>89</ymin>
			<ymax>153</ymax>
		</bndbox>
	</object>
	<object>
		<name>motorbike</name>
		<pose>Unspecified</pose>
		<truncated>0</truncated>
		<difficult>0</difficult>
		<occluded>0</occluded>
		<bndbox>
			<xmin>215</xmin>
			<xmax>243</xmax>
			<ymin>115</ymin>
			<ymax>174</ymax>
		</bndbox>
	</object>
	<object>
		<name>motorbike</name>
		<pose>Unspecified</pose>
		<truncated>0</truncated>
		<difficult>0</difficult>
		<occluded>0</occluded>
		<bndbox>
			<xmin>268</xmin>
			<xmax>296</xmax>
			<ymin>88</ymin>
			<ymax>147</ymax>
		</bndbox>
	</object>
</annotation>
