<annotation>
	<folder></folder>
	<filename>frame_2356_jpg.rf.ecf752ffaf9d4a240f16aa8f84f92c15.jpg</filename>
	<path>frame_2356_jpg.rf.ecf752ffaf9d4a240f16aa8f84f92c15.jpg</path>
	<source>
		<database>roboflow.ai</database>
	</source>
	<size>
		<width>416</width>
		<height>416</height>
		<depth>3</depth>
	</size>
	<segmented>0</segmented>
	<object>
		<name>car</name>
		<pose>Unspecified</pose>
		<truncated>0</truncated>
		<difficult>0</difficult>
		<occluded>0</occluded>
		<bndbox>
			<xmin>208</xmin>
			<xmax>281</xmax>
			<ymin>92</ymin>
			<ymax>195</ymax>
		</bndbox>
	</object>
</annotation>
