<annotation>
	<folder></folder>
	<filename>frame_2334_jpg.rf.aaf0507758ecaa2cdc6e2cc569584cf1.jpg</filename>
	<path>frame_2334_jpg.rf.aaf0507758ecaa2cdc6e2cc569584cf1.jpg</path>
	<source>
		<database>roboflow.ai</database>
	</source>
	<size>
		<width>416</width>
		<height>416</height>
		<depth>3</depth>
	</size>
	<segmented>0</segmented>
	<object>
		<name>car</name>
		<pose>Unspecified</pose>
		<truncated>0</truncated>
		<difficult>0</difficult>
		<occluded>0</occluded>
		<bndbox>
			<xmin>56</xmin>
			<xmax>146</xmax>
			<ymin>132</ymin>
			<ymax>215</ymax>
		</bndbox>
	</object>
	<object>
		<name>truck</name>
		<pose>Unspecified</pose>
		<truncated>0</truncated>
		<difficult>0</difficult>
		<occluded>0</occluded>
		<bndbox>
			<xmin>73</xmin>
			<xmax>289</xmax>
			<ymin>25</ymin>
			<ymax>197</ymax>
		</bndbox>
	</object>
	<object>
		<name>van</name>
		<pose>Unspecified</pose>
		<truncated>0</truncated>
		<difficult>0</difficult>
		<occluded>0</occluded>
		<bndbox>
			<xmin>156</xmin>
			<xmax>415</xmax>
			<ymin>100</ymin>
			<ymax>346</ymax>
		</bndbox>
	</object>
</annotation>
