<annotation>
	<folder></folder>
	<filename>frame_2336_jpg.rf.349c70787f46b20bc7b7fa8a6604c999.jpg</filename>
	<path>frame_2336_jpg.rf.349c70787f46b20bc7b7fa8a6604c999.jpg</path>
	<source>
		<database>roboflow.ai</database>
	</source>
	<size>
		<width>416</width>
		<height>416</height>
		<depth>3</depth>
	</size>
	<segmented>0</segmented>
	<object>
		<name>motorbike</name>
		<pose>Unspecified</pose>
		<truncated>0</truncated>
		<difficult>0</difficult>
		<occluded>0</occluded>
		<bndbox>
			<xmin>38</xmin>
			<xmax>119</xmax>
			<ymin>230</ymin>
			<ymax>415</ymax>
		</bndbox>
	</object>
	<object>
		<name>motorbike</name>
		<pose>Unspecified</pose>
		<truncated>0</truncated>
		<difficult>0</difficult>
		<occluded>0</occluded>
		<bndbox>
			<xmin>99</xmin>
			<xmax>164</xmax>
			<ymin>201</ymin>
			<ymax>408</ymax>
		</bndbox>
	</object>
</annotation>
