<annotation>
	<folder></folder>
	<filename>frame_2344_jpg.rf.284f435fd3c2e1b76c64b0c11dcb8216.jpg</filename>
	<path>frame_2344_jpg.rf.284f435fd3c2e1b76c64b0c11dcb8216.jpg</path>
	<source>
		<database>roboflow.ai</database>
	</source>
	<size>
		<width>416</width>
		<height>416</height>
		<depth>3</depth>
	</size>
	<segmented>0</segmented>
	<object>
		<name>motorbike</name>
		<pose>Unspecified</pose>
		<truncated>0</truncated>
		<difficult>0</difficult>
		<occluded>0</occluded>
		<bndbox>
			<xmin>211</xmin>
			<xmax>260</xmax>
			<ymin>113</ymin>
			<ymax>265</ymax>
		</bndbox>
	</object>
</annotation>
