<annotation>
	<folder></folder>
	<filename>frame_2329_jpg.rf.0ca926ae9d82244de306c35ae2e115de.jpg</filename>
	<path>frame_2329_jpg.rf.0ca926ae9d82244de306c35ae2e115de.jpg</path>
	<source>
		<database>roboflow.ai</database>
	</source>
	<size>
		<width>416</width>
		<height>416</height>
		<depth>3</depth>
	</size>
	<segmented>0</segmented>
	<object>
		<name>truck</name>
		<pose>Unspecified</pose>
		<truncated>0</truncated>
		<difficult>0</difficult>
		<occluded>0</occluded>
		<bndbox>
			<xmin>164</xmin>
			<xmax>297</xmax>
			<ymin>0</ymin>
			<ymax>227</ymax>
		</bndbox>
	</object>
</annotation>
