<annotation>
	<folder></folder>
	<filename>frame_2392_jpg.rf.655951d75065de47084e923ec0f36b02.jpg</filename>
	<path>frame_2392_jpg.rf.655951d75065de47084e923ec0f36b02.jpg</path>
	<source>
		<database>roboflow.ai</database>
	</source>
	<size>
		<width>416</width>
		<height>416</height>
		<depth>3</depth>
	</size>
	<segmented>0</segmented>
	<object>
		<name>truck</name>
		<pose>Unspecified</pose>
		<truncated>0</truncated>
		<difficult>0</difficult>
		<occluded>0</occluded>
		<bndbox>
			<xmin>152</xmin>
			<xmax>372</xmax>
			<ymin>48</ymin>
			<ymax>279</ymax>
		</bndbox>
	</object>
	<object>
		<name>truck</name>
		<pose>Unspecified</pose>
		<truncated>0</truncated>
		<difficult>0</difficult>
		<occluded>0</occluded>
		<bndbox>
			<xmin>0</xmin>
			<xmax>223</xmax>
			<ymin>0</ymin>
			<ymax>232</ymax>
		</bndbox>
	</object>
</annotation>
