<annotation>
	<folder></folder>
	<filename>frame_2310_jpg.rf.1284416f39a03c06efb13d3aaca4df99.jpg</filename>
	<path>frame_2310_jpg.rf.1284416f39a03c06efb13d3aaca4df99.jpg</path>
	<source>
		<database>roboflow.ai</database>
	</source>
	<size>
		<width>416</width>
		<height>416</height>
		<depth>3</depth>
	</size>
	<segmented>0</segmented>
	<object>
		<name>motorbike</name>
		<pose>Unspecified</pose>
		<truncated>0</truncated>
		<difficult>0</difficult>
		<occluded>0</occluded>
		<bndbox>
			<xmin>248</xmin>
			<xmax>289</xmax>
			<ymin>213</ymin>
			<ymax>304</ymax>
		</bndbox>
	</object>
</annotation>
