<annotation>
	<folder></folder>
	<filename>frame_2358_jpg.rf.328d2048f1d077c6c253f9cc7cc7956c.jpg</filename>
	<path>frame_2358_jpg.rf.328d2048f1d077c6c253f9cc7cc7956c.jpg</path>
	<source>
		<database>roboflow.ai</database>
	</source>
	<size>
		<width>416</width>
		<height>416</height>
		<depth>3</depth>
	</size>
	<segmented>0</segmented>
	<object>
		<name>car</name>
		<pose>Unspecified</pose>
		<truncated>0</truncated>
		<difficult>0</difficult>
		<occluded>0</occluded>
		<bndbox>
			<xmin>159</xmin>
			<xmax>236</xmax>
			<ymin>118</ymin>
			<ymax>268</ymax>
		</bndbox>
	</object>
</annotation>
