<annotation>
	<folder></folder>
	<filename>frame_2363_jpg.rf.25c1677af422900739345f4e37ce3bf1.jpg</filename>
	<path>frame_2363_jpg.rf.25c1677af422900739345f4e37ce3bf1.jpg</path>
	<source>
		<database>roboflow.ai</database>
	</source>
	<size>
		<width>416</width>
		<height>416</height>
		<depth>3</depth>
	</size>
	<segmented>0</segmented>
	<object>
		<name>motorbike</name>
		<pose>Unspecified</pose>
		<truncated>0</truncated>
		<difficult>0</difficult>
		<occluded>0</occluded>
		<bndbox>
			<xmin>83</xmin>
			<xmax>110</xmax>
			<ymin>175</ymin>
			<ymax>241</ymax>
		</bndbox>
	</object>
	<object>
		<name>car</name>
		<pose>Unspecified</pose>
		<truncated>0</truncated>
		<difficult>0</difficult>
		<occluded>0</occluded>
		<bndbox>
			<xmin>159</xmin>
			<xmax>180</xmax>
			<ymin>141</ymin>
			<ymax>175</ymax>
		</bndbox>
	</object>
</annotation>
