<annotation>
	<folder></folder>
	<filename>frame_2371_jpg.rf.80d6924716c33afcc98a330e32a01d2b.jpg</filename>
	<path>frame_2371_jpg.rf.80d6924716c33afcc98a330e32a01d2b.jpg</path>
	<source>
		<database>roboflow.ai</database>
	</source>
	<size>
		<width>416</width>
		<height>416</height>
		<depth>3</depth>
	</size>
	<segmented>0</segmented>
	<object>
		<name>motorbike</name>
		<pose>Unspecified</pose>
		<truncated>0</truncated>
		<difficult>0</difficult>
		<occluded>0</occluded>
		<bndbox>
			<xmin>161</xmin>
			<xmax>197</xmax>
			<ymin>107</ymin>
			<ymax>178</ymax>
		</bndbox>
	</object>
	<object>
		<name>motorbike</name>
		<pose>Unspecified</pose>
		<truncated>0</truncated>
		<difficult>0</difficult>
		<occluded>0</occluded>
		<bndbox>
			<xmin>202</xmin>
			<xmax>254</xmax>
			<ymin>134</ymin>
			<ymax>234</ymax>
		</bndbox>
	</object>
</annotation>
