<annotation>
	<folder></folder>
	<filename>frame_2366_jpg.rf.bf1a529ddcc6235442133c07179c3150.jpg</filename>
	<path>frame_2366_jpg.rf.bf1a529ddcc6235442133c07179c3150.jpg</path>
	<source>
		<database>roboflow.ai</database>
	</source>
	<size>
		<width>416</width>
		<height>416</height>
		<depth>3</depth>
	</size>
	<segmented>0</segmented>
	<object>
		<name>motorbike</name>
		<pose>Unspecified</pose>
		<truncated>0</truncated>
		<difficult>0</difficult>
		<occluded>0</occluded>
		<bndbox>
			<xmin>233</xmin>
			<xmax>279</xmax>
			<ymin>131</ymin>
			<ymax>198</ymax>
		</bndbox>
	</object>
</annotation>
