<annotation>
	<folder></folder>
	<filename>frame_2358_jpg.rf.80c09d614cc4a3959af910db1f3b1462.jpg</filename>
	<path>frame_2358_jpg.rf.80c09d614cc4a3959af910db1f3b1462.jpg</path>
	<source>
		<database>roboflow.ai</database>
	</source>
	<size>
		<width>416</width>
		<height>416</height>
		<depth>3</depth>
	</size>
	<segmented>0</segmented>
	<object>
		<name>car</name>
		<pose>Unspecified</pose>
		<truncated>0</truncated>
		<difficult>0</difficult>
		<occluded>0</occluded>
		<bndbox>
			<xmin>158</xmin>
			<xmax>246</xmax>
			<ymin>101</ymin>
			<ymax>282</ymax>
		</bndbox>
	</object>
</annotation>
