<annotation>
	<folder></folder>
	<filename>frame_2294_jpg.rf.7099a9f50e22716a9749dcdd954aef1a.jpg</filename>
	<path>frame_2294_jpg.rf.7099a9f50e22716a9749dcdd954aef1a.jpg</path>
	<source>
		<database>roboflow.ai</database>
	</source>
	<size>
		<width>416</width>
		<height>416</height>
		<depth>3</depth>
	</size>
	<segmented>0</segmented>
	<object>
		<name>truck</name>
		<pose>Unspecified</pose>
		<truncated>0</truncated>
		<difficult>0</difficult>
		<occluded>0</occluded>
		<bndbox>
			<xmin>205</xmin>
			<xmax>344</xmax>
			<ymin>96</ymin>
			<ymax>344</ymax>
		</bndbox>
	</object>
</annotation>
