<annotation>
	<folder></folder>
	<filename>frame_2297_jpg.rf.0bf8f9520ec348a904f436694ce8b32e.jpg</filename>
	<path>frame_2297_jpg.rf.0bf8f9520ec348a904f436694ce8b32e.jpg</path>
	<source>
		<database>roboflow.ai</database>
	</source>
	<size>
		<width>416</width>
		<height>416</height>
		<depth>3</depth>
	</size>
	<segmented>0</segmented>
	<object>
		<name>bus</name>
		<pose>Unspecified</pose>
		<truncated>0</truncated>
		<difficult>0</difficult>
		<occluded>0</occluded>
		<bndbox>
			<xmin>109</xmin>
			<xmax>210</xmax>
			<ymin>154</ymin>
			<ymax>320</ymax>
		</bndbox>
	</object>
</annotation>
