<annotation>
	<folder></folder>
	<filename>frame_2298_jpg.rf.bacec060ccd248e8beb17f209ef4f768.jpg</filename>
	<path>frame_2298_jpg.rf.bacec060ccd248e8beb17f209ef4f768.jpg</path>
	<source>
		<database>roboflow.ai</database>
	</source>
	<size>
		<width>416</width>
		<height>416</height>
		<depth>3</depth>
	</size>
	<segmented>0</segmented>
	<object>
		<name>car</name>
		<pose>Unspecified</pose>
		<truncated>0</truncated>
		<difficult>0</difficult>
		<occluded>0</occluded>
		<bndbox>
			<xmin>239</xmin>
			<xmax>313</xmax>
			<ymin>252</ymin>
			<ymax>366</ymax>
		</bndbox>
	</object>
</annotation>
