<annotation>
	<folder></folder>
	<filename>frame_2333_jpg.rf.fb574ef943c0ccecfdf024282dd8db19.jpg</filename>
	<path>frame_2333_jpg.rf.fb574ef943c0ccecfdf024282dd8db19.jpg</path>
	<source>
		<database>roboflow.ai</database>
	</source>
	<size>
		<width>416</width>
		<height>416</height>
		<depth>3</depth>
	</size>
	<segmented>0</segmented>
	<object>
		<name>car</name>
		<pose>Unspecified</pose>
		<truncated>0</truncated>
		<difficult>0</difficult>
		<occluded>0</occluded>
		<bndbox>
			<xmin>40</xmin>
			<xmax>124</xmax>
			<ymin>135</ymin>
			<ymax>222</ymax>
		</bndbox>
	</object>
	<object>
		<name>truck</name>
		<pose>Unspecified</pose>
		<truncated>0</truncated>
		<difficult>0</difficult>
		<occluded>0</occluded>
		<bndbox>
			<xmin>97</xmin>
			<xmax>277</xmax>
			<ymin>31</ymin>
			<ymax>148</ymax>
		</bndbox>
	</object>
	<object>
		<name>auto</name>
		<pose>Unspecified</pose>
		<truncated>0</truncated>
		<difficult>0</difficult>
		<occluded>0</occluded>
		<bndbox>
			<xmin>153</xmin>
			<xmax>263</xmax>
			<ymin>196</ymin>
			<ymax>416</ymax>
		</bndbox>
	</object>
</annotation>
