<annotation>
	<folder></folder>
	<filename>frame_2346_jpg.rf.34c2d9649657cadb60819837e60ae4cc.jpg</filename>
	<path>frame_2346_jpg.rf.34c2d9649657cadb60819837e60ae4cc.jpg</path>
	<source>
		<database>roboflow.ai</database>
	</source>
	<size>
		<width>416</width>
		<height>416</height>
		<depth>3</depth>
	</size>
	<segmented>0</segmented>
	<object>
		<name>riksha</name>
		<pose>Unspecified</pose>
		<truncated>0</truncated>
		<difficult>0</difficult>
		<occluded>0</occluded>
		<bndbox>
			<xmin>0</xmin>
			<xmax>195</xmax>
			<ymin>99</ymin>
			<ymax>415</ymax>
		</bndbox>
	</object>
	<object>
		<name>motorbike</name>
		<pose>Unspecified</pose>
		<truncated>0</truncated>
		<difficult>0</difficult>
		<occluded>0</occluded>
		<bndbox>
			<xmin>151</xmin>
			<xmax>261</xmax>
			<ymin>149</ymin>
			<ymax>409</ymax>
		</bndbox>
	</object>
</annotation>
