<annotation>
	<folder></folder>
	<filename>frame_2374_jpg.rf.fee7600da057cadbd70fbf1d776b97a3.jpg</filename>
	<path>frame_2374_jpg.rf.fee7600da057cadbd70fbf1d776b97a3.jpg</path>
	<source>
		<database>roboflow.ai</database>
	</source>
	<size>
		<width>416</width>
		<height>416</height>
		<depth>3</depth>
	</size>
	<segmented>0</segmented>
	<object>
		<name>motorbike</name>
		<pose>Unspecified</pose>
		<truncated>0</truncated>
		<difficult>0</difficult>
		<occluded>0</occluded>
		<bndbox>
			<xmin>322</xmin>
			<xmax>377</xmax>
			<ymin>140</ymin>
			<ymax>276</ymax>
		</bndbox>
	</object>
</annotation>
