<annotation>
	<folder></folder>
	<filename>frame_2333_jpg.rf.73473b9933098418a63ad8a17eae3cdd.jpg</filename>
	<path>frame_2333_jpg.rf.73473b9933098418a63ad8a17eae3cdd.jpg</path>
	<source>
		<database>roboflow.ai</database>
	</source>
	<size>
		<width>416</width>
		<height>416</height>
		<depth>3</depth>
	</size>
	<segmented>0</segmented>
	<object>
		<name>car</name>
		<pose>Unspecified</pose>
		<truncated>0</truncated>
		<difficult>0</difficult>
		<occluded>0</occluded>
		<bndbox>
			<xmin>289</xmin>
			<xmax>381</xmax>
			<ymin>100</ymin>
			<ymax>205</ymax>
		</bndbox>
	</object>
	<object>
		<name>truck</name>
		<pose>Unspecified</pose>
		<truncated>0</truncated>
		<difficult>0</difficult>
		<occluded>0</occluded>
		<bndbox>
			<xmin>132</xmin>
			<xmax>325</xmax>
			<ymin>19</ymin>
			<ymax>162</ymax>
		</bndbox>
	</object>
	<object>
		<name>auto</name>
		<pose>Unspecified</pose>
		<truncated>0</truncated>
		<difficult>0</difficult>
		<occluded>0</occluded>
		<bndbox>
			<xmin>145</xmin>
			<xmax>274</xmax>
			<ymin>172</ymin>
			<ymax>415</ymax>
		</bndbox>
	</object>
</annotation>
