<annotation>
	<folder></folder>
	<filename>frame_2397_jpg.rf.4b11c3a1a8aca9e48f6e0b518cd80eba.jpg</filename>
	<path>frame_2397_jpg.rf.4b11c3a1a8aca9e48f6e0b518cd80eba.jpg</path>
	<source>
		<database>roboflow.ai</database>
	</source>
	<size>
		<width>416</width>
		<height>416</height>
		<depth>3</depth>
	</size>
	<segmented>0</segmented>
	<object>
		<name>bicycle</name>
		<pose>Unspecified</pose>
		<truncated>0</truncated>
		<difficult>0</difficult>
		<occluded>0</occluded>
		<bndbox>
			<xmin>266</xmin>
			<xmax>350</xmax>
			<ymin>136</ymin>
			<ymax>323</ymax>
		</bndbox>
	</object>
	<object>
		<name>motorbike</name>
		<pose>Unspecified</pose>
		<truncated>0</truncated>
		<difficult>0</difficult>
		<occluded>0</occluded>
		<bndbox>
			<xmin>329</xmin>
			<xmax>366</xmax>
			<ymin>118</ymin>
			<ymax>220</ymax>
		</bndbox>
	</object>
	<object>
		<name>car</name>
		<pose>Unspecified</pose>
		<truncated>0</truncated>
		<difficult>0</difficult>
		<occluded>0</occluded>
		<bndbox>
			<xmin>288</xmin>
			<xmax>353</xmax>
			<ymin>102</ymin>
			<ymax>196</ymax>
		</bndbox>
	</object>
</annotation>
