<annotation>
	<folder></folder>
	<filename>frame_2344_jpg.rf.f6f8a117a8b4615a12244d637dc9e10f.jpg</filename>
	<path>frame_2344_jpg.rf.f6f8a117a8b4615a12244d637dc9e10f.jpg</path>
	<source>
		<database>roboflow.ai</database>
	</source>
	<size>
		<width>416</width>
		<height>416</height>
		<depth>3</depth>
	</size>
	<segmented>0</segmented>
	<object>
		<name>motorbike</name>
		<pose>Unspecified</pose>
		<truncated>0</truncated>
		<difficult>0</difficult>
		<occluded>0</occluded>
		<bndbox>
			<xmin>201</xmin>
			<xmax>271</xmax>
			<ymin>96</ymin>
			<ymax>258</ymax>
		</bndbox>
	</object>
</annotation>
