<annotation>
	<folder></folder>
	<filename>frame_2321_jpg.rf.4dee10084275235cad588d1df63234e9.jpg</filename>
	<path>frame_2321_jpg.rf.4dee10084275235cad588d1df63234e9.jpg</path>
	<source>
		<database>roboflow.ai</database>
	</source>
	<size>
		<width>416</width>
		<height>416</height>
		<depth>3</depth>
	</size>
	<segmented>0</segmented>
	<object>
		<name>truck</name>
		<pose>Unspecified</pose>
		<truncated>0</truncated>
		<difficult>0</difficult>
		<occluded>0</occluded>
		<bndbox>
			<xmin>158</xmin>
			<xmax>213</xmax>
			<ymin>144</ymin>
			<ymax>253</ymax>
		</bndbox>
	</object>
</annotation>
