<annotation>
	<folder></folder>
	<filename>frame_2341_jpg.rf.05c619128535afb5353f24e6dc1e2a32.jpg</filename>
	<path>frame_2341_jpg.rf.05c619128535afb5353f24e6dc1e2a32.jpg</path>
	<source>
		<database>roboflow.ai</database>
	</source>
	<size>
		<width>416</width>
		<height>416</height>
		<depth>3</depth>
	</size>
	<segmented>0</segmented>
	<object>
		<name>motorbike</name>
		<pose>Unspecified</pose>
		<truncated>0</truncated>
		<difficult>0</difficult>
		<occluded>0</occluded>
		<bndbox>
			<xmin>112</xmin>
			<xmax>328</xmax>
			<ymin>116</ymin>
			<ymax>415</ymax>
		</bndbox>
	</object>
</annotation>
