<annotation>
	<folder></folder>
	<filename>frame_2344_jpg.rf.62516205755d3780439dc5436dcf24d8.jpg</filename>
	<path>frame_2344_jpg.rf.62516205755d3780439dc5436dcf24d8.jpg</path>
	<source>
		<database>roboflow.ai</database>
	</source>
	<size>
		<width>416</width>
		<height>416</height>
		<depth>3</depth>
	</size>
	<segmented>0</segmented>
	<object>
		<name>motorbike</name>
		<pose>Unspecified</pose>
		<truncated>0</truncated>
		<difficult>0</difficult>
		<occluded>0</occluded>
		<bndbox>
			<xmin>189</xmin>
			<xmax>267</xmax>
			<ymin>95</ymin>
			<ymax>268</ymax>
		</bndbox>
	</object>
</annotation>
