<annotation>
	<folder></folder>
	<filename>frame_2364_jpg.rf.8e21a159ebb8a9425522823db6dca053.jpg</filename>
	<path>frame_2364_jpg.rf.8e21a159ebb8a9425522823db6dca053.jpg</path>
	<source>
		<database>roboflow.ai</database>
	</source>
	<size>
		<width>416</width>
		<height>416</height>
		<depth>3</depth>
	</size>
	<segmented>0</segmented>
	<object>
		<name>motorbike</name>
		<pose>Unspecified</pose>
		<truncated>0</truncated>
		<difficult>0</difficult>
		<occluded>0</occluded>
		<bndbox>
			<xmin>253</xmin>
			<xmax>278</xmax>
			<ymin>128</ymin>
			<ymax>201</ymax>
		</bndbox>
	</object>
	<object>
		<name>auto</name>
		<pose>Unspecified</pose>
		<truncated>0</truncated>
		<difficult>0</difficult>
		<occluded>0</occluded>
		<bndbox>
			<xmin>159</xmin>
			<xmax>198</xmax>
			<ymin>107</ymin>
			<ymax>196</ymax>
		</bndbox>
	</object>
	<object>
		<name>auto</name>
		<pose>Unspecified</pose>
		<truncated>0</truncated>
		<difficult>0</difficult>
		<occluded>0</occluded>
		<bndbox>
			<xmin>109</xmin>
			<xmax>150</xmax>
			<ymin>111</ymin>
			<ymax>198</ymax>
		</bndbox>
	</object>
</annotation>
