<annotation>
	<folder></folder>
	<filename>frame_2398_jpg.rf.17d5a88772f91b2cbd4ee49bbf39eb32.jpg</filename>
	<path>frame_2398_jpg.rf.17d5a88772f91b2cbd4ee49bbf39eb32.jpg</path>
	<source>
		<database>roboflow.ai</database>
	</source>
	<size>
		<width>416</width>
		<height>416</height>
		<depth>3</depth>
	</size>
	<segmented>0</segmented>
	<object>
		<name>car</name>
		<pose>Unspecified</pose>
		<truncated>0</truncated>
		<difficult>0</difficult>
		<occluded>0</occluded>
		<bndbox>
			<xmin>9</xmin>
			<xmax>359</xmax>
			<ymin>0</ymin>
			<ymax>415</ymax>
		</bndbox>
	</object>
</annotation>
