<annotation>
	<folder></folder>
	<filename>frame_2325_jpg.rf.c5bd793e64f7f6d26f041c736f866ee7.jpg</filename>
	<path>frame_2325_jpg.rf.c5bd793e64f7f6d26f041c736f866ee7.jpg</path>
	<source>
		<database>roboflow.ai</database>
	</source>
	<size>
		<width>416</width>
		<height>416</height>
		<depth>3</depth>
	</size>
	<segmented>0</segmented>
	<object>
		<name>truck</name>
		<pose>Unspecified</pose>
		<truncated>0</truncated>
		<difficult>0</difficult>
		<occluded>0</occluded>
		<bndbox>
			<xmin>137</xmin>
			<xmax>191</xmax>
			<ymin>237</ymin>
			<ymax>316</ymax>
		</bndbox>
	</object>
</annotation>
