<annotation>
	<folder></folder>
	<filename>frame_2367_jpg.rf.5982a9be84a32cf712544b1e19ddfbd7.jpg</filename>
	<path>frame_2367_jpg.rf.5982a9be84a32cf712544b1e19ddfbd7.jpg</path>
	<source>
		<database>roboflow.ai</database>
	</source>
	<size>
		<width>416</width>
		<height>416</height>
		<depth>3</depth>
	</size>
	<segmented>0</segmented>
	<object>
		<name>car</name>
		<pose>Unspecified</pose>
		<truncated>0</truncated>
		<difficult>0</difficult>
		<occluded>0</occluded>
		<bndbox>
			<xmin>154</xmin>
			<xmax>218</xmax>
			<ymin>139</ymin>
			<ymax>233</ymax>
		</bndbox>
	</object>
</annotation>
