<annotation>
	<folder></folder>
	<filename>frame_2340_jpg.rf.46bb023690e98ddee73e468680272c6c.jpg</filename>
	<path>frame_2340_jpg.rf.46bb023690e98ddee73e468680272c6c.jpg</path>
	<source>
		<database>roboflow.ai</database>
	</source>
	<size>
		<width>416</width>
		<height>416</height>
		<depth>3</depth>
	</size>
	<segmented>0</segmented>
	<object>
		<name>riksha</name>
		<pose>Unspecified</pose>
		<truncated>0</truncated>
		<difficult>0</difficult>
		<occluded>0</occluded>
		<bndbox>
			<xmin>239</xmin>
			<xmax>397</xmax>
			<ymin>77</ymin>
			<ymax>379</ymax>
		</bndbox>
	</object>
</annotation>
