<annotation>
	<folder></folder>
	<filename>frame_2297_jpg.rf.4b0b4624291736f6f4c407bf98ef5650.jpg</filename>
	<path>frame_2297_jpg.rf.4b0b4624291736f6f4c407bf98ef5650.jpg</path>
	<source>
		<database>roboflow.ai</database>
	</source>
	<size>
		<width>416</width>
		<height>416</height>
		<depth>3</depth>
	</size>
	<segmented>0</segmented>
	<object>
		<name>bus</name>
		<pose>Unspecified</pose>
		<truncated>0</truncated>
		<difficult>0</difficult>
		<occluded>0</occluded>
		<bndbox>
			<xmin>136</xmin>
			<xmax>218</xmax>
			<ymin>147</ymin>
			<ymax>333</ymax>
		</bndbox>
	</object>
</annotation>
