<annotation>
	<folder></folder>
	<filename>frame_2359_jpg.rf.e8e0552ca242067c4883c5b3e394d9a1.jpg</filename>
	<path>frame_2359_jpg.rf.e8e0552ca242067c4883c5b3e394d9a1.jpg</path>
	<source>
		<database>roboflow.ai</database>
	</source>
	<size>
		<width>416</width>
		<height>416</height>
		<depth>3</depth>
	</size>
	<segmented>0</segmented>
	<object>
		<name>car</name>
		<pose>Unspecified</pose>
		<truncated>0</truncated>
		<difficult>0</difficult>
		<occluded>0</occluded>
		<bndbox>
			<xmin>62</xmin>
			<xmax>110</xmax>
			<ymin>142</ymin>
			<ymax>181</ymax>
		</bndbox>
	</object>
	<object>
		<name>motorbike</name>
		<pose>Unspecified</pose>
		<truncated>0</truncated>
		<difficult>0</difficult>
		<occluded>0</occluded>
		<bndbox>
			<xmin>56</xmin>
			<xmax>99</xmax>
			<ymin>170</ymin>
			<ymax>267</ymax>
		</bndbox>
	</object>
</annotation>
