<annotation>
	<folder></folder>
	<filename>frame_2390_jpg.rf.b249d9d275723603c323a773e6ee196d.jpg</filename>
	<path>frame_2390_jpg.rf.b249d9d275723603c323a773e6ee196d.jpg</path>
	<source>
		<database>roboflow.ai</database>
	</source>
	<size>
		<width>416</width>
		<height>416</height>
		<depth>3</depth>
	</size>
	<segmented>0</segmented>
	<object>
		<name>truck</name>
		<pose>Unspecified</pose>
		<truncated>0</truncated>
		<difficult>0</difficult>
		<occluded>0</occluded>
		<bndbox>
			<xmin>207</xmin>
			<xmax>392</xmax>
			<ymin>36</ymin>
			<ymax>198</ymax>
		</bndbox>
	</object>
	<object>
		<name>truck</name>
		<pose>Unspecified</pose>
		<truncated>0</truncated>
		<difficult>0</difficult>
		<occluded>0</occluded>
		<bndbox>
			<xmin>0</xmin>
			<xmax>268</xmax>
			<ymin>26</ymin>
			<ymax>354</ymax>
		</bndbox>
	</object>
	<object>
		<name>truck</name>
		<pose>Unspecified</pose>
		<truncated>0</truncated>
		<difficult>0</difficult>
		<occluded>0</occluded>
		<bndbox>
			<xmin>356</xmin>
			<xmax>415</xmax>
			<ymin>69</ymin>
			<ymax>151</ymax>
		</bndbox>
	</object>
</annotation>
