<annotation>
	<folder></folder>
	<filename>frame_2378_jpg.rf.5bc74cd4fd97d19ac5b5607092d1f167.jpg</filename>
	<path>frame_2378_jpg.rf.5bc74cd4fd97d19ac5b5607092d1f167.jpg</path>
	<source>
		<database>roboflow.ai</database>
	</source>
	<size>
		<width>416</width>
		<height>416</height>
		<depth>3</depth>
	</size>
	<segmented>0</segmented>
	<object>
		<name>motorbike</name>
		<pose>Unspecified</pose>
		<truncated>0</truncated>
		<difficult>0</difficult>
		<occluded>0</occluded>
		<bndbox>
			<xmin>243</xmin>
			<xmax>291</xmax>
			<ymin>144</ymin>
			<ymax>241</ymax>
		</bndbox>
	</object>
	<object>
		<name>car</name>
		<pose>Unspecified</pose>
		<truncated>0</truncated>
		<difficult>0</difficult>
		<occluded>0</occluded>
		<bndbox>
			<xmin>257</xmin>
			<xmax>285</xmax>
			<ymin>128</ymin>
			<ymax>159</ymax>
		</bndbox>
	</object>
</annotation>
