<annotation>
	<folder></folder>
	<filename>frame_2362_jpg.rf.77ce3f2724d654613edfa6be7cc4d441.jpg</filename>
	<path>frame_2362_jpg.rf.77ce3f2724d654613edfa6be7cc4d441.jpg</path>
	<source>
		<database>roboflow.ai</database>
	</source>
	<size>
		<width>416</width>
		<height>416</height>
		<depth>3</depth>
	</size>
	<segmented>0</segmented>
	<object>
		<name>motorbike</name>
		<pose>Unspecified</pose>
		<truncated>0</truncated>
		<difficult>0</difficult>
		<occluded>0</occluded>
		<bndbox>
			<xmin>225</xmin>
			<xmax>283</xmax>
			<ymin>168</ymin>
			<ymax>268</ymax>
		</bndbox>
	</object>
	<object>
		<name>motorbike</name>
		<pose>Unspecified</pose>
		<truncated>0</truncated>
		<difficult>0</difficult>
		<occluded>0</occluded>
		<bndbox>
			<xmin>202</xmin>
			<xmax>236</xmax>
			<ymin>138</ymin>
			<ymax>197</ymax>
		</bndbox>
	</object>
</annotation>
