<annotation>
	<folder></folder>
	<filename>frame_2320_jpg.rf.16f323756d687b718a244c3ecc736011.jpg</filename>
	<path>frame_2320_jpg.rf.16f323756d687b718a244c3ecc736011.jpg</path>
	<source>
		<database>roboflow.ai</database>
	</source>
	<size>
		<width>416</width>
		<height>416</height>
		<depth>3</depth>
	</size>
	<segmented>0</segmented>
	<object>
		<name>truck</name>
		<pose>Unspecified</pose>
		<truncated>0</truncated>
		<difficult>0</difficult>
		<occluded>0</occluded>
		<bndbox>
			<xmin>206</xmin>
			<xmax>273</xmax>
			<ymin>141</ymin>
			<ymax>255</ymax>
		</bndbox>
	</object>
	<object>
		<name>truck</name>
		<pose>Unspecified</pose>
		<truncated>0</truncated>
		<difficult>0</difficult>
		<occluded>0</occluded>
		<bndbox>
			<xmin>167</xmin>
			<xmax>219</xmax>
			<ymin>157</ymin>
			<ymax>240</ymax>
		</bndbox>
	</object>
</annotation>
