<annotation>
	<folder></folder>
	<filename>frame_2324_jpg.rf.55ab6f25cc270eaada2e3bd07e39dad6.jpg</filename>
	<path>frame_2324_jpg.rf.55ab6f25cc270eaada2e3bd07e39dad6.jpg</path>
	<source>
		<database>roboflow.ai</database>
	</source>
	<size>
		<width>416</width>
		<height>416</height>
		<depth>3</depth>
	</size>
	<segmented>0</segmented>
	<object>
		<name>auto</name>
		<pose>Unspecified</pose>
		<truncated>0</truncated>
		<difficult>0</difficult>
		<occluded>0</occluded>
		<bndbox>
			<xmin>266</xmin>
			<xmax>320</xmax>
			<ymin>176</ymin>
			<ymax>297</ymax>
		</bndbox>
	</object>
</annotation>
