<annotation>
	<folder></folder>
	<filename>frame_2325_jpg.rf.89959c2a202c1412d064fa7b5134b90e.jpg</filename>
	<path>frame_2325_jpg.rf.89959c2a202c1412d064fa7b5134b90e.jpg</path>
	<source>
		<database>roboflow.ai</database>
	</source>
	<size>
		<width>416</width>
		<height>416</height>
		<depth>3</depth>
	</size>
	<segmented>0</segmented>
	<object>
		<name>truck</name>
		<pose>Unspecified</pose>
		<truncated>0</truncated>
		<difficult>0</difficult>
		<occluded>0</occluded>
		<bndbox>
			<xmin>108</xmin>
			<xmax>165</xmax>
			<ymin>221</ymin>
			<ymax>303</ymax>
		</bndbox>
	</object>
</annotation>
