<annotation>
	<folder></folder>
	<filename>frame_2332_jpg.rf.414d3e115ec6d8f1f7fd515499ec4506.jpg</filename>
	<path>frame_2332_jpg.rf.414d3e115ec6d8f1f7fd515499ec4506.jpg</path>
	<source>
		<database>roboflow.ai</database>
	</source>
	<size>
		<width>416</width>
		<height>416</height>
		<depth>3</depth>
	</size>
	<segmented>0</segmented>
	<object>
		<name>truck</name>
		<pose>Unspecified</pose>
		<truncated>0</truncated>
		<difficult>0</difficult>
		<occluded>0</occluded>
		<bndbox>
			<xmin>58</xmin>
			<xmax>292</xmax>
			<ymin>136</ymin>
			<ymax>343</ymax>
		</bndbox>
	</object>
</annotation>
