<annotation>
	<folder></folder>
	<filename>frame_2345_jpg.rf.a3663b0f9aa360c932dc08aee289d5d0.jpg</filename>
	<path>frame_2345_jpg.rf.a3663b0f9aa360c932dc08aee289d5d0.jpg</path>
	<source>
		<database>roboflow.ai</database>
	</source>
	<size>
		<width>416</width>
		<height>416</height>
		<depth>3</depth>
	</size>
	<segmented>0</segmented>
	<object>
		<name>motorbike</name>
		<pose>Unspecified</pose>
		<truncated>0</truncated>
		<difficult>0</difficult>
		<occluded>0</occluded>
		<bndbox>
			<xmin>43</xmin>
			<xmax>161</xmax>
			<ymin>131</ymin>
			<ymax>288</ymax>
		</bndbox>
	</object>
	<object>
		<name>motorbike</name>
		<pose>Unspecified</pose>
		<truncated>0</truncated>
		<difficult>0</difficult>
		<occluded>0</occluded>
		<bndbox>
			<xmin>205</xmin>
			<xmax>305</xmax>
			<ymin>135</ymin>
			<ymax>248</ymax>
		</bndbox>
	</object>
	<object>
		<name>riksha</name>
		<pose>Unspecified</pose>
		<truncated>0</truncated>
		<difficult>0</difficult>
		<occluded>0</occluded>
		<bndbox>
			<xmin>294</xmin>
			<xmax>415</xmax>
			<ymin>106</ymin>
			<ymax>291</ymax>
		</bndbox>
	</object>
</annotation>
