<annotation>
	<folder></folder>
	<filename>frame_2293_jpg.rf.8b9eac395fe2c8bb8dacceda8de6c318.jpg</filename>
	<path>frame_2293_jpg.rf.8b9eac395fe2c8bb8dacceda8de6c318.jpg</path>
	<source>
		<database>roboflow.ai</database>
	</source>
	<size>
		<width>416</width>
		<height>416</height>
		<depth>3</depth>
	</size>
	<segmented>0</segmented>
	<object>
		<name>car</name>
		<pose>Unspecified</pose>
		<truncated>0</truncated>
		<difficult>0</difficult>
		<occluded>0</occluded>
		<bndbox>
			<xmin>128</xmin>
			<xmax>181</xmax>
			<ymin>254</ymin>
			<ymax>356</ymax>
		</bndbox>
	</object>
</annotation>
