<annotation>
	<folder></folder>
	<filename>frame_2355_jpg.rf.99dc789c7ca7787fe49db9de34daa5fd.jpg</filename>
	<path>frame_2355_jpg.rf.99dc789c7ca7787fe49db9de34daa5fd.jpg</path>
	<source>
		<database>roboflow.ai</database>
	</source>
	<size>
		<width>416</width>
		<height>416</height>
		<depth>3</depth>
	</size>
	<segmented>0</segmented>
	<object>
		<name>car</name>
		<pose>Unspecified</pose>
		<truncated>0</truncated>
		<difficult>0</difficult>
		<occluded>0</occluded>
		<bndbox>
			<xmin>88</xmin>
			<xmax>343</xmax>
			<ymin>58</ymin>
			<ymax>361</ymax>
		</bndbox>
	</object>
</annotation>
