<annotation>
	<folder></folder>
	<filename>frame_2310_jpg.rf.c96fc7e30735c25a68dc3c1289c6a006.jpg</filename>
	<path>frame_2310_jpg.rf.c96fc7e30735c25a68dc3c1289c6a006.jpg</path>
	<source>
		<database>roboflow.ai</database>
	</source>
	<size>
		<width>416</width>
		<height>416</height>
		<depth>3</depth>
	</size>
	<segmented>0</segmented>
	<object>
		<name>motorbike</name>
		<pose>Unspecified</pose>
		<truncated>0</truncated>
		<difficult>0</difficult>
		<occluded>0</occluded>
		<bndbox>
			<xmin>117</xmin>
			<xmax>164</xmax>
			<ymin>185</ymin>
			<ymax>263</ymax>
		</bndbox>
	</object>
</annotation>
