<annotation>
	<folder></folder>
	<filename>frame_2334_jpg.rf.2a1b6a9828ef5aa0e807940fadcfa30a.jpg</filename>
	<path>frame_2334_jpg.rf.2a1b6a9828ef5aa0e807940fadcfa30a.jpg</path>
	<source>
		<database>roboflow.ai</database>
	</source>
	<size>
		<width>416</width>
		<height>416</height>
		<depth>3</depth>
	</size>
	<segmented>0</segmented>
	<object>
		<name>car</name>
		<pose>Unspecified</pose>
		<truncated>0</truncated>
		<difficult>0</difficult>
		<occluded>0</occluded>
		<bndbox>
			<xmin>89</xmin>
			<xmax>157</xmax>
			<ymin>113</ymin>
			<ymax>187</ymax>
		</bndbox>
	</object>
	<object>
		<name>truck</name>
		<pose>Unspecified</pose>
		<truncated>0</truncated>
		<difficult>0</difficult>
		<occluded>0</occluded>
		<bndbox>
			<xmin>148</xmin>
			<xmax>317</xmax>
			<ymin>37</ymin>
			<ymax>187</ymax>
		</bndbox>
	</object>
	<object>
		<name>van</name>
		<pose>Unspecified</pose>
		<truncated>0</truncated>
		<difficult>0</difficult>
		<occluded>0</occluded>
		<bndbox>
			<xmin>178</xmin>
			<xmax>412</xmax>
			<ymin>139</ymin>
			<ymax>353</ymax>
		</bndbox>
	</object>
</annotation>
