<annotation>
	<folder></folder>
	<filename>frame_2306_jpg.rf.4f7c4ab27e099153709d2fb53d8828c3.jpg</filename>
	<path>frame_2306_jpg.rf.4f7c4ab27e099153709d2fb53d8828c3.jpg</path>
	<source>
		<database>roboflow.ai</database>
	</source>
	<size>
		<width>416</width>
		<height>416</height>
		<depth>3</depth>
	</size>
	<segmented>0</segmented>
	<object>
		<name>truck</name>
		<pose>Unspecified</pose>
		<truncated>0</truncated>
		<difficult>0</difficult>
		<occluded>0</occluded>
		<bndbox>
			<xmin>152</xmin>
			<xmax>245</xmax>
			<ymin>176</ymin>
			<ymax>334</ymax>
		</bndbox>
	</object>
	<object>
		<name>truck</name>
		<pose>Unspecified</pose>
		<truncated>0</truncated>
		<difficult>0</difficult>
		<occluded>0</occluded>
		<bndbox>
			<xmin>57</xmin>
			<xmax>99</xmax>
			<ymin>266</ymin>
			<ymax>307</ymax>
		</bndbox>
	</object>
</annotation>
