<annotation>
	<folder></folder>
	<filename>frame_2388_jpg.rf.3e3050c38fb6e01368156377d6e47862.jpg</filename>
	<path>frame_2388_jpg.rf.3e3050c38fb6e01368156377d6e47862.jpg</path>
	<source>
		<database>roboflow.ai</database>
	</source>
	<size>
		<width>416</width>
		<height>416</height>
		<depth>3</depth>
	</size>
	<segmented>0</segmented>
	<object>
		<name>truck</name>
		<pose>Unspecified</pose>
		<truncated>0</truncated>
		<difficult>0</difficult>
		<occluded>0</occluded>
		<bndbox>
			<xmin>0</xmin>
			<xmax>245</xmax>
			<ymin>19</ymin>
			<ymax>345</ymax>
		</bndbox>
	</object>
	<object>
		<name>truck</name>
		<pose>Unspecified</pose>
		<truncated>0</truncated>
		<difficult>0</difficult>
		<occluded>0</occluded>
		<bndbox>
			<xmin>216</xmin>
			<xmax>414</xmax>
			<ymin>20</ymin>
			<ymax>277</ymax>
		</bndbox>
	</object>
</annotation>
