<annotation>
	<folder></folder>
	<filename>frame_2298_jpg.rf.a25c3c6782916bc4c2df1e3ceb70a080.jpg</filename>
	<path>frame_2298_jpg.rf.a25c3c6782916bc4c2df1e3ceb70a080.jpg</path>
	<source>
		<database>roboflow.ai</database>
	</source>
	<size>
		<width>416</width>
		<height>416</height>
		<depth>3</depth>
	</size>
	<segmented>0</segmented>
	<object>
		<name>car</name>
		<pose>Unspecified</pose>
		<truncated>0</truncated>
		<difficult>0</difficult>
		<occluded>0</occluded>
		<bndbox>
			<xmin>97</xmin>
			<xmax>174</xmax>
			<ymin>250</ymin>
			<ymax>346</ymax>
		</bndbox>
	</object>
</annotation>
