<annotation>
	<folder></folder>
	<filename>frame_2359_jpg.rf.401990928f1ffcccb96b6a7d1a1546a1.jpg</filename>
	<path>frame_2359_jpg.rf.401990928f1ffcccb96b6a7d1a1546a1.jpg</path>
	<source>
		<database>roboflow.ai</database>
	</source>
	<size>
		<width>416</width>
		<height>416</height>
		<depth>3</depth>
	</size>
	<segmented>0</segmented>
	<object>
		<name>car</name>
		<pose>Unspecified</pose>
		<truncated>0</truncated>
		<difficult>0</difficult>
		<occluded>0</occluded>
		<bndbox>
			<xmin>326</xmin>
			<xmax>371</xmax>
			<ymin>133</ymin>
			<ymax>175</ymax>
		</bndbox>
	</object>
	<object>
		<name>motorbike</name>
		<pose>Unspecified</pose>
		<truncated>0</truncated>
		<difficult>0</difficult>
		<occluded>0</occluded>
		<bndbox>
			<xmin>313</xmin>
			<xmax>356</xmax>
			<ymin>160</ymin>
			<ymax>262</ymax>
		</bndbox>
	</object>
</annotation>
