<annotation>
	<folder></folder>
	<filename>frame_2343_jpg.rf.d126f74f52da9f968a572705e8d12951.jpg</filename>
	<path>frame_2343_jpg.rf.d126f74f52da9f968a572705e8d12951.jpg</path>
	<source>
		<database>roboflow.ai</database>
	</source>
	<size>
		<width>416</width>
		<height>416</height>
		<depth>3</depth>
	</size>
	<segmented>0</segmented>
	<object>
		<name>motorbike</name>
		<pose>Unspecified</pose>
		<truncated>0</truncated>
		<difficult>0</difficult>
		<occluded>0</occluded>
		<bndbox>
			<xmin>122</xmin>
			<xmax>245</xmax>
			<ymin>218</ymin>
			<ymax>380</ymax>
		</bndbox>
	</object>
	<object>
		<name>auto</name>
		<pose>Unspecified</pose>
		<truncated>0</truncated>
		<difficult>0</difficult>
		<occluded>0</occluded>
		<bndbox>
			<xmin>210</xmin>
			<xmax>298</xmax>
			<ymin>159</ymin>
			<ymax>290</ymax>
		</bndbox>
	</object>
</annotation>
