<annotation>
	<folder></folder>
	<filename>frame_2361_jpg.rf.c5c2a45a5eb43ec7a5c691b4833cbc9d.jpg</filename>
	<path>frame_2361_jpg.rf.c5c2a45a5eb43ec7a5c691b4833cbc9d.jpg</path>
	<source>
		<database>roboflow.ai</database>
	</source>
	<size>
		<width>416</width>
		<height>416</height>
		<depth>3</depth>
	</size>
	<segmented>0</segmented>
	<object>
		<name>motorbike</name>
		<pose>Unspecified</pose>
		<truncated>0</truncated>
		<difficult>0</difficult>
		<occluded>0</occluded>
		<bndbox>
			<xmin>78</xmin>
			<xmax>127</xmax>
			<ymin>154</ymin>
			<ymax>224</ymax>
		</bndbox>
	</object>
	<object>
		<name>bicycle</name>
		<pose>Unspecified</pose>
		<truncated>0</truncated>
		<difficult>0</difficult>
		<occluded>0</occluded>
		<bndbox>
			<xmin>146</xmin>
			<xmax>181</xmax>
			<ymin>128</ymin>
			<ymax>187</ymax>
		</bndbox>
	</object>
</annotation>
