<annotation>
	<folder></folder>
	<filename>frame_2293_jpg.rf.5f129da7d684913f14872919b6cd2495.jpg</filename>
	<path>frame_2293_jpg.rf.5f129da7d684913f14872919b6cd2495.jpg</path>
	<source>
		<database>roboflow.ai</database>
	</source>
	<size>
		<width>416</width>
		<height>416</height>
		<depth>3</depth>
	</size>
	<segmented>0</segmented>
	<object>
		<name>car</name>
		<pose>Unspecified</pose>
		<truncated>0</truncated>
		<difficult>0</difficult>
		<occluded>0</occluded>
		<bndbox>
			<xmin>228</xmin>
			<xmax>279</xmax>
			<ymin>261</ymin>
			<ymax>382</ymax>
		</bndbox>
	</object>
</annotation>
