<annotation>
	<folder></folder>
	<filename>frame_2341_jpg.rf.53cbfe0d4d65ffa50022a7e6a4cf0bb3.jpg</filename>
	<path>frame_2341_jpg.rf.53cbfe0d4d65ffa50022a7e6a4cf0bb3.jpg</path>
	<source>
		<database>roboflow.ai</database>
	</source>
	<size>
		<width>416</width>
		<height>416</height>
		<depth>3</depth>
	</size>
	<segmented>0</segmented>
	<object>
		<name>motorbike</name>
		<pose>Unspecified</pose>
		<truncated>0</truncated>
		<difficult>0</difficult>
		<occluded>0</occluded>
		<bndbox>
			<xmin>151</xmin>
			<xmax>317</xmax>
			<ymin>96</ymin>
			<ymax>414</ymax>
		</bndbox>
	</object>
</annotation>
