<annotation>
	<folder></folder>
	<filename>frame_2357_jpg.rf.24bb8f9e9d0f940bca130eef960fb0c7.jpg</filename>
	<path>frame_2357_jpg.rf.24bb8f9e9d0f940bca130eef960fb0c7.jpg</path>
	<source>
		<database>roboflow.ai</database>
	</source>
	<size>
		<width>416</width>
		<height>416</height>
		<depth>3</depth>
	</size>
	<segmented>0</segmented>
	<object>
		<name>car</name>
		<pose>Unspecified</pose>
		<truncated>0</truncated>
		<difficult>0</difficult>
		<occluded>0</occluded>
		<bndbox>
			<xmin>51</xmin>
			<xmax>385</xmax>
			<ymin>35</ymin>
			<ymax>311</ymax>
		</bndbox>
	</object>
</annotation>
