<annotation>
	<folder></folder>
	<filename>frame_2361_jpg.rf.26ef9c9cb411961a7bf0a123c43bd4b1.jpg</filename>
	<path>frame_2361_jpg.rf.26ef9c9cb411961a7bf0a123c43bd4b1.jpg</path>
	<source>
		<database>roboflow.ai</database>
	</source>
	<size>
		<width>416</width>
		<height>416</height>
		<depth>3</depth>
	</size>
	<segmented>0</segmented>
	<object>
		<name>motorbike</name>
		<pose>Unspecified</pose>
		<truncated>0</truncated>
		<difficult>0</difficult>
		<occluded>0</occluded>
		<bndbox>
			<xmin>92</xmin>
			<xmax>125</xmax>
			<ymin>135</ymin>
			<ymax>202</ymax>
		</bndbox>
	</object>
	<object>
		<name>bicycle</name>
		<pose>Unspecified</pose>
		<truncated>0</truncated>
		<difficult>0</difficult>
		<occluded>0</occluded>
		<bndbox>
			<xmin>167</xmin>
			<xmax>188</xmax>
			<ymin>123</ymin>
			<ymax>181</ymax>
		</bndbox>
	</object>
</annotation>
