<annotation>
	<folder></folder>
	<filename>frame_2390_jpg.rf.d7b93930e4665cc98244a7cd72326257.jpg</filename>
	<path>frame_2390_jpg.rf.d7b93930e4665cc98244a7cd72326257.jpg</path>
	<source>
		<database>roboflow.ai</database>
	</source>
	<size>
		<width>416</width>
		<height>416</height>
		<depth>3</depth>
	</size>
	<segmented>0</segmented>
	<object>
		<name>truck</name>
		<pose>Unspecified</pose>
		<truncated>0</truncated>
		<difficult>0</difficult>
		<occluded>0</occluded>
		<bndbox>
			<xmin>223</xmin>
			<xmax>366</xmax>
			<ymin>77</ymin>
			<ymax>234</ymax>
		</bndbox>
	</object>
	<object>
		<name>truck</name>
		<pose>Unspecified</pose>
		<truncated>0</truncated>
		<difficult>0</difficult>
		<occluded>0</occluded>
		<bndbox>
			<xmin>0</xmin>
			<xmax>229</xmax>
			<ymin>0</ymin>
			<ymax>311</ymax>
		</bndbox>
	</object>
	<object>
		<name>truck</name>
		<pose>Unspecified</pose>
		<truncated>0</truncated>
		<difficult>0</difficult>
		<occluded>0</occluded>
		<bndbox>
			<xmin>362</xmin>
			<xmax>409</xmax>
			<ymin>147</ymin>
			<ymax>232</ymax>
		</bndbox>
	</object>
</annotation>
