<annotation>
	<folder></folder>
	<filename>frame_2306_jpg.rf.54e94557a6f514a77f00e32d3e73dc08.jpg</filename>
	<path>frame_2306_jpg.rf.54e94557a6f514a77f00e32d3e73dc08.jpg</path>
	<source>
		<database>roboflow.ai</database>
	</source>
	<size>
		<width>416</width>
		<height>416</height>
		<depth>3</depth>
	</size>
	<segmented>0</segmented>
	<object>
		<name>truck</name>
		<pose>Unspecified</pose>
		<truncated>0</truncated>
		<difficult>0</difficult>
		<occluded>0</occluded>
		<bndbox>
			<xmin>160</xmin>
			<xmax>247</xmax>
			<ymin>185</ymin>
			<ymax>330</ymax>
		</bndbox>
	</object>
	<object>
		<name>truck</name>
		<pose>Unspecified</pose>
		<truncated>0</truncated>
		<difficult>0</difficult>
		<occluded>0</occluded>
		<bndbox>
			<xmin>65</xmin>
			<xmax>106</xmax>
			<ymin>285</ymin>
			<ymax>321</ymax>
		</bndbox>
	</object>
</annotation>
