<annotation>
	<folder></folder>
	<filename>frame_2340_jpg.rf.1bb751f7a98478d1d21558e2840ea82b.jpg</filename>
	<path>frame_2340_jpg.rf.1bb751f7a98478d1d21558e2840ea82b.jpg</path>
	<source>
		<database>roboflow.ai</database>
	</source>
	<size>
		<width>416</width>
		<height>416</height>
		<depth>3</depth>
	</size>
	<segmented>0</segmented>
	<object>
		<name>riksha</name>
		<pose>Unspecified</pose>
		<truncated>0</truncated>
		<difficult>0</difficult>
		<occluded>0</occluded>
		<bndbox>
			<xmin>37</xmin>
			<xmax>185</xmax>
			<ymin>127</ymin>
			<ymax>385</ymax>
		</bndbox>
	</object>
</annotation>
