<annotation>
	<folder></folder>
	<filename>frame_2384_jpg.rf.7600487f1a9a8a82f2e6dcc7df98ebb8.jpg</filename>
	<path>frame_2384_jpg.rf.7600487f1a9a8a82f2e6dcc7df98ebb8.jpg</path>
	<source>
		<database>roboflow.ai</database>
	</source>
	<size>
		<width>416</width>
		<height>416</height>
		<depth>3</depth>
	</size>
	<segmented>0</segmented>
	<object>
		<name>car</name>
		<pose>Unspecified</pose>
		<truncated>0</truncated>
		<difficult>0</difficult>
		<occluded>0</occluded>
		<bndbox>
			<xmin>143</xmin>
			<xmax>227</xmax>
			<ymin>101</ymin>
			<ymax>252</ymax>
		</bndbox>
	</object>
	<object>
		<name>car</name>
		<pose>Unspecified</pose>
		<truncated>0</truncated>
		<difficult>0</difficult>
		<occluded>0</occluded>
		<bndbox>
			<xmin>287</xmin>
			<xmax>415</xmax>
			<ymin>20</ymin>
			<ymax>302</ymax>
		</bndbox>
	</object>
</annotation>
