<annotation>
	<folder></folder>
	<filename>frame_2310_jpg.rf.4e710f1d85f23cb94851a84d93dfc02b.jpg</filename>
	<path>frame_2310_jpg.rf.4e710f1d85f23cb94851a84d93dfc02b.jpg</path>
	<source>
		<database>roboflow.ai</database>
	</source>
	<size>
		<width>416</width>
		<height>416</height>
		<depth>3</depth>
	</size>
	<segmented>0</segmented>
	<object>
		<name>motorbike</name>
		<pose>Unspecified</pose>
		<truncated>0</truncated>
		<difficult>0</difficult>
		<occluded>0</occluded>
		<bndbox>
			<xmin>244</xmin>
			<xmax>282</xmax>
			<ymin>199</ymin>
			<ymax>278</ymax>
		</bndbox>
	</object>
</annotation>
