<annotation>
	<folder></folder>
	<filename>frame_2331_jpg.rf.8623fcea82251692b36426f710043f3d.jpg</filename>
	<path>frame_2331_jpg.rf.8623fcea82251692b36426f710043f3d.jpg</path>
	<source>
		<database>roboflow.ai</database>
	</source>
	<size>
		<width>416</width>
		<height>416</height>
		<depth>3</depth>
	</size>
	<segmented>0</segmented>
	<object>
		<name>truck</name>
		<pose>Unspecified</pose>
		<truncated>0</truncated>
		<difficult>0</difficult>
		<occluded>0</occluded>
		<bndbox>
			<xmin>88</xmin>
			<xmax>263</xmax>
			<ymin>147</ymin>
			<ymax>350</ymax>
		</bndbox>
	</object>
	<object>
		<name>car</name>
		<pose>Unspecified</pose>
		<truncated>0</truncated>
		<difficult>0</difficult>
		<occluded>0</occluded>
		<bndbox>
			<xmin>77</xmin>
			<xmax>161</xmax>
			<ymin>182</ymin>
			<ymax>297</ymax>
		</bndbox>
	</object>
	<object>
		<name>auto</name>
		<pose>Unspecified</pose>
		<truncated>0</truncated>
		<difficult>0</difficult>
		<occluded>0</occluded>
		<bndbox>
			<xmin>240</xmin>
			<xmax>282</xmax>
			<ymin>178</ymin>
			<ymax>253</ymax>
		</bndbox>
	</object>
</annotation>
