<annotation>
	<folder></folder>
	<filename>frame_2345_jpg.rf.e20ded7cc6fe4d4314aa160ba04bea83.jpg</filename>
	<path>frame_2345_jpg.rf.e20ded7cc6fe4d4314aa160ba04bea83.jpg</path>
	<source>
		<database>roboflow.ai</database>
	</source>
	<size>
		<width>416</width>
		<height>416</height>
		<depth>3</depth>
	</size>
	<segmented>0</segmented>
	<object>
		<name>motorbike</name>
		<pose>Unspecified</pose>
		<truncated>0</truncated>
		<difficult>0</difficult>
		<occluded>0</occluded>
		<bndbox>
			<xmin>275</xmin>
			<xmax>358</xmax>
			<ymin>169</ymin>
			<ymax>339</ymax>
		</bndbox>
	</object>
	<object>
		<name>motorbike</name>
		<pose>Unspecified</pose>
		<truncated>0</truncated>
		<difficult>0</difficult>
		<occluded>0</occluded>
		<bndbox>
			<xmin>121</xmin>
			<xmax>197</xmax>
			<ymin>112</ymin>
			<ymax>231</ymax>
		</bndbox>
	</object>
	<object>
		<name>riksha</name>
		<pose>Unspecified</pose>
		<truncated>0</truncated>
		<difficult>0</difficult>
		<occluded>0</occluded>
		<bndbox>
			<xmin>4</xmin>
			<xmax>99</xmax>
			<ymin>34</ymin>
			<ymax>233</ymax>
		</bndbox>
	</object>
</annotation>
