<annotation>
	<folder></folder>
	<filename>frame_2346_jpg.rf.83419715c72ecffd54a27bca3936bd1d.jpg</filename>
	<path>frame_2346_jpg.rf.83419715c72ecffd54a27bca3936bd1d.jpg</path>
	<source>
		<database>roboflow.ai</database>
	</source>
	<size>
		<width>416</width>
		<height>416</height>
		<depth>3</depth>
	</size>
	<segmented>0</segmented>
	<object>
		<name>riksha</name>
		<pose>Unspecified</pose>
		<truncated>0</truncated>
		<difficult>0</difficult>
		<occluded>0</occluded>
		<bndbox>
			<xmin>0</xmin>
			<xmax>180</xmax>
			<ymin>41</ymin>
			<ymax>384</ymax>
		</bndbox>
	</object>
	<object>
		<name>motorbike</name>
		<pose>Unspecified</pose>
		<truncated>0</truncated>
		<difficult>0</difficult>
		<occluded>0</occluded>
		<bndbox>
			<xmin>111</xmin>
			<xmax>242</xmax>
			<ymin>137</ymin>
			<ymax>393</ymax>
		</bndbox>
	</object>
</annotation>
