<annotation>
	<folder></folder>
	<filename>frame_2357_jpg.rf.ba055b93d05a0c88b156e2d1509bd4ad.jpg</filename>
	<path>frame_2357_jpg.rf.ba055b93d05a0c88b156e2d1509bd4ad.jpg</path>
	<source>
		<database>roboflow.ai</database>
	</source>
	<size>
		<width>416</width>
		<height>416</height>
		<depth>3</depth>
	</size>
	<segmented>0</segmented>
	<object>
		<name>car</name>
		<pose>Unspecified</pose>
		<truncated>0</truncated>
		<difficult>0</difficult>
		<occluded>0</occluded>
		<bndbox>
			<xmin>38</xmin>
			<xmax>368</xmax>
			<ymin>42</ymin>
			<ymax>303</ymax>
		</bndbox>
	</object>
</annotation>
