<annotation>
	<folder></folder>
	<filename>frame_2394_jpg.rf.176078da02601c70c88b9106bd0a34d7.jpg</filename>
	<path>frame_2394_jpg.rf.176078da02601c70c88b9106bd0a34d7.jpg</path>
	<source>
		<database>roboflow.ai</database>
	</source>
	<size>
		<width>416</width>
		<height>416</height>
		<depth>3</depth>
	</size>
	<segmented>0</segmented>
	<object>
		<name>truck</name>
		<pose>Unspecified</pose>
		<truncated>0</truncated>
		<difficult>0</difficult>
		<occluded>0</occluded>
		<bndbox>
			<xmin>114</xmin>
			<xmax>387</xmax>
			<ymin>114</ymin>
			<ymax>348</ymax>
		</bndbox>
	</object>
</annotation>
