<annotation>
	<folder></folder>
	<filename>frame_2355_jpg.rf.a25726b7ccaad7b2af750ea604e2288d.jpg</filename>
	<path>frame_2355_jpg.rf.a25726b7ccaad7b2af750ea604e2288d.jpg</path>
	<source>
		<database>roboflow.ai</database>
	</source>
	<size>
		<width>416</width>
		<height>416</height>
		<depth>3</depth>
	</size>
	<segmented>0</segmented>
	<object>
		<name>car</name>
		<pose>Unspecified</pose>
		<truncated>0</truncated>
		<difficult>0</difficult>
		<occluded>0</occluded>
		<bndbox>
			<xmin>49</xmin>
			<xmax>354</xmax>
			<ymin>57</ymin>
			<ymax>364</ymax>
		</bndbox>
	</object>
</annotation>
