<annotation>
	<folder></folder>
	<filename>frame_2391_jpg.rf.81660daa7486b90acbf94bc4601a9c40.jpg</filename>
	<path>frame_2391_jpg.rf.81660daa7486b90acbf94bc4601a9c40.jpg</path>
	<source>
		<database>roboflow.ai</database>
	</source>
	<size>
		<width>416</width>
		<height>416</height>
		<depth>3</depth>
	</size>
	<segmented>0</segmented>
	<object>
		<name>truck</name>
		<pose>Unspecified</pose>
		<truncated>0</truncated>
		<difficult>0</difficult>
		<occluded>0</occluded>
		<bndbox>
			<xmin>196</xmin>
			<xmax>387</xmax>
			<ymin>70</ymin>
			<ymax>247</ymax>
		</bndbox>
	</object>
	<object>
		<name>truck</name>
		<pose>Unspecified</pose>
		<truncated>0</truncated>
		<difficult>0</difficult>
		<occluded>0</occluded>
		<bndbox>
			<xmin>0</xmin>
			<xmax>225</xmax>
			<ymin>0</ymin>
			<ymax>193</ymax>
		</bndbox>
	</object>
	<object>
		<name>truck</name>
		<pose>Unspecified</pose>
		<truncated>0</truncated>
		<difficult>0</difficult>
		<occluded>0</occluded>
		<bndbox>
			<xmin>364</xmin>
			<xmax>415</xmax>
			<ymin>160</ymin>
			<ymax>255</ymax>
		</bndbox>
	</object>
</annotation>
