<annotation>
	<folder></folder>
	<filename>frame_2330_jpg.rf.160b3996298e909b7974dae62bddd319.jpg</filename>
	<path>frame_2330_jpg.rf.160b3996298e909b7974dae62bddd319.jpg</path>
	<source>
		<database>roboflow.ai</database>
	</source>
	<size>
		<width>416</width>
		<height>416</height>
		<depth>3</depth>
	</size>
	<segmented>0</segmented>
	<object>
		<name>truck</name>
		<pose>Unspecified</pose>
		<truncated>0</truncated>
		<difficult>0</difficult>
		<occluded>0</occluded>
		<bndbox>
			<xmin>207</xmin>
			<xmax>343</xmax>
			<ymin>0</ymin>
			<ymax>237</ymax>
		</bndbox>
	</object>
</annotation>
