<annotation>
	<folder></folder>
	<filename>frame_2378_jpg.rf.8f07037c37f2fc1e68f5d15b64d6fe5d.jpg</filename>
	<path>frame_2378_jpg.rf.8f07037c37f2fc1e68f5d15b64d6fe5d.jpg</path>
	<source>
		<database>roboflow.ai</database>
	</source>
	<size>
		<width>416</width>
		<height>416</height>
		<depth>3</depth>
	</size>
	<segmented>0</segmented>
	<object>
		<name>motorbike</name>
		<pose>Unspecified</pose>
		<truncated>0</truncated>
		<difficult>0</difficult>
		<occluded>0</occluded>
		<bndbox>
			<xmin>246</xmin>
			<xmax>287</xmax>
			<ymin>137</ymin>
			<ymax>234</ymax>
		</bndbox>
	</object>
	<object>
		<name>car</name>
		<pose>Unspecified</pose>
		<truncated>0</truncated>
		<difficult>0</difficult>
		<occluded>0</occluded>
		<bndbox>
			<xmin>253</xmin>
			<xmax>278</xmax>
			<ymin>123</ymin>
			<ymax>152</ymax>
		</bndbox>
	</object>
</annotation>
