<annotation>
	<folder></folder>
	<filename>frame_2384_jpg.rf.d445d5a1438f8a2ade7153b61be25e95.jpg</filename>
	<path>frame_2384_jpg.rf.d445d5a1438f8a2ade7153b61be25e95.jpg</path>
	<source>
		<database>roboflow.ai</database>
	</source>
	<size>
		<width>416</width>
		<height>416</height>
		<depth>3</depth>
	</size>
	<segmented>0</segmented>
	<object>
		<name>car</name>
		<pose>Unspecified</pose>
		<truncated>0</truncated>
		<difficult>0</difficult>
		<occluded>0</occluded>
		<bndbox>
			<xmin>125</xmin>
			<xmax>238</xmax>
			<ymin>104</ymin>
			<ymax>267</ymax>
		</bndbox>
	</object>
	<object>
		<name>car</name>
		<pose>Unspecified</pose>
		<truncated>0</truncated>
		<difficult>0</difficult>
		<occluded>0</occluded>
		<bndbox>
			<xmin>263</xmin>
			<xmax>415</xmax>
			<ymin>0</ymin>
			<ymax>279</ymax>
		</bndbox>
	</object>
</annotation>
