<annotation>
	<folder></folder>
	<filename>frame_2389_jpg.rf.e2db025656c91fbd418e4a36d4a79f5b.jpg</filename>
	<path>frame_2389_jpg.rf.e2db025656c91fbd418e4a36d4a79f5b.jpg</path>
	<source>
		<database>roboflow.ai</database>
	</source>
	<size>
		<width>416</width>
		<height>416</height>
		<depth>3</depth>
	</size>
	<segmented>0</segmented>
	<object>
		<name>truck</name>
		<pose>Unspecified</pose>
		<truncated>0</truncated>
		<difficult>0</difficult>
		<occluded>0</occluded>
		<bndbox>
			<xmin>6</xmin>
			<xmax>402</xmax>
			<ymin>0</ymin>
			<ymax>346</ymax>
		</bndbox>
	</object>
</annotation>
