<annotation>
	<folder></folder>
	<filename>frame_2391_jpg.rf.9714864a5be3e58eed8bc12b7f2fdb5a.jpg</filename>
	<path>frame_2391_jpg.rf.9714864a5be3e58eed8bc12b7f2fdb5a.jpg</path>
	<source>
		<database>roboflow.ai</database>
	</source>
	<size>
		<width>416</width>
		<height>416</height>
		<depth>3</depth>
	</size>
	<segmented>0</segmented>
	<object>
		<name>truck</name>
		<pose>Unspecified</pose>
		<truncated>0</truncated>
		<difficult>0</difficult>
		<occluded>0</occluded>
		<bndbox>
			<xmin>202</xmin>
			<xmax>386</xmax>
			<ymin>6</ymin>
			<ymax>209</ymax>
		</bndbox>
	</object>
	<object>
		<name>truck</name>
		<pose>Unspecified</pose>
		<truncated>0</truncated>
		<difficult>0</difficult>
		<occluded>0</occluded>
		<bndbox>
			<xmin>0</xmin>
			<xmax>224</xmax>
			<ymin>51</ymin>
			<ymax>276</ymax>
		</bndbox>
	</object>
	<object>
		<name>truck</name>
		<pose>Unspecified</pose>
		<truncated>0</truncated>
		<difficult>0</difficult>
		<occluded>0</occluded>
		<bndbox>
			<xmin>365</xmin>
			<xmax>415</xmax>
			<ymin>38</ymin>
			<ymax>145</ymax>
		</bndbox>
	</object>
</annotation>
