<annotation>
	<folder></folder>
	<filename>frame_2392_jpg.rf.8f010ee9d639221db8bbefab0b17f974.jpg</filename>
	<path>frame_2392_jpg.rf.8f010ee9d639221db8bbefab0b17f974.jpg</path>
	<source>
		<database>roboflow.ai</database>
	</source>
	<size>
		<width>416</width>
		<height>416</height>
		<depth>3</depth>
	</size>
	<segmented>0</segmented>
	<object>
		<name>truck</name>
		<pose>Unspecified</pose>
		<truncated>0</truncated>
		<difficult>0</difficult>
		<occluded>0</occluded>
		<bndbox>
			<xmin>76</xmin>
			<xmax>279</xmax>
			<ymin>53</ymin>
			<ymax>248</ymax>
		</bndbox>
	</object>
	<object>
		<name>truck</name>
		<pose>Unspecified</pose>
		<truncated>0</truncated>
		<difficult>0</difficult>
		<occluded>0</occluded>
		<bndbox>
			<xmin>234</xmin>
			<xmax>415</xmax>
			<ymin>10</ymin>
			<ymax>237</ymax>
		</bndbox>
	</object>
</annotation>
