<annotation>
	<folder></folder>
	<filename>frame_2360_jpg.rf.3807c5fe7713ad0405cf1ccd4a6300d2.jpg</filename>
	<path>frame_2360_jpg.rf.3807c5fe7713ad0405cf1ccd4a6300d2.jpg</path>
	<source>
		<database>roboflow.ai</database>
	</source>
	<size>
		<width>416</width>
		<height>416</height>
		<depth>3</depth>
	</size>
	<segmented>0</segmented>
	<object>
		<name>motorbike</name>
		<pose>Unspecified</pose>
		<truncated>0</truncated>
		<difficult>0</difficult>
		<occluded>0</occluded>
		<bndbox>
			<xmin>292</xmin>
			<xmax>314</xmax>
			<ymin>145</ymin>
			<ymax>206</ymax>
		</bndbox>
	</object>
	<object>
		<name>motorbike</name>
		<pose>Unspecified</pose>
		<truncated>0</truncated>
		<difficult>0</difficult>
		<occluded>0</occluded>
		<bndbox>
			<xmin>218</xmin>
			<xmax>235</xmax>
			<ymin>126</ymin>
			<ymax>183</ymax>
		</bndbox>
	</object>
	<object>
		<name>motorbike</name>
		<pose>Unspecified</pose>
		<truncated>0</truncated>
		<difficult>0</difficult>
		<occluded>0</occluded>
		<bndbox>
			<xmin>270</xmin>
			<xmax>287</xmax>
			<ymin>129</ymin>
			<ymax>186</ymax>
		</bndbox>
	</object>
</annotation>
