<annotation>
	<folder></folder>
	<filename>frame_2393_jpg.rf.ca1faa4baa23ca576ecfa19e26419dc9.jpg</filename>
	<path>frame_2393_jpg.rf.ca1faa4baa23ca576ecfa19e26419dc9.jpg</path>
	<source>
		<database>roboflow.ai</database>
	</source>
	<size>
		<width>416</width>
		<height>416</height>
		<depth>3</depth>
	</size>
	<segmented>0</segmented>
	<object>
		<name>truck</name>
		<pose>Unspecified</pose>
		<truncated>0</truncated>
		<difficult>0</difficult>
		<occluded>0</occluded>
		<bndbox>
			<xmin>0</xmin>
			<xmax>113</xmax>
			<ymin>143</ymin>
			<ymax>340</ymax>
		</bndbox>
	</object>
	<object>
		<name>truck</name>
		<pose>Unspecified</pose>
		<truncated>0</truncated>
		<difficult>0</difficult>
		<occluded>0</occluded>
		<bndbox>
			<xmin>73</xmin>
			<xmax>384</xmax>
			<ymin>0</ymin>
			<ymax>281</ymax>
		</bndbox>
	</object>
</annotation>
