<annotation>
	<folder></folder>
	<filename>frame_2394_jpg.rf.77db88db30958d21b00f403c40f64a1c.jpg</filename>
	<path>frame_2394_jpg.rf.77db88db30958d21b00f403c40f64a1c.jpg</path>
	<source>
		<database>roboflow.ai</database>
	</source>
	<size>
		<width>416</width>
		<height>416</height>
		<depth>3</depth>
	</size>
	<segmented>0</segmented>
	<object>
		<name>truck</name>
		<pose>Unspecified</pose>
		<truncated>0</truncated>
		<difficult>0</difficult>
		<occluded>0</occluded>
		<bndbox>
			<xmin>24</xmin>
			<xmax>294</xmax>
			<ymin>103</ymin>
			<ymax>371</ymax>
		</bndbox>
	</object>
</annotation>
