<annotation>
	<folder></folder>
	<filename>frame_2388_jpg.rf.e357cb5f7f0f08fd9524f9b445406186.jpg</filename>
	<path>frame_2388_jpg.rf.e357cb5f7f0f08fd9524f9b445406186.jpg</path>
	<source>
		<database>roboflow.ai</database>
	</source>
	<size>
		<width>416</width>
		<height>416</height>
		<depth>3</depth>
	</size>
	<segmented>0</segmented>
	<object>
		<name>truck</name>
		<pose>Unspecified</pose>
		<truncated>0</truncated>
		<difficult>0</difficult>
		<occluded>0</occluded>
		<bndbox>
			<xmin>169</xmin>
			<xmax>409</xmax>
			<ymin>52</ymin>
			<ymax>338</ymax>
		</bndbox>
	</object>
	<object>
		<name>truck</name>
		<pose>Unspecified</pose>
		<truncated>0</truncated>
		<difficult>0</difficult>
		<occluded>0</occluded>
		<bndbox>
			<xmin>0</xmin>
			<xmax>178</xmax>
			<ymin>16</ymin>
			<ymax>242</ymax>
		</bndbox>
	</object>
</annotation>
