<annotation>
	<folder></folder>
	<filename>frame_2321_jpg.rf.17f3a13e000500d003ffef92eb87e9bc.jpg</filename>
	<path>frame_2321_jpg.rf.17f3a13e000500d003ffef92eb87e9bc.jpg</path>
	<source>
		<database>roboflow.ai</database>
	</source>
	<size>
		<width>416</width>
		<height>416</height>
		<depth>3</depth>
	</size>
	<segmented>0</segmented>
	<object>
		<name>truck</name>
		<pose>Unspecified</pose>
		<truncated>0</truncated>
		<difficult>0</difficult>
		<occluded>0</occluded>
		<bndbox>
			<xmin>151</xmin>
			<xmax>219</xmax>
			<ymin>155</ymin>
			<ymax>248</ymax>
		</bndbox>
	</object>
</annotation>
