<annotation>
	<folder></folder>
	<filename>frame_2367_jpg.rf.e16ac5173732911d541825a20154dc9c.jpg</filename>
	<path>frame_2367_jpg.rf.e16ac5173732911d541825a20154dc9c.jpg</path>
	<source>
		<database>roboflow.ai</database>
	</source>
	<size>
		<width>416</width>
		<height>416</height>
		<depth>3</depth>
	</size>
	<segmented>0</segmented>
	<object>
		<name>car</name>
		<pose>Unspecified</pose>
		<truncated>0</truncated>
		<difficult>0</difficult>
		<occluded>0</occluded>
		<bndbox>
			<xmin>209</xmin>
			<xmax>264</xmax>
			<ymin>128</ymin>
			<ymax>223</ymax>
		</bndbox>
	</object>
</annotation>
