<annotation>
	<folder></folder>
	<filename>frame_2363_jpg.rf.005b6e9ed3caaf3f433303ba2eb42652.jpg</filename>
	<path>frame_2363_jpg.rf.005b6e9ed3caaf3f433303ba2eb42652.jpg</path>
	<source>
		<database>roboflow.ai</database>
	</source>
	<size>
		<width>416</width>
		<height>416</height>
		<depth>3</depth>
	</size>
	<segmented>0</segmented>
	<object>
		<name>motorbike</name>
		<pose>Unspecified</pose>
		<truncated>0</truncated>
		<difficult>0</difficult>
		<occluded>0</occluded>
		<bndbox>
			<xmin>76</xmin>
			<xmax>113</xmax>
			<ymin>148</ymin>
			<ymax>214</ymax>
		</bndbox>
	</object>
	<object>
		<name>car</name>
		<pose>Unspecified</pose>
		<truncated>0</truncated>
		<difficult>0</difficult>
		<occluded>0</occluded>
		<bndbox>
			<xmin>162</xmin>
			<xmax>188</xmax>
			<ymin>133</ymin>
			<ymax>168</ymax>
		</bndbox>
	</object>
</annotation>
