<annotation>
	<folder></folder>
	<filename>frame_2377_jpg.rf.28364e6e0db4b6b6639e4c8380e253e5.jpg</filename>
	<path>frame_2377_jpg.rf.28364e6e0db4b6b6639e4c8380e253e5.jpg</path>
	<source>
		<database>roboflow.ai</database>
	</source>
	<size>
		<width>416</width>
		<height>416</height>
		<depth>3</depth>
	</size>
	<segmented>0</segmented>
	<object>
		<name>motorbike</name>
		<pose>Unspecified</pose>
		<truncated>0</truncated>
		<difficult>0</difficult>
		<occluded>0</occluded>
		<bndbox>
			<xmin>243</xmin>
			<xmax>265</xmax>
			<ymin>121</ymin>
			<ymax>178</ymax>
		</bndbox>
	</object>
	<object>
		<name>bicycle</name>
		<pose>Unspecified</pose>
		<truncated>0</truncated>
		<difficult>0</difficult>
		<occluded>0</occluded>
		<bndbox>
			<xmin>131</xmin>
			<xmax>155</xmax>
			<ymin>136</ymin>
			<ymax>199</ymax>
		</bndbox>
	</object>
	<object>
		<name>bicycle</name>
		<pose>Unspecified</pose>
		<truncated>0</truncated>
		<difficult>0</difficult>
		<occluded>0</occluded>
		<bndbox>
			<xmin>192</xmin>
			<xmax>215</xmax>
			<ymin>107</ymin>
			<ymax>159</ymax>
		</bndbox>
	</object>
</annotation>
