<annotation>
	<folder></folder>
	<filename>frame_2336_jpg.rf.79921866db3703959406968d67ea8b78.jpg</filename>
	<path>frame_2336_jpg.rf.79921866db3703959406968d67ea8b78.jpg</path>
	<source>
		<database>roboflow.ai</database>
	</source>
	<size>
		<width>416</width>
		<height>416</height>
		<depth>3</depth>
	</size>
	<segmented>0</segmented>
	<object>
		<name>motorbike</name>
		<pose>Unspecified</pose>
		<truncated>0</truncated>
		<difficult>0</difficult>
		<occluded>0</occluded>
		<bndbox>
			<xmin>286</xmin>
			<xmax>377</xmax>
			<ymin>192</ymin>
			<ymax>395</ymax>
		</bndbox>
	</object>
	<object>
		<name>motorbike</name>
		<pose>Unspecified</pose>
		<truncated>0</truncated>
		<difficult>0</difficult>
		<occluded>0</occluded>
		<bndbox>
			<xmin>241</xmin>
			<xmax>318</xmax>
			<ymin>175</ymin>
			<ymax>397</ymax>
		</bndbox>
	</object>
</annotation>
