<annotation>
	<folder></folder>
	<filename>frame_2327_jpg.rf.aaefa4fda750d5c87bbc59694117dc18.jpg</filename>
	<path>frame_2327_jpg.rf.aaefa4fda750d5c87bbc59694117dc18.jpg</path>
	<source>
		<database>roboflow.ai</database>
	</source>
	<size>
		<width>416</width>
		<height>416</height>
		<depth>3</depth>
	</size>
	<segmented>0</segmented>
	<object>
		<name>motorbike</name>
		<pose>Unspecified</pose>
		<truncated>0</truncated>
		<difficult>0</difficult>
		<occluded>0</occluded>
		<bndbox>
			<xmin>145</xmin>
			<xmax>169</xmax>
			<ymin>278</ymin>
			<ymax>336</ymax>
		</bndbox>
	</object>
	<object>
		<name>truck</name>
		<pose>Unspecified</pose>
		<truncated>0</truncated>
		<difficult>0</difficult>
		<occluded>0</occluded>
		<bndbox>
			<xmin>205</xmin>
			<xmax>235</xmax>
			<ymin>256</ymin>
			<ymax>313</ymax>
		</bndbox>
	</object>
	<object>
		<name>bus</name>
		<pose>Unspecified</pose>
		<truncated>0</truncated>
		<difficult>0</difficult>
		<occluded>0</occluded>
		<bndbox>
			<xmin>167</xmin>
			<xmax>196</xmax>
			<ymin>257</ymin>
			<ymax>305</ymax>
		</bndbox>
	</object>
	<object>
		<name>truck</name>
		<pose>Unspecified</pose>
		<truncated>0</truncated>
		<difficult>0</difficult>
		<occluded>0</occluded>
		<bndbox>
			<xmin>29</xmin>
			<xmax>87</xmax>
			<ymin>264</ymin>
			<ymax>316</ymax>
		</bndbox>
	</object>
</annotation>
