<annotation>
	<folder></folder>
	<filename>frame_2355_jpg.rf.befd4d52746b12659cf5aa5634738c5b.jpg</filename>
	<path>frame_2355_jpg.rf.befd4d52746b12659cf5aa5634738c5b.jpg</path>
	<source>
		<database>roboflow.ai</database>
	</source>
	<size>
		<width>416</width>
		<height>416</height>
		<depth>3</depth>
	</size>
	<segmented>0</segmented>
	<object>
		<name>car</name>
		<pose>Unspecified</pose>
		<truncated>0</truncated>
		<difficult>0</difficult>
		<occluded>0</occluded>
		<bndbox>
			<xmin>75</xmin>
			<xmax>356</xmax>
			<ymin>36</ymin>
			<ymax>384</ymax>
		</bndbox>
	</object>
</annotation>
