<annotation>
	<folder></folder>
	<filename>frame_2375_jpg.rf.bc2d7fb09c242bfb29bd9c0f7e0fb5bc.jpg</filename>
	<path>frame_2375_jpg.rf.bc2d7fb09c242bfb29bd9c0f7e0fb5bc.jpg</path>
	<source>
		<database>roboflow.ai</database>
	</source>
	<size>
		<width>416</width>
		<height>416</height>
		<depth>3</depth>
	</size>
	<segmented>0</segmented>
	<object>
		<name>car</name>
		<pose>Unspecified</pose>
		<truncated>0</truncated>
		<difficult>0</difficult>
		<occluded>0</occluded>
		<bndbox>
			<xmin>182</xmin>
			<xmax>215</xmax>
			<ymin>114</ymin>
			<ymax>160</ymax>
		</bndbox>
	</object>
</annotation>
