<annotation>
	<folder></folder>
	<filename>frame_2293_jpg.rf.80832e981000caa700f21be94c9c3268.jpg</filename>
	<path>frame_2293_jpg.rf.80832e981000caa700f21be94c9c3268.jpg</path>
	<source>
		<database>roboflow.ai</database>
	</source>
	<size>
		<width>416</width>
		<height>416</height>
		<depth>3</depth>
	</size>
	<segmented>0</segmented>
	<object>
		<name>car</name>
		<pose>Unspecified</pose>
		<truncated>0</truncated>
		<difficult>0</difficult>
		<occluded>0</occluded>
		<bndbox>
			<xmin>111</xmin>
			<xmax>172</xmax>
			<ymin>249</ymin>
			<ymax>360</ymax>
		</bndbox>
	</object>
</annotation>
