<annotation>
	<folder></folder>
	<filename>frame_2341_jpg.rf.b0345ce4ee7c0b8313aa18708f9203b8.jpg</filename>
	<path>frame_2341_jpg.rf.b0345ce4ee7c0b8313aa18708f9203b8.jpg</path>
	<source>
		<database>roboflow.ai</database>
	</source>
	<size>
		<width>416</width>
		<height>416</height>
		<depth>3</depth>
	</size>
	<segmented>0</segmented>
	<object>
		<name>motorbike</name>
		<pose>Unspecified</pose>
		<truncated>0</truncated>
		<difficult>0</difficult>
		<occluded>0</occluded>
		<bndbox>
			<xmin>84</xmin>
			<xmax>287</xmax>
			<ymin>86</ymin>
			<ymax>415</ymax>
		</bndbox>
	</object>
</annotation>
