<annotation>
	<folder></folder>
	<filename>frame_2349_jpg.rf.f558a91ac89b5eab5553bf2d2ec6e99d.jpg</filename>
	<path>frame_2349_jpg.rf.f558a91ac89b5eab5553bf2d2ec6e99d.jpg</path>
	<source>
		<database>roboflow.ai</database>
	</source>
	<size>
		<width>416</width>
		<height>416</height>
		<depth>3</depth>
	</size>
	<segmented>0</segmented>
	<object>
		<name>motorbike</name>
		<pose>Unspecified</pose>
		<truncated>0</truncated>
		<difficult>0</difficult>
		<occluded>0</occluded>
		<bndbox>
			<xmin>264</xmin>
			<xmax>392</xmax>
			<ymin>74</ymin>
			<ymax>331</ymax>
		</bndbox>
	</object>
	<object>
		<name>motorbike</name>
		<pose>Unspecified</pose>
		<truncated>0</truncated>
		<difficult>0</difficult>
		<occluded>0</occluded>
		<bndbox>
			<xmin>312</xmin>
			<xmax>415</xmax>
			<ymin>58</ymin>
			<ymax>369</ymax>
		</bndbox>
	</object>
	<object>
		<name>auto</name>
		<pose>Unspecified</pose>
		<truncated>0</truncated>
		<difficult>0</difficult>
		<occluded>0</occluded>
		<bndbox>
			<xmin>37</xmin>
			<xmax>264</xmax>
			<ymin>123</ymin>
			<ymax>415</ymax>
		</bndbox>
	</object>
</annotation>
