<annotation>
	<folder></folder>
	<filename>frame_2343_jpg.rf.5d17024a94439cde14a6b5655fb01846.jpg</filename>
	<path>frame_2343_jpg.rf.5d17024a94439cde14a6b5655fb01846.jpg</path>
	<source>
		<database>roboflow.ai</database>
	</source>
	<size>
		<width>416</width>
		<height>416</height>
		<depth>3</depth>
	</size>
	<segmented>0</segmented>
	<object>
		<name>motorbike</name>
		<pose>Unspecified</pose>
		<truncated>0</truncated>
		<difficult>0</difficult>
		<occluded>0</occluded>
		<bndbox>
			<xmin>89</xmin>
			<xmax>227</xmax>
			<ymin>205</ymin>
			<ymax>401</ymax>
		</bndbox>
	</object>
	<object>
		<name>auto</name>
		<pose>Unspecified</pose>
		<truncated>0</truncated>
		<difficult>0</difficult>
		<occluded>0</occluded>
		<bndbox>
			<xmin>199</xmin>
			<xmax>300</xmax>
			<ymin>142</ymin>
			<ymax>299</ymax>
		</bndbox>
	</object>
</annotation>
