<annotation>
	<folder></folder>
	<filename>frame_2356_jpg.rf.139f31ab906de932f87f9cdb0f3ccda9.jpg</filename>
	<path>frame_2356_jpg.rf.139f31ab906de932f87f9cdb0f3ccda9.jpg</path>
	<source>
		<database>roboflow.ai</database>
	</source>
	<size>
		<width>416</width>
		<height>416</height>
		<depth>3</depth>
	</size>
	<segmented>0</segmented>
	<object>
		<name>car</name>
		<pose>Unspecified</pose>
		<truncated>0</truncated>
		<difficult>0</difficult>
		<occluded>0</occluded>
		<bndbox>
			<xmin>159</xmin>
			<xmax>237</xmax>
			<ymin>100</ymin>
			<ymax>184</ymax>
		</bndbox>
	</object>
</annotation>
