<annotation>
	<folder></folder>
	<filename>frame_2393_jpg.rf.265f63344555cc60550b5742bdf0551d.jpg</filename>
	<path>frame_2393_jpg.rf.265f63344555cc60550b5742bdf0551d.jpg</path>
	<source>
		<database>roboflow.ai</database>
	</source>
	<size>
		<width>416</width>
		<height>416</height>
		<depth>3</depth>
	</size>
	<segmented>0</segmented>
	<object>
		<name>truck</name>
		<pose>Unspecified</pose>
		<truncated>0</truncated>
		<difficult>0</difficult>
		<occluded>0</occluded>
		<bndbox>
			<xmin>3</xmin>
			<xmax>118</xmax>
			<ymin>83</ymin>
			<ymax>257</ymax>
		</bndbox>
	</object>
	<object>
		<name>truck</name>
		<pose>Unspecified</pose>
		<truncated>0</truncated>
		<difficult>0</difficult>
		<occluded>0</occluded>
		<bndbox>
			<xmin>98</xmin>
			<xmax>402</xmax>
			<ymin>26</ymin>
			<ymax>273</ymax>
		</bndbox>
	</object>
</annotation>
