<annotation>
	<folder></folder>
	<filename>frame_2327_jpg.rf.859040c3c59ac195b0545b5721ac2fc3.jpg</filename>
	<path>frame_2327_jpg.rf.859040c3c59ac195b0545b5721ac2fc3.jpg</path>
	<source>
		<database>roboflow.ai</database>
	</source>
	<size>
		<width>416</width>
		<height>416</height>
		<depth>3</depth>
	</size>
	<segmented>0</segmented>
	<object>
		<name>motorbike</name>
		<pose>Unspecified</pose>
		<truncated>0</truncated>
		<difficult>0</difficult>
		<occluded>0</occluded>
		<bndbox>
			<xmin>235</xmin>
			<xmax>259</xmax>
			<ymin>275</ymin>
			<ymax>334</ymax>
		</bndbox>
	</object>
	<object>
		<name>truck</name>
		<pose>Unspecified</pose>
		<truncated>0</truncated>
		<difficult>0</difficult>
		<occluded>0</occluded>
		<bndbox>
			<xmin>172</xmin>
			<xmax>201</xmax>
			<ymin>256</ymin>
			<ymax>315</ymax>
		</bndbox>
	</object>
	<object>
		<name>bus</name>
		<pose>Unspecified</pose>
		<truncated>0</truncated>
		<difficult>0</difficult>
		<occluded>0</occluded>
		<bndbox>
			<xmin>213</xmin>
			<xmax>240</xmax>
			<ymin>255</ymin>
			<ymax>304</ymax>
		</bndbox>
	</object>
	<object>
		<name>truck</name>
		<pose>Unspecified</pose>
		<truncated>0</truncated>
		<difficult>0</difficult>
		<occluded>0</occluded>
		<bndbox>
			<xmin>322</xmin>
			<xmax>373</xmax>
			<ymin>256</ymin>
			<ymax>310</ymax>
		</bndbox>
	</object>
</annotation>
