<annotation>
	<folder></folder>
	<filename>frame_2374_jpg.rf.0904891cbaf989189ed2a19bf9e79796.jpg</filename>
	<path>frame_2374_jpg.rf.0904891cbaf989189ed2a19bf9e79796.jpg</path>
	<source>
		<database>roboflow.ai</database>
	</source>
	<size>
		<width>416</width>
		<height>416</height>
		<depth>3</depth>
	</size>
	<segmented>0</segmented>
	<object>
		<name>motorbike</name>
		<pose>Unspecified</pose>
		<truncated>0</truncated>
		<difficult>0</difficult>
		<occluded>0</occluded>
		<bndbox>
			<xmin>309</xmin>
			<xmax>376</xmax>
			<ymin>191</ymin>
			<ymax>325</ymax>
		</bndbox>
	</object>
</annotation>
