<annotation>
	<folder></folder>
	<filename>frame_2388_jpg.rf.2da04eb2745652b62bd7053e8356dc04.jpg</filename>
	<path>frame_2388_jpg.rf.2da04eb2745652b62bd7053e8356dc04.jpg</path>
	<source>
		<database>roboflow.ai</database>
	</source>
	<size>
		<width>416</width>
		<height>416</height>
		<depth>3</depth>
	</size>
	<segmented>0</segmented>
	<object>
		<name>truck</name>
		<pose>Unspecified</pose>
		<truncated>0</truncated>
		<difficult>0</difficult>
		<occluded>0</occluded>
		<bndbox>
			<xmin>162</xmin>
			<xmax>413</xmax>
			<ymin>44</ymin>
			<ymax>335</ymax>
		</bndbox>
	</object>
	<object>
		<name>truck</name>
		<pose>Unspecified</pose>
		<truncated>0</truncated>
		<difficult>0</difficult>
		<occluded>0</occluded>
		<bndbox>
			<xmin>0</xmin>
			<xmax>181</xmax>
			<ymin>24</ymin>
			<ymax>255</ymax>
		</bndbox>
	</object>
</annotation>
