<annotation>
	<folder></folder>
	<filename>frame_2329_jpg.rf.07795187c09b985bd463f2c7d4e07251.jpg</filename>
	<path>frame_2329_jpg.rf.07795187c09b985bd463f2c7d4e07251.jpg</path>
	<source>
		<database>roboflow.ai</database>
	</source>
	<size>
		<width>416</width>
		<height>416</height>
		<depth>3</depth>
	</size>
	<segmented>0</segmented>
	<object>
		<name>truck</name>
		<pose>Unspecified</pose>
		<truncated>0</truncated>
		<difficult>0</difficult>
		<occluded>0</occluded>
		<bndbox>
			<xmin>130</xmin>
			<xmax>256</xmax>
			<ymin>0</ymin>
			<ymax>229</ymax>
		</bndbox>
	</object>
</annotation>
