<annotation>
	<folder></folder>
	<filename>frame_2344_jpg.rf.e23351616bd1822d4870be5b68c66fea.jpg</filename>
	<path>frame_2344_jpg.rf.e23351616bd1822d4870be5b68c66fea.jpg</path>
	<source>
		<database>roboflow.ai</database>
	</source>
	<size>
		<width>416</width>
		<height>416</height>
		<depth>3</depth>
	</size>
	<segmented>0</segmented>
	<object>
		<name>motorbike</name>
		<pose>Unspecified</pose>
		<truncated>0</truncated>
		<difficult>0</difficult>
		<occluded>0</occluded>
		<bndbox>
			<xmin>205</xmin>
			<xmax>265</xmax>
			<ymin>116</ymin>
			<ymax>260</ymax>
		</bndbox>
	</object>
</annotation>
