<annotation>
	<folder></folder>
	<filename>frame_2325_jpg.rf.e0b70d9d8280c7f05581cd7388d6aa40.jpg</filename>
	<path>frame_2325_jpg.rf.e0b70d9d8280c7f05581cd7388d6aa40.jpg</path>
	<source>
		<database>roboflow.ai</database>
	</source>
	<size>
		<width>416</width>
		<height>416</height>
		<depth>3</depth>
	</size>
	<segmented>0</segmented>
	<object>
		<name>truck</name>
		<pose>Unspecified</pose>
		<truncated>0</truncated>
		<difficult>0</difficult>
		<occluded>0</occluded>
		<bndbox>
			<xmin>149</xmin>
			<xmax>208</xmax>
			<ymin>233</ymin>
			<ymax>310</ymax>
		</bndbox>
	</object>
</annotation>
