<annotation>
	<folder></folder>
	<filename>frame_2367_jpg.rf.09fa90412f4ba5afcac3f1506206a7b2.jpg</filename>
	<path>frame_2367_jpg.rf.09fa90412f4ba5afcac3f1506206a7b2.jpg</path>
	<source>
		<database>roboflow.ai</database>
	</source>
	<size>
		<width>416</width>
		<height>416</height>
		<depth>3</depth>
	</size>
	<segmented>0</segmented>
	<object>
		<name>car</name>
		<pose>Unspecified</pose>
		<truncated>0</truncated>
		<difficult>0</difficult>
		<occluded>0</occluded>
		<bndbox>
			<xmin>145</xmin>
			<xmax>212</xmax>
			<ymin>146</ymin>
			<ymax>233</ymax>
		</bndbox>
	</object>
</annotation>
