<annotation>
	<folder></folder>
	<filename>frame_2332_jpg.rf.f4d6785b2d9d9601ba4313bf2e300f61.jpg</filename>
	<path>frame_2332_jpg.rf.f4d6785b2d9d9601ba4313bf2e300f61.jpg</path>
	<source>
		<database>roboflow.ai</database>
	</source>
	<size>
		<width>416</width>
		<height>416</height>
		<depth>3</depth>
	</size>
	<segmented>0</segmented>
	<object>
		<name>truck</name>
		<pose>Unspecified</pose>
		<truncated>0</truncated>
		<difficult>0</difficult>
		<occluded>0</occluded>
		<bndbox>
			<xmin>51</xmin>
			<xmax>276</xmax>
			<ymin>127</ymin>
			<ymax>338</ymax>
		</bndbox>
	</object>
</annotation>
