<annotation>
	<folder></folder>
	<filename>frame_2331_jpg.rf.c74df04dabec69bfa69554c96e5319fd.jpg</filename>
	<path>frame_2331_jpg.rf.c74df04dabec69bfa69554c96e5319fd.jpg</path>
	<source>
		<database>roboflow.ai</database>
	</source>
	<size>
		<width>416</width>
		<height>416</height>
		<depth>3</depth>
	</size>
	<segmented>0</segmented>
	<object>
		<name>truck</name>
		<pose>Unspecified</pose>
		<truncated>0</truncated>
		<difficult>0</difficult>
		<occluded>0</occluded>
		<bndbox>
			<xmin>153</xmin>
			<xmax>284</xmax>
			<ymin>162</ymin>
			<ymax>339</ymax>
		</bndbox>
	</object>
	<object>
		<name>car</name>
		<pose>Unspecified</pose>
		<truncated>0</truncated>
		<difficult>0</difficult>
		<occluded>0</occluded>
		<bndbox>
			<xmin>252</xmin>
			<xmax>310</xmax>
			<ymin>194</ymin>
			<ymax>299</ymax>
		</bndbox>
	</object>
	<object>
		<name>auto</name>
		<pose>Unspecified</pose>
		<truncated>0</truncated>
		<difficult>0</difficult>
		<occluded>0</occluded>
		<bndbox>
			<xmin>139</xmin>
			<xmax>165</xmax>
			<ymin>176</ymin>
			<ymax>246</ymax>
		</bndbox>
	</object>
</annotation>
