<annotation>
	<folder></folder>
	<filename>frame_2378_jpg.rf.b3da9aa0d587d860109bad042d0804ed.jpg</filename>
	<path>frame_2378_jpg.rf.b3da9aa0d587d860109bad042d0804ed.jpg</path>
	<source>
		<database>roboflow.ai</database>
	</source>
	<size>
		<width>416</width>
		<height>416</height>
		<depth>3</depth>
	</size>
	<segmented>0</segmented>
	<object>
		<name>motorbike</name>
		<pose>Unspecified</pose>
		<truncated>0</truncated>
		<difficult>0</difficult>
		<occluded>0</occluded>
		<bndbox>
			<xmin>120</xmin>
			<xmax>182</xmax>
			<ymin>131</ymin>
			<ymax>226</ymax>
		</bndbox>
	</object>
	<object>
		<name>car</name>
		<pose>Unspecified</pose>
		<truncated>0</truncated>
		<difficult>0</difficult>
		<occluded>0</occluded>
		<bndbox>
			<xmin>149</xmin>
			<xmax>180</xmax>
			<ymin>118</ymin>
			<ymax>150</ymax>
		</bndbox>
	</object>
</annotation>
