<annotation>
	<folder></folder>
	<filename>frame_2324_jpg.rf.7327ea43db4b386ec0a55841bbfff6ea.jpg</filename>
	<path>frame_2324_jpg.rf.7327ea43db4b386ec0a55841bbfff6ea.jpg</path>
	<source>
		<database>roboflow.ai</database>
	</source>
	<size>
		<width>416</width>
		<height>416</height>
		<depth>3</depth>
	</size>
	<segmented>0</segmented>
	<object>
		<name>auto</name>
		<pose>Unspecified</pose>
		<truncated>0</truncated>
		<difficult>0</difficult>
		<occluded>0</occluded>
		<bndbox>
			<xmin>95</xmin>
			<xmax>171</xmax>
			<ymin>166</ymin>
			<ymax>293</ymax>
		</bndbox>
	</object>
</annotation>
