<annotation>
	<folder></folder>
	<filename>frame_2343_jpg.rf.cc94dbeac77597ebe5bbd31ef9fd1b8c.jpg</filename>
	<path>frame_2343_jpg.rf.cc94dbeac77597ebe5bbd31ef9fd1b8c.jpg</path>
	<source>
		<database>roboflow.ai</database>
	</source>
	<size>
		<width>416</width>
		<height>416</height>
		<depth>3</depth>
	</size>
	<segmented>0</segmented>
	<object>
		<name>motorbike</name>
		<pose>Unspecified</pose>
		<truncated>0</truncated>
		<difficult>0</difficult>
		<occluded>0</occluded>
		<bndbox>
			<xmin>167</xmin>
			<xmax>277</xmax>
			<ymin>219</ymin>
			<ymax>383</ymax>
		</bndbox>
	</object>
	<object>
		<name>auto</name>
		<pose>Unspecified</pose>
		<truncated>0</truncated>
		<difficult>0</difficult>
		<occluded>0</occluded>
		<bndbox>
			<xmin>122</xmin>
			<xmax>199</xmax>
			<ymin>155</ymin>
			<ymax>288</ymax>
		</bndbox>
	</object>
</annotation>
