<annotation>
	<folder></folder>
	<filename>frame_2387_jpg.rf.023f60e10fe4e493cd4b31bd85a76fb7.jpg</filename>
	<path>frame_2387_jpg.rf.023f60e10fe4e493cd4b31bd85a76fb7.jpg</path>
	<source>
		<database>roboflow.ai</database>
	</source>
	<size>
		<width>416</width>
		<height>416</height>
		<depth>3</depth>
	</size>
	<segmented>0</segmented>
	<object>
		<name>truck</name>
		<pose>Unspecified</pose>
		<truncated>0</truncated>
		<difficult>0</difficult>
		<occluded>0</occluded>
		<bndbox>
			<xmin>0</xmin>
			<xmax>166</xmax>
			<ymin>43</ymin>
			<ymax>288</ymax>
		</bndbox>
	</object>
	<object>
		<name>truck</name>
		<pose>Unspecified</pose>
		<truncated>0</truncated>
		<difficult>0</difficult>
		<occluded>0</occluded>
		<bndbox>
			<xmin>137</xmin>
			<xmax>186</xmax>
			<ymin>75</ymin>
			<ymax>193</ymax>
		</bndbox>
	</object>
	<object>
		<name>truck</name>
		<pose>Unspecified</pose>
		<truncated>0</truncated>
		<difficult>0</difficult>
		<occluded>0</occluded>
		<bndbox>
			<xmin>228</xmin>
			<xmax>408</xmax>
			<ymin>41</ymin>
			<ymax>210</ymax>
		</bndbox>
	</object>
</annotation>
