<annotation>
	<folder></folder>
	<filename>frame_2355_jpg.rf.a1c78de1f24cf6933319fdcf8fdf4a92.jpg</filename>
	<path>frame_2355_jpg.rf.a1c78de1f24cf6933319fdcf8fdf4a92.jpg</path>
	<source>
		<database>roboflow.ai</database>
	</source>
	<size>
		<width>416</width>
		<height>416</height>
		<depth>3</depth>
	</size>
	<segmented>0</segmented>
	<object>
		<name>car</name>
		<pose>Unspecified</pose>
		<truncated>0</truncated>
		<difficult>0</difficult>
		<occluded>0</occluded>
		<bndbox>
			<xmin>84</xmin>
			<xmax>318</xmax>
			<ymin>35</ymin>
			<ymax>383</ymax>
		</bndbox>
	</object>
</annotation>
