<annotation>
	<folder></folder>
	<filename>frame_2366_jpg.rf.401f4bccdaa6fc0976a52f9af68b3071.jpg</filename>
	<path>frame_2366_jpg.rf.401f4bccdaa6fc0976a52f9af68b3071.jpg</path>
	<source>
		<database>roboflow.ai</database>
	</source>
	<size>
		<width>416</width>
		<height>416</height>
		<depth>3</depth>
	</size>
	<segmented>0</segmented>
	<object>
		<name>motorbike</name>
		<pose>Unspecified</pose>
		<truncated>0</truncated>
		<difficult>0</difficult>
		<occluded>0</occluded>
		<bndbox>
			<xmin>165</xmin>
			<xmax>207</xmax>
			<ymin>113</ymin>
			<ymax>187</ymax>
		</bndbox>
	</object>
</annotation>
