<annotation>
	<folder></folder>
	<filename>frame_2345_jpg.rf.98abfa3f963eebd09d66740dbc3d3d50.jpg</filename>
	<path>frame_2345_jpg.rf.98abfa3f963eebd09d66740dbc3d3d50.jpg</path>
	<source>
		<database>roboflow.ai</database>
	</source>
	<size>
		<width>416</width>
		<height>416</height>
		<depth>3</depth>
	</size>
	<segmented>0</segmented>
	<object>
		<name>motorbike</name>
		<pose>Unspecified</pose>
		<truncated>0</truncated>
		<difficult>0</difficult>
		<occluded>0</occluded>
		<bndbox>
			<xmin>64</xmin>
			<xmax>159</xmax>
			<ymin>156</ymin>
			<ymax>314</ymax>
		</bndbox>
	</object>
	<object>
		<name>motorbike</name>
		<pose>Unspecified</pose>
		<truncated>0</truncated>
		<difficult>0</difficult>
		<occluded>0</occluded>
		<bndbox>
			<xmin>205</xmin>
			<xmax>289</xmax>
			<ymin>124</ymin>
			<ymax>235</ymax>
		</bndbox>
	</object>
	<object>
		<name>riksha</name>
		<pose>Unspecified</pose>
		<truncated>0</truncated>
		<difficult>0</difficult>
		<occluded>0</occluded>
		<bndbox>
			<xmin>291</xmin>
			<xmax>400</xmax>
			<ymin>68</ymin>
			<ymax>253</ymax>
		</bndbox>
	</object>
</annotation>
