<annotation>
	<folder></folder>
	<filename>frame_2378_jpg.rf.dd2cf6e7606d58a481bea75103cd8cd5.jpg</filename>
	<path>frame_2378_jpg.rf.dd2cf6e7606d58a481bea75103cd8cd5.jpg</path>
	<source>
		<database>roboflow.ai</database>
	</source>
	<size>
		<width>416</width>
		<height>416</height>
		<depth>3</depth>
	</size>
	<segmented>0</segmented>
	<object>
		<name>motorbike</name>
		<pose>Unspecified</pose>
		<truncated>0</truncated>
		<difficult>0</difficult>
		<occluded>0</occluded>
		<bndbox>
			<xmin>133</xmin>
			<xmax>177</xmax>
			<ymin>150</ymin>
			<ymax>236</ymax>
		</bndbox>
	</object>
	<object>
		<name>car</name>
		<pose>Unspecified</pose>
		<truncated>0</truncated>
		<difficult>0</difficult>
		<occluded>0</occluded>
		<bndbox>
			<xmin>161</xmin>
			<xmax>187</xmax>
			<ymin>130</ymin>
			<ymax>158</ymax>
		</bndbox>
	</object>
</annotation>
