<annotation>
	<folder></folder>
	<filename>frame_2328_jpg.rf.6e1a7b154e47c399c3c085707a15d535.jpg</filename>
	<path>frame_2328_jpg.rf.6e1a7b154e47c399c3c085707a15d535.jpg</path>
	<source>
		<database>roboflow.ai</database>
	</source>
	<size>
		<width>416</width>
		<height>416</height>
		<depth>3</depth>
	</size>
	<segmented>0</segmented>
	<object>
		<name>car</name>
		<pose>Unspecified</pose>
		<truncated>0</truncated>
		<difficult>0</difficult>
		<occluded>0</occluded>
		<bndbox>
			<xmin>189</xmin>
			<xmax>415</xmax>
			<ymin>94</ymin>
			<ymax>383</ymax>
		</bndbox>
	</object>
	<object>
		<name>car</name>
		<pose>Unspecified</pose>
		<truncated>0</truncated>
		<difficult>0</difficult>
		<occluded>0</occluded>
		<bndbox>
			<xmin>0</xmin>
			<xmax>202</xmax>
			<ymin>113</ymin>
			<ymax>405</ymax>
		</bndbox>
	</object>
</annotation>
