<annotation>
	<folder></folder>
	<filename>frame_2358_jpg.rf.4c6fb7e8c7b73677ffe4a938d29a8dc5.jpg</filename>
	<path>frame_2358_jpg.rf.4c6fb7e8c7b73677ffe4a938d29a8dc5.jpg</path>
	<source>
		<database>roboflow.ai</database>
	</source>
	<size>
		<width>416</width>
		<height>416</height>
		<depth>3</depth>
	</size>
	<segmented>0</segmented>
	<object>
		<name>car</name>
		<pose>Unspecified</pose>
		<truncated>0</truncated>
		<difficult>0</difficult>
		<occluded>0</occluded>
		<bndbox>
			<xmin>188</xmin>
			<xmax>254</xmax>
			<ymin>114</ymin>
			<ymax>266</ymax>
		</bndbox>
	</object>
</annotation>
