<annotation>
	<folder></folder>
	<filename>frame_2322_jpg.rf.957fd9277591aa3d5cab57fa6be5b127.jpg</filename>
	<path>frame_2322_jpg.rf.957fd9277591aa3d5cab57fa6be5b127.jpg</path>
	<source>
		<database>roboflow.ai</database>
	</source>
	<size>
		<width>416</width>
		<height>416</height>
		<depth>3</depth>
	</size>
	<segmented>0</segmented>
	<object>
		<name>truck</name>
		<pose>Unspecified</pose>
		<truncated>0</truncated>
		<difficult>0</difficult>
		<occluded>0</occluded>
		<bndbox>
			<xmin>4</xmin>
			<xmax>151</xmax>
			<ymin>43</ymin>
			<ymax>317</ymax>
		</bndbox>
	</object>
</annotation>
