<annotation>
	<folder></folder>
	<filename>frame_2316_jpg.rf.ef1240df766ea0dba638fcac73da7f85.jpg</filename>
	<path>frame_2316_jpg.rf.ef1240df766ea0dba638fcac73da7f85.jpg</path>
	<source>
		<database>roboflow.ai</database>
	</source>
	<size>
		<width>416</width>
		<height>416</height>
		<depth>3</depth>
	</size>
	<segmented>0</segmented>
	<object>
		<name>motorbike</name>
		<pose>Unspecified</pose>
		<truncated>0</truncated>
		<difficult>0</difficult>
		<occluded>0</occluded>
		<bndbox>
			<xmin>216</xmin>
			<xmax>259</xmax>
			<ymin>271</ymin>
			<ymax>347</ymax>
		</bndbox>
	</object>
</annotation>
