<annotation>
	<folder></folder>
	<filename>frame_2295_jpg.rf.67f4c0ec56380f0ff677227ef7ad3ab6.jpg</filename>
	<path>frame_2295_jpg.rf.67f4c0ec56380f0ff677227ef7ad3ab6.jpg</path>
	<source>
		<database>roboflow.ai</database>
	</source>
	<size>
		<width>416</width>
		<height>416</height>
		<depth>3</depth>
	</size>
	<segmented>0</segmented>
	<object>
		<name>truck</name>
		<pose>Unspecified</pose>
		<truncated>0</truncated>
		<difficult>0</difficult>
		<occluded>0</occluded>
		<bndbox>
			<xmin>178</xmin>
			<xmax>299</xmax>
			<ymin>137</ymin>
			<ymax>328</ymax>
		</bndbox>
	</object>
	<object>
		<name>truck</name>
		<pose>Unspecified</pose>
		<truncated>0</truncated>
		<difficult>0</difficult>
		<occluded>0</occluded>
		<bndbox>
			<xmin>6</xmin>
			<xmax>269</xmax>
			<ymin>0</ymin>
			<ymax>359</ymax>
		</bndbox>
	</object>
</annotation>
