<annotation>
	<folder></folder>
	<filename>frame_2329_jpg.rf.21afa085753a26d108bb93fa4502d633.jpg</filename>
	<path>frame_2329_jpg.rf.21afa085753a26d108bb93fa4502d633.jpg</path>
	<source>
		<database>roboflow.ai</database>
	</source>
	<size>
		<width>416</width>
		<height>416</height>
		<depth>3</depth>
	</size>
	<segmented>0</segmented>
	<object>
		<name>truck</name>
		<pose>Unspecified</pose>
		<truncated>0</truncated>
		<difficult>0</difficult>
		<occluded>0</occluded>
		<bndbox>
			<xmin>165</xmin>
			<xmax>243</xmax>
			<ymin>1</ymin>
			<ymax>216</ymax>
		</bndbox>
	</object>
</annotation>
