<annotation>
	<folder></folder>
	<filename>frame_2320_jpg.rf.4bf424a47edce038bfb3a5b117ece0bf.jpg</filename>
	<path>frame_2320_jpg.rf.4bf424a47edce038bfb3a5b117ece0bf.jpg</path>
	<source>
		<database>roboflow.ai</database>
	</source>
	<size>
		<width>416</width>
		<height>416</height>
		<depth>3</depth>
	</size>
	<segmented>0</segmented>
	<object>
		<name>truck</name>
		<pose>Unspecified</pose>
		<truncated>0</truncated>
		<difficult>0</difficult>
		<occluded>0</occluded>
		<bndbox>
			<xmin>153</xmin>
			<xmax>203</xmax>
			<ymin>134</ymin>
			<ymax>244</ymax>
		</bndbox>
	</object>
	<object>
		<name>truck</name>
		<pose>Unspecified</pose>
		<truncated>0</truncated>
		<difficult>0</difficult>
		<occluded>0</occluded>
		<bndbox>
			<xmin>204</xmin>
			<xmax>243</xmax>
			<ymin>162</ymin>
			<ymax>243</ymax>
		</bndbox>
	</object>
</annotation>
