<annotation>
	<folder></folder>
	<filename>frame_2374_jpg.rf.6c4f16c2aa094bf9dc0d745ea4c37835.jpg</filename>
	<path>frame_2374_jpg.rf.6c4f16c2aa094bf9dc0d745ea4c37835.jpg</path>
	<source>
		<database>roboflow.ai</database>
	</source>
	<size>
		<width>416</width>
		<height>416</height>
		<depth>3</depth>
	</size>
	<segmented>0</segmented>
	<object>
		<name>motorbike</name>
		<pose>Unspecified</pose>
		<truncated>0</truncated>
		<difficult>0</difficult>
		<occluded>0</occluded>
		<bndbox>
			<xmin>42</xmin>
			<xmax>88</xmax>
			<ymin>162</ymin>
			<ymax>292</ymax>
		</bndbox>
	</object>
</annotation>
