<annotation>
	<folder></folder>
	<filename>frame_2339_jpg.rf.4f4701fee42b871b049cc8526cbe6df0.jpg</filename>
	<path>frame_2339_jpg.rf.4f4701fee42b871b049cc8526cbe6df0.jpg</path>
	<source>
		<database>roboflow.ai</database>
	</source>
	<size>
		<width>416</width>
		<height>416</height>
		<depth>3</depth>
	</size>
	<segmented>0</segmented>
	<object>
		<name>motorbike</name>
		<pose>Unspecified</pose>
		<truncated>0</truncated>
		<difficult>0</difficult>
		<occluded>0</occluded>
		<bndbox>
			<xmin>120</xmin>
			<xmax>406</xmax>
			<ymin>179</ymin>
			<ymax>415</ymax>
		</bndbox>
	</object>
</annotation>
