<annotation>
	<folder></folder>
	<filename>frame_2346_jpg.rf.134e27db6a3cd4c72d46ef6f943a5c41.jpg</filename>
	<path>frame_2346_jpg.rf.134e27db6a3cd4c72d46ef6f943a5c41.jpg</path>
	<source>
		<database>roboflow.ai</database>
	</source>
	<size>
		<width>416</width>
		<height>416</height>
		<depth>3</depth>
	</size>
	<segmented>0</segmented>
	<object>
		<name>riksha</name>
		<pose>Unspecified</pose>
		<truncated>0</truncated>
		<difficult>0</difficult>
		<occluded>0</occluded>
		<bndbox>
			<xmin>239</xmin>
			<xmax>415</xmax>
			<ymin>81</ymin>
			<ymax>394</ymax>
		</bndbox>
	</object>
	<object>
		<name>motorbike</name>
		<pose>Unspecified</pose>
		<truncated>0</truncated>
		<difficult>0</difficult>
		<occluded>0</occluded>
		<bndbox>
			<xmin>173</xmin>
			<xmax>282</xmax>
			<ymin>153</ymin>
			<ymax>391</ymax>
		</bndbox>
	</object>
</annotation>
