<annotation>
	<folder></folder>
	<filename>frame_2371_jpg.rf.c1dc40afbb4da393022547834b5e7d92.jpg</filename>
	<path>frame_2371_jpg.rf.c1dc40afbb4da393022547834b5e7d92.jpg</path>
	<source>
		<database>roboflow.ai</database>
	</source>
	<size>
		<width>416</width>
		<height>416</height>
		<depth>3</depth>
	</size>
	<segmented>0</segmented>
	<object>
		<name>motorbike</name>
		<pose>Unspecified</pose>
		<truncated>0</truncated>
		<difficult>0</difficult>
		<occluded>0</occluded>
		<bndbox>
			<xmin>213</xmin>
			<xmax>245</xmax>
			<ymin>112</ymin>
			<ymax>176</ymax>
		</bndbox>
	</object>
	<object>
		<name>motorbike</name>
		<pose>Unspecified</pose>
		<truncated>0</truncated>
		<difficult>0</difficult>
		<occluded>0</occluded>
		<bndbox>
			<xmin>162</xmin>
			<xmax>208</xmax>
			<ymin>135</ymin>
			<ymax>226</ymax>
		</bndbox>
	</object>
</annotation>
