<annotation>
	<folder></folder>
	<filename>frame_2330_jpg.rf.720a89bc583e6ac4cae5ac89581532d3.jpg</filename>
	<path>frame_2330_jpg.rf.720a89bc583e6ac4cae5ac89581532d3.jpg</path>
	<source>
		<database>roboflow.ai</database>
	</source>
	<size>
		<width>416</width>
		<height>416</height>
		<depth>3</depth>
	</size>
	<segmented>0</segmented>
	<object>
		<name>truck</name>
		<pose>Unspecified</pose>
		<truncated>0</truncated>
		<difficult>0</difficult>
		<occluded>0</occluded>
		<bndbox>
			<xmin>46</xmin>
			<xmax>171</xmax>
			<ymin>19</ymin>
			<ymax>288</ymax>
		</bndbox>
	</object>
</annotation>
