<annotation>
	<folder></folder>
	<filename>frame_2334_jpg.rf.f44e1d5a591d62ecdf98566d243542f2.jpg</filename>
	<path>frame_2334_jpg.rf.f44e1d5a591d62ecdf98566d243542f2.jpg</path>
	<source>
		<database>roboflow.ai</database>
	</source>
	<size>
		<width>416</width>
		<height>416</height>
		<depth>3</depth>
	</size>
	<segmented>0</segmented>
	<object>
		<name>car</name>
		<pose>Unspecified</pose>
		<truncated>0</truncated>
		<difficult>0</difficult>
		<occluded>0</occluded>
		<bndbox>
			<xmin>76</xmin>
			<xmax>146</xmax>
			<ymin>101</ymin>
			<ymax>180</ymax>
		</bndbox>
	</object>
	<object>
		<name>truck</name>
		<pose>Unspecified</pose>
		<truncated>0</truncated>
		<difficult>0</difficult>
		<occluded>0</occluded>
		<bndbox>
			<xmin>122</xmin>
			<xmax>299</xmax>
			<ymin>35</ymin>
			<ymax>193</ymax>
		</bndbox>
	</object>
	<object>
		<name>van</name>
		<pose>Unspecified</pose>
		<truncated>0</truncated>
		<difficult>0</difficult>
		<occluded>0</occluded>
		<bndbox>
			<xmin>179</xmin>
			<xmax>415</xmax>
			<ymin>142</ymin>
			<ymax>368</ymax>
		</bndbox>
	</object>
</annotation>
