<annotation>
	<folder></folder>
	<filename>frame_2337_jpg.rf.fd65757e56568c728235c958da35f410.jpg</filename>
	<path>frame_2337_jpg.rf.fd65757e56568c728235c958da35f410.jpg</path>
	<source>
		<database>roboflow.ai</database>
	</source>
	<size>
		<width>416</width>
		<height>416</height>
		<depth>3</depth>
	</size>
	<segmented>0</segmented>
	<object>
		<name>motorbike</name>
		<pose>Unspecified</pose>
		<truncated>0</truncated>
		<difficult>0</difficult>
		<occluded>0</occluded>
		<bndbox>
			<xmin>87</xmin>
			<xmax>219</xmax>
			<ymin>161</ymin>
			<ymax>415</ymax>
		</bndbox>
	</object>
	<object>
		<name>riksha</name>
		<pose>Unspecified</pose>
		<truncated>0</truncated>
		<difficult>0</difficult>
		<occluded>0</occluded>
		<bndbox>
			<xmin>262</xmin>
			<xmax>415</xmax>
			<ymin>84</ymin>
			<ymax>377</ymax>
		</bndbox>
	</object>
</annotation>
