<annotation>
	<folder></folder>
	<filename>frame_2358_jpg.rf.27fc81abb13f5dfe8054c73900838d38.jpg</filename>
	<path>frame_2358_jpg.rf.27fc81abb13f5dfe8054c73900838d38.jpg</path>
	<source>
		<database>roboflow.ai</database>
	</source>
	<size>
		<width>416</width>
		<height>416</height>
		<depth>3</depth>
	</size>
	<segmented>0</segmented>
	<object>
		<name>car</name>
		<pose>Unspecified</pose>
		<truncated>0</truncated>
		<difficult>0</difficult>
		<occluded>0</occluded>
		<bndbox>
			<xmin>138</xmin>
			<xmax>245</xmax>
			<ymin>107</ymin>
			<ymax>277</ymax>
		</bndbox>
	</object>
</annotation>
