<annotation>
	<folder></folder>
	<filename>frame_2361_jpg.rf.45ef894d98079b62987caf344b2e4b1e.jpg</filename>
	<path>frame_2361_jpg.rf.45ef894d98079b62987caf344b2e4b1e.jpg</path>
	<source>
		<database>roboflow.ai</database>
	</source>
	<size>
		<width>416</width>
		<height>416</height>
		<depth>3</depth>
	</size>
	<segmented>0</segmented>
	<object>
		<name>motorbike</name>
		<pose>Unspecified</pose>
		<truncated>0</truncated>
		<difficult>0</difficult>
		<occluded>0</occluded>
		<bndbox>
			<xmin>295</xmin>
			<xmax>333</xmax>
			<ymin>136</ymin>
			<ymax>203</ymax>
		</bndbox>
	</object>
	<object>
		<name>bicycle</name>
		<pose>Unspecified</pose>
		<truncated>0</truncated>
		<difficult>0</difficult>
		<occluded>0</occluded>
		<bndbox>
			<xmin>235</xmin>
			<xmax>260</xmax>
			<ymin>123</ymin>
			<ymax>181</ymax>
		</bndbox>
	</object>
</annotation>
