<annotation>
	<folder></folder>
	<filename>frame_2333_jpg.rf.010f733dbc4c9a7b1544c9ed1449e87a.jpg</filename>
	<path>frame_2333_jpg.rf.010f733dbc4c9a7b1544c9ed1449e87a.jpg</path>
	<source>
		<database>roboflow.ai</database>
	</source>
	<size>
		<width>416</width>
		<height>416</height>
		<depth>3</depth>
	</size>
	<segmented>0</segmented>
	<object>
		<name>car</name>
		<pose>Unspecified</pose>
		<truncated>0</truncated>
		<difficult>0</difficult>
		<occluded>0</occluded>
		<bndbox>
			<xmin>275</xmin>
			<xmax>367</xmax>
			<ymin>136</ymin>
			<ymax>234</ymax>
		</bndbox>
	</object>
	<object>
		<name>truck</name>
		<pose>Unspecified</pose>
		<truncated>0</truncated>
		<difficult>0</difficult>
		<occluded>0</occluded>
		<bndbox>
			<xmin>83</xmin>
			<xmax>277</xmax>
			<ymin>23</ymin>
			<ymax>156</ymax>
		</bndbox>
	</object>
	<object>
		<name>auto</name>
		<pose>Unspecified</pose>
		<truncated>0</truncated>
		<difficult>0</difficult>
		<occluded>0</occluded>
		<bndbox>
			<xmin>184</xmin>
			<xmax>311</xmax>
			<ymin>186</ymin>
			<ymax>415</ymax>
		</bndbox>
	</object>
</annotation>
