<annotation>
	<folder></folder>
	<filename>frame_2391_jpg.rf.baceab20f3236d21cfde91438bccd0e7.jpg</filename>
	<path>frame_2391_jpg.rf.baceab20f3236d21cfde91438bccd0e7.jpg</path>
	<source>
		<database>roboflow.ai</database>
	</source>
	<size>
		<width>416</width>
		<height>416</height>
		<depth>3</depth>
	</size>
	<segmented>0</segmented>
	<object>
		<name>truck</name>
		<pose>Unspecified</pose>
		<truncated>0</truncated>
		<difficult>0</difficult>
		<occluded>0</occluded>
		<bndbox>
			<xmin>55</xmin>
			<xmax>210</xmax>
			<ymin>21</ymin>
			<ymax>208</ymax>
		</bndbox>
	</object>
	<object>
		<name>truck</name>
		<pose>Unspecified</pose>
		<truncated>0</truncated>
		<difficult>0</difficult>
		<occluded>0</occluded>
		<bndbox>
			<xmin>218</xmin>
			<xmax>415</xmax>
			<ymin>49</ymin>
			<ymax>254</ymax>
		</bndbox>
	</object>
	<object>
		<name>truck</name>
		<pose>Unspecified</pose>
		<truncated>0</truncated>
		<difficult>0</difficult>
		<occluded>0</occluded>
		<bndbox>
			<xmin>5</xmin>
			<xmax>54</xmax>
			<ymin>61</ymin>
			<ymax>160</ymax>
		</bndbox>
	</object>
</annotation>
