<annotation>
	<folder></folder>
	<filename>frame_2332_jpg.rf.cc82a9170b11767f76a57b1fd52fbff9.jpg</filename>
	<path>frame_2332_jpg.rf.cc82a9170b11767f76a57b1fd52fbff9.jpg</path>
	<source>
		<database>roboflow.ai</database>
	</source>
	<size>
		<width>416</width>
		<height>416</height>
		<depth>3</depth>
	</size>
	<segmented>0</segmented>
	<object>
		<name>truck</name>
		<pose>Unspecified</pose>
		<truncated>0</truncated>
		<difficult>0</difficult>
		<occluded>0</occluded>
		<bndbox>
			<xmin>36</xmin>
			<xmax>302</xmax>
			<ymin>119</ymin>
			<ymax>333</ymax>
		</bndbox>
	</object>
</annotation>
