<annotation>
	<folder></folder>
	<filename>frame_2296_jpg.rf.f68040239a3a71803a33a54ced595d3e.jpg</filename>
	<path>frame_2296_jpg.rf.f68040239a3a71803a33a54ced595d3e.jpg</path>
	<source>
		<database>roboflow.ai</database>
	</source>
	<size>
		<width>416</width>
		<height>416</height>
		<depth>3</depth>
	</size>
	<segmented>0</segmented>
	<object>
		<name>bus</name>
		<pose>Unspecified</pose>
		<truncated>0</truncated>
		<difficult>0</difficult>
		<occluded>0</occluded>
		<bndbox>
			<xmin>203</xmin>
			<xmax>312</xmax>
			<ymin>144</ymin>
			<ymax>354</ymax>
		</bndbox>
	</object>
	<object>
		<name>truck</name>
		<pose>Unspecified</pose>
		<truncated>0</truncated>
		<difficult>0</difficult>
		<occluded>0</occluded>
		<bndbox>
			<xmin>22</xmin>
			<xmax>221</xmax>
			<ymin>0</ymin>
			<ymax>370</ymax>
		</bndbox>
	</object>
</annotation>
