<annotation>
	<folder></folder>
	<filename>frame_2320_jpg.rf.011df86b78b361dc0f6032b85c613f12.jpg</filename>
	<path>frame_2320_jpg.rf.011df86b78b361dc0f6032b85c613f12.jpg</path>
	<source>
		<database>roboflow.ai</database>
	</source>
	<size>
		<width>416</width>
		<height>416</height>
		<depth>3</depth>
	</size>
	<segmented>0</segmented>
	<object>
		<name>truck</name>
		<pose>Unspecified</pose>
		<truncated>0</truncated>
		<difficult>0</difficult>
		<occluded>0</occluded>
		<bndbox>
			<xmin>211</xmin>
			<xmax>279</xmax>
			<ymin>129</ymin>
			<ymax>249</ymax>
		</bndbox>
	</object>
	<object>
		<name>truck</name>
		<pose>Unspecified</pose>
		<truncated>0</truncated>
		<difficult>0</difficult>
		<occluded>0</occluded>
		<bndbox>
			<xmin>171</xmin>
			<xmax>224</xmax>
			<ymin>157</ymin>
			<ymax>245</ymax>
		</bndbox>
	</object>
</annotation>
