<annotation>
	<folder></folder>
	<filename>frame_2295_jpg.rf.9fcadf04d38f08b1f923df89d8885361.jpg</filename>
	<path>frame_2295_jpg.rf.9fcadf04d38f08b1f923df89d8885361.jpg</path>
	<source>
		<database>roboflow.ai</database>
	</source>
	<size>
		<width>416</width>
		<height>416</height>
		<depth>3</depth>
	</size>
	<segmented>0</segmented>
	<object>
		<name>truck</name>
		<pose>Unspecified</pose>
		<truncated>0</truncated>
		<difficult>0</difficult>
		<occluded>0</occluded>
		<bndbox>
			<xmin>178</xmin>
			<xmax>311</xmax>
			<ymin>131</ymin>
			<ymax>349</ymax>
		</bndbox>
	</object>
	<object>
		<name>truck</name>
		<pose>Unspecified</pose>
		<truncated>0</truncated>
		<difficult>0</difficult>
		<occluded>0</occluded>
		<bndbox>
			<xmin>0</xmin>
			<xmax>275</xmax>
			<ymin>0</ymin>
			<ymax>368</ymax>
		</bndbox>
	</object>
</annotation>
