<annotation>
	<folder></folder>
	<filename>frame_2310_jpg.rf.aeb213964318134d5523a3ee9e084f2e.jpg</filename>
	<path>frame_2310_jpg.rf.aeb213964318134d5523a3ee9e084f2e.jpg</path>
	<source>
		<database>roboflow.ai</database>
	</source>
	<size>
		<width>416</width>
		<height>416</height>
		<depth>3</depth>
	</size>
	<segmented>0</segmented>
	<object>
		<name>motorbike</name>
		<pose>Unspecified</pose>
		<truncated>0</truncated>
		<difficult>0</difficult>
		<occluded>0</occluded>
		<bndbox>
			<xmin>123</xmin>
			<xmax>162</xmax>
			<ymin>197</ymin>
			<ymax>281</ymax>
		</bndbox>
	</object>
</annotation>
