<annotation>
	<folder></folder>
	<filename>frame_2331_jpg.rf.f354419b29323579a081e4cb0ecab1da.jpg</filename>
	<path>frame_2331_jpg.rf.f354419b29323579a081e4cb0ecab1da.jpg</path>
	<source>
		<database>roboflow.ai</database>
	</source>
	<size>
		<width>416</width>
		<height>416</height>
		<depth>3</depth>
	</size>
	<segmented>0</segmented>
	<object>
		<name>truck</name>
		<pose>Unspecified</pose>
		<truncated>0</truncated>
		<difficult>0</difficult>
		<occluded>0</occluded>
		<bndbox>
			<xmin>167</xmin>
			<xmax>282</xmax>
			<ymin>161</ymin>
			<ymax>340</ymax>
		</bndbox>
	</object>
	<object>
		<name>car</name>
		<pose>Unspecified</pose>
		<truncated>0</truncated>
		<difficult>0</difficult>
		<occluded>0</occluded>
		<bndbox>
			<xmin>261</xmin>
			<xmax>311</xmax>
			<ymin>190</ymin>
			<ymax>296</ymax>
		</bndbox>
	</object>
	<object>
		<name>auto</name>
		<pose>Unspecified</pose>
		<truncated>0</truncated>
		<difficult>0</difficult>
		<occluded>0</occluded>
		<bndbox>
			<xmin>141</xmin>
			<xmax>163</xmax>
			<ymin>177</ymin>
			<ymax>249</ymax>
		</bndbox>
	</object>
</annotation>
