<annotation>
	<folder></folder>
	<filename>frame_2356_jpg.rf.8e15df7f5dede1eb56e14fc5ec1941d2.jpg</filename>
	<path>frame_2356_jpg.rf.8e15df7f5dede1eb56e14fc5ec1941d2.jpg</path>
	<source>
		<database>roboflow.ai</database>
	</source>
	<size>
		<width>416</width>
		<height>416</height>
		<depth>3</depth>
	</size>
	<segmented>0</segmented>
	<object>
		<name>car</name>
		<pose>Unspecified</pose>
		<truncated>0</truncated>
		<difficult>0</difficult>
		<occluded>0</occluded>
		<bndbox>
			<xmin>151</xmin>
			<xmax>214</xmax>
			<ymin>106</ymin>
			<ymax>199</ymax>
		</bndbox>
	</object>
</annotation>
