<annotation>
	<folder></folder>
	<filename>frame_2343_jpg.rf.d806a05de7318545f191aa75a49ad1f6.jpg</filename>
	<path>frame_2343_jpg.rf.d806a05de7318545f191aa75a49ad1f6.jpg</path>
	<source>
		<database>roboflow.ai</database>
	</source>
	<size>
		<width>416</width>
		<height>416</height>
		<depth>3</depth>
	</size>
	<segmented>0</segmented>
	<object>
		<name>motorbike</name>
		<pose>Unspecified</pose>
		<truncated>0</truncated>
		<difficult>0</difficult>
		<occluded>0</occluded>
		<bndbox>
			<xmin>169</xmin>
			<xmax>285</xmax>
			<ymin>215</ymin>
			<ymax>400</ymax>
		</bndbox>
	</object>
	<object>
		<name>auto</name>
		<pose>Unspecified</pose>
		<truncated>0</truncated>
		<difficult>0</difficult>
		<occluded>0</occluded>
		<bndbox>
			<xmin>120</xmin>
			<xmax>203</xmax>
			<ymin>132</ymin>
			<ymax>282</ymax>
		</bndbox>
	</object>
</annotation>
