<annotation>
	<folder></folder>
	<filename>frame_2293_jpg.rf.a2b79a20cd19dad1d374ba164c26a0de.jpg</filename>
	<path>frame_2293_jpg.rf.a2b79a20cd19dad1d374ba164c26a0de.jpg</path>
	<source>
		<database>roboflow.ai</database>
	</source>
	<size>
		<width>416</width>
		<height>416</height>
		<depth>3</depth>
	</size>
	<segmented>0</segmented>
	<object>
		<name>car</name>
		<pose>Unspecified</pose>
		<truncated>0</truncated>
		<difficult>0</difficult>
		<occluded>0</occluded>
		<bndbox>
			<xmin>125</xmin>
			<xmax>175</xmax>
			<ymin>257</ymin>
			<ymax>378</ymax>
		</bndbox>
	</object>
</annotation>
