<annotation>
	<folder></folder>
	<filename>frame_2375_jpg.rf.fbdcd4557255743ad2479a420077069c.jpg</filename>
	<path>frame_2375_jpg.rf.fbdcd4557255743ad2479a420077069c.jpg</path>
	<source>
		<database>roboflow.ai</database>
	</source>
	<size>
		<width>416</width>
		<height>416</height>
		<depth>3</depth>
	</size>
	<segmented>0</segmented>
	<object>
		<name>car</name>
		<pose>Unspecified</pose>
		<truncated>0</truncated>
		<difficult>0</difficult>
		<occluded>0</occluded>
		<bndbox>
			<xmin>165</xmin>
			<xmax>197</xmax>
			<ymin>115</ymin>
			<ymax>156</ymax>
		</bndbox>
	</object>
</annotation>
