<annotation>
	<folder></folder>
	<filename>frame_2339_jpg.rf.2f923d624e2e106c75df6e0e65491c86.jpg</filename>
	<path>frame_2339_jpg.rf.2f923d624e2e106c75df6e0e65491c86.jpg</path>
	<source>
		<database>roboflow.ai</database>
	</source>
	<size>
		<width>416</width>
		<height>416</height>
		<depth>3</depth>
	</size>
	<segmented>0</segmented>
	<object>
		<name>motorbike</name>
		<pose>Unspecified</pose>
		<truncated>0</truncated>
		<difficult>0</difficult>
		<occluded>0</occluded>
		<bndbox>
			<xmin>61</xmin>
			<xmax>292</xmax>
			<ymin>191</ymin>
			<ymax>415</ymax>
		</bndbox>
	</object>
</annotation>
