<annotation>
	<folder></folder>
	<filename>frame_2387_jpg.rf.71bab9e1c55d9715a1702734a2ac73d1.jpg</filename>
	<path>frame_2387_jpg.rf.71bab9e1c55d9715a1702734a2ac73d1.jpg</path>
	<source>
		<database>roboflow.ai</database>
	</source>
	<size>
		<width>416</width>
		<height>416</height>
		<depth>3</depth>
	</size>
	<segmented>0</segmented>
	<object>
		<name>truck</name>
		<pose>Unspecified</pose>
		<truncated>0</truncated>
		<difficult>0</difficult>
		<occluded>0</occluded>
		<bndbox>
			<xmin>6</xmin>
			<xmax>192</xmax>
			<ymin>19</ymin>
			<ymax>276</ymax>
		</bndbox>
	</object>
	<object>
		<name>truck</name>
		<pose>Unspecified</pose>
		<truncated>0</truncated>
		<difficult>0</difficult>
		<occluded>0</occluded>
		<bndbox>
			<xmin>163</xmin>
			<xmax>220</xmax>
			<ymin>69</ymin>
			<ymax>190</ymax>
		</bndbox>
	</object>
	<object>
		<name>truck</name>
		<pose>Unspecified</pose>
		<truncated>0</truncated>
		<difficult>0</difficult>
		<occluded>0</occluded>
		<bndbox>
			<xmin>256</xmin>
			<xmax>415</xmax>
			<ymin>54</ymin>
			<ymax>240</ymax>
		</bndbox>
	</object>
</annotation>
