<annotation>
	<folder></folder>
	<filename>frame_2356_jpg.rf.42207245daa0601326a29e3b5f5b40fb.jpg</filename>
	<path>frame_2356_jpg.rf.42207245daa0601326a29e3b5f5b40fb.jpg</path>
	<source>
		<database>roboflow.ai</database>
	</source>
	<size>
		<width>416</width>
		<height>416</height>
		<depth>3</depth>
	</size>
	<segmented>0</segmented>
	<object>
		<name>car</name>
		<pose>Unspecified</pose>
		<truncated>0</truncated>
		<difficult>0</difficult>
		<occluded>0</occluded>
		<bndbox>
			<xmin>171</xmin>
			<xmax>242</xmax>
			<ymin>94</ymin>
			<ymax>189</ymax>
		</bndbox>
	</object>
</annotation>
