<annotation>
	<folder></folder>
	<filename>frame_2330_jpg.rf.f76c143bc71d2393cd1bfc99fa3eb48b.jpg</filename>
	<path>frame_2330_jpg.rf.f76c143bc71d2393cd1bfc99fa3eb48b.jpg</path>
	<source>
		<database>roboflow.ai</database>
	</source>
	<size>
		<width>416</width>
		<height>416</height>
		<depth>3</depth>
	</size>
	<segmented>0</segmented>
	<object>
		<name>truck</name>
		<pose>Unspecified</pose>
		<truncated>0</truncated>
		<difficult>0</difficult>
		<occluded>0</occluded>
		<bndbox>
			<xmin>74</xmin>
			<xmax>168</xmax>
			<ymin>9</ymin>
			<ymax>243</ymax>
		</bndbox>
	</object>
</annotation>
