<annotation>
	<folder></folder>
	<filename>frame_2316_jpg.rf.7d85e3a11f01264cf26cd5e69f0ba232.jpg</filename>
	<path>frame_2316_jpg.rf.7d85e3a11f01264cf26cd5e69f0ba232.jpg</path>
	<source>
		<database>roboflow.ai</database>
	</source>
	<size>
		<width>416</width>
		<height>416</height>
		<depth>3</depth>
	</size>
	<segmented>0</segmented>
	<object>
		<name>motorbike</name>
		<pose>Unspecified</pose>
		<truncated>0</truncated>
		<difficult>0</difficult>
		<occluded>0</occluded>
		<bndbox>
			<xmin>205</xmin>
			<xmax>246</xmax>
			<ymin>279</ymin>
			<ymax>362</ymax>
		</bndbox>
	</object>
</annotation>
