<annotation>
	<folder></folder>
	<filename>frame_2332_jpg.rf.915a6e7085de69fe911a9fa1a5a0e30c.jpg</filename>
	<path>frame_2332_jpg.rf.915a6e7085de69fe911a9fa1a5a0e30c.jpg</path>
	<source>
		<database>roboflow.ai</database>
	</source>
	<size>
		<width>416</width>
		<height>416</height>
		<depth>3</depth>
	</size>
	<segmented>0</segmented>
	<object>
		<name>truck</name>
		<pose>Unspecified</pose>
		<truncated>0</truncated>
		<difficult>0</difficult>
		<occluded>0</occluded>
		<bndbox>
			<xmin>139</xmin>
			<xmax>369</xmax>
			<ymin>115</ymin>
			<ymax>360</ymax>
		</bndbox>
	</object>
</annotation>
