<annotation>
	<folder></folder>
	<filename>frame_2364_jpg.rf.6c3f3b13004ffdc64fffc5c6d30b8df0.jpg</filename>
	<path>frame_2364_jpg.rf.6c3f3b13004ffdc64fffc5c6d30b8df0.jpg</path>
	<source>
		<database>roboflow.ai</database>
	</source>
	<size>
		<width>416</width>
		<height>416</height>
		<depth>3</depth>
	</size>
	<segmented>0</segmented>
	<object>
		<name>motorbike</name>
		<pose>Unspecified</pose>
		<truncated>0</truncated>
		<difficult>0</difficult>
		<occluded>0</occluded>
		<bndbox>
			<xmin>221</xmin>
			<xmax>266</xmax>
			<ymin>114</ymin>
			<ymax>197</ymax>
		</bndbox>
	</object>
	<object>
		<name>auto</name>
		<pose>Unspecified</pose>
		<truncated>0</truncated>
		<difficult>0</difficult>
		<occluded>0</occluded>
		<bndbox>
			<xmin>130</xmin>
			<xmax>192</xmax>
			<ymin>101</ymin>
			<ymax>205</ymax>
		</bndbox>
	</object>
	<object>
		<name>auto</name>
		<pose>Unspecified</pose>
		<truncated>0</truncated>
		<difficult>0</difficult>
		<occluded>0</occluded>
		<bndbox>
			<xmin>86</xmin>
			<xmax>151</xmax>
			<ymin>110</ymin>
			<ymax>213</ymax>
		</bndbox>
	</object>
</annotation>
