<annotation>
	<folder></folder>
	<filename>frame_2366_jpg.rf.ae6e9f165474fe2bc0a36cbb70ef0cab.jpg</filename>
	<path>frame_2366_jpg.rf.ae6e9f165474fe2bc0a36cbb70ef0cab.jpg</path>
	<source>
		<database>roboflow.ai</database>
	</source>
	<size>
		<width>416</width>
		<height>416</height>
		<depth>3</depth>
	</size>
	<segmented>0</segmented>
	<object>
		<name>motorbike</name>
		<pose>Unspecified</pose>
		<truncated>0</truncated>
		<difficult>0</difficult>
		<occluded>0</occluded>
		<bndbox>
			<xmin>150</xmin>
			<xmax>195</xmax>
			<ymin>133</ymin>
			<ymax>212</ymax>
		</bndbox>
	</object>
</annotation>
