<annotation>
	<folder></folder>
	<filename>frame_2393_jpg.rf.3e68275defa3623605abe57f85413d83.jpg</filename>
	<path>frame_2393_jpg.rf.3e68275defa3623605abe57f85413d83.jpg</path>
	<source>
		<database>roboflow.ai</database>
	</source>
	<size>
		<width>416</width>
		<height>416</height>
		<depth>3</depth>
	</size>
	<segmented>0</segmented>
	<object>
		<name>truck</name>
		<pose>Unspecified</pose>
		<truncated>0</truncated>
		<difficult>0</difficult>
		<occluded>0</occluded>
		<bndbox>
			<xmin>300</xmin>
			<xmax>415</xmax>
			<ymin>127</ymin>
			<ymax>304</ymax>
		</bndbox>
	</object>
	<object>
		<name>truck</name>
		<pose>Unspecified</pose>
		<truncated>0</truncated>
		<difficult>0</difficult>
		<occluded>0</occluded>
		<bndbox>
			<xmin>40</xmin>
			<xmax>366</xmax>
			<ymin>17</ymin>
			<ymax>267</ymax>
		</bndbox>
	</object>
</annotation>
