<annotation>
	<folder></folder>
	<filename>frame_2337_jpg.rf.112782fd1c1ba94a9d80ce8f04ed70da.jpg</filename>
	<path>frame_2337_jpg.rf.112782fd1c1ba94a9d80ce8f04ed70da.jpg</path>
	<source>
		<database>roboflow.ai</database>
	</source>
	<size>
		<width>416</width>
		<height>416</height>
		<depth>3</depth>
	</size>
	<segmented>0</segmented>
	<object>
		<name>motorbike</name>
		<pose>Unspecified</pose>
		<truncated>0</truncated>
		<difficult>0</difficult>
		<occluded>0</occluded>
		<bndbox>
			<xmin>233</xmin>
			<xmax>331</xmax>
			<ymin>152</ymin>
			<ymax>400</ymax>
		</bndbox>
	</object>
	<object>
		<name>riksha</name>
		<pose>Unspecified</pose>
		<truncated>0</truncated>
		<difficult>0</difficult>
		<occluded>0</occluded>
		<bndbox>
			<xmin>0</xmin>
			<xmax>157</xmax>
			<ymin>188</ymin>
			<ymax>415</ymax>
		</bndbox>
	</object>
</annotation>
