<annotation>
	<folder></folder>
	<filename>frame_2298_jpg.rf.b8819a780585e31775440b9e059c801c.jpg</filename>
	<path>frame_2298_jpg.rf.b8819a780585e31775440b9e059c801c.jpg</path>
	<source>
		<database>roboflow.ai</database>
	</source>
	<size>
		<width>416</width>
		<height>416</height>
		<depth>3</depth>
	</size>
	<segmented>0</segmented>
	<object>
		<name>car</name>
		<pose>Unspecified</pose>
		<truncated>0</truncated>
		<difficult>0</difficult>
		<occluded>0</occluded>
		<bndbox>
			<xmin>90</xmin>
			<xmax>171</xmax>
			<ymin>255</ymin>
			<ymax>347</ymax>
		</bndbox>
	</object>
</annotation>
