<annotation>
	<folder></folder>
	<filename>frame_2294_jpg.rf.4b46db3aef8d9e7a93140a9360ee4426.jpg</filename>
	<path>frame_2294_jpg.rf.4b46db3aef8d9e7a93140a9360ee4426.jpg</path>
	<source>
		<database>roboflow.ai</database>
	</source>
	<size>
		<width>416</width>
		<height>416</height>
		<depth>3</depth>
	</size>
	<segmented>0</segmented>
	<object>
		<name>truck</name>
		<pose>Unspecified</pose>
		<truncated>0</truncated>
		<difficult>0</difficult>
		<occluded>0</occluded>
		<bndbox>
			<xmin>71</xmin>
			<xmax>237</xmax>
			<ymin>100</ymin>
			<ymax>373</ymax>
		</bndbox>
	</object>
</annotation>
