<annotation>
	<folder></folder>
	<filename>frame_2336_jpg.rf.a09d4e9ba4f680934481d2d70cc4f6d3.jpg</filename>
	<path>frame_2336_jpg.rf.a09d4e9ba4f680934481d2d70cc4f6d3.jpg</path>
	<source>
		<database>roboflow.ai</database>
	</source>
	<size>
		<width>416</width>
		<height>416</height>
		<depth>3</depth>
	</size>
	<segmented>0</segmented>
	<object>
		<name>motorbike</name>
		<pose>Unspecified</pose>
		<truncated>0</truncated>
		<difficult>0</difficult>
		<occluded>0</occluded>
		<bndbox>
			<xmin>69</xmin>
			<xmax>154</xmax>
			<ymin>239</ymin>
			<ymax>414</ymax>
		</bndbox>
	</object>
	<object>
		<name>motorbike</name>
		<pose>Unspecified</pose>
		<truncated>0</truncated>
		<difficult>0</difficult>
		<occluded>0</occluded>
		<bndbox>
			<xmin>123</xmin>
			<xmax>194</xmax>
			<ymin>206</ymin>
			<ymax>414</ymax>
		</bndbox>
	</object>
</annotation>
