<annotation>
	<folder></folder>
	<filename>frame_2387_jpg.rf.db063b661b3df3d4938bfcb48b6f83eb.jpg</filename>
	<path>frame_2387_jpg.rf.db063b661b3df3d4938bfcb48b6f83eb.jpg</path>
	<source>
		<database>roboflow.ai</database>
	</source>
	<size>
		<width>416</width>
		<height>416</height>
		<depth>3</depth>
	</size>
	<segmented>0</segmented>
	<object>
		<name>truck</name>
		<pose>Unspecified</pose>
		<truncated>0</truncated>
		<difficult>0</difficult>
		<occluded>0</occluded>
		<bndbox>
			<xmin>219</xmin>
			<xmax>411</xmax>
			<ymin>7</ymin>
			<ymax>303</ymax>
		</bndbox>
	</object>
	<object>
		<name>truck</name>
		<pose>Unspecified</pose>
		<truncated>0</truncated>
		<difficult>0</difficult>
		<occluded>0</occluded>
		<bndbox>
			<xmin>192</xmin>
			<xmax>253</xmax>
			<ymin>63</ymin>
			<ymax>200</ymax>
		</bndbox>
	</object>
	<object>
		<name>truck</name>
		<pose>Unspecified</pose>
		<truncated>0</truncated>
		<difficult>0</difficult>
		<occluded>0</occluded>
		<bndbox>
			<xmin>0</xmin>
			<xmax>161</xmax>
			<ymin>28</ymin>
			<ymax>245</ymax>
		</bndbox>
	</object>
</annotation>
