<annotation>
	<folder></folder>
	<filename>frame_2337_jpg.rf.792c94ce0815162bc1a363d8470aff9e.jpg</filename>
	<path>frame_2337_jpg.rf.792c94ce0815162bc1a363d8470aff9e.jpg</path>
	<source>
		<database>roboflow.ai</database>
	</source>
	<size>
		<width>416</width>
		<height>416</height>
		<depth>3</depth>
	</size>
	<segmented>0</segmented>
	<object>
		<name>motorbike</name>
		<pose>Unspecified</pose>
		<truncated>0</truncated>
		<difficult>0</difficult>
		<occluded>0</occluded>
		<bndbox>
			<xmin>68</xmin>
			<xmax>177</xmax>
			<ymin>155</ymin>
			<ymax>400</ymax>
		</bndbox>
	</object>
	<object>
		<name>riksha</name>
		<pose>Unspecified</pose>
		<truncated>0</truncated>
		<difficult>0</difficult>
		<occluded>0</occluded>
		<bndbox>
			<xmin>242</xmin>
			<xmax>411</xmax>
			<ymin>185</ymin>
			<ymax>415</ymax>
		</bndbox>
	</object>
</annotation>
