<annotation>
	<folder></folder>
	<filename>frame_2321_jpg.rf.90422a00d8bb3a3f0125bd93bb36b79e.jpg</filename>
	<path>frame_2321_jpg.rf.90422a00d8bb3a3f0125bd93bb36b79e.jpg</path>
	<source>
		<database>roboflow.ai</database>
	</source>
	<size>
		<width>416</width>
		<height>416</height>
		<depth>3</depth>
	</size>
	<segmented>0</segmented>
	<object>
		<name>truck</name>
		<pose>Unspecified</pose>
		<truncated>0</truncated>
		<difficult>0</difficult>
		<occluded>0</occluded>
		<bndbox>
			<xmin>152</xmin>
			<xmax>218</xmax>
			<ymin>158</ymin>
			<ymax>254</ymax>
		</bndbox>
	</object>
</annotation>
