<annotation>
	<folder></folder>
	<filename>frame_2388_jpg.rf.3336d28227940a5ff26e75bb2beeeceb.jpg</filename>
	<path>frame_2388_jpg.rf.3336d28227940a5ff26e75bb2beeeceb.jpg</path>
	<source>
		<database>roboflow.ai</database>
	</source>
	<size>
		<width>416</width>
		<height>416</height>
		<depth>3</depth>
	</size>
	<segmented>0</segmented>
	<object>
		<name>truck</name>
		<pose>Unspecified</pose>
		<truncated>0</truncated>
		<difficult>0</difficult>
		<occluded>0</occluded>
		<bndbox>
			<xmin>0</xmin>
			<xmax>259</xmax>
			<ymin>3</ymin>
			<ymax>330</ymax>
		</bndbox>
	</object>
	<object>
		<name>truck</name>
		<pose>Unspecified</pose>
		<truncated>0</truncated>
		<difficult>0</difficult>
		<occluded>0</occluded>
		<bndbox>
			<xmin>218</xmin>
			<xmax>415</xmax>
			<ymin>41</ymin>
			<ymax>301</ymax>
		</bndbox>
	</object>
</annotation>
