<annotation>
	<folder></folder>
	<filename>frame_1780_jpg.rf.88d7b78f067f606545542873c8d44557.jpg</filename>
	<path>frame_1780_jpg.rf.88d7b78f067f606545542873c8d44557.jpg</path>
	<source>
		<database>roboflow.ai</database>
	</source>
	<size>
		<width>416</width>
		<height>416</height>
		<depth>3</depth>
	</size>
	<segmented>0</segmented>
	<object>
		<name>auto</name>
		<pose>Unspecified</pose>
		<truncated>0</truncated>
		<difficult>0</difficult>
		<occluded>0</occluded>
		<bndbox>
			<xmin>32</xmin>
			<xmax>345</xmax>
			<ymin>61</ymin>
			<ymax>364</ymax>
		</bndbox>
	</object>
</annotation>
