<annotation>
	<folder></folder>
	<filename>frame_1813_jpg.rf.5b29c700aa03d80e733cdc10550f2c6d.jpg</filename>
	<path>frame_1813_jpg.rf.5b29c700aa03d80e733cdc10550f2c6d.jpg</path>
	<source>
		<database>roboflow.ai</database>
	</source>
	<size>
		<width>416</width>
		<height>416</height>
		<depth>3</depth>
	</size>
	<segmented>0</segmented>
	<object>
		<name>auto</name>
		<pose>Unspecified</pose>
		<truncated>0</truncated>
		<difficult>0</difficult>
		<occluded>0</occluded>
		<bndbox>
			<xmin>102</xmin>
			<xmax>322</xmax>
			<ymin>215</ymin>
			<ymax>411</ymax>
		</bndbox>
	</object>
</annotation>
