<annotation>
	<folder></folder>
	<filename>frame_1812_jpg.rf.5147f1da847935a284531464b1533559.jpg</filename>
	<path>frame_1812_jpg.rf.5147f1da847935a284531464b1533559.jpg</path>
	<source>
		<database>roboflow.ai</database>
	</source>
	<size>
		<width>416</width>
		<height>416</height>
		<depth>3</depth>
	</size>
	<segmented>0</segmented>
	<object>
		<name>auto</name>
		<pose>Unspecified</pose>
		<truncated>0</truncated>
		<difficult>0</difficult>
		<occluded>0</occluded>
		<bndbox>
			<xmin>0</xmin>
			<xmax>173</xmax>
			<ymin>107</ymin>
			<ymax>370</ymax>
		</bndbox>
	</object>
	<object>
		<name>auto</name>
		<pose>Unspecified</pose>
		<truncated>0</truncated>
		<difficult>0</difficult>
		<occluded>0</occluded>
		<bndbox>
			<xmin>126</xmin>
			<xmax>376</xmax>
			<ymin>60</ymin>
			<ymax>339</ymax>
		</bndbox>
	</object>
</annotation>
