<annotation>
	<folder></folder>
	<filename>frame_1765_jpg.rf.22f49d0311ee65040f9e0da1b6c9e708.jpg</filename>
	<path>frame_1765_jpg.rf.22f49d0311ee65040f9e0da1b6c9e708.jpg</path>
	<source>
		<database>roboflow.ai</database>
	</source>
	<size>
		<width>416</width>
		<height>416</height>
		<depth>3</depth>
	</size>
	<segmented>0</segmented>
	<object>
		<name>auto</name>
		<pose>Unspecified</pose>
		<truncated>0</truncated>
		<difficult>0</difficult>
		<occluded>0</occluded>
		<bndbox>
			<xmin>42</xmin>
			<xmax>300</xmax>
			<ymin>114</ymin>
			<ymax>396</ymax>
		</bndbox>
	</object>
</annotation>
