<annotation>
	<folder></folder>
	<filename>frame_1808_jpg.rf.96180b23d8ba21a24dce3bedb9ca6a02.jpg</filename>
	<path>frame_1808_jpg.rf.96180b23d8ba21a24dce3bedb9ca6a02.jpg</path>
	<source>
		<database>roboflow.ai</database>
	</source>
	<size>
		<width>416</width>
		<height>416</height>
		<depth>3</depth>
	</size>
	<segmented>0</segmented>
	<object>
		<name>auto</name>
		<pose>Unspecified</pose>
		<truncated>0</truncated>
		<difficult>0</difficult>
		<occluded>0</occluded>
		<bndbox>
			<xmin>20</xmin>
			<xmax>415</xmax>
			<ymin>0</ymin>
			<ymax>415</ymax>
		</bndbox>
	</object>
</annotation>
