<annotation>
	<folder></folder>
	<filename>frame_1469_jpg.rf.74af81ac5fd6777145d7a1405d818c39.jpg</filename>
	<path>frame_1469_jpg.rf.74af81ac5fd6777145d7a1405d818c39.jpg</path>
	<source>
		<database>roboflow.ai</database>
	</source>
	<size>
		<width>416</width>
		<height>416</height>
		<depth>3</depth>
	</size>
	<segmented>0</segmented>
	<object>
		<name>auto</name>
		<pose>Unspecified</pose>
		<truncated>0</truncated>
		<difficult>0</difficult>
		<occluded>0</occluded>
		<bndbox>
			<xmin>105</xmin>
			<xmax>415</xmax>
			<ymin>0</ymin>
			<ymax>415</ymax>
		</bndbox>
	</object>
	<object>
		<name>auto</name>
		<pose>Unspecified</pose>
		<truncated>0</truncated>
		<difficult>0</difficult>
		<occluded>0</occluded>
		<bndbox>
			<xmin>0</xmin>
			<xmax>175</xmax>
			<ymin>88</ymin>
			<ymax>360</ymax>
		</bndbox>
	</object>
</annotation>
