<annotation>
	<folder></folder>
	<filename>frame_1464_jpg.rf.192abae4570e3369d33b799f1f0eac89.jpg</filename>
	<path>frame_1464_jpg.rf.192abae4570e3369d33b799f1f0eac89.jpg</path>
	<source>
		<database>roboflow.ai</database>
	</source>
	<size>
		<width>416</width>
		<height>416</height>
		<depth>3</depth>
	</size>
	<segmented>0</segmented>
	<object>
		<name>auto</name>
		<pose>Unspecified</pose>
		<truncated>0</truncated>
		<difficult>0</difficult>
		<occluded>0</occluded>
		<bndbox>
			<xmin>0</xmin>
			<xmax>344</xmax>
			<ymin>49</ymin>
			<ymax>415</ymax>
		</bndbox>
	</object>
</annotation>
