<annotation>
	<folder></folder>
	<filename>frame_1766_jpg.rf.178391dd1254a768093b6370de6fbd6e.jpg</filename>
	<path>frame_1766_jpg.rf.178391dd1254a768093b6370de6fbd6e.jpg</path>
	<source>
		<database>roboflow.ai</database>
	</source>
	<size>
		<width>416</width>
		<height>416</height>
		<depth>3</depth>
	</size>
	<segmented>0</segmented>
	<object>
		<name>auto</name>
		<pose>Unspecified</pose>
		<truncated>0</truncated>
		<difficult>0</difficult>
		<occluded>0</occluded>
		<bndbox>
			<xmin>276</xmin>
			<xmax>364</xmax>
			<ymin>140</ymin>
			<ymax>245</ymax>
		</bndbox>
	</object>
</annotation>
