<annotation>
	<folder></folder>
	<filename>frame_1472_jpg.rf.bdcf4ef117b2a7ddbcdbfe86e17ccc8a.jpg</filename>
	<path>frame_1472_jpg.rf.bdcf4ef117b2a7ddbcdbfe86e17ccc8a.jpg</path>
	<source>
		<database>roboflow.ai</database>
	</source>
	<size>
		<width>416</width>
		<height>416</height>
		<depth>3</depth>
	</size>
	<segmented>0</segmented>
	<object>
		<name>auto</name>
		<pose>Unspecified</pose>
		<truncated>0</truncated>
		<difficult>0</difficult>
		<occluded>0</occluded>
		<bndbox>
			<xmin>89</xmin>
			<xmax>253</xmax>
			<ymin>138</ymin>
			<ymax>388</ymax>
		</bndbox>
	</object>
	<object>
		<name>auto</name>
		<pose>Unspecified</pose>
		<truncated>0</truncated>
		<difficult>0</difficult>
		<occluded>0</occluded>
		<bndbox>
			<xmin>271</xmin>
			<xmax>415</xmax>
			<ymin>119</ymin>
			<ymax>415</ymax>
		</bndbox>
	</object>
	<object>
		<name>auto</name>
		<pose>Unspecified</pose>
		<truncated>0</truncated>
		<difficult>0</difficult>
		<occluded>0</occluded>
		<bndbox>
			<xmin>55</xmin>
			<xmax>109</xmax>
			<ymin>157</ymin>
			<ymax>300</ymax>
		</bndbox>
	</object>
</annotation>
