<annotation>
	<folder></folder>
	<filename>frame_1477_jpg.rf.0d2bfb0889a5cb8c036d78dbd17d3678.jpg</filename>
	<path>frame_1477_jpg.rf.0d2bfb0889a5cb8c036d78dbd17d3678.jpg</path>
	<source>
		<database>roboflow.ai</database>
	</source>
	<size>
		<width>416</width>
		<height>416</height>
		<depth>3</depth>
	</size>
	<segmented>0</segmented>
	<object>
		<name>auto</name>
		<pose>Unspecified</pose>
		<truncated>0</truncated>
		<difficult>0</difficult>
		<occluded>0</occluded>
		<bndbox>
			<xmin>103</xmin>
			<xmax>300</xmax>
			<ymin>78</ymin>
			<ymax>415</ymax>
		</bndbox>
	</object>
	<object>
		<name>motorbike</name>
		<pose>Unspecified</pose>
		<truncated>0</truncated>
		<difficult>0</difficult>
		<occluded>0</occluded>
		<bndbox>
			<xmin>58</xmin>
			<xmax>133</xmax>
			<ymin>50</ymin>
			<ymax>248</ymax>
		</bndbox>
	</object>
</annotation>
