<annotation>
	<folder></folder>
	<filename>frame_1781_jpg.rf.5280d8e94d49985eee0ae0551354a9e8.jpg</filename>
	<path>frame_1781_jpg.rf.5280d8e94d49985eee0ae0551354a9e8.jpg</path>
	<source>
		<database>roboflow.ai</database>
	</source>
	<size>
		<width>416</width>
		<height>416</height>
		<depth>3</depth>
	</size>
	<segmented>0</segmented>
	<object>
		<name>auto</name>
		<pose>Unspecified</pose>
		<truncated>0</truncated>
		<difficult>0</difficult>
		<occluded>0</occluded>
		<bndbox>
			<xmin>57</xmin>
			<xmax>284</xmax>
			<ymin>40</ymin>
			<ymax>409</ymax>
		</bndbox>
	</object>
	<object>
		<name>auto</name>
		<pose>Unspecified</pose>
		<truncated>0</truncated>
		<difficult>0</difficult>
		<occluded>0</occluded>
		<bndbox>
			<xmin>274</xmin>
			<xmax>377</xmax>
			<ymin>69</ymin>
			<ymax>254</ymax>
		</bndbox>
	</object>
</annotation>
