<annotation>
	<folder></folder>
	<filename>frame_1447_jpg.rf.35a1131de343e393d9a7035ba55e2d06.jpg</filename>
	<path>frame_1447_jpg.rf.35a1131de343e393d9a7035ba55e2d06.jpg</path>
	<source>
		<database>roboflow.ai</database>
	</source>
	<size>
		<width>416</width>
		<height>416</height>
		<depth>3</depth>
	</size>
	<segmented>0</segmented>
	<object>
		<name>auto</name>
		<pose>Unspecified</pose>
		<truncated>0</truncated>
		<difficult>0</difficult>
		<occluded>0</occluded>
		<bndbox>
			<xmin>106</xmin>
			<xmax>329</xmax>
			<ymin>80</ymin>
			<ymax>415</ymax>
		</bndbox>
	</object>
	<object>
		<name>auto</name>
		<pose>Unspecified</pose>
		<truncated>0</truncated>
		<difficult>0</difficult>
		<occluded>0</occluded>
		<bndbox>
			<xmin>47</xmin>
			<xmax>118</xmax>
			<ymin>82</ymin>
			<ymax>191</ymax>
		</bndbox>
	</object>
</annotation>
