<annotation>
	<folder></folder>
	<filename>frame_1809_jpg.rf.3d27a3bb1d343135394c5dd689ddff44.jpg</filename>
	<path>frame_1809_jpg.rf.3d27a3bb1d343135394c5dd689ddff44.jpg</path>
	<source>
		<database>roboflow.ai</database>
	</source>
	<size>
		<width>416</width>
		<height>416</height>
		<depth>3</depth>
	</size>
	<segmented>0</segmented>
	<object>
		<name>auto</name>
		<pose>Unspecified</pose>
		<truncated>0</truncated>
		<difficult>0</difficult>
		<occluded>0</occluded>
		<bndbox>
			<xmin>79</xmin>
			<xmax>187</xmax>
			<ymin>66</ymin>
			<ymax>270</ymax>
		</bndbox>
	</object>
	<object>
		<name>auto</name>
		<pose>Unspecified</pose>
		<truncated>0</truncated>
		<difficult>0</difficult>
		<occluded>0</occluded>
		<bndbox>
			<xmin>152</xmin>
			<xmax>415</xmax>
			<ymin>89</ymin>
			<ymax>415</ymax>
		</bndbox>
	</object>
</annotation>
