<annotation>
	<folder></folder>
	<filename>frame_1447_jpg.rf.b3345b9702873178c300cd575692c668.jpg</filename>
	<path>frame_1447_jpg.rf.b3345b9702873178c300cd575692c668.jpg</path>
	<source>
		<database>roboflow.ai</database>
	</source>
	<size>
		<width>416</width>
		<height>416</height>
		<depth>3</depth>
	</size>
	<segmented>0</segmented>
	<object>
		<name>auto</name>
		<pose>Unspecified</pose>
		<truncated>0</truncated>
		<difficult>0</difficult>
		<occluded>0</occluded>
		<bndbox>
			<xmin>80</xmin>
			<xmax>360</xmax>
			<ymin>37</ymin>
			<ymax>415</ymax>
		</bndbox>
	</object>
	<object>
		<name>auto</name>
		<pose>Unspecified</pose>
		<truncated>0</truncated>
		<difficult>0</difficult>
		<occluded>0</occluded>
		<bndbox>
			<xmin>33</xmin>
			<xmax>123</xmax>
			<ymin>139</ymin>
			<ymax>272</ymax>
		</bndbox>
	</object>
</annotation>
