<annotation>
	<folder></folder>
	<filename>frame_1797_jpg.rf.943ba61a294f41e55d3f8d0a0372f071.jpg</filename>
	<path>frame_1797_jpg.rf.943ba61a294f41e55d3f8d0a0372f071.jpg</path>
	<source>
		<database>roboflow.ai</database>
	</source>
	<size>
		<width>416</width>
		<height>416</height>
		<depth>3</depth>
	</size>
	<segmented>0</segmented>
	<object>
		<name>auto</name>
		<pose>Unspecified</pose>
		<truncated>0</truncated>
		<difficult>0</difficult>
		<occluded>0</occluded>
		<bndbox>
			<xmin>78</xmin>
			<xmax>335</xmax>
			<ymin>65</ymin>
			<ymax>415</ymax>
		</bndbox>
	</object>
</annotation>
