<annotation>
	<folder></folder>
	<filename>frame_1458_jpg.rf.a24952c53efe278ed72182d8113d29c5.jpg</filename>
	<path>frame_1458_jpg.rf.a24952c53efe278ed72182d8113d29c5.jpg</path>
	<source>
		<database>roboflow.ai</database>
	</source>
	<size>
		<width>416</width>
		<height>416</height>
		<depth>3</depth>
	</size>
	<segmented>0</segmented>
	<object>
		<name>auto</name>
		<pose>Unspecified</pose>
		<truncated>0</truncated>
		<difficult>0</difficult>
		<occluded>0</occluded>
		<bndbox>
			<xmin>185</xmin>
			<xmax>389</xmax>
			<ymin>37</ymin>
			<ymax>383</ymax>
		</bndbox>
	</object>
	<object>
		<name>auto</name>
		<pose>Unspecified</pose>
		<truncated>0</truncated>
		<difficult>0</difficult>
		<occluded>0</occluded>
		<bndbox>
			<xmin>357</xmin>
			<xmax>415</xmax>
			<ymin>39</ymin>
			<ymax>253</ymax>
		</bndbox>
	</object>
</annotation>
