<annotation>
	<folder></folder>
	<filename>frame_1778_jpg.rf.357ea725e90fd57256cf24ad70a8f322.jpg</filename>
	<path>frame_1778_jpg.rf.357ea725e90fd57256cf24ad70a8f322.jpg</path>
	<source>
		<database>roboflow.ai</database>
	</source>
	<size>
		<width>416</width>
		<height>416</height>
		<depth>3</depth>
	</size>
	<segmented>0</segmented>
	<object>
		<name>auto</name>
		<pose>Unspecified</pose>
		<truncated>0</truncated>
		<difficult>0</difficult>
		<occluded>0</occluded>
		<bndbox>
			<xmin>65</xmin>
			<xmax>193</xmax>
			<ymin>171</ymin>
			<ymax>302</ymax>
		</bndbox>
	</object>
</annotation>
