<annotation>
	<folder></folder>
	<filename>frame_1808_jpg.rf.1f81c19f2511feb6d9607fa92daf7a9b.jpg</filename>
	<path>frame_1808_jpg.rf.1f81c19f2511feb6d9607fa92daf7a9b.jpg</path>
	<source>
		<database>roboflow.ai</database>
	</source>
	<size>
		<width>416</width>
		<height>416</height>
		<depth>3</depth>
	</size>
	<segmented>0</segmented>
	<object>
		<name>auto</name>
		<pose>Unspecified</pose>
		<truncated>0</truncated>
		<difficult>0</difficult>
		<occluded>0</occluded>
		<bndbox>
			<xmin>16</xmin>
			<xmax>415</xmax>
			<ymin>0</ymin>
			<ymax>416</ymax>
		</bndbox>
	</object>
</annotation>
