<annotation>
	<folder></folder>
	<filename>frame_1769_jpg.rf.f1c9016a0b9cc2b027ebd7585ff8f9f6.jpg</filename>
	<path>frame_1769_jpg.rf.f1c9016a0b9cc2b027ebd7585ff8f9f6.jpg</path>
	<source>
		<database>roboflow.ai</database>
	</source>
	<size>
		<width>416</width>
		<height>416</height>
		<depth>3</depth>
	</size>
	<segmented>0</segmented>
	<object>
		<name>auto</name>
		<pose>Unspecified</pose>
		<truncated>0</truncated>
		<difficult>0</difficult>
		<occluded>0</occluded>
		<bndbox>
			<xmin>96</xmin>
			<xmax>307</xmax>
			<ymin>48</ymin>
			<ymax>392</ymax>
		</bndbox>
	</object>
</annotation>
