<annotation>
	<folder></folder>
	<filename>frame_1459_jpg.rf.d45ae714f34cf5174631601819daf119.jpg</filename>
	<path>frame_1459_jpg.rf.d45ae714f34cf5174631601819daf119.jpg</path>
	<source>
		<database>roboflow.ai</database>
	</source>
	<size>
		<width>416</width>
		<height>416</height>
		<depth>3</depth>
	</size>
	<segmented>0</segmented>
	<object>
		<name>auto</name>
		<pose>Unspecified</pose>
		<truncated>0</truncated>
		<difficult>0</difficult>
		<occluded>0</occluded>
		<bndbox>
			<xmin>74</xmin>
			<xmax>325</xmax>
			<ymin>109</ymin>
			<ymax>415</ymax>
		</bndbox>
	</object>
	<object>
		<name>auto</name>
		<pose>Unspecified</pose>
		<truncated>0</truncated>
		<difficult>0</difficult>
		<occluded>0</occluded>
		<bndbox>
			<xmin>287</xmin>
			<xmax>371</xmax>
			<ymin>185</ymin>
			<ymax>299</ymax>
		</bndbox>
	</object>
</annotation>
