<annotation>
	<folder></folder>
	<filename>frame_1793_jpg.rf.5873c831636fecf239fe8ed5901f398e.jpg</filename>
	<path>frame_1793_jpg.rf.5873c831636fecf239fe8ed5901f398e.jpg</path>
	<source>
		<database>roboflow.ai</database>
	</source>
	<size>
		<width>416</width>
		<height>416</height>
		<depth>3</depth>
	</size>
	<segmented>0</segmented>
	<object>
		<name>auto</name>
		<pose>Unspecified</pose>
		<truncated>0</truncated>
		<difficult>0</difficult>
		<occluded>0</occluded>
		<bndbox>
			<xmin>242</xmin>
			<xmax>415</xmax>
			<ymin>121</ymin>
			<ymax>399</ymax>
		</bndbox>
	</object>
	<object>
		<name>auto</name>
		<pose>Unspecified</pose>
		<truncated>0</truncated>
		<difficult>0</difficult>
		<occluded>0</occluded>
		<bndbox>
			<xmin>120</xmin>
			<xmax>264</xmax>
			<ymin>62</ymin>
			<ymax>273</ymax>
		</bndbox>
	</object>
	<object>
		<name>auto</name>
		<pose>Unspecified</pose>
		<truncated>0</truncated>
		<difficult>0</difficult>
		<occluded>0</occluded>
		<bndbox>
			<xmin>68</xmin>
			<xmax>164</xmax>
			<ymin>35</ymin>
			<ymax>201</ymax>
		</bndbox>
	</object>
</annotation>
