<annotation>
	<folder></folder>
	<filename>frame_1813_jpg.rf.6137c573da074fe661d8e577f31ce852.jpg</filename>
	<path>frame_1813_jpg.rf.6137c573da074fe661d8e577f31ce852.jpg</path>
	<source>
		<database>roboflow.ai</database>
	</source>
	<size>
		<width>416</width>
		<height>416</height>
		<depth>3</depth>
	</size>
	<segmented>0</segmented>
	<object>
		<name>auto</name>
		<pose>Unspecified</pose>
		<truncated>0</truncated>
		<difficult>0</difficult>
		<occluded>0</occluded>
		<bndbox>
			<xmin>131</xmin>
			<xmax>344</xmax>
			<ymin>221</ymin>
			<ymax>406</ymax>
		</bndbox>
	</object>
</annotation>
