<annotation>
	<folder></folder>
	<filename>frame_1796_jpg.rf.f11e3740d4374f47b8bfe19666e890fa.jpg</filename>
	<path>frame_1796_jpg.rf.f11e3740d4374f47b8bfe19666e890fa.jpg</path>
	<source>
		<database>roboflow.ai</database>
	</source>
	<size>
		<width>416</width>
		<height>416</height>
		<depth>3</depth>
	</size>
	<segmented>0</segmented>
	<object>
		<name>auto</name>
		<pose>Unspecified</pose>
		<truncated>0</truncated>
		<difficult>0</difficult>
		<occluded>0</occluded>
		<bndbox>
			<xmin>7</xmin>
			<xmax>215</xmax>
			<ymin>111</ymin>
			<ymax>340</ymax>
		</bndbox>
	</object>
	<object>
		<name>auto</name>
		<pose>Unspecified</pose>
		<truncated>0</truncated>
		<difficult>0</difficult>
		<occluded>0</occluded>
		<bndbox>
			<xmin>187</xmin>
			<xmax>362</xmax>
			<ymin>133</ymin>
			<ymax>342</ymax>
		</bndbox>
	</object>
</annotation>
