<annotation>
	<folder></folder>
	<filename>frame_1455_jpg.rf.04f3412cf0fd333b17fa05cd96a150b0.jpg</filename>
	<path>frame_1455_jpg.rf.04f3412cf0fd333b17fa05cd96a150b0.jpg</path>
	<source>
		<database>roboflow.ai</database>
	</source>
	<size>
		<width>416</width>
		<height>416</height>
		<depth>3</depth>
	</size>
	<segmented>0</segmented>
	<object>
		<name>auto</name>
		<pose>Unspecified</pose>
		<truncated>0</truncated>
		<difficult>0</difficult>
		<occluded>0</occluded>
		<bndbox>
			<xmin>0</xmin>
			<xmax>167</xmax>
			<ymin>78</ymin>
			<ymax>264</ymax>
		</bndbox>
	</object>
	<object>
		<name>auto</name>
		<pose>Unspecified</pose>
		<truncated>0</truncated>
		<difficult>0</difficult>
		<occluded>0</occluded>
		<bndbox>
			<xmin>138</xmin>
			<xmax>290</xmax>
			<ymin>120</ymin>
			<ymax>289</ymax>
		</bndbox>
	</object>
	<object>
		<name>auto</name>
		<pose>Unspecified</pose>
		<truncated>0</truncated>
		<difficult>0</difficult>
		<occluded>0</occluded>
		<bndbox>
			<xmin>256</xmin>
			<xmax>404</xmax>
			<ymin>112</ymin>
			<ymax>310</ymax>
		</bndbox>
	</object>
</annotation>
