<annotation>
	<folder></folder>
	<filename>frame_1780_jpg.rf.0da5d681a2160792d1bddcde3b17bdae.jpg</filename>
	<path>frame_1780_jpg.rf.0da5d681a2160792d1bddcde3b17bdae.jpg</path>
	<source>
		<database>roboflow.ai</database>
	</source>
	<size>
		<width>416</width>
		<height>416</height>
		<depth>3</depth>
	</size>
	<segmented>0</segmented>
	<object>
		<name>auto</name>
		<pose>Unspecified</pose>
		<truncated>0</truncated>
		<difficult>0</difficult>
		<occluded>0</occluded>
		<bndbox>
			<xmin>92</xmin>
			<xmax>357</xmax>
			<ymin>50</ymin>
			<ymax>381</ymax>
		</bndbox>
	</object>
</annotation>
