<annotation>
	<folder></folder>
	<filename>frame_1819_jpg.rf.fe8880d1fa910e7ab8b20de62321b3fa.jpg</filename>
	<path>frame_1819_jpg.rf.fe8880d1fa910e7ab8b20de62321b3fa.jpg</path>
	<source>
		<database>roboflow.ai</database>
	</source>
	<size>
		<width>416</width>
		<height>416</height>
		<depth>3</depth>
	</size>
	<segmented>0</segmented>
	<object>
		<name>auto</name>
		<pose>Unspecified</pose>
		<truncated>0</truncated>
		<difficult>0</difficult>
		<occluded>0</occluded>
		<bndbox>
			<xmin>0</xmin>
			<xmax>285</xmax>
			<ymin>86</ymin>
			<ymax>376</ymax>
		</bndbox>
	</object>
</annotation>
