<annotation>
	<folder></folder>
	<filename>frame_1798_jpg.rf.97ae184e97caa99d8fb993961d7c7d4d.jpg</filename>
	<path>frame_1798_jpg.rf.97ae184e97caa99d8fb993961d7c7d4d.jpg</path>
	<source>
		<database>roboflow.ai</database>
	</source>
	<size>
		<width>416</width>
		<height>416</height>
		<depth>3</depth>
	</size>
	<segmented>0</segmented>
	<object>
		<name>auto</name>
		<pose>Unspecified</pose>
		<truncated>0</truncated>
		<difficult>0</difficult>
		<occluded>0</occluded>
		<bndbox>
			<xmin>51</xmin>
			<xmax>328</xmax>
			<ymin>99</ymin>
			<ymax>360</ymax>
		</bndbox>
	</object>
	<object>
		<name>truck</name>
		<pose>Unspecified</pose>
		<truncated>0</truncated>
		<difficult>0</difficult>
		<occluded>0</occluded>
		<bndbox>
			<xmin>319</xmin>
			<xmax>400</xmax>
			<ymin>49</ymin>
			<ymax>203</ymax>
		</bndbox>
	</object>
</annotation>
