<annotation>
	<folder></folder>
	<filename>frame_1813_jpg.rf.f75ed5f69cc77ee4ea9a7f48a50c95cb.jpg</filename>
	<path>frame_1813_jpg.rf.f75ed5f69cc77ee4ea9a7f48a50c95cb.jpg</path>
	<source>
		<database>roboflow.ai</database>
	</source>
	<size>
		<width>416</width>
		<height>416</height>
		<depth>3</depth>
	</size>
	<segmented>0</segmented>
	<object>
		<name>auto</name>
		<pose>Unspecified</pose>
		<truncated>0</truncated>
		<difficult>0</difficult>
		<occluded>0</occluded>
		<bndbox>
			<xmin>86</xmin>
			<xmax>286</xmax>
			<ymin>203</ymin>
			<ymax>415</ymax>
		</bndbox>
	</object>
</annotation>
