<annotation>
	<folder></folder>
	<filename>frame_1809_jpg.rf.08298af367c96bc92af001ecf7e33fe7.jpg</filename>
	<path>frame_1809_jpg.rf.08298af367c96bc92af001ecf7e33fe7.jpg</path>
	<source>
		<database>roboflow.ai</database>
	</source>
	<size>
		<width>416</width>
		<height>416</height>
		<depth>3</depth>
	</size>
	<segmented>0</segmented>
	<object>
		<name>auto</name>
		<pose>Unspecified</pose>
		<truncated>0</truncated>
		<difficult>0</difficult>
		<occluded>0</occluded>
		<bndbox>
			<xmin>68</xmin>
			<xmax>195</xmax>
			<ymin>96</ymin>
			<ymax>278</ymax>
		</bndbox>
	</object>
	<object>
		<name>auto</name>
		<pose>Unspecified</pose>
		<truncated>0</truncated>
		<difficult>0</difficult>
		<occluded>0</occluded>
		<bndbox>
			<xmin>142</xmin>
			<xmax>415</xmax>
			<ymin>80</ymin>
			<ymax>415</ymax>
		</bndbox>
	</object>
</annotation>
