<annotation>
	<folder></folder>
	<filename>frame_1809_jpg.rf.ce80c3ef3d5e07fc965dc304413297e5.jpg</filename>
	<path>frame_1809_jpg.rf.ce80c3ef3d5e07fc965dc304413297e5.jpg</path>
	<source>
		<database>roboflow.ai</database>
	</source>
	<size>
		<width>416</width>
		<height>416</height>
		<depth>3</depth>
	</size>
	<segmented>0</segmented>
	<object>
		<name>auto</name>
		<pose>Unspecified</pose>
		<truncated>0</truncated>
		<difficult>0</difficult>
		<occluded>0</occluded>
		<bndbox>
			<xmin>100</xmin>
			<xmax>178</xmax>
			<ymin>65</ymin>
			<ymax>256</ymax>
		</bndbox>
	</object>
	<object>
		<name>auto</name>
		<pose>Unspecified</pose>
		<truncated>0</truncated>
		<difficult>0</difficult>
		<occluded>0</occluded>
		<bndbox>
			<xmin>168</xmin>
			<xmax>415</xmax>
			<ymin>122</ymin>
			<ymax>415</ymax>
		</bndbox>
	</object>
</annotation>
