<annotation>
	<folder></folder>
	<filename>frame_1789_jpg.rf.51392794fe94aff6a9850fe836c79867.jpg</filename>
	<path>frame_1789_jpg.rf.51392794fe94aff6a9850fe836c79867.jpg</path>
	<source>
		<database>roboflow.ai</database>
	</source>
	<size>
		<width>416</width>
		<height>416</height>
		<depth>3</depth>
	</size>
	<segmented>0</segmented>
	<object>
		<name>auto</name>
		<pose>Unspecified</pose>
		<truncated>0</truncated>
		<difficult>0</difficult>
		<occluded>0</occluded>
		<bndbox>
			<xmin>19</xmin>
			<xmax>147</xmax>
			<ymin>179</ymin>
			<ymax>370</ymax>
		</bndbox>
	</object>
	<object>
		<name>riksha</name>
		<pose>Unspecified</pose>
		<truncated>0</truncated>
		<difficult>0</difficult>
		<occluded>0</occluded>
		<bndbox>
			<xmin>168</xmin>
			<xmax>326</xmax>
			<ymin>138</ymin>
			<ymax>311</ymax>
		</bndbox>
	</object>
</annotation>
