<annotation>
	<folder></folder>
	<filename>frame_1469_jpg.rf.a4b7f5476fe0fdf7338d7d398f204e89.jpg</filename>
	<path>frame_1469_jpg.rf.a4b7f5476fe0fdf7338d7d398f204e89.jpg</path>
	<source>
		<database>roboflow.ai</database>
	</source>
	<size>
		<width>416</width>
		<height>416</height>
		<depth>3</depth>
	</size>
	<segmented>0</segmented>
	<object>
		<name>auto</name>
		<pose>Unspecified</pose>
		<truncated>0</truncated>
		<difficult>0</difficult>
		<occluded>0</occluded>
		<bndbox>
			<xmin>150</xmin>
			<xmax>411</xmax>
			<ymin>29</ymin>
			<ymax>415</ymax>
		</bndbox>
	</object>
	<object>
		<name>auto</name>
		<pose>Unspecified</pose>
		<truncated>0</truncated>
		<difficult>0</difficult>
		<occluded>0</occluded>
		<bndbox>
			<xmin>8</xmin>
			<xmax>154</xmax>
			<ymin>13</ymin>
			<ymax>268</ymax>
		</bndbox>
	</object>
</annotation>
