<annotation>
	<folder></folder>
	<filename>frame_1791_jpg.rf.639de77e1722e9aa390c075e578f73d6.jpg</filename>
	<path>frame_1791_jpg.rf.639de77e1722e9aa390c075e578f73d6.jpg</path>
	<source>
		<database>roboflow.ai</database>
	</source>
	<size>
		<width>416</width>
		<height>416</height>
		<depth>3</depth>
	</size>
	<segmented>0</segmented>
	<object>
		<name>auto</name>
		<pose>Unspecified</pose>
		<truncated>0</truncated>
		<difficult>0</difficult>
		<occluded>0</occluded>
		<bndbox>
			<xmin>180</xmin>
			<xmax>362</xmax>
			<ymin>79</ymin>
			<ymax>386</ymax>
		</bndbox>
	</object>
	<object>
		<name>motorbike</name>
		<pose>Unspecified</pose>
		<truncated>0</truncated>
		<difficult>0</difficult>
		<occluded>0</occluded>
		<bndbox>
			<xmin>40</xmin>
			<xmax>127</xmax>
			<ymin>162</ymin>
			<ymax>413</ymax>
		</bndbox>
	</object>
</annotation>
