<annotation>
	<folder></folder>
	<filename>frame_1467_jpg.rf.e3e310731a628a387608173d81285b08.jpg</filename>
	<path>frame_1467_jpg.rf.e3e310731a628a387608173d81285b08.jpg</path>
	<source>
		<database>roboflow.ai</database>
	</source>
	<size>
		<width>416</width>
		<height>416</height>
		<depth>3</depth>
	</size>
	<segmented>0</segmented>
	<object>
		<name>auto</name>
		<pose>Unspecified</pose>
		<truncated>0</truncated>
		<difficult>0</difficult>
		<occluded>0</occluded>
		<bndbox>
			<xmin>323</xmin>
			<xmax>360</xmax>
			<ymin>113</ymin>
			<ymax>204</ymax>
		</bndbox>
	</object>
	<object>
		<name>auto</name>
		<pose>Unspecified</pose>
		<truncated>0</truncated>
		<difficult>0</difficult>
		<occluded>0</occluded>
		<bndbox>
			<xmin>248</xmin>
			<xmax>333</xmax>
			<ymin>103</ymin>
			<ymax>251</ymax>
		</bndbox>
	</object>
	<object>
		<name>auto</name>
		<pose>Unspecified</pose>
		<truncated>0</truncated>
		<difficult>0</difficult>
		<occluded>0</occluded>
		<bndbox>
			<xmin>0</xmin>
			<xmax>276</xmax>
			<ymin>70</ymin>
			<ymax>390</ymax>
		</bndbox>
	</object>
</annotation>
