<annotation>
	<folder></folder>
	<filename>frame_1768_jpg.rf.69a53d09462cc6c4e2e641c87938f51c.jpg</filename>
	<path>frame_1768_jpg.rf.69a53d09462cc6c4e2e641c87938f51c.jpg</path>
	<source>
		<database>roboflow.ai</database>
	</source>
	<size>
		<width>416</width>
		<height>416</height>
		<depth>3</depth>
	</size>
	<segmented>0</segmented>
	<object>
		<name>auto</name>
		<pose>Unspecified</pose>
		<truncated>0</truncated>
		<difficult>0</difficult>
		<occluded>0</occluded>
		<bndbox>
			<xmin>161</xmin>
			<xmax>415</xmax>
			<ymin>70</ymin>
			<ymax>404</ymax>
		</bndbox>
	</object>
</annotation>
