<annotation>
	<folder></folder>
	<filename>frame_1470_jpg.rf.254349a114b38cce36634d5475a55a7b.jpg</filename>
	<path>frame_1470_jpg.rf.254349a114b38cce36634d5475a55a7b.jpg</path>
	<source>
		<database>roboflow.ai</database>
	</source>
	<size>
		<width>416</width>
		<height>416</height>
		<depth>3</depth>
	</size>
	<segmented>0</segmented>
	<object>
		<name>auto</name>
		<pose>Unspecified</pose>
		<truncated>0</truncated>
		<difficult>0</difficult>
		<occluded>0</occluded>
		<bndbox>
			<xmin>106</xmin>
			<xmax>279</xmax>
			<ymin>57</ymin>
			<ymax>354</ymax>
		</bndbox>
	</object>
	<object>
		<name>auto</name>
		<pose>Unspecified</pose>
		<truncated>0</truncated>
		<difficult>0</difficult>
		<occluded>0</occluded>
		<bndbox>
			<xmin>246</xmin>
			<xmax>415</xmax>
			<ymin>57</ymin>
			<ymax>415</ymax>
		</bndbox>
	</object>
	<object>
		<name>auto</name>
		<pose>Unspecified</pose>
		<truncated>0</truncated>
		<difficult>0</difficult>
		<occluded>0</occluded>
		<bndbox>
			<xmin>9</xmin>
			<xmax>122</xmax>
			<ymin>28</ymin>
			<ymax>260</ymax>
		</bndbox>
	</object>
</annotation>
