<annotation>
	<folder></folder>
	<filename>frame_1819_jpg.rf.a6a31136df48de7ddc494239fc0c0281.jpg</filename>
	<path>frame_1819_jpg.rf.a6a31136df48de7ddc494239fc0c0281.jpg</path>
	<source>
		<database>roboflow.ai</database>
	</source>
	<size>
		<width>416</width>
		<height>416</height>
		<depth>3</depth>
	</size>
	<segmented>0</segmented>
	<object>
		<name>auto</name>
		<pose>Unspecified</pose>
		<truncated>0</truncated>
		<difficult>0</difficult>
		<occluded>0</occluded>
		<bndbox>
			<xmin>7</xmin>
			<xmax>281</xmax>
			<ymin>105</ymin>
			<ymax>385</ymax>
		</bndbox>
	</object>
</annotation>
