<annotation>
	<folder></folder>
	<filename>frame_1766_jpg.rf.29022dd47b6cdc05a9e25d71d3748658.jpg</filename>
	<path>frame_1766_jpg.rf.29022dd47b6cdc05a9e25d71d3748658.jpg</path>
	<source>
		<database>roboflow.ai</database>
	</source>
	<size>
		<width>416</width>
		<height>416</height>
		<depth>3</depth>
	</size>
	<segmented>0</segmented>
	<object>
		<name>auto</name>
		<pose>Unspecified</pose>
		<truncated>0</truncated>
		<difficult>0</difficult>
		<occluded>0</occluded>
		<bndbox>
			<xmin>63</xmin>
			<xmax>140</xmax>
			<ymin>190</ymin>
			<ymax>270</ymax>
		</bndbox>
	</object>
</annotation>
