<annotation>
	<folder></folder>
	<filename>frame_1784_jpg.rf.a3470e0c8a12420d9128b6e9e535559b.jpg</filename>
	<path>frame_1784_jpg.rf.a3470e0c8a12420d9128b6e9e535559b.jpg</path>
	<source>
		<database>roboflow.ai</database>
	</source>
	<size>
		<width>416</width>
		<height>416</height>
		<depth>3</depth>
	</size>
	<segmented>0</segmented>
	<object>
		<name>auto</name>
		<pose>Unspecified</pose>
		<truncated>0</truncated>
		<difficult>0</difficult>
		<occluded>0</occluded>
		<bndbox>
			<xmin>202</xmin>
			<xmax>415</xmax>
			<ymin>116</ymin>
			<ymax>415</ymax>
		</bndbox>
	</object>
</annotation>
