<annotation>
	<folder></folder>
	<filename>frame_1826_jpg.rf.22e25767da09591253c8b672443c08ca.jpg</filename>
	<path>frame_1826_jpg.rf.22e25767da09591253c8b672443c08ca.jpg</path>
	<source>
		<database>roboflow.ai</database>
	</source>
	<size>
		<width>416</width>
		<height>416</height>
		<depth>3</depth>
	</size>
	<segmented>0</segmented>
	<object>
		<name>auto</name>
		<pose>Unspecified</pose>
		<truncated>0</truncated>
		<difficult>0</difficult>
		<occluded>0</occluded>
		<bndbox>
			<xmin>0</xmin>
			<xmax>405</xmax>
			<ymin>15</ymin>
			<ymax>411</ymax>
		</bndbox>
	</object>
</annotation>
