<annotation>
	<folder></folder>
	<filename>frame_1802_jpg.rf.ba5294a5c4cb4f47c51f78120691f899.jpg</filename>
	<path>frame_1802_jpg.rf.ba5294a5c4cb4f47c51f78120691f899.jpg</path>
	<source>
		<database>roboflow.ai</database>
	</source>
	<size>
		<width>416</width>
		<height>416</height>
		<depth>3</depth>
	</size>
	<segmented>0</segmented>
	<object>
		<name>auto</name>
		<pose>Unspecified</pose>
		<truncated>0</truncated>
		<difficult>0</difficult>
		<occluded>0</occluded>
		<bndbox>
			<xmin>143</xmin>
			<xmax>336</xmax>
			<ymin>66</ymin>
			<ymax>415</ymax>
		</bndbox>
	</object>
	<object>
		<name>auto</name>
		<pose>Unspecified</pose>
		<truncated>0</truncated>
		<difficult>0</difficult>
		<occluded>0</occluded>
		<bndbox>
			<xmin>0</xmin>
			<xmax>154</xmax>
			<ymin>101</ymin>
			<ymax>415</ymax>
		</bndbox>
	</object>
	<object>
		<name>motorbike</name>
		<pose>Unspecified</pose>
		<truncated>0</truncated>
		<difficult>0</difficult>
		<occluded>0</occluded>
		<bndbox>
			<xmin>370</xmin>
			<xmax>413</xmax>
			<ymin>144</ymin>
			<ymax>336</ymax>
		</bndbox>
	</object>
</annotation>
