<annotation>
	<folder></folder>
	<filename>frame_1815_jpg.rf.a6e39de374fcb6635c9104d56a0e66d8.jpg</filename>
	<path>frame_1815_jpg.rf.a6e39de374fcb6635c9104d56a0e66d8.jpg</path>
	<source>
		<database>roboflow.ai</database>
	</source>
	<size>
		<width>416</width>
		<height>416</height>
		<depth>3</depth>
	</size>
	<segmented>0</segmented>
	<object>
		<name>auto</name>
		<pose>Unspecified</pose>
		<truncated>0</truncated>
		<difficult>0</difficult>
		<occluded>0</occluded>
		<bndbox>
			<xmin>75</xmin>
			<xmax>115</xmax>
			<ymin>266</ymin>
			<ymax>343</ymax>
		</bndbox>
	</object>
	<object>
		<name>auto</name>
		<pose>Unspecified</pose>
		<truncated>0</truncated>
		<difficult>0</difficult>
		<occluded>0</occluded>
		<bndbox>
			<xmin>0</xmin>
			<xmax>63</xmax>
			<ymin>268</ymin>
			<ymax>377</ymax>
		</bndbox>
	</object>
	<object>
		<name>car</name>
		<pose>Unspecified</pose>
		<truncated>0</truncated>
		<difficult>0</difficult>
		<occluded>0</occluded>
		<bndbox>
			<xmin>132</xmin>
			<xmax>178</xmax>
			<ymin>273</ymin>
			<ymax>333</ymax>
		</bndbox>
	</object>
</annotation>
