<annotation>
	<folder></folder>
	<filename>frame_1815_jpg.rf.824eddd9f8330567165d31a803271e9b.jpg</filename>
	<path>frame_1815_jpg.rf.824eddd9f8330567165d31a803271e9b.jpg</path>
	<source>
		<database>roboflow.ai</database>
	</source>
	<size>
		<width>416</width>
		<height>416</height>
		<depth>3</depth>
	</size>
	<segmented>0</segmented>
	<object>
		<name>auto</name>
		<pose>Unspecified</pose>
		<truncated>0</truncated>
		<difficult>0</difficult>
		<occluded>0</occluded>
		<bndbox>
			<xmin>312</xmin>
			<xmax>376</xmax>
			<ymin>241</ymin>
			<ymax>331</ymax>
		</bndbox>
	</object>
	<object>
		<name>auto</name>
		<pose>Unspecified</pose>
		<truncated>0</truncated>
		<difficult>0</difficult>
		<occluded>0</occluded>
		<bndbox>
			<xmin>361</xmin>
			<xmax>415</xmax>
			<ymin>227</ymin>
			<ymax>357</ymax>
		</bndbox>
	</object>
	<object>
		<name>car</name>
		<pose>Unspecified</pose>
		<truncated>0</truncated>
		<difficult>0</difficult>
		<occluded>0</occluded>
		<bndbox>
			<xmin>258</xmin>
			<xmax>323</xmax>
			<ymin>259</ymin>
			<ymax>332</ymax>
		</bndbox>
	</object>
</annotation>
