<annotation>
	<folder></folder>
	<filename>frame_1829_jpg.rf.1f9e3e24edbafbdb943dad309ec19d8e.jpg</filename>
	<path>frame_1829_jpg.rf.1f9e3e24edbafbdb943dad309ec19d8e.jpg</path>
	<source>
		<database>roboflow.ai</database>
	</source>
	<size>
		<width>416</width>
		<height>416</height>
		<depth>3</depth>
	</size>
	<segmented>0</segmented>
	<object>
		<name>auto</name>
		<pose>Unspecified</pose>
		<truncated>0</truncated>
		<difficult>0</difficult>
		<occluded>0</occluded>
		<bndbox>
			<xmin>271</xmin>
			<xmax>309</xmax>
			<ymin>118</ymin>
			<ymax>185</ymax>
		</bndbox>
	</object>
	<object>
		<name>car</name>
		<pose>Unspecified</pose>
		<truncated>0</truncated>
		<difficult>0</difficult>
		<occluded>0</occluded>
		<bndbox>
			<xmin>153</xmin>
			<xmax>292</xmax>
			<ymin>173</ymin>
			<ymax>369</ymax>
		</bndbox>
	</object>
	<object>
		<name>bus</name>
		<pose>Unspecified</pose>
		<truncated>0</truncated>
		<difficult>0</difficult>
		<occluded>0</occluded>
		<bndbox>
			<xmin>200</xmin>
			<xmax>273</xmax>
			<ymin>86</ymin>
			<ymax>202</ymax>
		</bndbox>
	</object>
</annotation>
