<annotation>
	<folder></folder>
	<filename>frame_1786_jpg.rf.15714883f5a9d74962120dc807b0473c.jpg</filename>
	<path>frame_1786_jpg.rf.15714883f5a9d74962120dc807b0473c.jpg</path>
	<source>
		<database>roboflow.ai</database>
	</source>
	<size>
		<width>416</width>
		<height>416</height>
		<depth>3</depth>
	</size>
	<segmented>0</segmented>
	<object>
		<name>auto</name>
		<pose>Unspecified</pose>
		<truncated>0</truncated>
		<difficult>0</difficult>
		<occluded>0</occluded>
		<bndbox>
			<xmin>9</xmin>
			<xmax>358</xmax>
			<ymin>22</ymin>
			<ymax>415</ymax>
		</bndbox>
	</object>
</annotation>
