<annotation>
	<folder></folder>
	<filename>frame_1447_jpg.rf.1e421d86eecbcc794590622671283880.jpg</filename>
	<path>frame_1447_jpg.rf.1e421d86eecbcc794590622671283880.jpg</path>
	<source>
		<database>roboflow.ai</database>
	</source>
	<size>
		<width>416</width>
		<height>416</height>
		<depth>3</depth>
	</size>
	<segmented>0</segmented>
	<object>
		<name>auto</name>
		<pose>Unspecified</pose>
		<truncated>0</truncated>
		<difficult>0</difficult>
		<occluded>0</occluded>
		<bndbox>
			<xmin>89</xmin>
			<xmax>347</xmax>
			<ymin>46</ymin>
			<ymax>415</ymax>
		</bndbox>
	</object>
	<object>
		<name>auto</name>
		<pose>Unspecified</pose>
		<truncated>0</truncated>
		<difficult>0</difficult>
		<occluded>0</occluded>
		<bndbox>
			<xmin>41</xmin>
			<xmax>123</xmax>
			<ymin>129</ymin>
			<ymax>257</ymax>
		</bndbox>
	</object>
</annotation>
