<annotation>
	<folder></folder>
	<filename>frame_1468_jpg.rf.a219cc759246f65b89547283d08c628a.jpg</filename>
	<path>frame_1468_jpg.rf.a219cc759246f65b89547283d08c628a.jpg</path>
	<source>
		<database>roboflow.ai</database>
	</source>
	<size>
		<width>416</width>
		<height>416</height>
		<depth>3</depth>
	</size>
	<segmented>0</segmented>
	<object>
		<name>auto</name>
		<pose>Unspecified</pose>
		<truncated>0</truncated>
		<difficult>0</difficult>
		<occluded>0</occluded>
		<bndbox>
			<xmin>138</xmin>
			<xmax>377</xmax>
			<ymin>77</ymin>
			<ymax>415</ymax>
		</bndbox>
	</object>
</annotation>
