<annotation>
	<folder></folder>
	<filename>frame_1777_jpg.rf.1419271f5686c596478f4fb886742dfd.jpg</filename>
	<path>frame_1777_jpg.rf.1419271f5686c596478f4fb886742dfd.jpg</path>
	<source>
		<database>roboflow.ai</database>
	</source>
	<size>
		<width>416</width>
		<height>416</height>
		<depth>3</depth>
	</size>
	<segmented>0</segmented>
	<object>
		<name>auto</name>
		<pose>Unspecified</pose>
		<truncated>0</truncated>
		<difficult>0</difficult>
		<occluded>0</occluded>
		<bndbox>
			<xmin>16</xmin>
			<xmax>185</xmax>
			<ymin>87</ymin>
			<ymax>310</ymax>
		</bndbox>
	</object>
	<object>
		<name>bicycle</name>
		<pose>Unspecified</pose>
		<truncated>0</truncated>
		<difficult>0</difficult>
		<occluded>0</occluded>
		<bndbox>
			<xmin>128</xmin>
			<xmax>411</xmax>
			<ymin>100</ymin>
			<ymax>415</ymax>
		</bndbox>
	</object>
</annotation>
