<annotation>
	<folder></folder>
	<filename>frame_1822_jpg.rf.b55ac7dfae11cc3d8fffa7624f712d6b.jpg</filename>
	<path>frame_1822_jpg.rf.b55ac7dfae11cc3d8fffa7624f712d6b.jpg</path>
	<source>
		<database>roboflow.ai</database>
	</source>
	<size>
		<width>416</width>
		<height>416</height>
		<depth>3</depth>
	</size>
	<segmented>0</segmented>
	<object>
		<name>auto</name>
		<pose>Unspecified</pose>
		<truncated>0</truncated>
		<difficult>0</difficult>
		<occluded>0</occluded>
		<bndbox>
			<xmin>35</xmin>
			<xmax>203</xmax>
			<ymin>204</ymin>
			<ymax>375</ymax>
		</bndbox>
	</object>
	<object>
		<name>auto</name>
		<pose>Unspecified</pose>
		<truncated>0</truncated>
		<difficult>0</difficult>
		<occluded>0</occluded>
		<bndbox>
			<xmin>180</xmin>
			<xmax>316</xmax>
			<ymin>245</ymin>
			<ymax>404</ymax>
		</bndbox>
	</object>
	<object>
		<name>auto</name>
		<pose>Unspecified</pose>
		<truncated>0</truncated>
		<difficult>0</difficult>
		<occluded>0</occluded>
		<bndbox>
			<xmin>289</xmin>
			<xmax>389</xmax>
			<ymin>288</ymin>
			<ymax>415</ymax>
		</bndbox>
	</object>
</annotation>
