<annotation>
	<folder></folder>
	<filename>frame_1461_jpg.rf.9e734b3dd1c8bdadea1ce0c1a9d54ba3.jpg</filename>
	<path>frame_1461_jpg.rf.9e734b3dd1c8bdadea1ce0c1a9d54ba3.jpg</path>
	<source>
		<database>roboflow.ai</database>
	</source>
	<size>
		<width>416</width>
		<height>416</height>
		<depth>3</depth>
	</size>
	<segmented>0</segmented>
	<object>
		<name>auto</name>
		<pose>Unspecified</pose>
		<truncated>0</truncated>
		<difficult>0</difficult>
		<occluded>0</occluded>
		<bndbox>
			<xmin>141</xmin>
			<xmax>301</xmax>
			<ymin>45</ymin>
			<ymax>325</ymax>
		</bndbox>
	</object>
	<object>
		<name>auto</name>
		<pose>Unspecified</pose>
		<truncated>0</truncated>
		<difficult>0</difficult>
		<occluded>0</occluded>
		<bndbox>
			<xmin>0</xmin>
			<xmax>162</xmax>
			<ymin>0</ymin>
			<ymax>415</ymax>
		</bndbox>
	</object>
	<object>
		<name>riksha</name>
		<pose>Unspecified</pose>
		<truncated>0</truncated>
		<difficult>0</difficult>
		<occluded>0</occluded>
		<bndbox>
			<xmin>293</xmin>
			<xmax>411</xmax>
			<ymin>111</ymin>
			<ymax>392</ymax>
		</bndbox>
	</object>
</annotation>
