<annotation>
	<folder></folder>
	<filename>frame_1764_jpg.rf.68ac52c1792414d2f3e526bde88bc39e.jpg</filename>
	<path>frame_1764_jpg.rf.68ac52c1792414d2f3e526bde88bc39e.jpg</path>
	<source>
		<database>roboflow.ai</database>
	</source>
	<size>
		<width>416</width>
		<height>416</height>
		<depth>3</depth>
	</size>
	<segmented>0</segmented>
	<object>
		<name>motorbike</name>
		<pose>Unspecified</pose>
		<truncated>0</truncated>
		<difficult>0</difficult>
		<occluded>0</occluded>
		<bndbox>
			<xmin>189</xmin>
			<xmax>370</xmax>
			<ymin>179</ymin>
			<ymax>415</ymax>
		</bndbox>
	</object>
	<object>
		<name>auto</name>
		<pose>Unspecified</pose>
		<truncated>0</truncated>
		<difficult>0</difficult>
		<occluded>0</occluded>
		<bndbox>
			<xmin>195</xmin>
			<xmax>356</xmax>
			<ymin>12</ymin>
			<ymax>318</ymax>
		</bndbox>
	</object>
</annotation>
