<annotation>
	<folder></folder>
	<filename>frame_1476_jpg.rf.87b0ba8bee42a1ea583f67682b23548d.jpg</filename>
	<path>frame_1476_jpg.rf.87b0ba8bee42a1ea583f67682b23548d.jpg</path>
	<source>
		<database>roboflow.ai</database>
	</source>
	<size>
		<width>416</width>
		<height>416</height>
		<depth>3</depth>
	</size>
	<segmented>0</segmented>
	<object>
		<name>auto</name>
		<pose>Unspecified</pose>
		<truncated>0</truncated>
		<difficult>0</difficult>
		<occluded>0</occluded>
		<bndbox>
			<xmin>288</xmin>
			<xmax>415</xmax>
			<ymin>67</ymin>
			<ymax>343</ymax>
		</bndbox>
	</object>
	<object>
		<name>auto</name>
		<pose>Unspecified</pose>
		<truncated>0</truncated>
		<difficult>0</difficult>
		<occluded>0</occluded>
		<bndbox>
			<xmin>146</xmin>
			<xmax>251</xmax>
			<ymin>118</ymin>
			<ymax>304</ymax>
		</bndbox>
	</object>
	<object>
		<name>riksha</name>
		<pose>Unspecified</pose>
		<truncated>0</truncated>
		<difficult>0</difficult>
		<occluded>0</occluded>
		<bndbox>
			<xmin>110</xmin>
			<xmax>183</xmax>
			<ymin>188</ymin>
			<ymax>307</ymax>
		</bndbox>
	</object>
</annotation>
