<annotation>
	<folder></folder>
	<filename>frame_1469_jpg.rf.c8d8816c7edb3a56c2557e34c19f556b.jpg</filename>
	<path>frame_1469_jpg.rf.c8d8816c7edb3a56c2557e34c19f556b.jpg</path>
	<source>
		<database>roboflow.ai</database>
	</source>
	<size>
		<width>416</width>
		<height>416</height>
		<depth>3</depth>
	</size>
	<segmented>0</segmented>
	<object>
		<name>auto</name>
		<pose>Unspecified</pose>
		<truncated>0</truncated>
		<difficult>0</difficult>
		<occluded>0</occluded>
		<bndbox>
			<xmin>112</xmin>
			<xmax>415</xmax>
			<ymin>0</ymin>
			<ymax>415</ymax>
		</bndbox>
	</object>
	<object>
		<name>auto</name>
		<pose>Unspecified</pose>
		<truncated>0</truncated>
		<difficult>0</difficult>
		<occluded>0</occluded>
		<bndbox>
			<xmin>2</xmin>
			<xmax>186</xmax>
			<ymin>31</ymin>
			<ymax>305</ymax>
		</bndbox>
	</object>
</annotation>
