<annotation>
	<folder></folder>
	<filename>frame_1803_jpg.rf.7313c60c0d541922e2621c0b36cc52e7.jpg</filename>
	<path>frame_1803_jpg.rf.7313c60c0d541922e2621c0b36cc52e7.jpg</path>
	<source>
		<database>roboflow.ai</database>
	</source>
	<size>
		<width>416</width>
		<height>416</height>
		<depth>3</depth>
	</size>
	<segmented>0</segmented>
	<object>
		<name>auto</name>
		<pose>Unspecified</pose>
		<truncated>0</truncated>
		<difficult>0</difficult>
		<occluded>0</occluded>
		<bndbox>
			<xmin>50</xmin>
			<xmax>395</xmax>
			<ymin>37</ymin>
			<ymax>405</ymax>
		</bndbox>
	</object>
</annotation>
