<annotation>
	<folder></folder>
	<filename>frame_1476_jpg.rf.bbc2b008f67883c00f611498ade01be2.jpg</filename>
	<path>frame_1476_jpg.rf.bbc2b008f67883c00f611498ade01be2.jpg</path>
	<source>
		<database>roboflow.ai</database>
	</source>
	<size>
		<width>416</width>
		<height>416</height>
		<depth>3</depth>
	</size>
	<segmented>0</segmented>
	<object>
		<name>auto</name>
		<pose>Unspecified</pose>
		<truncated>0</truncated>
		<difficult>0</difficult>
		<occluded>0</occluded>
		<bndbox>
			<xmin>0</xmin>
			<xmax>118</xmax>
			<ymin>69</ymin>
			<ymax>369</ymax>
		</bndbox>
	</object>
	<object>
		<name>auto</name>
		<pose>Unspecified</pose>
		<truncated>0</truncated>
		<difficult>0</difficult>
		<occluded>0</occluded>
		<bndbox>
			<xmin>175</xmin>
			<xmax>261</xmax>
			<ymin>108</ymin>
			<ymax>311</ymax>
		</bndbox>
	</object>
	<object>
		<name>riksha</name>
		<pose>Unspecified</pose>
		<truncated>0</truncated>
		<difficult>0</difficult>
		<occluded>0</occluded>
		<bndbox>
			<xmin>255</xmin>
			<xmax>313</xmax>
			<ymin>176</ymin>
			<ymax>305</ymax>
		</bndbox>
	</object>
</annotation>
