<annotation>
	<folder></folder>
	<filename>frame_1791_jpg.rf.725391bd3354b561d6579157910698d6.jpg</filename>
	<path>frame_1791_jpg.rf.725391bd3354b561d6579157910698d6.jpg</path>
	<source>
		<database>roboflow.ai</database>
	</source>
	<size>
		<width>416</width>
		<height>416</height>
		<depth>3</depth>
	</size>
	<segmented>0</segmented>
	<object>
		<name>auto</name>
		<pose>Unspecified</pose>
		<truncated>0</truncated>
		<difficult>0</difficult>
		<occluded>0</occluded>
		<bndbox>
			<xmin>40</xmin>
			<xmax>256</xmax>
			<ymin>55</ymin>
			<ymax>372</ymax>
		</bndbox>
	</object>
	<object>
		<name>motorbike</name>
		<pose>Unspecified</pose>
		<truncated>0</truncated>
		<difficult>0</difficult>
		<occluded>0</occluded>
		<bndbox>
			<xmin>296</xmin>
			<xmax>407</xmax>
			<ymin>197</ymin>
			<ymax>415</ymax>
		</bndbox>
	</object>
</annotation>
