<annotation>
	<folder></folder>
	<filename>frame_1798_jpg.rf.805293eee3e5dfcd7d72a4c6bc130a38.jpg</filename>
	<path>frame_1798_jpg.rf.805293eee3e5dfcd7d72a4c6bc130a38.jpg</path>
	<source>
		<database>roboflow.ai</database>
	</source>
	<size>
		<width>416</width>
		<height>416</height>
		<depth>3</depth>
	</size>
	<segmented>0</segmented>
	<object>
		<name>auto</name>
		<pose>Unspecified</pose>
		<truncated>0</truncated>
		<difficult>0</difficult>
		<occluded>0</occluded>
		<bndbox>
			<xmin>58</xmin>
			<xmax>386</xmax>
			<ymin>91</ymin>
			<ymax>371</ymax>
		</bndbox>
	</object>
	<object>
		<name>truck</name>
		<pose>Unspecified</pose>
		<truncated>0</truncated>
		<difficult>0</difficult>
		<occluded>0</occluded>
		<bndbox>
			<xmin>31</xmin>
			<xmax>134</xmax>
			<ymin>33</ymin>
			<ymax>191</ymax>
		</bndbox>
	</object>
</annotation>
