<annotation>
	<folder></folder>
	<filename>frame_1464_jpg.rf.0f2d07048fa627bd92863b06f800dbaa.jpg</filename>
	<path>frame_1464_jpg.rf.0f2d07048fa627bd92863b06f800dbaa.jpg</path>
	<source>
		<database>roboflow.ai</database>
	</source>
	<size>
		<width>416</width>
		<height>416</height>
		<depth>3</depth>
	</size>
	<segmented>0</segmented>
	<object>
		<name>auto</name>
		<pose>Unspecified</pose>
		<truncated>0</truncated>
		<difficult>0</difficult>
		<occluded>0</occluded>
		<bndbox>
			<xmin>56</xmin>
			<xmax>415</xmax>
			<ymin>48</ymin>
			<ymax>415</ymax>
		</bndbox>
	</object>
</annotation>
