<annotation>
	<folder></folder>
	<filename>frame_1811_jpg.rf.6b058727769e24acd3fb0b7445063253.jpg</filename>
	<path>frame_1811_jpg.rf.6b058727769e24acd3fb0b7445063253.jpg</path>
	<source>
		<database>roboflow.ai</database>
	</source>
	<size>
		<width>416</width>
		<height>416</height>
		<depth>3</depth>
	</size>
	<segmented>0</segmented>
	<object>
		<name>auto</name>
		<pose>Unspecified</pose>
		<truncated>0</truncated>
		<difficult>0</difficult>
		<occluded>0</occluded>
		<bndbox>
			<xmin>122</xmin>
			<xmax>226</xmax>
			<ymin>206</ymin>
			<ymax>298</ymax>
		</bndbox>
	</object>
	<object>
		<name>auto</name>
		<pose>Unspecified</pose>
		<truncated>0</truncated>
		<difficult>0</difficult>
		<occluded>0</occluded>
		<bndbox>
			<xmin>245</xmin>
			<xmax>392</xmax>
			<ymin>253</ymin>
			<ymax>369</ymax>
		</bndbox>
	</object>
	<object>
		<name>motorbike</name>
		<pose>Unspecified</pose>
		<truncated>0</truncated>
		<difficult>0</difficult>
		<occluded>0</occluded>
		<bndbox>
			<xmin>161</xmin>
			<xmax>239</xmax>
			<ymin>305</ymin>
			<ymax>415</ymax>
		</bndbox>
	</object>
</annotation>
