<annotation>
	<folder></folder>
	<filename>frame_1789_jpg.rf.384cbec1336133a98e28e26e0a9cbbc0.jpg</filename>
	<path>frame_1789_jpg.rf.384cbec1336133a98e28e26e0a9cbbc0.jpg</path>
	<source>
		<database>roboflow.ai</database>
	</source>
	<size>
		<width>416</width>
		<height>416</height>
		<depth>3</depth>
	</size>
	<segmented>0</segmented>
	<object>
		<name>auto</name>
		<pose>Unspecified</pose>
		<truncated>0</truncated>
		<difficult>0</difficult>
		<occluded>0</occluded>
		<bndbox>
			<xmin>269</xmin>
			<xmax>382</xmax>
			<ymin>135</ymin>
			<ymax>322</ymax>
		</bndbox>
	</object>
	<object>
		<name>riksha</name>
		<pose>Unspecified</pose>
		<truncated>0</truncated>
		<difficult>0</difficult>
		<occluded>0</occluded>
		<bndbox>
			<xmin>93</xmin>
			<xmax>236</xmax>
			<ymin>157</ymin>
			<ymax>323</ymax>
		</bndbox>
	</object>
</annotation>
