<annotation>
	<folder></folder>
	<filename>frame_1459_jpg.rf.05a6f19cccd257079998af8e7e064079.jpg</filename>
	<path>frame_1459_jpg.rf.05a6f19cccd257079998af8e7e064079.jpg</path>
	<source>
		<database>roboflow.ai</database>
	</source>
	<size>
		<width>416</width>
		<height>416</height>
		<depth>3</depth>
	</size>
	<segmented>0</segmented>
	<object>
		<name>auto</name>
		<pose>Unspecified</pose>
		<truncated>0</truncated>
		<difficult>0</difficult>
		<occluded>0</occluded>
		<bndbox>
			<xmin>60</xmin>
			<xmax>319</xmax>
			<ymin>120</ymin>
			<ymax>406</ymax>
		</bndbox>
	</object>
	<object>
		<name>auto</name>
		<pose>Unspecified</pose>
		<truncated>0</truncated>
		<difficult>0</difficult>
		<occluded>0</occluded>
		<bndbox>
			<xmin>25</xmin>
			<xmax>112</xmax>
			<ymin>145</ymin>
			<ymax>246</ymax>
		</bndbox>
	</object>
</annotation>
