<annotation>
	<folder></folder>
	<filename>frame_1471_jpg.rf.220f98ade02ff4aac0bedd1a7b06d939.jpg</filename>
	<path>frame_1471_jpg.rf.220f98ade02ff4aac0bedd1a7b06d939.jpg</path>
	<source>
		<database>roboflow.ai</database>
	</source>
	<size>
		<width>416</width>
		<height>416</height>
		<depth>3</depth>
	</size>
	<segmented>0</segmented>
	<object>
		<name>auto</name>
		<pose>Unspecified</pose>
		<truncated>0</truncated>
		<difficult>0</difficult>
		<occluded>0</occluded>
		<bndbox>
			<xmin>13</xmin>
			<xmax>183</xmax>
			<ymin>163</ymin>
			<ymax>360</ymax>
		</bndbox>
	</object>
	<object>
		<name>auto</name>
		<pose>Unspecified</pose>
		<truncated>0</truncated>
		<difficult>0</difficult>
		<occluded>0</occluded>
		<bndbox>
			<xmin>159</xmin>
			<xmax>243</xmax>
			<ymin>144</ymin>
			<ymax>281</ymax>
		</bndbox>
	</object>
	<object>
		<name>auto</name>
		<pose>Unspecified</pose>
		<truncated>0</truncated>
		<difficult>0</difficult>
		<occluded>0</occluded>
		<bndbox>
			<xmin>198</xmin>
			<xmax>354</xmax>
			<ymin>96</ymin>
			<ymax>335</ymax>
		</bndbox>
	</object>
</annotation>
