<annotation>
	<folder></folder>
	<filename>frame_1810_jpg.rf.df2783bf9214f14f131553e47165b6fd.jpg</filename>
	<path>frame_1810_jpg.rf.df2783bf9214f14f131553e47165b6fd.jpg</path>
	<source>
		<database>roboflow.ai</database>
	</source>
	<size>
		<width>416</width>
		<height>416</height>
		<depth>3</depth>
	</size>
	<segmented>0</segmented>
	<object>
		<name>auto</name>
		<pose>Unspecified</pose>
		<truncated>0</truncated>
		<difficult>0</difficult>
		<occluded>0</occluded>
		<bndbox>
			<xmin>37</xmin>
			<xmax>239</xmax>
			<ymin>127</ymin>
			<ymax>397</ymax>
		</bndbox>
	</object>
</annotation>
