<annotation>
	<folder></folder>
	<filename>frame_1764_jpg.rf.423d11ddfb049ab8e38833ad4fe80623.jpg</filename>
	<path>frame_1764_jpg.rf.423d11ddfb049ab8e38833ad4fe80623.jpg</path>
	<source>
		<database>roboflow.ai</database>
	</source>
	<size>
		<width>416</width>
		<height>416</height>
		<depth>3</depth>
	</size>
	<segmented>0</segmented>
	<object>
		<name>motorbike</name>
		<pose>Unspecified</pose>
		<truncated>0</truncated>
		<difficult>0</difficult>
		<occluded>0</occluded>
		<bndbox>
			<xmin>171</xmin>
			<xmax>312</xmax>
			<ymin>201</ymin>
			<ymax>401</ymax>
		</bndbox>
	</object>
	<object>
		<name>auto</name>
		<pose>Unspecified</pose>
		<truncated>0</truncated>
		<difficult>0</difficult>
		<occluded>0</occluded>
		<bndbox>
			<xmin>241</xmin>
			<xmax>357</xmax>
			<ymin>36</ymin>
			<ymax>286</ymax>
		</bndbox>
	</object>
</annotation>
