<annotation>
	<folder></folder>
	<filename>frame_1762_jpg.rf.4a379f66035e6ee3a72a2e04d7a76958.jpg</filename>
	<path>frame_1762_jpg.rf.4a379f66035e6ee3a72a2e04d7a76958.jpg</path>
	<source>
		<database>roboflow.ai</database>
	</source>
	<size>
		<width>416</width>
		<height>416</height>
		<depth>3</depth>
	</size>
	<segmented>0</segmented>
	<object>
		<name>auto</name>
		<pose>Unspecified</pose>
		<truncated>0</truncated>
		<difficult>0</difficult>
		<occluded>0</occluded>
		<bndbox>
			<xmin>228</xmin>
			<xmax>393</xmax>
			<ymin>76</ymin>
			<ymax>372</ymax>
		</bndbox>
	</object>
	<object>
		<name>auto</name>
		<pose>Unspecified</pose>
		<truncated>0</truncated>
		<difficult>0</difficult>
		<occluded>0</occluded>
		<bndbox>
			<xmin>142</xmin>
			<xmax>270</xmax>
			<ymin>96</ymin>
			<ymax>368</ymax>
		</bndbox>
	</object>
	<object>
		<name>motorbike</name>
		<pose>Unspecified</pose>
		<truncated>0</truncated>
		<difficult>0</difficult>
		<occluded>0</occluded>
		<bndbox>
			<xmin>375</xmin>
			<xmax>415</xmax>
			<ymin>193</ymin>
			<ymax>360</ymax>
		</bndbox>
	</object>
</annotation>
