<annotation>
	<folder></folder>
	<filename>frame_1804_jpg.rf.7bbc24d2fddbc6deb65cea32e3955321.jpg</filename>
	<path>frame_1804_jpg.rf.7bbc24d2fddbc6deb65cea32e3955321.jpg</path>
	<source>
		<database>roboflow.ai</database>
	</source>
	<size>
		<width>416</width>
		<height>416</height>
		<depth>3</depth>
	</size>
	<segmented>0</segmented>
	<object>
		<name>auto</name>
		<pose>Unspecified</pose>
		<truncated>0</truncated>
		<difficult>0</difficult>
		<occluded>0</occluded>
		<bndbox>
			<xmin>155</xmin>
			<xmax>382</xmax>
			<ymin>175</ymin>
			<ymax>394</ymax>
		</bndbox>
	</object>
	<object>
		<name>motorbike</name>
		<pose>Unspecified</pose>
		<truncated>0</truncated>
		<difficult>0</difficult>
		<occluded>0</occluded>
		<bndbox>
			<xmin>63</xmin>
			<xmax>161</xmax>
			<ymin>251</ymin>
			<ymax>409</ymax>
		</bndbox>
	</object>
</annotation>
