<annotation>
	<folder></folder>
	<filename>frame_1467_jpg.rf.13446b99e8ffc176f3ff2d91c632741a.jpg</filename>
	<path>frame_1467_jpg.rf.13446b99e8ffc176f3ff2d91c632741a.jpg</path>
	<source>
		<database>roboflow.ai</database>
	</source>
	<size>
		<width>416</width>
		<height>416</height>
		<depth>3</depth>
	</size>
	<segmented>0</segmented>
	<object>
		<name>auto</name>
		<pose>Unspecified</pose>
		<truncated>0</truncated>
		<difficult>0</difficult>
		<occluded>0</occluded>
		<bndbox>
			<xmin>320</xmin>
			<xmax>365</xmax>
			<ymin>63</ymin>
			<ymax>160</ymax>
		</bndbox>
	</object>
	<object>
		<name>auto</name>
		<pose>Unspecified</pose>
		<truncated>0</truncated>
		<difficult>0</difficult>
		<occluded>0</occluded>
		<bndbox>
			<xmin>241</xmin>
			<xmax>342</xmax>
			<ymin>68</ymin>
			<ymax>228</ymax>
		</bndbox>
	</object>
	<object>
		<name>auto</name>
		<pose>Unspecified</pose>
		<truncated>0</truncated>
		<difficult>0</difficult>
		<occluded>0</occluded>
		<bndbox>
			<xmin>0</xmin>
			<xmax>298</xmax>
			<ymin>81</ymin>
			<ymax>415</ymax>
		</bndbox>
	</object>
</annotation>
