<annotation>
	<folder></folder>
	<filename>frame_1786_jpg.rf.20761b43bc86f669c9ceecb7d80e85d3.jpg</filename>
	<path>frame_1786_jpg.rf.20761b43bc86f669c9ceecb7d80e85d3.jpg</path>
	<source>
		<database>roboflow.ai</database>
	</source>
	<size>
		<width>416</width>
		<height>416</height>
		<depth>3</depth>
	</size>
	<segmented>0</segmented>
	<object>
		<name>auto</name>
		<pose>Unspecified</pose>
		<truncated>0</truncated>
		<difficult>0</difficult>
		<occluded>0</occluded>
		<bndbox>
			<xmin>53</xmin>
			<xmax>302</xmax>
			<ymin>36</ymin>
			<ymax>396</ymax>
		</bndbox>
	</object>
</annotation>
