<annotation>
	<folder></folder>
	<filename>frame_1472_jpg.rf.37fa411359596748a16257e40f43ae99.jpg</filename>
	<path>frame_1472_jpg.rf.37fa411359596748a16257e40f43ae99.jpg</path>
	<source>
		<database>roboflow.ai</database>
	</source>
	<size>
		<width>416</width>
		<height>416</height>
		<depth>3</depth>
	</size>
	<segmented>0</segmented>
	<object>
		<name>auto</name>
		<pose>Unspecified</pose>
		<truncated>0</truncated>
		<difficult>0</difficult>
		<occluded>0</occluded>
		<bndbox>
			<xmin>191</xmin>
			<xmax>328</xmax>
			<ymin>123</ymin>
			<ymax>384</ymax>
		</bndbox>
	</object>
	<object>
		<name>auto</name>
		<pose>Unspecified</pose>
		<truncated>0</truncated>
		<difficult>0</difficult>
		<occluded>0</occluded>
		<bndbox>
			<xmin>0</xmin>
			<xmax>144</xmax>
			<ymin>136</ymin>
			<ymax>415</ymax>
		</bndbox>
	</object>
	<object>
		<name>auto</name>
		<pose>Unspecified</pose>
		<truncated>0</truncated>
		<difficult>0</difficult>
		<occluded>0</occluded>
		<bndbox>
			<xmin>320</xmin>
			<xmax>362</xmax>
			<ymin>130</ymin>
			<ymax>281</ymax>
		</bndbox>
	</object>
</annotation>
