<annotation>
	<folder></folder>
	<filename>frame_1461_jpg.rf.957e57269b83fd077fed4a0d719f85e0.jpg</filename>
	<path>frame_1461_jpg.rf.957e57269b83fd077fed4a0d719f85e0.jpg</path>
	<source>
		<database>roboflow.ai</database>
	</source>
	<size>
		<width>416</width>
		<height>416</height>
		<depth>3</depth>
	</size>
	<segmented>0</segmented>
	<object>
		<name>auto</name>
		<pose>Unspecified</pose>
		<truncated>0</truncated>
		<difficult>0</difficult>
		<occluded>0</occluded>
		<bndbox>
			<xmin>99</xmin>
			<xmax>306</xmax>
			<ymin>36</ymin>
			<ymax>324</ymax>
		</bndbox>
	</object>
	<object>
		<name>auto</name>
		<pose>Unspecified</pose>
		<truncated>0</truncated>
		<difficult>0</difficult>
		<occluded>0</occluded>
		<bndbox>
			<xmin>212</xmin>
			<xmax>415</xmax>
			<ymin>11</ymin>
			<ymax>415</ymax>
		</bndbox>
	</object>
	<object>
		<name>riksha</name>
		<pose>Unspecified</pose>
		<truncated>0</truncated>
		<difficult>0</difficult>
		<occluded>0</occluded>
		<bndbox>
			<xmin>0</xmin>
			<xmax>152</xmax>
			<ymin>68</ymin>
			<ymax>351</ymax>
		</bndbox>
	</object>
</annotation>
