<annotation>
	<folder></folder>
	<filename>frame_1804_jpg.rf.dc0c16c35812d1e25111358a73461de4.jpg</filename>
	<path>frame_1804_jpg.rf.dc0c16c35812d1e25111358a73461de4.jpg</path>
	<source>
		<database>roboflow.ai</database>
	</source>
	<size>
		<width>416</width>
		<height>416</height>
		<depth>3</depth>
	</size>
	<segmented>0</segmented>
	<object>
		<name>auto</name>
		<pose>Unspecified</pose>
		<truncated>0</truncated>
		<difficult>0</difficult>
		<occluded>0</occluded>
		<bndbox>
			<xmin>75</xmin>
			<xmax>242</xmax>
			<ymin>213</ymin>
			<ymax>416</ymax>
		</bndbox>
	</object>
	<object>
		<name>motorbike</name>
		<pose>Unspecified</pose>
		<truncated>0</truncated>
		<difficult>0</difficult>
		<occluded>0</occluded>
		<bndbox>
			<xmin>280</xmin>
			<xmax>340</xmax>
			<ymin>208</ymin>
			<ymax>365</ymax>
		</bndbox>
	</object>
</annotation>
