<annotation>
	<folder></folder>
	<filename>frame_1778_jpg.rf.d735928744daf4beb609982a9e2bfc34.jpg</filename>
	<path>frame_1778_jpg.rf.d735928744daf4beb609982a9e2bfc34.jpg</path>
	<source>
		<database>roboflow.ai</database>
	</source>
	<size>
		<width>416</width>
		<height>416</height>
		<depth>3</depth>
	</size>
	<segmented>0</segmented>
	<object>
		<name>auto</name>
		<pose>Unspecified</pose>
		<truncated>0</truncated>
		<difficult>0</difficult>
		<occluded>0</occluded>
		<bndbox>
			<xmin>222</xmin>
			<xmax>343</xmax>
			<ymin>188</ymin>
			<ymax>307</ymax>
		</bndbox>
	</object>
</annotation>
