<annotation>
	<folder></folder>
	<filename>frame_1826_jpg.rf.34f1dc48a2505c3b67cf80dbb11a36e8.jpg</filename>
	<path>frame_1826_jpg.rf.34f1dc48a2505c3b67cf80dbb11a36e8.jpg</path>
	<source>
		<database>roboflow.ai</database>
	</source>
	<size>
		<width>416</width>
		<height>416</height>
		<depth>3</depth>
	</size>
	<segmented>0</segmented>
	<object>
		<name>auto</name>
		<pose>Unspecified</pose>
		<truncated>0</truncated>
		<difficult>0</difficult>
		<occluded>0</occluded>
		<bndbox>
			<xmin>0</xmin>
			<xmax>415</xmax>
			<ymin>6</ymin>
			<ymax>416</ymax>
		</bndbox>
	</object>
</annotation>
