<annotation>
	<folder></folder>
	<filename>frame_1452_jpg.rf.85c41f4c60865edc83f54fdf3ad91b1c.jpg</filename>
	<path>frame_1452_jpg.rf.85c41f4c60865edc83f54fdf3ad91b1c.jpg</path>
	<source>
		<database>roboflow.ai</database>
	</source>
	<size>
		<width>416</width>
		<height>416</height>
		<depth>3</depth>
	</size>
	<segmented>0</segmented>
	<object>
		<name>auto</name>
		<pose>Unspecified</pose>
		<truncated>0</truncated>
		<difficult>0</difficult>
		<occluded>0</occluded>
		<bndbox>
			<xmin>67</xmin>
			<xmax>260</xmax>
			<ymin>124</ymin>
			<ymax>412</ymax>
		</bndbox>
	</object>
	<object>
		<name>auto</name>
		<pose>Unspecified</pose>
		<truncated>0</truncated>
		<difficult>0</difficult>
		<occluded>0</occluded>
		<bndbox>
			<xmin>0</xmin>
			<xmax>92</xmax>
			<ymin>151</ymin>
			<ymax>333</ymax>
		</bndbox>
	</object>
</annotation>
