<annotation>
	<folder></folder>
	<filename>frame_1795_jpg.rf.ed537ce4fb682a38143978e6e932472f.jpg</filename>
	<path>frame_1795_jpg.rf.ed537ce4fb682a38143978e6e932472f.jpg</path>
	<source>
		<database>roboflow.ai</database>
	</source>
	<size>
		<width>416</width>
		<height>416</height>
		<depth>3</depth>
	</size>
	<segmented>0</segmented>
	<object>
		<name>bus</name>
		<pose>Unspecified</pose>
		<truncated>0</truncated>
		<difficult>0</difficult>
		<occluded>0</occluded>
		<bndbox>
			<xmin>0</xmin>
			<xmax>225</xmax>
			<ymin>42</ymin>
			<ymax>368</ymax>
		</bndbox>
	</object>
	<object>
		<name>van</name>
		<pose>Unspecified</pose>
		<truncated>0</truncated>
		<difficult>0</difficult>
		<occluded>0</occluded>
		<bndbox>
			<xmin>179</xmin>
			<xmax>307</xmax>
			<ymin>199</ymin>
			<ymax>403</ymax>
		</bndbox>
	</object>
	<object>
		<name>bus</name>
		<pose>Unspecified</pose>
		<truncated>0</truncated>
		<difficult>0</difficult>
		<occluded>0</occluded>
		<bndbox>
			<xmin>263</xmin>
			<xmax>331</xmax>
			<ymin>88</ymin>
			<ymax>179</ymax>
		</bndbox>
	</object>
	<object>
		<name>auto</name>
		<pose>Unspecified</pose>
		<truncated>0</truncated>
		<difficult>0</difficult>
		<occluded>0</occluded>
		<bndbox>
			<xmin>323</xmin>
			<xmax>374</xmax>
			<ymin>206</ymin>
			<ymax>270</ymax>
		</bndbox>
	</object>
</annotation>
