<annotation>
	<folder></folder>
	<filename>frame_1795_jpg.rf.3f363f267cf14387be5d0a02b9c9f1eb.jpg</filename>
	<path>frame_1795_jpg.rf.3f363f267cf14387be5d0a02b9c9f1eb.jpg</path>
	<source>
		<database>roboflow.ai</database>
	</source>
	<size>
		<width>416</width>
		<height>416</height>
		<depth>3</depth>
	</size>
	<segmented>0</segmented>
	<object>
		<name>bus</name>
		<pose>Unspecified</pose>
		<truncated>0</truncated>
		<difficult>0</difficult>
		<occluded>0</occluded>
		<bndbox>
			<xmin>0</xmin>
			<xmax>227</xmax>
			<ymin>121</ymin>
			<ymax>409</ymax>
		</bndbox>
	</object>
	<object>
		<name>van</name>
		<pose>Unspecified</pose>
		<truncated>0</truncated>
		<difficult>0</difficult>
		<occluded>0</occluded>
		<bndbox>
			<xmin>191</xmin>
			<xmax>312</xmax>
			<ymin>184</ymin>
			<ymax>369</ymax>
		</bndbox>
	</object>
	<object>
		<name>bus</name>
		<pose>Unspecified</pose>
		<truncated>0</truncated>
		<difficult>0</difficult>
		<occluded>0</occluded>
		<bndbox>
			<xmin>254</xmin>
			<xmax>322</xmax>
			<ymin>48</ymin>
			<ymax>128</ymax>
		</bndbox>
	</object>
	<object>
		<name>auto</name>
		<pose>Unspecified</pose>
		<truncated>0</truncated>
		<difficult>0</difficult>
		<occluded>0</occluded>
		<bndbox>
			<xmin>324</xmin>
			<xmax>376</xmax>
			<ymin>128</ymin>
			<ymax>184</ymax>
		</bndbox>
	</object>
</annotation>
