<annotation>
	<folder></folder>
	<filename>frame_1829_jpg.rf.448c06623aafc8681d945bec8f37ff4c.jpg</filename>
	<path>frame_1829_jpg.rf.448c06623aafc8681d945bec8f37ff4c.jpg</path>
	<source>
		<database>roboflow.ai</database>
	</source>
	<size>
		<width>416</width>
		<height>416</height>
		<depth>3</depth>
	</size>
	<segmented>0</segmented>
	<object>
		<name>auto</name>
		<pose>Unspecified</pose>
		<truncated>0</truncated>
		<difficult>0</difficult>
		<occluded>0</occluded>
		<bndbox>
			<xmin>303</xmin>
			<xmax>339</xmax>
			<ymin>108</ymin>
			<ymax>168</ymax>
		</bndbox>
	</object>
	<object>
		<name>car</name>
		<pose>Unspecified</pose>
		<truncated>0</truncated>
		<difficult>0</difficult>
		<occluded>0</occluded>
		<bndbox>
			<xmin>127</xmin>
			<xmax>263</xmax>
			<ymin>183</ymin>
			<ymax>355</ymax>
		</bndbox>
	</object>
	<object>
		<name>bus</name>
		<pose>Unspecified</pose>
		<truncated>0</truncated>
		<difficult>0</difficult>
		<occluded>0</occluded>
		<bndbox>
			<xmin>232</xmin>
			<xmax>304</xmax>
			<ymin>87</ymin>
			<ymax>189</ymax>
		</bndbox>
	</object>
</annotation>
