<annotation>
	<folder></folder>
	<filename>frame_1796_jpg.rf.c81b023acbbefff904e25e5957d742a5.jpg</filename>
	<path>frame_1796_jpg.rf.c81b023acbbefff904e25e5957d742a5.jpg</path>
	<source>
		<database>roboflow.ai</database>
	</source>
	<size>
		<width>416</width>
		<height>416</height>
		<depth>3</depth>
	</size>
	<segmented>0</segmented>
	<object>
		<name>auto</name>
		<pose>Unspecified</pose>
		<truncated>0</truncated>
		<difficult>0</difficult>
		<occluded>0</occluded>
		<bndbox>
			<xmin>25</xmin>
			<xmax>206</xmax>
			<ymin>134</ymin>
			<ymax>316</ymax>
		</bndbox>
	</object>
	<object>
		<name>auto</name>
		<pose>Unspecified</pose>
		<truncated>0</truncated>
		<difficult>0</difficult>
		<occluded>0</occluded>
		<bndbox>
			<xmin>208</xmin>
			<xmax>357</xmax>
			<ymin>152</ymin>
			<ymax>322</ymax>
		</bndbox>
	</object>
</annotation>
