<annotation>
	<folder></folder>
	<filename>frame_1816_jpg.rf.c6347f854ecb68428a4d90b09afef0ed.jpg</filename>
	<path>frame_1816_jpg.rf.c6347f854ecb68428a4d90b09afef0ed.jpg</path>
	<source>
		<database>roboflow.ai</database>
	</source>
	<size>
		<width>416</width>
		<height>416</height>
		<depth>3</depth>
	</size>
	<segmented>0</segmented>
	<object>
		<name>auto</name>
		<pose>Unspecified</pose>
		<truncated>0</truncated>
		<difficult>0</difficult>
		<occluded>0</occluded>
		<bndbox>
			<xmin>283</xmin>
			<xmax>415</xmax>
			<ymin>114</ymin>
			<ymax>273</ymax>
		</bndbox>
	</object>
	<object>
		<name>auto</name>
		<pose>Unspecified</pose>
		<truncated>0</truncated>
		<difficult>0</difficult>
		<occluded>0</occluded>
		<bndbox>
			<xmin>0</xmin>
			<xmax>258</xmax>
			<ymin>0</ymin>
			<ymax>410</ymax>
		</bndbox>
	</object>
	<object>
		<name>auto</name>
		<pose>Unspecified</pose>
		<truncated>0</truncated>
		<difficult>0</difficult>
		<occluded>0</occluded>
		<bndbox>
			<xmin>191</xmin>
			<xmax>337</xmax>
			<ymin>65</ymin>
			<ymax>279</ymax>
		</bndbox>
	</object>
</annotation>
