<annotation>
	<folder></folder>
	<filename>frame_1798_jpg.rf.a6f1d9f20fb5d96f1dc424a1b27fc1e9.jpg</filename>
	<path>frame_1798_jpg.rf.a6f1d9f20fb5d96f1dc424a1b27fc1e9.jpg</path>
	<source>
		<database>roboflow.ai</database>
	</source>
	<size>
		<width>416</width>
		<height>416</height>
		<depth>3</depth>
	</size>
	<segmented>0</segmented>
	<object>
		<name>auto</name>
		<pose>Unspecified</pose>
		<truncated>0</truncated>
		<difficult>0</difficult>
		<occluded>0</occluded>
		<bndbox>
			<xmin>77</xmin>
			<xmax>397</xmax>
			<ymin>87</ymin>
			<ymax>367</ymax>
		</bndbox>
	</object>
	<object>
		<name>truck</name>
		<pose>Unspecified</pose>
		<truncated>0</truncated>
		<difficult>0</difficult>
		<occluded>0</occluded>
		<bndbox>
			<xmin>0</xmin>
			<xmax>73</xmax>
			<ymin>58</ymin>
			<ymax>222</ymax>
		</bndbox>
	</object>
</annotation>
