<annotation>
	<folder></folder>
	<filename>frame_1764_jpg.rf.b1fe748e833295fec2952f541fbc4ef9.jpg</filename>
	<path>frame_1764_jpg.rf.b1fe748e833295fec2952f541fbc4ef9.jpg</path>
	<source>
		<database>roboflow.ai</database>
	</source>
	<size>
		<width>416</width>
		<height>416</height>
		<depth>3</depth>
	</size>
	<segmented>0</segmented>
	<object>
		<name>motorbike</name>
		<pose>Unspecified</pose>
		<truncated>0</truncated>
		<difficult>0</difficult>
		<occluded>0</occluded>
		<bndbox>
			<xmin>86</xmin>
			<xmax>245</xmax>
			<ymin>198</ymin>
			<ymax>416</ymax>
		</bndbox>
	</object>
	<object>
		<name>auto</name>
		<pose>Unspecified</pose>
		<truncated>0</truncated>
		<difficult>0</difficult>
		<occluded>0</occluded>
		<bndbox>
			<xmin>52</xmin>
			<xmax>191</xmax>
			<ymin>42</ymin>
			<ymax>310</ymax>
		</bndbox>
	</object>
</annotation>
