<annotation>
	<folder></folder>
	<filename>frame_1452_jpg.rf.c1355c2427d73d6565e81241d1ba176e.jpg</filename>
	<path>frame_1452_jpg.rf.c1355c2427d73d6565e81241d1ba176e.jpg</path>
	<source>
		<database>roboflow.ai</database>
	</source>
	<size>
		<width>416</width>
		<height>416</height>
		<depth>3</depth>
	</size>
	<segmented>0</segmented>
	<object>
		<name>auto</name>
		<pose>Unspecified</pose>
		<truncated>0</truncated>
		<difficult>0</difficult>
		<occluded>0</occluded>
		<bndbox>
			<xmin>63</xmin>
			<xmax>254</xmax>
			<ymin>104</ymin>
			<ymax>415</ymax>
		</bndbox>
	</object>
	<object>
		<name>auto</name>
		<pose>Unspecified</pose>
		<truncated>0</truncated>
		<difficult>0</difficult>
		<occluded>0</occluded>
		<bndbox>
			<xmin>0</xmin>
			<xmax>88</xmax>
			<ymin>162</ymin>
			<ymax>377</ymax>
		</bndbox>
	</object>
</annotation>
