<annotation>
	<folder></folder>
	<filename>frame_1777_jpg.rf.2ec1528f06064fbf97886da964fc354c.jpg</filename>
	<path>frame_1777_jpg.rf.2ec1528f06064fbf97886da964fc354c.jpg</path>
	<source>
		<database>roboflow.ai</database>
	</source>
	<size>
		<width>416</width>
		<height>416</height>
		<depth>3</depth>
	</size>
	<segmented>0</segmented>
	<object>
		<name>auto</name>
		<pose>Unspecified</pose>
		<truncated>0</truncated>
		<difficult>0</difficult>
		<occluded>0</occluded>
		<bndbox>
			<xmin>239</xmin>
			<xmax>402</xmax>
			<ymin>132</ymin>
			<ymax>359</ymax>
		</bndbox>
	</object>
	<object>
		<name>bicycle</name>
		<pose>Unspecified</pose>
		<truncated>0</truncated>
		<difficult>0</difficult>
		<occluded>0</occluded>
		<bndbox>
			<xmin>0</xmin>
			<xmax>269</xmax>
			<ymin>60</ymin>
			<ymax>415</ymax>
		</bndbox>
	</object>
</annotation>
