<annotation>
	<folder></folder>
	<filename>frame_1476_jpg.rf.b946ed9ca7b7ee5dd7b960b67e2559b6.jpg</filename>
	<path>frame_1476_jpg.rf.b946ed9ca7b7ee5dd7b960b67e2559b6.jpg</path>
	<source>
		<database>roboflow.ai</database>
	</source>
	<size>
		<width>416</width>
		<height>416</height>
		<depth>3</depth>
	</size>
	<segmented>0</segmented>
	<object>
		<name>auto</name>
		<pose>Unspecified</pose>
		<truncated>0</truncated>
		<difficult>0</difficult>
		<occluded>0</occluded>
		<bndbox>
			<xmin>309</xmin>
			<xmax>415</xmax>
			<ymin>86</ymin>
			<ymax>356</ymax>
		</bndbox>
	</object>
	<object>
		<name>auto</name>
		<pose>Unspecified</pose>
		<truncated>0</truncated>
		<difficult>0</difficult>
		<occluded>0</occluded>
		<bndbox>
			<xmin>161</xmin>
			<xmax>236</xmax>
			<ymin>118</ymin>
			<ymax>301</ymax>
		</bndbox>
	</object>
	<object>
		<name>riksha</name>
		<pose>Unspecified</pose>
		<truncated>0</truncated>
		<difficult>0</difficult>
		<occluded>0</occluded>
		<bndbox>
			<xmin>107</xmin>
			<xmax>159</xmax>
			<ymin>181</ymin>
			<ymax>297</ymax>
		</bndbox>
	</object>
</annotation>
