<annotation>
	<folder></folder>
	<filename>frame_1810_jpg.rf.2210e506551c72a67ac8abfb835ef04e.jpg</filename>
	<path>frame_1810_jpg.rf.2210e506551c72a67ac8abfb835ef04e.jpg</path>
	<source>
		<database>roboflow.ai</database>
	</source>
	<size>
		<width>416</width>
		<height>416</height>
		<depth>3</depth>
	</size>
	<segmented>0</segmented>
	<object>
		<name>auto</name>
		<pose>Unspecified</pose>
		<truncated>0</truncated>
		<difficult>0</difficult>
		<occluded>0</occluded>
		<bndbox>
			<xmin>188</xmin>
			<xmax>319</xmax>
			<ymin>130</ymin>
			<ymax>381</ymax>
		</bndbox>
	</object>
</annotation>
