<annotation>
	<folder></folder>
	<filename>frame_1772_jpg.rf.773735909bc87abc571e2515a4946e34.jpg</filename>
	<path>frame_1772_jpg.rf.773735909bc87abc571e2515a4946e34.jpg</path>
	<source>
		<database>roboflow.ai</database>
	</source>
	<size>
		<width>416</width>
		<height>416</height>
		<depth>3</depth>
	</size>
	<segmented>0</segmented>
	<object>
		<name>auto</name>
		<pose>Unspecified</pose>
		<truncated>0</truncated>
		<difficult>0</difficult>
		<occluded>0</occluded>
		<bndbox>
			<xmin>162</xmin>
			<xmax>345</xmax>
			<ymin>140</ymin>
			<ymax>398</ymax>
		</bndbox>
	</object>
	<object>
		<name>auto</name>
		<pose>Unspecified</pose>
		<truncated>0</truncated>
		<difficult>0</difficult>
		<occluded>0</occluded>
		<bndbox>
			<xmin>103</xmin>
			<xmax>175</xmax>
			<ymin>145</ymin>
			<ymax>315</ymax>
		</bndbox>
	</object>
	<object>
		<name>auto</name>
		<pose>Unspecified</pose>
		<truncated>0</truncated>
		<difficult>0</difficult>
		<occluded>0</occluded>
		<bndbox>
			<xmin>16</xmin>
			<xmax>112</xmax>
			<ymin>149</ymin>
			<ymax>308</ymax>
		</bndbox>
	</object>
</annotation>
