<annotation>
	<folder></folder>
	<filename>frame_1772_jpg.rf.e702c372d192fef2de6a2c0c08ce00c6.jpg</filename>
	<path>frame_1772_jpg.rf.e702c372d192fef2de6a2c0c08ce00c6.jpg</path>
	<source>
		<database>roboflow.ai</database>
	</source>
	<size>
		<width>416</width>
		<height>416</height>
		<depth>3</depth>
	</size>
	<segmented>0</segmented>
	<object>
		<name>auto</name>
		<pose>Unspecified</pose>
		<truncated>0</truncated>
		<difficult>0</difficult>
		<occluded>0</occluded>
		<bndbox>
			<xmin>160</xmin>
			<xmax>394</xmax>
			<ymin>131</ymin>
			<ymax>397</ymax>
		</bndbox>
	</object>
	<object>
		<name>auto</name>
		<pose>Unspecified</pose>
		<truncated>0</truncated>
		<difficult>0</difficult>
		<occluded>0</occluded>
		<bndbox>
			<xmin>99</xmin>
			<xmax>201</xmax>
			<ymin>153</ymin>
			<ymax>323</ymax>
		</bndbox>
	</object>
	<object>
		<name>auto</name>
		<pose>Unspecified</pose>
		<truncated>0</truncated>
		<difficult>0</difficult>
		<occluded>0</occluded>
		<bndbox>
			<xmin>13</xmin>
			<xmax>139</xmax>
			<ymin>161</ymin>
			<ymax>324</ymax>
		</bndbox>
	</object>
</annotation>
