<annotation>
	<folder></folder>
	<filename>frame_1468_jpg.rf.677252d35690a92ee55ab4e2851527a4.jpg</filename>
	<path>frame_1468_jpg.rf.677252d35690a92ee55ab4e2851527a4.jpg</path>
	<source>
		<database>roboflow.ai</database>
	</source>
	<size>
		<width>416</width>
		<height>416</height>
		<depth>3</depth>
	</size>
	<segmented>0</segmented>
	<object>
		<name>auto</name>
		<pose>Unspecified</pose>
		<truncated>0</truncated>
		<difficult>0</difficult>
		<occluded>0</occluded>
		<bndbox>
			<xmin>20</xmin>
			<xmax>294</xmax>
			<ymin>62</ymin>
			<ymax>415</ymax>
		</bndbox>
	</object>
</annotation>
