<annotation>
	<folder></folder>
	<filename>frame_1810_jpg.rf.bd1f994a6a37305a36e347e4e7856b21.jpg</filename>
	<path>frame_1810_jpg.rf.bd1f994a6a37305a36e347e4e7856b21.jpg</path>
	<source>
		<database>roboflow.ai</database>
	</source>
	<size>
		<width>416</width>
		<height>416</height>
		<depth>3</depth>
	</size>
	<segmented>0</segmented>
	<object>
		<name>auto</name>
		<pose>Unspecified</pose>
		<truncated>0</truncated>
		<difficult>0</difficult>
		<occluded>0</occluded>
		<bndbox>
			<xmin>65</xmin>
			<xmax>230</xmax>
			<ymin>128</ymin>
			<ymax>402</ymax>
		</bndbox>
	</object>
</annotation>
