<annotation>
	<folder></folder>
	<filename>frame_1809_jpg.rf.1746d42f749c7b4139ed6151dd6974bb.jpg</filename>
	<path>frame_1809_jpg.rf.1746d42f749c7b4139ed6151dd6974bb.jpg</path>
	<source>
		<database>roboflow.ai</database>
	</source>
	<size>
		<width>416</width>
		<height>416</height>
		<depth>3</depth>
	</size>
	<segmented>0</segmented>
	<object>
		<name>auto</name>
		<pose>Unspecified</pose>
		<truncated>0</truncated>
		<difficult>0</difficult>
		<occluded>0</occluded>
		<bndbox>
			<xmin>200</xmin>
			<xmax>320</xmax>
			<ymin>65</ymin>
			<ymax>266</ymax>
		</bndbox>
	</object>
	<object>
		<name>auto</name>
		<pose>Unspecified</pose>
		<truncated>0</truncated>
		<difficult>0</difficult>
		<occluded>0</occluded>
		<bndbox>
			<xmin>0</xmin>
			<xmax>314</xmax>
			<ymin>98</ymin>
			<ymax>415</ymax>
		</bndbox>
	</object>
</annotation>
