<annotation>
	<folder></folder>
	<filename>frame_1467_jpg.rf.5e830283c7485e170dd5168968013cc4.jpg</filename>
	<path>frame_1467_jpg.rf.5e830283c7485e170dd5168968013cc4.jpg</path>
	<source>
		<database>roboflow.ai</database>
	</source>
	<size>
		<width>416</width>
		<height>416</height>
		<depth>3</depth>
	</size>
	<segmented>0</segmented>
	<object>
		<name>auto</name>
		<pose>Unspecified</pose>
		<truncated>0</truncated>
		<difficult>0</difficult>
		<occluded>0</occluded>
		<bndbox>
			<xmin>63</xmin>
			<xmax>110</xmax>
			<ymin>64</ymin>
			<ymax>157</ymax>
		</bndbox>
	</object>
	<object>
		<name>auto</name>
		<pose>Unspecified</pose>
		<truncated>0</truncated>
		<difficult>0</difficult>
		<occluded>0</occluded>
		<bndbox>
			<xmin>82</xmin>
			<xmax>184</xmax>
			<ymin>70</ymin>
			<ymax>225</ymax>
		</bndbox>
	</object>
	<object>
		<name>auto</name>
		<pose>Unspecified</pose>
		<truncated>0</truncated>
		<difficult>0</difficult>
		<occluded>0</occluded>
		<bndbox>
			<xmin>117</xmin>
			<xmax>415</xmax>
			<ymin>84</ymin>
			<ymax>415</ymax>
		</bndbox>
	</object>
</annotation>
