<annotation>
	<folder></folder>
	<filename>frame_1471_jpg.rf.7cc5176c0815bcd39bf77e03ce4cfb23.jpg</filename>
	<path>frame_1471_jpg.rf.7cc5176c0815bcd39bf77e03ce4cfb23.jpg</path>
	<source>
		<database>roboflow.ai</database>
	</source>
	<size>
		<width>416</width>
		<height>416</height>
		<depth>3</depth>
	</size>
	<segmented>0</segmented>
	<object>
		<name>auto</name>
		<pose>Unspecified</pose>
		<truncated>0</truncated>
		<difficult>0</difficult>
		<occluded>0</occluded>
		<bndbox>
			<xmin>235</xmin>
			<xmax>393</xmax>
			<ymin>164</ymin>
			<ymax>366</ymax>
		</bndbox>
	</object>
	<object>
		<name>auto</name>
		<pose>Unspecified</pose>
		<truncated>0</truncated>
		<difficult>0</difficult>
		<occluded>0</occluded>
		<bndbox>
			<xmin>175</xmin>
			<xmax>254</xmax>
			<ymin>143</ymin>
			<ymax>282</ymax>
		</bndbox>
	</object>
	<object>
		<name>auto</name>
		<pose>Unspecified</pose>
		<truncated>0</truncated>
		<difficult>0</difficult>
		<occluded>0</occluded>
		<bndbox>
			<xmin>64</xmin>
			<xmax>210</xmax>
			<ymin>90</ymin>
			<ymax>336</ymax>
		</bndbox>
	</object>
</annotation>
