<annotation>
	<folder></folder>
	<filename>frame_1804_jpg.rf.92582f0a323b5e475eef13389104b27b.jpg</filename>
	<path>frame_1804_jpg.rf.92582f0a323b5e475eef13389104b27b.jpg</path>
	<source>
		<database>roboflow.ai</database>
	</source>
	<size>
		<width>416</width>
		<height>416</height>
		<depth>3</depth>
	</size>
	<segmented>0</segmented>
	<object>
		<name>auto</name>
		<pose>Unspecified</pose>
		<truncated>0</truncated>
		<difficult>0</difficult>
		<occluded>0</occluded>
		<bndbox>
			<xmin>194</xmin>
			<xmax>386</xmax>
			<ymin>208</ymin>
			<ymax>404</ymax>
		</bndbox>
	</object>
	<object>
		<name>motorbike</name>
		<pose>Unspecified</pose>
		<truncated>0</truncated>
		<difficult>0</difficult>
		<occluded>0</occluded>
		<bndbox>
			<xmin>106</xmin>
			<xmax>174</xmax>
			<ymin>228</ymin>
			<ymax>381</ymax>
		</bndbox>
	</object>
</annotation>
