<annotation>
	<folder></folder>
	<filename>frame_1791_jpg.rf.21c40200108193bf559a599acd05923e.jpg</filename>
	<path>frame_1791_jpg.rf.21c40200108193bf559a599acd05923e.jpg</path>
	<source>
		<database>roboflow.ai</database>
	</source>
	<size>
		<width>416</width>
		<height>416</height>
		<depth>3</depth>
	</size>
	<segmented>0</segmented>
	<object>
		<name>auto</name>
		<pose>Unspecified</pose>
		<truncated>0</truncated>
		<difficult>0</difficult>
		<occluded>0</occluded>
		<bndbox>
			<xmin>186</xmin>
			<xmax>351</xmax>
			<ymin>107</ymin>
			<ymax>373</ymax>
		</bndbox>
	</object>
	<object>
		<name>motorbike</name>
		<pose>Unspecified</pose>
		<truncated>0</truncated>
		<difficult>0</difficult>
		<occluded>0</occluded>
		<bndbox>
			<xmin>32</xmin>
			<xmax>98</xmax>
			<ymin>155</ymin>
			<ymax>386</ymax>
		</bndbox>
	</object>
</annotation>
