<annotation>
	<folder></folder>
	<filename>frame_1465_jpg.rf.0d706a5f823926616bc45bab15884c27.jpg</filename>
	<path>frame_1465_jpg.rf.0d706a5f823926616bc45bab15884c27.jpg</path>
	<source>
		<database>roboflow.ai</database>
	</source>
	<size>
		<width>416</width>
		<height>416</height>
		<depth>3</depth>
	</size>
	<segmented>0</segmented>
	<object>
		<name>motorbike</name>
		<pose>Unspecified</pose>
		<truncated>0</truncated>
		<difficult>0</difficult>
		<occluded>0</occluded>
		<bndbox>
			<xmin>9</xmin>
			<xmax>117</xmax>
			<ymin>110</ymin>
			<ymax>334</ymax>
		</bndbox>
	</object>
	<object>
		<name>auto</name>
		<pose>Unspecified</pose>
		<truncated>0</truncated>
		<difficult>0</difficult>
		<occluded>0</occluded>
		<bndbox>
			<xmin>95</xmin>
			<xmax>179</xmax>
			<ymin>78</ymin>
			<ymax>325</ymax>
		</bndbox>
	</object>
	<object>
		<name>auto</name>
		<pose>Unspecified</pose>
		<truncated>0</truncated>
		<difficult>0</difficult>
		<occluded>0</occluded>
		<bndbox>
			<xmin>145</xmin>
			<xmax>258</xmax>
			<ymin>52</ymin>
			<ymax>348</ymax>
		</bndbox>
	</object>
	<object>
		<name>auto</name>
		<pose>Unspecified</pose>
		<truncated>0</truncated>
		<difficult>0</difficult>
		<occluded>0</occluded>
		<bndbox>
			<xmin>214</xmin>
			<xmax>415</xmax>
			<ymin>0</ymin>
			<ymax>409</ymax>
		</bndbox>
	</object>
</annotation>
