<annotation>
	<folder></folder>
	<filename>frame_1799_jpg.rf.fd954adc84b1dd544262fb17c676e6b6.jpg</filename>
	<path>frame_1799_jpg.rf.fd954adc84b1dd544262fb17c676e6b6.jpg</path>
	<source>
		<database>roboflow.ai</database>
	</source>
	<size>
		<width>416</width>
		<height>416</height>
		<depth>3</depth>
	</size>
	<segmented>0</segmented>
	<object>
		<name>auto</name>
		<pose>Unspecified</pose>
		<truncated>0</truncated>
		<difficult>0</difficult>
		<occluded>0</occluded>
		<bndbox>
			<xmin>223</xmin>
			<xmax>413</xmax>
			<ymin>212</ymin>
			<ymax>401</ymax>
		</bndbox>
	</object>
	<object>
		<name>auto</name>
		<pose>Unspecified</pose>
		<truncated>0</truncated>
		<difficult>0</difficult>
		<occluded>0</occluded>
		<bndbox>
			<xmin>102</xmin>
			<xmax>173</xmax>
			<ymin>246</ymin>
			<ymax>332</ymax>
		</bndbox>
	</object>
	<object>
		<name>auto</name>
		<pose>Unspecified</pose>
		<truncated>0</truncated>
		<difficult>0</difficult>
		<occluded>0</occluded>
		<bndbox>
			<xmin>152</xmin>
			<xmax>206</xmax>
			<ymin>249</ymin>
			<ymax>317</ymax>
		</bndbox>
	</object>
	<object>
		<name>auto</name>
		<pose>Unspecified</pose>
		<truncated>0</truncated>
		<difficult>0</difficult>
		<occluded>0</occluded>
		<bndbox>
			<xmin>195</xmin>
			<xmax>249</xmax>
			<ymin>247</ymin>
			<ymax>315</ymax>
		</bndbox>
	</object>
</annotation>
