<annotation>
	<folder></folder>
	<filename>frame_1825_jpg.rf.7331378352246e7820b0390f0d81f6a5.jpg</filename>
	<path>frame_1825_jpg.rf.7331378352246e7820b0390f0d81f6a5.jpg</path>
	<source>
		<database>roboflow.ai</database>
	</source>
	<size>
		<width>416</width>
		<height>416</height>
		<depth>3</depth>
	</size>
	<segmented>0</segmented>
	<object>
		<name>auto</name>
		<pose>Unspecified</pose>
		<truncated>0</truncated>
		<difficult>0</difficult>
		<occluded>0</occluded>
		<bndbox>
			<xmin>222</xmin>
			<xmax>342</xmax>
			<ymin>253</ymin>
			<ymax>352</ymax>
		</bndbox>
	</object>
</annotation>
