<annotation>
	<folder></folder>
	<filename>frame_1768_jpg.rf.a8d4c519cc156510ab736313a6b4894e.jpg</filename>
	<path>frame_1768_jpg.rf.a8d4c519cc156510ab736313a6b4894e.jpg</path>
	<source>
		<database>roboflow.ai</database>
	</source>
	<size>
		<width>416</width>
		<height>416</height>
		<depth>3</depth>
	</size>
	<segmented>0</segmented>
	<object>
		<name>auto</name>
		<pose>Unspecified</pose>
		<truncated>0</truncated>
		<difficult>0</difficult>
		<occluded>0</occluded>
		<bndbox>
			<xmin>0</xmin>
			<xmax>305</xmax>
			<ymin>71</ymin>
			<ymax>415</ymax>
		</bndbox>
	</object>
</annotation>
