<annotation>
	<folder></folder>
	<filename>frame_1784_jpg.rf.6d5b4c8070acf98ebe7fcd0615fb2049.jpg</filename>
	<path>frame_1784_jpg.rf.6d5b4c8070acf98ebe7fcd0615fb2049.jpg</path>
	<source>
		<database>roboflow.ai</database>
	</source>
	<size>
		<width>416</width>
		<height>416</height>
		<depth>3</depth>
	</size>
	<segmented>0</segmented>
	<object>
		<name>auto</name>
		<pose>Unspecified</pose>
		<truncated>0</truncated>
		<difficult>0</difficult>
		<occluded>0</occluded>
		<bndbox>
			<xmin>7</xmin>
			<xmax>206</xmax>
			<ymin>66</ymin>
			<ymax>403</ymax>
		</bndbox>
	</object>
</annotation>
