<annotation>
	<folder></folder>
	<filename>frame_1809_jpg.rf.c928f0bc82ae5eee672aaaa7399f1ac5.jpg</filename>
	<path>frame_1809_jpg.rf.c928f0bc82ae5eee672aaaa7399f1ac5.jpg</path>
	<source>
		<database>roboflow.ai</database>
	</source>
	<size>
		<width>416</width>
		<height>416</height>
		<depth>3</depth>
	</size>
	<segmented>0</segmented>
	<object>
		<name>auto</name>
		<pose>Unspecified</pose>
		<truncated>0</truncated>
		<difficult>0</difficult>
		<occluded>0</occluded>
		<bndbox>
			<xmin>78</xmin>
			<xmax>189</xmax>
			<ymin>95</ymin>
			<ymax>271</ymax>
		</bndbox>
	</object>
	<object>
		<name>auto</name>
		<pose>Unspecified</pose>
		<truncated>0</truncated>
		<difficult>0</difficult>
		<occluded>0</occluded>
		<bndbox>
			<xmin>150</xmin>
			<xmax>415</xmax>
			<ymin>96</ymin>
			<ymax>415</ymax>
		</bndbox>
	</object>
</annotation>
