<annotation>
	<folder></folder>
	<filename>frame_1827_jpg.rf.5c08bbb2da380e09973f3458ec5a5bae.jpg</filename>
	<path>frame_1827_jpg.rf.5c08bbb2da380e09973f3458ec5a5bae.jpg</path>
	<source>
		<database>roboflow.ai</database>
	</source>
	<size>
		<width>416</width>
		<height>416</height>
		<depth>3</depth>
	</size>
	<segmented>0</segmented>
	<object>
		<name>auto</name>
		<pose>Unspecified</pose>
		<truncated>0</truncated>
		<difficult>0</difficult>
		<occluded>0</occluded>
		<bndbox>
			<xmin>91</xmin>
			<xmax>268</xmax>
			<ymin>191</ymin>
			<ymax>415</ymax>
		</bndbox>
	</object>
	<object>
		<name>auto</name>
		<pose>Unspecified</pose>
		<truncated>0</truncated>
		<difficult>0</difficult>
		<occluded>0</occluded>
		<bndbox>
			<xmin>195</xmin>
			<xmax>325</xmax>
			<ymin>190</ymin>
			<ymax>398</ymax>
		</bndbox>
	</object>
	<object>
		<name>car</name>
		<pose>Unspecified</pose>
		<truncated>0</truncated>
		<difficult>0</difficult>
		<occluded>0</occluded>
		<bndbox>
			<xmin>240</xmin>
			<xmax>415</xmax>
			<ymin>141</ymin>
			<ymax>415</ymax>
		</bndbox>
	</object>
</annotation>
