<annotation>
	<folder></folder>
	<filename>frame_1803_jpg.rf.b4878666fc2250e0763319ec3dbd5723.jpg</filename>
	<path>frame_1803_jpg.rf.b4878666fc2250e0763319ec3dbd5723.jpg</path>
	<source>
		<database>roboflow.ai</database>
	</source>
	<size>
		<width>416</width>
		<height>416</height>
		<depth>3</depth>
	</size>
	<segmented>0</segmented>
	<object>
		<name>auto</name>
		<pose>Unspecified</pose>
		<truncated>0</truncated>
		<difficult>0</difficult>
		<occluded>0</occluded>
		<bndbox>
			<xmin>73</xmin>
			<xmax>327</xmax>
			<ymin>50</ymin>
			<ymax>392</ymax>
		</bndbox>
	</object>
</annotation>
