<annotation>
	<folder></folder>
	<filename>frame_1779_jpg.rf.acb971accec2e5e58006fe0bc6b263ea.jpg</filename>
	<path>frame_1779_jpg.rf.acb971accec2e5e58006fe0bc6b263ea.jpg</path>
	<source>
		<database>roboflow.ai</database>
	</source>
	<size>
		<width>416</width>
		<height>416</height>
		<depth>3</depth>
	</size>
	<segmented>0</segmented>
	<object>
		<name>auto</name>
		<pose>Unspecified</pose>
		<truncated>0</truncated>
		<difficult>0</difficult>
		<occluded>0</occluded>
		<bndbox>
			<xmin>177</xmin>
			<xmax>415</xmax>
			<ymin>0</ymin>
			<ymax>391</ymax>
		</bndbox>
	</object>
	<object>
		<name>riksha</name>
		<pose>Unspecified</pose>
		<truncated>0</truncated>
		<difficult>0</difficult>
		<occluded>0</occluded>
		<bndbox>
			<xmin>36</xmin>
			<xmax>239</xmax>
			<ymin>103</ymin>
			<ymax>415</ymax>
		</bndbox>
	</object>
</annotation>
