<annotation>
	<folder></folder>
	<filename>frame_1766_jpg.rf.7c81ffa5e45848634c114a5897634a10.jpg</filename>
	<path>frame_1766_jpg.rf.7c81ffa5e45848634c114a5897634a10.jpg</path>
	<source>
		<database>roboflow.ai</database>
	</source>
	<size>
		<width>416</width>
		<height>416</height>
		<depth>3</depth>
	</size>
	<segmented>0</segmented>
	<object>
		<name>auto</name>
		<pose>Unspecified</pose>
		<truncated>0</truncated>
		<difficult>0</difficult>
		<occluded>0</occluded>
		<bndbox>
			<xmin>55</xmin>
			<xmax>138</xmax>
			<ymin>146</ymin>
			<ymax>247</ymax>
		</bndbox>
	</object>
</annotation>
