<annotation>
	<folder></folder>
	<filename>frame_1825_jpg.rf.d03141b906a471ad5d8645ff924ac2ea.jpg</filename>
	<path>frame_1825_jpg.rf.d03141b906a471ad5d8645ff924ac2ea.jpg</path>
	<source>
		<database>roboflow.ai</database>
	</source>
	<size>
		<width>416</width>
		<height>416</height>
		<depth>3</depth>
	</size>
	<segmented>0</segmented>
	<object>
		<name>auto</name>
		<pose>Unspecified</pose>
		<truncated>0</truncated>
		<difficult>0</difficult>
		<occluded>0</occluded>
		<bndbox>
			<xmin>213</xmin>
			<xmax>346</xmax>
			<ymin>225</ymin>
			<ymax>331</ymax>
		</bndbox>
	</object>
</annotation>
