<annotation>
	<folder></folder>
	<filename>frame_1458_jpg.rf.de1891ffe266e477f56a2237f0efc8ca.jpg</filename>
	<path>frame_1458_jpg.rf.de1891ffe266e477f56a2237f0efc8ca.jpg</path>
	<source>
		<database>roboflow.ai</database>
	</source>
	<size>
		<width>416</width>
		<height>416</height>
		<depth>3</depth>
	</size>
	<segmented>0</segmented>
	<object>
		<name>auto</name>
		<pose>Unspecified</pose>
		<truncated>0</truncated>
		<difficult>0</difficult>
		<occluded>0</occluded>
		<bndbox>
			<xmin>45</xmin>
			<xmax>208</xmax>
			<ymin>27</ymin>
			<ymax>361</ymax>
		</bndbox>
	</object>
	<object>
		<name>auto</name>
		<pose>Unspecified</pose>
		<truncated>0</truncated>
		<difficult>0</difficult>
		<occluded>0</occluded>
		<bndbox>
			<xmin>0</xmin>
			<xmax>51</xmax>
			<ymin>5</ymin>
			<ymax>216</ymax>
		</bndbox>
	</object>
</annotation>
