<annotation>
	<folder></folder>
	<filename>frame_1789_jpg.rf.e62e68c80aef038487d5d71ba352b723.jpg</filename>
	<path>frame_1789_jpg.rf.e62e68c80aef038487d5d71ba352b723.jpg</path>
	<source>
		<database>roboflow.ai</database>
	</source>
	<size>
		<width>416</width>
		<height>416</height>
		<depth>3</depth>
	</size>
	<segmented>0</segmented>
	<object>
		<name>auto</name>
		<pose>Unspecified</pose>
		<truncated>0</truncated>
		<difficult>0</difficult>
		<occluded>0</occluded>
		<bndbox>
			<xmin>272</xmin>
			<xmax>386</xmax>
			<ymin>175</ymin>
			<ymax>350</ymax>
		</bndbox>
	</object>
	<object>
		<name>riksha</name>
		<pose>Unspecified</pose>
		<truncated>0</truncated>
		<difficult>0</difficult>
		<occluded>0</occluded>
		<bndbox>
			<xmin>97</xmin>
			<xmax>238</xmax>
			<ymin>149</ymin>
			<ymax>308</ymax>
		</bndbox>
	</object>
</annotation>
