<annotation>
	<folder></folder>
	<filename>frame_1764_jpg.rf.d85d595388aaf61d433fa756d092309d.jpg</filename>
	<path>frame_1764_jpg.rf.d85d595388aaf61d433fa756d092309d.jpg</path>
	<source>
		<database>roboflow.ai</database>
	</source>
	<size>
		<width>416</width>
		<height>416</height>
		<depth>3</depth>
	</size>
	<segmented>0</segmented>
	<object>
		<name>motorbike</name>
		<pose>Unspecified</pose>
		<truncated>0</truncated>
		<difficult>0</difficult>
		<occluded>0</occluded>
		<bndbox>
			<xmin>90</xmin>
			<xmax>242</xmax>
			<ymin>194</ymin>
			<ymax>402</ymax>
		</bndbox>
	</object>
	<object>
		<name>auto</name>
		<pose>Unspecified</pose>
		<truncated>0</truncated>
		<difficult>0</difficult>
		<occluded>0</occluded>
		<bndbox>
			<xmin>55</xmin>
			<xmax>187</xmax>
			<ymin>27</ymin>
			<ymax>283</ymax>
		</bndbox>
	</object>
</annotation>
