<annotation>
	<folder></folder>
	<filename>frame_1768_jpg.rf.3a49255ad19d99d53a098b892dd4ebe6.jpg</filename>
	<path>frame_1768_jpg.rf.3a49255ad19d99d53a098b892dd4ebe6.jpg</path>
	<source>
		<database>roboflow.ai</database>
	</source>
	<size>
		<width>416</width>
		<height>416</height>
		<depth>3</depth>
	</size>
	<segmented>0</segmented>
	<object>
		<name>auto</name>
		<pose>Unspecified</pose>
		<truncated>0</truncated>
		<difficult>0</difficult>
		<occluded>0</occluded>
		<bndbox>
			<xmin>168</xmin>
			<xmax>410</xmax>
			<ymin>70</ymin>
			<ymax>393</ymax>
		</bndbox>
	</object>
</annotation>
