<annotation>
	<folder></folder>
	<filename>frame_1800_jpg.rf.ecf18c98a8b3b6a21b05ff7959e627d4.jpg</filename>
	<path>frame_1800_jpg.rf.ecf18c98a8b3b6a21b05ff7959e627d4.jpg</path>
	<source>
		<database>roboflow.ai</database>
	</source>
	<size>
		<width>416</width>
		<height>416</height>
		<depth>3</depth>
	</size>
	<segmented>0</segmented>
	<object>
		<name>auto</name>
		<pose>Unspecified</pose>
		<truncated>0</truncated>
		<difficult>0</difficult>
		<occluded>0</occluded>
		<bndbox>
			<xmin>55</xmin>
			<xmax>214</xmax>
			<ymin>143</ymin>
			<ymax>382</ymax>
		</bndbox>
	</object>
	<object>
		<name>auto</name>
		<pose>Unspecified</pose>
		<truncated>0</truncated>
		<difficult>0</difficult>
		<occluded>0</occluded>
		<bndbox>
			<xmin>167</xmin>
			<xmax>271</xmax>
			<ymin>185</ymin>
			<ymax>371</ymax>
		</bndbox>
	</object>
	<object>
		<name>auto</name>
		<pose>Unspecified</pose>
		<truncated>0</truncated>
		<difficult>0</difficult>
		<occluded>0</occluded>
		<bndbox>
			<xmin>240</xmin>
			<xmax>308</xmax>
			<ymin>210</ymin>
			<ymax>350</ymax>
		</bndbox>
	</object>
	<object>
		<name>auto</name>
		<pose>Unspecified</pose>
		<truncated>0</truncated>
		<difficult>0</difficult>
		<occluded>0</occluded>
		<bndbox>
			<xmin>278</xmin>
			<xmax>346</xmax>
			<ymin>214</ymin>
			<ymax>354</ymax>
		</bndbox>
	</object>
</annotation>
