<annotation>
	<folder></folder>
	<filename>frame_1798_jpg.rf.299c586950943bbf29ed3a86193bf3fc.jpg</filename>
	<path>frame_1798_jpg.rf.299c586950943bbf29ed3a86193bf3fc.jpg</path>
	<source>
		<database>roboflow.ai</database>
	</source>
	<size>
		<width>416</width>
		<height>416</height>
		<depth>3</depth>
	</size>
	<segmented>0</segmented>
	<object>
		<name>auto</name>
		<pose>Unspecified</pose>
		<truncated>0</truncated>
		<difficult>0</difficult>
		<occluded>0</occluded>
		<bndbox>
			<xmin>28</xmin>
			<xmax>338</xmax>
			<ymin>86</ymin>
			<ymax>354</ymax>
		</bndbox>
	</object>
	<object>
		<name>truck</name>
		<pose>Unspecified</pose>
		<truncated>0</truncated>
		<difficult>0</difficult>
		<occluded>0</occluded>
		<bndbox>
			<xmin>336</xmin>
			<xmax>415</xmax>
			<ymin>108</ymin>
			<ymax>263</ymax>
		</bndbox>
	</object>
</annotation>
