<annotation>
	<folder></folder>
	<filename>frame_1455_jpg.rf.a601bc5feec3122e8f5c8e5bfe05b741.jpg</filename>
	<path>frame_1455_jpg.rf.a601bc5feec3122e8f5c8e5bfe05b741.jpg</path>
	<source>
		<database>roboflow.ai</database>
	</source>
	<size>
		<width>416</width>
		<height>416</height>
		<depth>3</depth>
	</size>
	<segmented>0</segmented>
	<object>
		<name>auto</name>
		<pose>Unspecified</pose>
		<truncated>0</truncated>
		<difficult>0</difficult>
		<occluded>0</occluded>
		<bndbox>
			<xmin>243</xmin>
			<xmax>415</xmax>
			<ymin>62</ymin>
			<ymax>259</ymax>
		</bndbox>
	</object>
	<object>
		<name>auto</name>
		<pose>Unspecified</pose>
		<truncated>0</truncated>
		<difficult>0</difficult>
		<occluded>0</occluded>
		<bndbox>
			<xmin>116</xmin>
			<xmax>288</xmax>
			<ymin>115</ymin>
			<ymax>294</ymax>
		</bndbox>
	</object>
	<object>
		<name>auto</name>
		<pose>Unspecified</pose>
		<truncated>0</truncated>
		<difficult>0</difficult>
		<occluded>0</occluded>
		<bndbox>
			<xmin>2</xmin>
			<xmax>171</xmax>
			<ymin>115</ymin>
			<ymax>325</ymax>
		</bndbox>
	</object>
</annotation>
