<annotation>
	<folder></folder>
	<filename>frame_1796_jpg.rf.5eaaca4f7ff3e4aaa1957efa712e0108.jpg</filename>
	<path>frame_1796_jpg.rf.5eaaca4f7ff3e4aaa1957efa712e0108.jpg</path>
	<source>
		<database>roboflow.ai</database>
	</source>
	<size>
		<width>416</width>
		<height>416</height>
		<depth>3</depth>
	</size>
	<segmented>0</segmented>
	<object>
		<name>auto</name>
		<pose>Unspecified</pose>
		<truncated>0</truncated>
		<difficult>0</difficult>
		<occluded>0</occluded>
		<bndbox>
			<xmin>203</xmin>
			<xmax>407</xmax>
			<ymin>140</ymin>
			<ymax>341</ymax>
		</bndbox>
	</object>
	<object>
		<name>auto</name>
		<pose>Unspecified</pose>
		<truncated>0</truncated>
		<difficult>0</difficult>
		<occluded>0</occluded>
		<bndbox>
			<xmin>56</xmin>
			<xmax>225</xmax>
			<ymin>132</ymin>
			<ymax>318</ymax>
		</bndbox>
	</object>
</annotation>
