<annotation>
	<folder></folder>
	<filename>frame_1792_jpg.rf.e5e7aaff86e0d67889655745f549ae43.jpg</filename>
	<path>frame_1792_jpg.rf.e5e7aaff86e0d67889655745f549ae43.jpg</path>
	<source>
		<database>roboflow.ai</database>
	</source>
	<size>
		<width>416</width>
		<height>416</height>
		<depth>3</depth>
	</size>
	<segmented>0</segmented>
	<object>
		<name>bus</name>
		<pose>Unspecified</pose>
		<truncated>0</truncated>
		<difficult>0</difficult>
		<occluded>0</occluded>
		<bndbox>
			<xmin>38</xmin>
			<xmax>267</xmax>
			<ymin>6</ymin>
			<ymax>154</ymax>
		</bndbox>
	</object>
</annotation>
