<annotation>
	<folder></folder>
	<filename>frame_1796_jpg.rf.cc9353d3ef58e84b0ede91aa74747df4.jpg</filename>
	<path>frame_1796_jpg.rf.cc9353d3ef58e84b0ede91aa74747df4.jpg</path>
	<source>
		<database>roboflow.ai</database>
	</source>
	<size>
		<width>416</width>
		<height>416</height>
		<depth>3</depth>
	</size>
	<segmented>0</segmented>
	<object>
		<name>auto</name>
		<pose>Unspecified</pose>
		<truncated>0</truncated>
		<difficult>0</difficult>
		<occluded>0</occluded>
		<bndbox>
			<xmin>199</xmin>
			<xmax>403</xmax>
			<ymin>106</ymin>
			<ymax>311</ymax>
		</bndbox>
	</object>
	<object>
		<name>auto</name>
		<pose>Unspecified</pose>
		<truncated>0</truncated>
		<difficult>0</difficult>
		<occluded>0</occluded>
		<bndbox>
			<xmin>48</xmin>
			<xmax>217</xmax>
			<ymin>154</ymin>
			<ymax>344</ymax>
		</bndbox>
	</object>
</annotation>
