<annotation>
	<folder></folder>
	<filename>frame_1828_jpg.rf.11a498a615f68bb30d5f10f3715dd882.jpg</filename>
	<path>frame_1828_jpg.rf.11a498a615f68bb30d5f10f3715dd882.jpg</path>
	<source>
		<database>roboflow.ai</database>
	</source>
	<size>
		<width>416</width>
		<height>416</height>
		<depth>3</depth>
	</size>
	<segmented>0</segmented>
	<object>
		<name>auto</name>
		<pose>Unspecified</pose>
		<truncated>0</truncated>
		<difficult>0</difficult>
		<occluded>0</occluded>
		<bndbox>
			<xmin>167</xmin>
			<xmax>267</xmax>
			<ymin>165</ymin>
			<ymax>351</ymax>
		</bndbox>
	</object>
</annotation>
