<annotation>
	<folder></folder>
	<filename>frame_1828_jpg.rf.76f0b13c4192831e437a0db73231fb0e.jpg</filename>
	<path>frame_1828_jpg.rf.76f0b13c4192831e437a0db73231fb0e.jpg</path>
	<source>
		<database>roboflow.ai</database>
	</source>
	<size>
		<width>416</width>
		<height>416</height>
		<depth>3</depth>
	</size>
	<segmented>0</segmented>
	<object>
		<name>auto</name>
		<pose>Unspecified</pose>
		<truncated>0</truncated>
		<difficult>0</difficult>
		<occluded>0</occluded>
		<bndbox>
			<xmin>177</xmin>
			<xmax>275</xmax>
			<ymin>167</ymin>
			<ymax>348</ymax>
		</bndbox>
	</object>
</annotation>
