<annotation>
	<folder></folder>
	<filename>frame_1799_jpg.rf.569c7248e4ac84ed66437d6c32c168a0.jpg</filename>
	<path>frame_1799_jpg.rf.569c7248e4ac84ed66437d6c32c168a0.jpg</path>
	<source>
		<database>roboflow.ai</database>
	</source>
	<size>
		<width>416</width>
		<height>416</height>
		<depth>3</depth>
	</size>
	<segmented>0</segmented>
	<object>
		<name>auto</name>
		<pose>Unspecified</pose>
		<truncated>0</truncated>
		<difficult>0</difficult>
		<occluded>0</occluded>
		<bndbox>
			<xmin>198</xmin>
			<xmax>357</xmax>
			<ymin>241</ymin>
			<ymax>408</ymax>
		</bndbox>
	</object>
	<object>
		<name>auto</name>
		<pose>Unspecified</pose>
		<truncated>0</truncated>
		<difficult>0</difficult>
		<occluded>0</occluded>
		<bndbox>
			<xmin>63</xmin>
			<xmax>121</xmax>
			<ymin>209</ymin>
			<ymax>287</ymax>
		</bndbox>
	</object>
	<object>
		<name>auto</name>
		<pose>Unspecified</pose>
		<truncated>0</truncated>
		<difficult>0</difficult>
		<occluded>0</occluded>
		<bndbox>
			<xmin>119</xmin>
			<xmax>163</xmax>
			<ymin>227</ymin>
			<ymax>289</ymax>
		</bndbox>
	</object>
	<object>
		<name>auto</name>
		<pose>Unspecified</pose>
		<truncated>0</truncated>
		<difficult>0</difficult>
		<occluded>0</occluded>
		<bndbox>
			<xmin>165</xmin>
			<xmax>209</xmax>
			<ymin>240</ymin>
			<ymax>302</ymax>
		</bndbox>
	</object>
</annotation>
