<annotation>
	<folder></folder>
	<filename>frame_1769_jpg.rf.6a2297e4ded203eb0391e057e52385b0.jpg</filename>
	<path>frame_1769_jpg.rf.6a2297e4ded203eb0391e057e52385b0.jpg</path>
	<source>
		<database>roboflow.ai</database>
	</source>
	<size>
		<width>416</width>
		<height>416</height>
		<depth>3</depth>
	</size>
	<segmented>0</segmented>
	<object>
		<name>auto</name>
		<pose>Unspecified</pose>
		<truncated>0</truncated>
		<difficult>0</difficult>
		<occluded>0</occluded>
		<bndbox>
			<xmin>107</xmin>
			<xmax>296</xmax>
			<ymin>61</ymin>
			<ymax>377</ymax>
		</bndbox>
	</object>
</annotation>
