<annotation>
	<folder></folder>
	<filename>frame_1822_jpg.rf.4b7944b6cfd97f0d4ea3c6ae05905155.jpg</filename>
	<path>frame_1822_jpg.rf.4b7944b6cfd97f0d4ea3c6ae05905155.jpg</path>
	<source>
		<database>roboflow.ai</database>
	</source>
	<size>
		<width>416</width>
		<height>416</height>
		<depth>3</depth>
	</size>
	<segmented>0</segmented>
	<object>
		<name>auto</name>
		<pose>Unspecified</pose>
		<truncated>0</truncated>
		<difficult>0</difficult>
		<occluded>0</occluded>
		<bndbox>
			<xmin>3</xmin>
			<xmax>179</xmax>
			<ymin>237</ymin>
			<ymax>381</ymax>
		</bndbox>
	</object>
	<object>
		<name>auto</name>
		<pose>Unspecified</pose>
		<truncated>0</truncated>
		<difficult>0</difficult>
		<occluded>0</occluded>
		<bndbox>
			<xmin>147</xmin>
			<xmax>289</xmax>
			<ymin>252</ymin>
			<ymax>387</ymax>
		</bndbox>
	</object>
	<object>
		<name>auto</name>
		<pose>Unspecified</pose>
		<truncated>0</truncated>
		<difficult>0</difficult>
		<occluded>0</occluded>
		<bndbox>
			<xmin>253</xmin>
			<xmax>356</xmax>
			<ymin>276</ymin>
			<ymax>387</ymax>
		</bndbox>
	</object>
</annotation>
