<annotation>
	<folder></folder>
	<filename>frame_1446_jpg.rf.ce6412f92a69d005c4def3d29aeaee54.jpg</filename>
	<path>frame_1446_jpg.rf.ce6412f92a69d005c4def3d29aeaee54.jpg</path>
	<source>
		<database>roboflow.ai</database>
	</source>
	<size>
		<width>416</width>
		<height>416</height>
		<depth>3</depth>
	</size>
	<segmented>0</segmented>
	<object>
		<name>auto</name>
		<pose>Unspecified</pose>
		<truncated>0</truncated>
		<difficult>0</difficult>
		<occluded>0</occluded>
		<bndbox>
			<xmin>0</xmin>
			<xmax>252</xmax>
			<ymin>9</ymin>
			<ymax>415</ymax>
		</bndbox>
	</object>
	<object>
		<name>car</name>
		<pose>Unspecified</pose>
		<truncated>0</truncated>
		<difficult>0</difficult>
		<occluded>0</occluded>
		<bndbox>
			<xmin>225</xmin>
			<xmax>415</xmax>
			<ymin>25</ymin>
			<ymax>408</ymax>
		</bndbox>
	</object>
</annotation>
