<annotation>
	<folder></folder>
	<filename>frame_1459_jpg.rf.c838aeeff1682f9ab150ed0389a27f2f.jpg</filename>
	<path>frame_1459_jpg.rf.c838aeeff1682f9ab150ed0389a27f2f.jpg</path>
	<source>
		<database>roboflow.ai</database>
	</source>
	<size>
		<width>416</width>
		<height>416</height>
		<depth>3</depth>
	</size>
	<segmented>0</segmented>
	<object>
		<name>auto</name>
		<pose>Unspecified</pose>
		<truncated>0</truncated>
		<difficult>0</difficult>
		<occluded>0</occluded>
		<bndbox>
			<xmin>63</xmin>
			<xmax>329</xmax>
			<ymin>112</ymin>
			<ymax>415</ymax>
		</bndbox>
	</object>
	<object>
		<name>auto</name>
		<pose>Unspecified</pose>
		<truncated>0</truncated>
		<difficult>0</difficult>
		<occluded>0</occluded>
		<bndbox>
			<xmin>280</xmin>
			<xmax>369</xmax>
			<ymin>189</ymin>
			<ymax>301</ymax>
		</bndbox>
	</object>
</annotation>
