<annotation>
	<folder></folder>
	<filename>frame_1804_jpg.rf.2d15d972831d3db06294025fcfc4daee.jpg</filename>
	<path>frame_1804_jpg.rf.2d15d972831d3db06294025fcfc4daee.jpg</path>
	<source>
		<database>roboflow.ai</database>
	</source>
	<size>
		<width>416</width>
		<height>416</height>
		<depth>3</depth>
	</size>
	<segmented>0</segmented>
	<object>
		<name>auto</name>
		<pose>Unspecified</pose>
		<truncated>0</truncated>
		<difficult>0</difficult>
		<occluded>0</occluded>
		<bndbox>
			<xmin>78</xmin>
			<xmax>232</xmax>
			<ymin>186</ymin>
			<ymax>405</ymax>
		</bndbox>
	</object>
	<object>
		<name>motorbike</name>
		<pose>Unspecified</pose>
		<truncated>0</truncated>
		<difficult>0</difficult>
		<occluded>0</occluded>
		<bndbox>
			<xmin>282</xmin>
			<xmax>334</xmax>
			<ymin>236</ymin>
			<ymax>410</ymax>
		</bndbox>
	</object>
</annotation>
