<annotation>
	<folder></folder>
	<filename>frame_1805_jpg.rf.a5738198f1112fc4565154b795a43c7f.jpg</filename>
	<path>frame_1805_jpg.rf.a5738198f1112fc4565154b795a43c7f.jpg</path>
	<source>
		<database>roboflow.ai</database>
	</source>
	<size>
		<width>416</width>
		<height>416</height>
		<depth>3</depth>
	</size>
	<segmented>0</segmented>
	<object>
		<name>auto</name>
		<pose>Unspecified</pose>
		<truncated>0</truncated>
		<difficult>0</difficult>
		<occluded>0</occluded>
		<bndbox>
			<xmin>0</xmin>
			<xmax>176</xmax>
			<ymin>65</ymin>
			<ymax>415</ymax>
		</bndbox>
	</object>
	<object>
		<name>auto</name>
		<pose>Unspecified</pose>
		<truncated>0</truncated>
		<difficult>0</difficult>
		<occluded>0</occluded>
		<bndbox>
			<xmin>252</xmin>
			<xmax>415</xmax>
			<ymin>17</ymin>
			<ymax>399</ymax>
		</bndbox>
	</object>
</annotation>
