<annotation>
	<folder></folder>
	<filename>frame_1458_jpg.rf.9944d88270576106892a95afd5f07dfc.jpg</filename>
	<path>frame_1458_jpg.rf.9944d88270576106892a95afd5f07dfc.jpg</path>
	<source>
		<database>roboflow.ai</database>
	</source>
	<size>
		<width>416</width>
		<height>416</height>
		<depth>3</depth>
	</size>
	<segmented>0</segmented>
	<object>
		<name>auto</name>
		<pose>Unspecified</pose>
		<truncated>0</truncated>
		<difficult>0</difficult>
		<occluded>0</occluded>
		<bndbox>
			<xmin>194</xmin>
			<xmax>387</xmax>
			<ymin>2</ymin>
			<ymax>363</ymax>
		</bndbox>
	</object>
	<object>
		<name>auto</name>
		<pose>Unspecified</pose>
		<truncated>0</truncated>
		<difficult>0</difficult>
		<occluded>0</occluded>
		<bndbox>
			<xmin>348</xmin>
			<xmax>415</xmax>
			<ymin>0</ymin>
			<ymax>198</ymax>
		</bndbox>
	</object>
</annotation>
