<annotation>
	<folder></folder>
	<filename>frame_1452_jpg.rf.7e6bfa9ddc7f61e3bf81dd4efd56f618.jpg</filename>
	<path>frame_1452_jpg.rf.7e6bfa9ddc7f61e3bf81dd4efd56f618.jpg</path>
	<source>
		<database>roboflow.ai</database>
	</source>
	<size>
		<width>416</width>
		<height>416</height>
		<depth>3</depth>
	</size>
	<segmented>0</segmented>
	<object>
		<name>auto</name>
		<pose>Unspecified</pose>
		<truncated>0</truncated>
		<difficult>0</difficult>
		<occluded>0</occluded>
		<bndbox>
			<xmin>63</xmin>
			<xmax>315</xmax>
			<ymin>116</ymin>
			<ymax>415</ymax>
		</bndbox>
	</object>
	<object>
		<name>auto</name>
		<pose>Unspecified</pose>
		<truncated>0</truncated>
		<difficult>0</difficult>
		<occluded>0</occluded>
		<bndbox>
			<xmin>1</xmin>
			<xmax>127</xmax>
			<ymin>165</ymin>
			<ymax>357</ymax>
		</bndbox>
	</object>
</annotation>
