<annotation>
	<folder></folder>
	<filename>frame_1769_jpg.rf.bb1bf2ee137988a48f86eb4eb0c9f61b.jpg</filename>
	<path>frame_1769_jpg.rf.bb1bf2ee137988a48f86eb4eb0c9f61b.jpg</path>
	<source>
		<database>roboflow.ai</database>
	</source>
	<size>
		<width>416</width>
		<height>416</height>
		<depth>3</depth>
	</size>
	<segmented>0</segmented>
	<object>
		<name>auto</name>
		<pose>Unspecified</pose>
		<truncated>0</truncated>
		<difficult>0</difficult>
		<occluded>0</occluded>
		<bndbox>
			<xmin>93</xmin>
			<xmax>340</xmax>
			<ymin>66</ymin>
			<ymax>371</ymax>
		</bndbox>
	</object>
</annotation>
