<annotation>
	<folder></folder>
	<filename>frame_1477_jpg.rf.0f15d5fd454d220e3f51f0bad6f15d9d.jpg</filename>
	<path>frame_1477_jpg.rf.0f15d5fd454d220e3f51f0bad6f15d9d.jpg</path>
	<source>
		<database>roboflow.ai</database>
	</source>
	<size>
		<width>416</width>
		<height>416</height>
		<depth>3</depth>
	</size>
	<segmented>0</segmented>
	<object>
		<name>auto</name>
		<pose>Unspecified</pose>
		<truncated>0</truncated>
		<difficult>0</difficult>
		<occluded>0</occluded>
		<bndbox>
			<xmin>100</xmin>
			<xmax>345</xmax>
			<ymin>68</ymin>
			<ymax>415</ymax>
		</bndbox>
	</object>
	<object>
		<name>motorbike</name>
		<pose>Unspecified</pose>
		<truncated>0</truncated>
		<difficult>0</difficult>
		<occluded>0</occluded>
		<bndbox>
			<xmin>252</xmin>
			<xmax>355</xmax>
			<ymin>29</ymin>
			<ymax>232</ymax>
		</bndbox>
	</object>
</annotation>
