<annotation>
	<folder></folder>
	<filename>frame_1452_jpg.rf.4a063f0c6c6ce1012881ed2f28f0a2e7.jpg</filename>
	<path>frame_1452_jpg.rf.4a063f0c6c6ce1012881ed2f28f0a2e7.jpg</path>
	<source>
		<database>roboflow.ai</database>
	</source>
	<size>
		<width>416</width>
		<height>416</height>
		<depth>3</depth>
	</size>
	<segmented>0</segmented>
	<object>
		<name>auto</name>
		<pose>Unspecified</pose>
		<truncated>0</truncated>
		<difficult>0</difficult>
		<occluded>0</occluded>
		<bndbox>
			<xmin>158</xmin>
			<xmax>344</xmax>
			<ymin>119</ymin>
			<ymax>415</ymax>
		</bndbox>
	</object>
	<object>
		<name>auto</name>
		<pose>Unspecified</pose>
		<truncated>0</truncated>
		<difficult>0</difficult>
		<occluded>0</occluded>
		<bndbox>
			<xmin>325</xmin>
			<xmax>415</xmax>
			<ymin>154</ymin>
			<ymax>344</ymax>
		</bndbox>
	</object>
</annotation>
