<annotation>
	<folder></folder>
	<filename>frame_1769_jpg.rf.0f4e1943a23ffdbb00fa36f1c7dc8606.jpg</filename>
	<path>frame_1769_jpg.rf.0f4e1943a23ffdbb00fa36f1c7dc8606.jpg</path>
	<source>
		<database>roboflow.ai</database>
	</source>
	<size>
		<width>416</width>
		<height>416</height>
		<depth>3</depth>
	</size>
	<segmented>0</segmented>
	<object>
		<name>auto</name>
		<pose>Unspecified</pose>
		<truncated>0</truncated>
		<difficult>0</difficult>
		<occluded>0</occluded>
		<bndbox>
			<xmin>128</xmin>
			<xmax>308</xmax>
			<ymin>67</ymin>
			<ymax>375</ymax>
		</bndbox>
	</object>
</annotation>
