<annotation>
	<folder></folder>
	<filename>frame_1812_jpg.rf.8d6298a95ccbad516defa717b4f53326.jpg</filename>
	<path>frame_1812_jpg.rf.8d6298a95ccbad516defa717b4f53326.jpg</path>
	<source>
		<database>roboflow.ai</database>
	</source>
	<size>
		<width>416</width>
		<height>416</height>
		<depth>3</depth>
	</size>
	<segmented>0</segmented>
	<object>
		<name>auto</name>
		<pose>Unspecified</pose>
		<truncated>0</truncated>
		<difficult>0</difficult>
		<occluded>0</occluded>
		<bndbox>
			<xmin>254</xmin>
			<xmax>415</xmax>
			<ymin>25</ymin>
			<ymax>308</ymax>
		</bndbox>
	</object>
	<object>
		<name>auto</name>
		<pose>Unspecified</pose>
		<truncated>0</truncated>
		<difficult>0</difficult>
		<occluded>0</occluded>
		<bndbox>
			<xmin>54</xmin>
			<xmax>277</xmax>
			<ymin>73</ymin>
			<ymax>372</ymax>
		</bndbox>
	</object>
</annotation>
