<annotation>
	<folder></folder>
	<filename>frame_1778_jpg.rf.a9d44dd73bc1e0b75467a9684521a572.jpg</filename>
	<path>frame_1778_jpg.rf.a9d44dd73bc1e0b75467a9684521a572.jpg</path>
	<source>
		<database>roboflow.ai</database>
	</source>
	<size>
		<width>416</width>
		<height>416</height>
		<depth>3</depth>
	</size>
	<segmented>0</segmented>
	<object>
		<name>auto</name>
		<pose>Unspecified</pose>
		<truncated>0</truncated>
		<difficult>0</difficult>
		<occluded>0</occluded>
		<bndbox>
			<xmin>98</xmin>
			<xmax>223</xmax>
			<ymin>232</ymin>
			<ymax>340</ymax>
		</bndbox>
	</object>
</annotation>
