<annotation>
	<folder></folder>
	<filename>frame_1822_jpg.rf.495853b53cfb957103615e44315db028.jpg</filename>
	<path>frame_1822_jpg.rf.495853b53cfb957103615e44315db028.jpg</path>
	<source>
		<database>roboflow.ai</database>
	</source>
	<size>
		<width>416</width>
		<height>416</height>
		<depth>3</depth>
	</size>
	<segmented>0</segmented>
	<object>
		<name>auto</name>
		<pose>Unspecified</pose>
		<truncated>0</truncated>
		<difficult>0</difficult>
		<occluded>0</occluded>
		<bndbox>
			<xmin>27</xmin>
			<xmax>182</xmax>
			<ymin>227</ymin>
			<ymax>386</ymax>
		</bndbox>
	</object>
	<object>
		<name>auto</name>
		<pose>Unspecified</pose>
		<truncated>0</truncated>
		<difficult>0</difficult>
		<occluded>0</occluded>
		<bndbox>
			<xmin>169</xmin>
			<xmax>294</xmax>
			<ymin>247</ymin>
			<ymax>394</ymax>
		</bndbox>
	</object>
	<object>
		<name>auto</name>
		<pose>Unspecified</pose>
		<truncated>0</truncated>
		<difficult>0</difficult>
		<occluded>0</occluded>
		<bndbox>
			<xmin>274</xmin>
			<xmax>366</xmax>
			<ymin>275</ymin>
			<ymax>394</ymax>
		</bndbox>
	</object>
</annotation>
