<annotation>
	<folder></folder>
	<filename>frame_1779_jpg.rf.54ab2d406fc96613d5e0e088a36569d4.jpg</filename>
	<path>frame_1779_jpg.rf.54ab2d406fc96613d5e0e088a36569d4.jpg</path>
	<source>
		<database>roboflow.ai</database>
	</source>
	<size>
		<width>416</width>
		<height>416</height>
		<depth>3</depth>
	</size>
	<segmented>0</segmented>
	<object>
		<name>auto</name>
		<pose>Unspecified</pose>
		<truncated>0</truncated>
		<difficult>0</difficult>
		<occluded>0</occluded>
		<bndbox>
			<xmin>172</xmin>
			<xmax>415</xmax>
			<ymin>31</ymin>
			<ymax>415</ymax>
		</bndbox>
	</object>
	<object>
		<name>riksha</name>
		<pose>Unspecified</pose>
		<truncated>0</truncated>
		<difficult>0</difficult>
		<occluded>0</occluded>
		<bndbox>
			<xmin>28</xmin>
			<xmax>236</xmax>
			<ymin>40</ymin>
			<ymax>392</ymax>
		</bndbox>
	</object>
</annotation>
