<annotation>
	<folder></folder>
	<filename>frame_1795_jpg.rf.63de058cf5138ebd483b2fab850b0026.jpg</filename>
	<path>frame_1795_jpg.rf.63de058cf5138ebd483b2fab850b0026.jpg</path>
	<source>
		<database>roboflow.ai</database>
	</source>
	<size>
		<width>416</width>
		<height>416</height>
		<depth>3</depth>
	</size>
	<segmented>0</segmented>
	<object>
		<name>bus</name>
		<pose>Unspecified</pose>
		<truncated>0</truncated>
		<difficult>0</difficult>
		<occluded>0</occluded>
		<bndbox>
			<xmin>192</xmin>
			<xmax>415</xmax>
			<ymin>71</ymin>
			<ymax>366</ymax>
		</bndbox>
	</object>
	<object>
		<name>van</name>
		<pose>Unspecified</pose>
		<truncated>0</truncated>
		<difficult>0</difficult>
		<occluded>0</occluded>
		<bndbox>
			<xmin>102</xmin>
			<xmax>225</xmax>
			<ymin>203</ymin>
			<ymax>391</ymax>
		</bndbox>
	</object>
	<object>
		<name>bus</name>
		<pose>Unspecified</pose>
		<truncated>0</truncated>
		<difficult>0</difficult>
		<occluded>0</occluded>
		<bndbox>
			<xmin>96</xmin>
			<xmax>163</xmax>
			<ymin>80</ymin>
			<ymax>162</ymax>
		</bndbox>
	</object>
	<object>
		<name>auto</name>
		<pose>Unspecified</pose>
		<truncated>0</truncated>
		<difficult>0</difficult>
		<occluded>0</occluded>
		<bndbox>
			<xmin>42</xmin>
			<xmax>93</xmax>
			<ymin>190</ymin>
			<ymax>248</ymax>
		</bndbox>
	</object>
</annotation>
