<annotation>
	<folder></folder>
	<filename>frame_1825_jpg.rf.8ae5587ac3f7d6162baa24b49ea6b56f.jpg</filename>
	<path>frame_1825_jpg.rf.8ae5587ac3f7d6162baa24b49ea6b56f.jpg</path>
	<source>
		<database>roboflow.ai</database>
	</source>
	<size>
		<width>416</width>
		<height>416</height>
		<depth>3</depth>
	</size>
	<segmented>0</segmented>
	<object>
		<name>auto</name>
		<pose>Unspecified</pose>
		<truncated>0</truncated>
		<difficult>0</difficult>
		<occluded>0</occluded>
		<bndbox>
			<xmin>204</xmin>
			<xmax>327</xmax>
			<ymin>253</ymin>
			<ymax>366</ymax>
		</bndbox>
	</object>
</annotation>
