<annotation>
	<folder></folder>
	<filename>frame_1819_jpg.rf.6660e88e649edba7ed01acf57ed60909.jpg</filename>
	<path>frame_1819_jpg.rf.6660e88e649edba7ed01acf57ed60909.jpg</path>
	<source>
		<database>roboflow.ai</database>
	</source>
	<size>
		<width>416</width>
		<height>416</height>
		<depth>3</depth>
	</size>
	<segmented>0</segmented>
	<object>
		<name>auto</name>
		<pose>Unspecified</pose>
		<truncated>0</truncated>
		<difficult>0</difficult>
		<occluded>0</occluded>
		<bndbox>
			<xmin>1</xmin>
			<xmax>298</xmax>
			<ymin>125</ymin>
			<ymax>379</ymax>
		</bndbox>
	</object>
</annotation>
