<annotation>
	<folder></folder>
	<filename>frame_1766_jpg.rf.0ad0fc40a23c0050bcba8389e0256d45.jpg</filename>
	<path>frame_1766_jpg.rf.0ad0fc40a23c0050bcba8389e0256d45.jpg</path>
	<source>
		<database>roboflow.ai</database>
	</source>
	<size>
		<width>416</width>
		<height>416</height>
		<depth>3</depth>
	</size>
	<segmented>0</segmented>
	<object>
		<name>auto</name>
		<pose>Unspecified</pose>
		<truncated>0</truncated>
		<difficult>0</difficult>
		<occluded>0</occluded>
		<bndbox>
			<xmin>277</xmin>
			<xmax>355</xmax>
			<ymin>170</ymin>
			<ymax>260</ymax>
		</bndbox>
	</object>
</annotation>
