<annotation>
	<folder></folder>
	<filename>frame_1812_jpg.rf.57e9695bd221144fcaa3cd42de305e1b.jpg</filename>
	<path>frame_1812_jpg.rf.57e9695bd221144fcaa3cd42de305e1b.jpg</path>
	<source>
		<database>roboflow.ai</database>
	</source>
	<size>
		<width>416</width>
		<height>416</height>
		<depth>3</depth>
	</size>
	<segmented>0</segmented>
	<object>
		<name>auto</name>
		<pose>Unspecified</pose>
		<truncated>0</truncated>
		<difficult>0</difficult>
		<occluded>0</occluded>
		<bndbox>
			<xmin>0</xmin>
			<xmax>181</xmax>
			<ymin>78</ymin>
			<ymax>368</ymax>
		</bndbox>
	</object>
	<object>
		<name>auto</name>
		<pose>Unspecified</pose>
		<truncated>0</truncated>
		<difficult>0</difficult>
		<occluded>0</occluded>
		<bndbox>
			<xmin>129</xmin>
			<xmax>370</xmax>
			<ymin>49</ymin>
			<ymax>361</ymax>
		</bndbox>
	</object>
</annotation>
