<annotation>
	<folder></folder>
	<filename>frame_1781_jpg.rf.8ee2c8f7ab01006c28eb3b0c536e9b8d.jpg</filename>
	<path>frame_1781_jpg.rf.8ee2c8f7ab01006c28eb3b0c536e9b8d.jpg</path>
	<source>
		<database>roboflow.ai</database>
	</source>
	<size>
		<width>416</width>
		<height>416</height>
		<depth>3</depth>
	</size>
	<segmented>0</segmented>
	<object>
		<name>auto</name>
		<pose>Unspecified</pose>
		<truncated>0</truncated>
		<difficult>0</difficult>
		<occluded>0</occluded>
		<bndbox>
			<xmin>103</xmin>
			<xmax>388</xmax>
			<ymin>3</ymin>
			<ymax>415</ymax>
		</bndbox>
	</object>
	<object>
		<name>auto</name>
		<pose>Unspecified</pose>
		<truncated>0</truncated>
		<difficult>0</difficult>
		<occluded>0</occluded>
		<bndbox>
			<xmin>28</xmin>
			<xmax>159</xmax>
			<ymin>92</ymin>
			<ymax>302</ymax>
		</bndbox>
	</object>
</annotation>
