<annotation>
	<folder></folder>
	<filename>frame_1781_jpg.rf.3fdb8441922b47da4efcc8339c080410.jpg</filename>
	<path>frame_1781_jpg.rf.3fdb8441922b47da4efcc8339c080410.jpg</path>
	<source>
		<database>roboflow.ai</database>
	</source>
	<size>
		<width>416</width>
		<height>416</height>
		<depth>3</depth>
	</size>
	<segmented>0</segmented>
	<object>
		<name>auto</name>
		<pose>Unspecified</pose>
		<truncated>0</truncated>
		<difficult>0</difficult>
		<occluded>0</occluded>
		<bndbox>
			<xmin>131</xmin>
			<xmax>361</xmax>
			<ymin>18</ymin>
			<ymax>415</ymax>
		</bndbox>
	</object>
	<object>
		<name>auto</name>
		<pose>Unspecified</pose>
		<truncated>0</truncated>
		<difficult>0</difficult>
		<occluded>0</occluded>
		<bndbox>
			<xmin>41</xmin>
			<xmax>145</xmax>
			<ymin>84</ymin>
			<ymax>283</ymax>
		</bndbox>
	</object>
</annotation>
