<annotation>
	<folder></folder>
	<filename>frame_1769_jpg.rf.6a6d1b6420df5af0f191ff4e283ab03f.jpg</filename>
	<path>frame_1769_jpg.rf.6a6d1b6420df5af0f191ff4e283ab03f.jpg</path>
	<source>
		<database>roboflow.ai</database>
	</source>
	<size>
		<width>416</width>
		<height>416</height>
		<depth>3</depth>
	</size>
	<segmented>0</segmented>
	<object>
		<name>auto</name>
		<pose>Unspecified</pose>
		<truncated>0</truncated>
		<difficult>0</difficult>
		<occluded>0</occluded>
		<bndbox>
			<xmin>86</xmin>
			<xmax>310</xmax>
			<ymin>42</ymin>
			<ymax>390</ymax>
		</bndbox>
	</object>
</annotation>
