<annotation>
	<folder></folder>
	<filename>frame_1780_jpg.rf.8337551066a98cb700ba3e6563c54ff4.jpg</filename>
	<path>frame_1780_jpg.rf.8337551066a98cb700ba3e6563c54ff4.jpg</path>
	<source>
		<database>roboflow.ai</database>
	</source>
	<size>
		<width>416</width>
		<height>416</height>
		<depth>3</depth>
	</size>
	<segmented>0</segmented>
	<object>
		<name>auto</name>
		<pose>Unspecified</pose>
		<truncated>0</truncated>
		<difficult>0</difficult>
		<occluded>0</occluded>
		<bndbox>
			<xmin>99</xmin>
			<xmax>356</xmax>
			<ymin>82</ymin>
			<ymax>351</ymax>
		</bndbox>
	</object>
</annotation>
