<annotation>
	<folder></folder>
	<filename>frame_1789_jpg.rf.c6b0955e1b891a2ef619242636ddac8d.jpg</filename>
	<path>frame_1789_jpg.rf.c6b0955e1b891a2ef619242636ddac8d.jpg</path>
	<source>
		<database>roboflow.ai</database>
	</source>
	<size>
		<width>416</width>
		<height>416</height>
		<depth>3</depth>
	</size>
	<segmented>0</segmented>
	<object>
		<name>auto</name>
		<pose>Unspecified</pose>
		<truncated>0</truncated>
		<difficult>0</difficult>
		<occluded>0</occluded>
		<bndbox>
			<xmin>287</xmin>
			<xmax>389</xmax>
			<ymin>157</ymin>
			<ymax>313</ymax>
		</bndbox>
	</object>
	<object>
		<name>riksha</name>
		<pose>Unspecified</pose>
		<truncated>0</truncated>
		<difficult>0</difficult>
		<occluded>0</occluded>
		<bndbox>
			<xmin>106</xmin>
			<xmax>245</xmax>
			<ymin>171</ymin>
			<ymax>306</ymax>
		</bndbox>
	</object>
</annotation>
