<annotation>
	<folder></folder>
	<filename>frame_1797_jpg.rf.167737a83c454dd406f65fe98db7f391.jpg</filename>
	<path>frame_1797_jpg.rf.167737a83c454dd406f65fe98db7f391.jpg</path>
	<source>
		<database>roboflow.ai</database>
	</source>
	<size>
		<width>416</width>
		<height>416</height>
		<depth>3</depth>
	</size>
	<segmented>0</segmented>
	<object>
		<name>auto</name>
		<pose>Unspecified</pose>
		<truncated>0</truncated>
		<difficult>0</difficult>
		<occluded>0</occluded>
		<bndbox>
			<xmin>44</xmin>
			<xmax>402</xmax>
			<ymin>54</ymin>
			<ymax>415</ymax>
		</bndbox>
	</object>
</annotation>
