<annotation>
	<folder></folder>
	<filename>frame_1451_jpg.rf.af5c4e1b2826e84543f7f600b638ad0f.jpg</filename>
	<path>frame_1451_jpg.rf.af5c4e1b2826e84543f7f600b638ad0f.jpg</path>
	<source>
		<database>roboflow.ai</database>
	</source>
	<size>
		<width>416</width>
		<height>416</height>
		<depth>3</depth>
	</size>
	<segmented>0</segmented>
	<object>
		<name>auto</name>
		<pose>Unspecified</pose>
		<truncated>0</truncated>
		<difficult>0</difficult>
		<occluded>0</occluded>
		<bndbox>
			<xmin>253</xmin>
			<xmax>407</xmax>
			<ymin>133</ymin>
			<ymax>316</ymax>
		</bndbox>
	</object>
	<object>
		<name>auto</name>
		<pose>Unspecified</pose>
		<truncated>0</truncated>
		<difficult>0</difficult>
		<occluded>0</occluded>
		<bndbox>
			<xmin>205</xmin>
			<xmax>289</xmax>
			<ymin>111</ymin>
			<ymax>261</ymax>
		</bndbox>
	</object>
	<object>
		<name>bus</name>
		<pose>Unspecified</pose>
		<truncated>0</truncated>
		<difficult>0</difficult>
		<occluded>0</occluded>
		<bndbox>
			<xmin>351</xmin>
			<xmax>404</xmax>
			<ymin>99</ymin>
			<ymax>149</ymax>
		</bndbox>
	</object>
</annotation>
