<annotation>
	<folder></folder>
	<filename>frame_1825_jpg.rf.96c8d63eb30aaf9288ccd57d29a5a829.jpg</filename>
	<path>frame_1825_jpg.rf.96c8d63eb30aaf9288ccd57d29a5a829.jpg</path>
	<source>
		<database>roboflow.ai</database>
	</source>
	<size>
		<width>416</width>
		<height>416</height>
		<depth>3</depth>
	</size>
	<segmented>0</segmented>
	<object>
		<name>auto</name>
		<pose>Unspecified</pose>
		<truncated>0</truncated>
		<difficult>0</difficult>
		<occluded>0</occluded>
		<bndbox>
			<xmin>100</xmin>
			<xmax>221</xmax>
			<ymin>247</ymin>
			<ymax>346</ymax>
		</bndbox>
	</object>
</annotation>
