<annotation>
	<folder></folder>
	<filename>frame_1455_jpg.rf.db35e8f7b3b1873b0fcae23891cccb1a.jpg</filename>
	<path>frame_1455_jpg.rf.db35e8f7b3b1873b0fcae23891cccb1a.jpg</path>
	<source>
		<database>roboflow.ai</database>
	</source>
	<size>
		<width>416</width>
		<height>416</height>
		<depth>3</depth>
	</size>
	<segmented>0</segmented>
	<object>
		<name>auto</name>
		<pose>Unspecified</pose>
		<truncated>0</truncated>
		<difficult>0</difficult>
		<occluded>0</occluded>
		<bndbox>
			<xmin>263</xmin>
			<xmax>415</xmax>
			<ymin>102</ymin>
			<ymax>272</ymax>
		</bndbox>
	</object>
	<object>
		<name>auto</name>
		<pose>Unspecified</pose>
		<truncated>0</truncated>
		<difficult>0</difficult>
		<occluded>0</occluded>
		<bndbox>
			<xmin>139</xmin>
			<xmax>268</xmax>
			<ymin>124</ymin>
			<ymax>282</ymax>
		</bndbox>
	</object>
	<object>
		<name>auto</name>
		<pose>Unspecified</pose>
		<truncated>0</truncated>
		<difficult>0</difficult>
		<occluded>0</occluded>
		<bndbox>
			<xmin>32</xmin>
			<xmax>151</xmax>
			<ymin>99</ymin>
			<ymax>289</ymax>
		</bndbox>
	</object>
</annotation>
