<annotation>
	<folder></folder>
	<filename>frame_1805_jpg.rf.28558f82568d9e982bb1b7dca4509f14.jpg</filename>
	<path>frame_1805_jpg.rf.28558f82568d9e982bb1b7dca4509f14.jpg</path>
	<source>
		<database>roboflow.ai</database>
	</source>
	<size>
		<width>416</width>
		<height>416</height>
		<depth>3</depth>
	</size>
	<segmented>0</segmented>
	<object>
		<name>auto</name>
		<pose>Unspecified</pose>
		<truncated>0</truncated>
		<difficult>0</difficult>
		<occluded>0</occluded>
		<bndbox>
			<xmin>225</xmin>
			<xmax>416</xmax>
			<ymin>71</ymin>
			<ymax>415</ymax>
		</bndbox>
	</object>
	<object>
		<name>auto</name>
		<pose>Unspecified</pose>
		<truncated>0</truncated>
		<difficult>0</difficult>
		<occluded>0</occluded>
		<bndbox>
			<xmin>0</xmin>
			<xmax>165</xmax>
			<ymin>14</ymin>
			<ymax>391</ymax>
		</bndbox>
	</object>
</annotation>
