<annotation>
	<folder></folder>
	<filename>frame_1828_jpg.rf.cc8feac69516e665d4368de707f3e9d5.jpg</filename>
	<path>frame_1828_jpg.rf.cc8feac69516e665d4368de707f3e9d5.jpg</path>
	<source>
		<database>roboflow.ai</database>
	</source>
	<size>
		<width>416</width>
		<height>416</height>
		<depth>3</depth>
	</size>
	<segmented>0</segmented>
	<object>
		<name>auto</name>
		<pose>Unspecified</pose>
		<truncated>0</truncated>
		<difficult>0</difficult>
		<occluded>0</occluded>
		<bndbox>
			<xmin>118</xmin>
			<xmax>243</xmax>
			<ymin>172</ymin>
			<ymax>335</ymax>
		</bndbox>
	</object>
</annotation>
