<annotation>
	<folder></folder>
	<filename>frame_1476_jpg.rf.b8c7c296e2ba8746fbba67f4fe624ecb.jpg</filename>
	<path>frame_1476_jpg.rf.b8c7c296e2ba8746fbba67f4fe624ecb.jpg</path>
	<source>
		<database>roboflow.ai</database>
	</source>
	<size>
		<width>416</width>
		<height>416</height>
		<depth>3</depth>
	</size>
	<segmented>0</segmented>
	<object>
		<name>auto</name>
		<pose>Unspecified</pose>
		<truncated>0</truncated>
		<difficult>0</difficult>
		<occluded>0</occluded>
		<bndbox>
			<xmin>0</xmin>
			<xmax>114</xmax>
			<ymin>79</ymin>
			<ymax>353</ymax>
		</bndbox>
	</object>
	<object>
		<name>auto</name>
		<pose>Unspecified</pose>
		<truncated>0</truncated>
		<difficult>0</difficult>
		<occluded>0</occluded>
		<bndbox>
			<xmin>178</xmin>
			<xmax>258</xmax>
			<ymin>117</ymin>
			<ymax>303</ymax>
		</bndbox>
	</object>
	<object>
		<name>riksha</name>
		<pose>Unspecified</pose>
		<truncated>0</truncated>
		<difficult>0</difficult>
		<occluded>0</occluded>
		<bndbox>
			<xmin>259</xmin>
			<xmax>315</xmax>
			<ymin>184</ymin>
			<ymax>301</ymax>
		</bndbox>
	</object>
</annotation>
