<annotation>
	<folder></folder>
	<filename>frame_1467_jpg.rf.063e239e07b33744ddb54f304d22d342.jpg</filename>
	<path>frame_1467_jpg.rf.063e239e07b33744ddb54f304d22d342.jpg</path>
	<source>
		<database>roboflow.ai</database>
	</source>
	<size>
		<width>416</width>
		<height>416</height>
		<depth>3</depth>
	</size>
	<segmented>0</segmented>
	<object>
		<name>auto</name>
		<pose>Unspecified</pose>
		<truncated>0</truncated>
		<difficult>0</difficult>
		<occluded>0</occluded>
		<bndbox>
			<xmin>327</xmin>
			<xmax>364</xmax>
			<ymin>63</ymin>
			<ymax>162</ymax>
		</bndbox>
	</object>
	<object>
		<name>auto</name>
		<pose>Unspecified</pose>
		<truncated>0</truncated>
		<difficult>0</difficult>
		<occluded>0</occluded>
		<bndbox>
			<xmin>249</xmin>
			<xmax>337</xmax>
			<ymin>69</ymin>
			<ymax>229</ymax>
		</bndbox>
	</object>
	<object>
		<name>auto</name>
		<pose>Unspecified</pose>
		<truncated>0</truncated>
		<difficult>0</difficult>
		<occluded>0</occluded>
		<bndbox>
			<xmin>0</xmin>
			<xmax>283</xmax>
			<ymin>83</ymin>
			<ymax>415</ymax>
		</bndbox>
	</object>
</annotation>
