<annotation>
	<folder></folder>
	<filename>frame_1764_jpg.rf.5538322821039b8613d03a0c93537521.jpg</filename>
	<path>frame_1764_jpg.rf.5538322821039b8613d03a0c93537521.jpg</path>
	<source>
		<database>roboflow.ai</database>
	</source>
	<size>
		<width>416</width>
		<height>416</height>
		<depth>3</depth>
	</size>
	<segmented>0</segmented>
	<object>
		<name>motorbike</name>
		<pose>Unspecified</pose>
		<truncated>0</truncated>
		<difficult>0</difficult>
		<occluded>0</occluded>
		<bndbox>
			<xmin>188</xmin>
			<xmax>368</xmax>
			<ymin>182</ymin>
			<ymax>409</ymax>
		</bndbox>
	</object>
	<object>
		<name>auto</name>
		<pose>Unspecified</pose>
		<truncated>0</truncated>
		<difficult>0</difficult>
		<occluded>0</occluded>
		<bndbox>
			<xmin>194</xmin>
			<xmax>358</xmax>
			<ymin>12</ymin>
			<ymax>287</ymax>
		</bndbox>
	</object>
</annotation>
