<annotation>
	<folder></folder>
	<filename>frame_1828_jpg.rf.1ce163c6a8141707993dfccdd3cd0de1.jpg</filename>
	<path>frame_1828_jpg.rf.1ce163c6a8141707993dfccdd3cd0de1.jpg</path>
	<source>
		<database>roboflow.ai</database>
	</source>
	<size>
		<width>416</width>
		<height>416</height>
		<depth>3</depth>
	</size>
	<segmented>0</segmented>
	<object>
		<name>auto</name>
		<pose>Unspecified</pose>
		<truncated>0</truncated>
		<difficult>0</difficult>
		<occluded>0</occluded>
		<bndbox>
			<xmin>158</xmin>
			<xmax>271</xmax>
			<ymin>171</ymin>
			<ymax>344</ymax>
		</bndbox>
	</object>
</annotation>
