<annotation>
	<folder></folder>
	<filename>frame_1819_jpg.rf.91d79069f02b5acfabf61793f1efaf3d.jpg</filename>
	<path>frame_1819_jpg.rf.91d79069f02b5acfabf61793f1efaf3d.jpg</path>
	<source>
		<database>roboflow.ai</database>
	</source>
	<size>
		<width>416</width>
		<height>416</height>
		<depth>3</depth>
	</size>
	<segmented>0</segmented>
	<object>
		<name>auto</name>
		<pose>Unspecified</pose>
		<truncated>0</truncated>
		<difficult>0</difficult>
		<occluded>0</occluded>
		<bndbox>
			<xmin>4</xmin>
			<xmax>287</xmax>
			<ymin>132</ymin>
			<ymax>372</ymax>
		</bndbox>
	</object>
</annotation>
