<annotation>
	<folder></folder>
	<filename>frame_1786_jpg.rf.e0bce2d594198e7ee0f59c58dfe2dd9c.jpg</filename>
	<path>frame_1786_jpg.rf.e0bce2d594198e7ee0f59c58dfe2dd9c.jpg</path>
	<source>
		<database>roboflow.ai</database>
	</source>
	<size>
		<width>416</width>
		<height>416</height>
		<depth>3</depth>
	</size>
	<segmented>0</segmented>
	<object>
		<name>auto</name>
		<pose>Unspecified</pose>
		<truncated>0</truncated>
		<difficult>0</difficult>
		<occluded>0</occluded>
		<bndbox>
			<xmin>94</xmin>
			<xmax>382</xmax>
			<ymin>38</ymin>
			<ymax>394</ymax>
		</bndbox>
	</object>
</annotation>
