<annotation>
	<folder></folder>
	<filename>frame_1476_jpg.rf.bd17f78ed7db4a7b2d0b3a1e476802c6.jpg</filename>
	<path>frame_1476_jpg.rf.bd17f78ed7db4a7b2d0b3a1e476802c6.jpg</path>
	<source>
		<database>roboflow.ai</database>
	</source>
	<size>
		<width>416</width>
		<height>416</height>
		<depth>3</depth>
	</size>
	<segmented>0</segmented>
	<object>
		<name>auto</name>
		<pose>Unspecified</pose>
		<truncated>0</truncated>
		<difficult>0</difficult>
		<occluded>0</occluded>
		<bndbox>
			<xmin>301</xmin>
			<xmax>415</xmax>
			<ymin>51</ymin>
			<ymax>344</ymax>
		</bndbox>
	</object>
	<object>
		<name>auto</name>
		<pose>Unspecified</pose>
		<truncated>0</truncated>
		<difficult>0</difficult>
		<occluded>0</occluded>
		<bndbox>
			<xmin>154</xmin>
			<xmax>242</xmax>
			<ymin>112</ymin>
			<ymax>310</ymax>
		</bndbox>
	</object>
	<object>
		<name>riksha</name>
		<pose>Unspecified</pose>
		<truncated>0</truncated>
		<difficult>0</difficult>
		<occluded>0</occluded>
		<bndbox>
			<xmin>103</xmin>
			<xmax>164</xmax>
			<ymin>187</ymin>
			<ymax>313</ymax>
		</bndbox>
	</object>
</annotation>
