<annotation>
	<folder></folder>
	<filename>frame_1469_jpg.rf.ca24a05f478127650aa6359c1ce7f277.jpg</filename>
	<path>frame_1469_jpg.rf.ca24a05f478127650aa6359c1ce7f277.jpg</path>
	<source>
		<database>roboflow.ai</database>
	</source>
	<size>
		<width>416</width>
		<height>416</height>
		<depth>3</depth>
	</size>
	<segmented>0</segmented>
	<object>
		<name>auto</name>
		<pose>Unspecified</pose>
		<truncated>0</truncated>
		<difficult>0</difficult>
		<occluded>0</occluded>
		<bndbox>
			<xmin>0</xmin>
			<xmax>279</xmax>
			<ymin>7</ymin>
			<ymax>415</ymax>
		</bndbox>
	</object>
	<object>
		<name>auto</name>
		<pose>Unspecified</pose>
		<truncated>0</truncated>
		<difficult>0</difficult>
		<occluded>0</occluded>
		<bndbox>
			<xmin>255</xmin>
			<xmax>412</xmax>
			<ymin>70</ymin>
			<ymax>316</ymax>
		</bndbox>
	</object>
</annotation>
