<annotation>
	<folder></folder>
	<filename>frame_1452_jpg.rf.4e1fc4abf4c0caf4dff77a67f99046c1.jpg</filename>
	<path>frame_1452_jpg.rf.4e1fc4abf4c0caf4dff77a67f99046c1.jpg</path>
	<source>
		<database>roboflow.ai</database>
	</source>
	<size>
		<width>416</width>
		<height>416</height>
		<depth>3</depth>
	</size>
	<segmented>0</segmented>
	<object>
		<name>auto</name>
		<pose>Unspecified</pose>
		<truncated>0</truncated>
		<difficult>0</difficult>
		<occluded>0</occluded>
		<bndbox>
			<xmin>121</xmin>
			<xmax>368</xmax>
			<ymin>110</ymin>
			<ymax>415</ymax>
		</bndbox>
	</object>
	<object>
		<name>auto</name>
		<pose>Unspecified</pose>
		<truncated>0</truncated>
		<difficult>0</difficult>
		<occluded>0</occluded>
		<bndbox>
			<xmin>306</xmin>
			<xmax>415</xmax>
			<ymin>180</ymin>
			<ymax>387</ymax>
		</bndbox>
	</object>
</annotation>
