<annotation>
	<folder></folder>
	<filename>frame_1777_jpg.rf.dc542031ad49367919d95f8057970dcb.jpg</filename>
	<path>frame_1777_jpg.rf.dc542031ad49367919d95f8057970dcb.jpg</path>
	<source>
		<database>roboflow.ai</database>
	</source>
	<size>
		<width>416</width>
		<height>416</height>
		<depth>3</depth>
	</size>
	<segmented>0</segmented>
	<object>
		<name>auto</name>
		<pose>Unspecified</pose>
		<truncated>0</truncated>
		<difficult>0</difficult>
		<occluded>0</occluded>
		<bndbox>
			<xmin>11</xmin>
			<xmax>181</xmax>
			<ymin>132</ymin>
			<ymax>342</ymax>
		</bndbox>
	</object>
	<object>
		<name>bicycle</name>
		<pose>Unspecified</pose>
		<truncated>0</truncated>
		<difficult>0</difficult>
		<occluded>0</occluded>
		<bndbox>
			<xmin>146</xmin>
			<xmax>415</xmax>
			<ymin>80</ymin>
			<ymax>415</ymax>
		</bndbox>
	</object>
</annotation>
