<annotation>
	<folder></folder>
	<filename>frame_1779_jpg.rf.c57ae795b31ab8d503c06e1952d3b3c5.jpg</filename>
	<path>frame_1779_jpg.rf.c57ae795b31ab8d503c06e1952d3b3c5.jpg</path>
	<source>
		<database>roboflow.ai</database>
	</source>
	<size>
		<width>416</width>
		<height>416</height>
		<depth>3</depth>
	</size>
	<segmented>0</segmented>
	<object>
		<name>auto</name>
		<pose>Unspecified</pose>
		<truncated>0</truncated>
		<difficult>0</difficult>
		<occluded>0</occluded>
		<bndbox>
			<xmin>0</xmin>
			<xmax>252</xmax>
			<ymin>38</ymin>
			<ymax>415</ymax>
		</bndbox>
	</object>
	<object>
		<name>riksha</name>
		<pose>Unspecified</pose>
		<truncated>0</truncated>
		<difficult>0</difficult>
		<occluded>0</occluded>
		<bndbox>
			<xmin>177</xmin>
			<xmax>393</xmax>
			<ymin>53</ymin>
			<ymax>386</ymax>
		</bndbox>
	</object>
</annotation>
