<annotation>
	<folder></folder>
	<filename>frame_1447_jpg.rf.fd1f6aef761edf88b9bf2df3d9c9abff.jpg</filename>
	<path>frame_1447_jpg.rf.fd1f6aef761edf88b9bf2df3d9c9abff.jpg</path>
	<source>
		<database>roboflow.ai</database>
	</source>
	<size>
		<width>416</width>
		<height>416</height>
		<depth>3</depth>
	</size>
	<segmented>0</segmented>
	<object>
		<name>auto</name>
		<pose>Unspecified</pose>
		<truncated>0</truncated>
		<difficult>0</difficult>
		<occluded>0</occluded>
		<bndbox>
			<xmin>103</xmin>
			<xmax>313</xmax>
			<ymin>58</ymin>
			<ymax>415</ymax>
		</bndbox>
	</object>
	<object>
		<name>auto</name>
		<pose>Unspecified</pose>
		<truncated>0</truncated>
		<difficult>0</difficult>
		<occluded>0</occluded>
		<bndbox>
			<xmin>63</xmin>
			<xmax>130</xmax>
			<ymin>114</ymin>
			<ymax>236</ymax>
		</bndbox>
	</object>
</annotation>
