<annotation>
	<folder></folder>
	<filename>frame_1471_jpg.rf.cd8491902d89141cb96d3b3baf200eb3.jpg</filename>
	<path>frame_1471_jpg.rf.cd8491902d89141cb96d3b3baf200eb3.jpg</path>
	<source>
		<database>roboflow.ai</database>
	</source>
	<size>
		<width>416</width>
		<height>416</height>
		<depth>3</depth>
	</size>
	<segmented>0</segmented>
	<object>
		<name>auto</name>
		<pose>Unspecified</pose>
		<truncated>0</truncated>
		<difficult>0</difficult>
		<occluded>0</occluded>
		<bndbox>
			<xmin>246</xmin>
			<xmax>390</xmax>
			<ymin>159</ymin>
			<ymax>344</ymax>
		</bndbox>
	</object>
	<object>
		<name>auto</name>
		<pose>Unspecified</pose>
		<truncated>0</truncated>
		<difficult>0</difficult>
		<occluded>0</occluded>
		<bndbox>
			<xmin>182</xmin>
			<xmax>248</xmax>
			<ymin>145</ymin>
			<ymax>277</ymax>
		</bndbox>
	</object>
	<object>
		<name>auto</name>
		<pose>Unspecified</pose>
		<truncated>0</truncated>
		<difficult>0</difficult>
		<occluded>0</occluded>
		<bndbox>
			<xmin>81</xmin>
			<xmax>206</xmax>
			<ymin>108</ymin>
			<ymax>340</ymax>
		</bndbox>
	</object>
</annotation>
