<annotation>
	<folder></folder>
	<filename>frame_1803_jpg.rf.7e22718f033ccecd8608a330e52f7a95.jpg</filename>
	<path>frame_1803_jpg.rf.7e22718f033ccecd8608a330e52f7a95.jpg</path>
	<source>
		<database>roboflow.ai</database>
	</source>
	<size>
		<width>416</width>
		<height>416</height>
		<depth>3</depth>
	</size>
	<segmented>0</segmented>
	<object>
		<name>auto</name>
		<pose>Unspecified</pose>
		<truncated>0</truncated>
		<difficult>0</difficult>
		<occluded>0</occluded>
		<bndbox>
			<xmin>45</xmin>
			<xmax>379</xmax>
			<ymin>38</ymin>
			<ymax>406</ymax>
		</bndbox>
	</object>
</annotation>
