<annotation>
	<folder></folder>
	<filename>frame_1822_jpg.rf.d28a1fbe24e76b29f240cc4315546d79.jpg</filename>
	<path>frame_1822_jpg.rf.d28a1fbe24e76b29f240cc4315546d79.jpg</path>
	<source>
		<database>roboflow.ai</database>
	</source>
	<size>
		<width>416</width>
		<height>416</height>
		<depth>3</depth>
	</size>
	<segmented>0</segmented>
	<object>
		<name>auto</name>
		<pose>Unspecified</pose>
		<truncated>0</truncated>
		<difficult>0</difficult>
		<occluded>0</occluded>
		<bndbox>
			<xmin>51</xmin>
			<xmax>189</xmax>
			<ymin>254</ymin>
			<ymax>398</ymax>
		</bndbox>
	</object>
	<object>
		<name>auto</name>
		<pose>Unspecified</pose>
		<truncated>0</truncated>
		<difficult>0</difficult>
		<occluded>0</occluded>
		<bndbox>
			<xmin>195</xmin>
			<xmax>303</xmax>
			<ymin>243</ymin>
			<ymax>379</ymax>
		</bndbox>
	</object>
	<object>
		<name>auto</name>
		<pose>Unspecified</pose>
		<truncated>0</truncated>
		<difficult>0</difficult>
		<occluded>0</occluded>
		<bndbox>
			<xmin>300</xmin>
			<xmax>378</xmax>
			<ymin>250</ymin>
			<ymax>363</ymax>
		</bndbox>
	</object>
</annotation>
