<annotation>
	<folder></folder>
	<filename>frame_1765_jpg.rf.e8fa126dda88a7d411829df56d461108.jpg</filename>
	<path>frame_1765_jpg.rf.e8fa126dda88a7d411829df56d461108.jpg</path>
	<source>
		<database>roboflow.ai</database>
	</source>
	<size>
		<width>416</width>
		<height>416</height>
		<depth>3</depth>
	</size>
	<segmented>0</segmented>
	<object>
		<name>auto</name>
		<pose>Unspecified</pose>
		<truncated>0</truncated>
		<difficult>0</difficult>
		<occluded>0</occluded>
		<bndbox>
			<xmin>61</xmin>
			<xmax>327</xmax>
			<ymin>113</ymin>
			<ymax>415</ymax>
		</bndbox>
	</object>
</annotation>
