<annotation>
	<folder></folder>
	<filename>frame_1786_jpg.rf.e1f1cdbcefa64174f199acba9fa4b0c6.jpg</filename>
	<path>frame_1786_jpg.rf.e1f1cdbcefa64174f199acba9fa4b0c6.jpg</path>
	<source>
		<database>roboflow.ai</database>
	</source>
	<size>
		<width>416</width>
		<height>416</height>
		<depth>3</depth>
	</size>
	<segmented>0</segmented>
	<object>
		<name>auto</name>
		<pose>Unspecified</pose>
		<truncated>0</truncated>
		<difficult>0</difficult>
		<occluded>0</occluded>
		<bndbox>
			<xmin>0</xmin>
			<xmax>357</xmax>
			<ymin>21</ymin>
			<ymax>403</ymax>
		</bndbox>
	</object>
</annotation>
