<annotation>
	<folder></folder>
	<filename>frame_1796_jpg.rf.35f477b362b02c0273d9d085609988c8.jpg</filename>
	<path>frame_1796_jpg.rf.35f477b362b02c0273d9d085609988c8.jpg</path>
	<source>
		<database>roboflow.ai</database>
	</source>
	<size>
		<width>416</width>
		<height>416</height>
		<depth>3</depth>
	</size>
	<segmented>0</segmented>
	<object>
		<name>auto</name>
		<pose>Unspecified</pose>
		<truncated>0</truncated>
		<difficult>0</difficult>
		<occluded>0</occluded>
		<bndbox>
			<xmin>17</xmin>
			<xmax>216</xmax>
			<ymin>142</ymin>
			<ymax>323</ymax>
		</bndbox>
	</object>
	<object>
		<name>auto</name>
		<pose>Unspecified</pose>
		<truncated>0</truncated>
		<difficult>0</difficult>
		<occluded>0</occluded>
		<bndbox>
			<xmin>202</xmin>
			<xmax>366</xmax>
			<ymin>148</ymin>
			<ymax>316</ymax>
		</bndbox>
	</object>
</annotation>
