<annotation>
	<folder></folder>
	<filename>frame_1805_jpg.rf.2d3ebec0568ebfc58e4abc5c7bb29088.jpg</filename>
	<path>frame_1805_jpg.rf.2d3ebec0568ebfc58e4abc5c7bb29088.jpg</path>
	<source>
		<database>roboflow.ai</database>
	</source>
	<size>
		<width>416</width>
		<height>416</height>
		<depth>3</depth>
	</size>
	<segmented>0</segmented>
	<object>
		<name>auto</name>
		<pose>Unspecified</pose>
		<truncated>0</truncated>
		<difficult>0</difficult>
		<occluded>0</occluded>
		<bndbox>
			<xmin>0</xmin>
			<xmax>205</xmax>
			<ymin>81</ymin>
			<ymax>415</ymax>
		</bndbox>
	</object>
	<object>
		<name>auto</name>
		<pose>Unspecified</pose>
		<truncated>0</truncated>
		<difficult>0</difficult>
		<occluded>0</occluded>
		<bndbox>
			<xmin>246</xmin>
			<xmax>415</xmax>
			<ymin>26</ymin>
			<ymax>383</ymax>
		</bndbox>
	</object>
</annotation>
