<annotation>
	<folder></folder>
	<filename>frame_1774_jpg.rf.fa099be3ea2d80e55f33d8ce51c316a6.jpg</filename>
	<path>frame_1774_jpg.rf.fa099be3ea2d80e55f33d8ce51c316a6.jpg</path>
	<source>
		<database>roboflow.ai</database>
	</source>
	<size>
		<width>416</width>
		<height>416</height>
		<depth>3</depth>
	</size>
	<segmented>0</segmented>
	<object>
		<name>van</name>
		<pose>Unspecified</pose>
		<truncated>0</truncated>
		<difficult>0</difficult>
		<occluded>0</occluded>
		<bndbox>
			<xmin>0</xmin>
			<xmax>148</xmax>
			<ymin>68</ymin>
			<ymax>382</ymax>
		</bndbox>
	</object>
	<object>
		<name>motorbike</name>
		<pose>Unspecified</pose>
		<truncated>0</truncated>
		<difficult>0</difficult>
		<occluded>0</occluded>
		<bndbox>
			<xmin>104</xmin>
			<xmax>245</xmax>
			<ymin>118</ymin>
			<ymax>415</ymax>
		</bndbox>
	</object>
	<object>
		<name>car</name>
		<pose>Unspecified</pose>
		<truncated>0</truncated>
		<difficult>0</difficult>
		<occluded>0</occluded>
		<bndbox>
			<xmin>207</xmin>
			<xmax>286</xmax>
			<ymin>70</ymin>
			<ymax>219</ymax>
		</bndbox>
	</object>
</annotation>
