<annotation>
	<folder></folder>
	<filename>frame_1822_jpg.rf.2bd364f1b69bb13d0a52e76644068d60.jpg</filename>
	<path>frame_1822_jpg.rf.2bd364f1b69bb13d0a52e76644068d60.jpg</path>
	<source>
		<database>roboflow.ai</database>
	</source>
	<size>
		<width>416</width>
		<height>416</height>
		<depth>3</depth>
	</size>
	<segmented>0</segmented>
	<object>
		<name>auto</name>
		<pose>Unspecified</pose>
		<truncated>0</truncated>
		<difficult>0</difficult>
		<occluded>0</occluded>
		<bndbox>
			<xmin>0</xmin>
			<xmax>179</xmax>
			<ymin>222</ymin>
			<ymax>385</ymax>
		</bndbox>
	</object>
	<object>
		<name>auto</name>
		<pose>Unspecified</pose>
		<truncated>0</truncated>
		<difficult>0</difficult>
		<occluded>0</occluded>
		<bndbox>
			<xmin>128</xmin>
			<xmax>282</xmax>
			<ymin>246</ymin>
			<ymax>395</ymax>
		</bndbox>
	</object>
	<object>
		<name>auto</name>
		<pose>Unspecified</pose>
		<truncated>0</truncated>
		<difficult>0</difficult>
		<occluded>0</occluded>
		<bndbox>
			<xmin>232</xmin>
			<xmax>346</xmax>
			<ymin>278</ymin>
			<ymax>399</ymax>
		</bndbox>
	</object>
</annotation>
