<annotation>
	<folder></folder>
	<filename>frame_1810_jpg.rf.62dc01e9327c56b00bc0bca306f2c8bc.jpg</filename>
	<path>frame_1810_jpg.rf.62dc01e9327c56b00bc0bca306f2c8bc.jpg</path>
	<source>
		<database>roboflow.ai</database>
	</source>
	<size>
		<width>416</width>
		<height>416</height>
		<depth>3</depth>
	</size>
	<segmented>0</segmented>
	<object>
		<name>auto</name>
		<pose>Unspecified</pose>
		<truncated>0</truncated>
		<difficult>0</difficult>
		<occluded>0</occluded>
		<bndbox>
			<xmin>70</xmin>
			<xmax>227</xmax>
			<ymin>149</ymin>
			<ymax>372</ymax>
		</bndbox>
	</object>
</annotation>
