<annotation>
	<folder></folder>
	<filename>frame_1784_jpg.rf.c5fa7ca0263eab60975ba6379a99dde8.jpg</filename>
	<path>frame_1784_jpg.rf.c5fa7ca0263eab60975ba6379a99dde8.jpg</path>
	<source>
		<database>roboflow.ai</database>
	</source>
	<size>
		<width>416</width>
		<height>416</height>
		<depth>3</depth>
	</size>
	<segmented>0</segmented>
	<object>
		<name>auto</name>
		<pose>Unspecified</pose>
		<truncated>0</truncated>
		<difficult>0</difficult>
		<occluded>0</occluded>
		<bndbox>
			<xmin>216</xmin>
			<xmax>407</xmax>
			<ymin>78</ymin>
			<ymax>408</ymax>
		</bndbox>
	</object>
</annotation>
