<annotation>
	<folder></folder>
	<filename>frame_1459_jpg.rf.cab6723146a08e0eee14794ff14c7764.jpg</filename>
	<path>frame_1459_jpg.rf.cab6723146a08e0eee14794ff14c7764.jpg</path>
	<source>
		<database>roboflow.ai</database>
	</source>
	<size>
		<width>416</width>
		<height>416</height>
		<depth>3</depth>
	</size>
	<segmented>0</segmented>
	<object>
		<name>auto</name>
		<pose>Unspecified</pose>
		<truncated>0</truncated>
		<difficult>0</difficult>
		<occluded>0</occluded>
		<bndbox>
			<xmin>81</xmin>
			<xmax>287</xmax>
			<ymin>142</ymin>
			<ymax>394</ymax>
		</bndbox>
	</object>
	<object>
		<name>auto</name>
		<pose>Unspecified</pose>
		<truncated>0</truncated>
		<difficult>0</difficult>
		<occluded>0</occluded>
		<bndbox>
			<xmin>34</xmin>
			<xmax>102</xmax>
			<ymin>182</ymin>
			<ymax>272</ymax>
		</bndbox>
	</object>
</annotation>
