<annotation>
	<folder></folder>
	<filename>frame_1798_jpg.rf.84090de2e08f663f521be0c32a2fc38a.jpg</filename>
	<path>frame_1798_jpg.rf.84090de2e08f663f521be0c32a2fc38a.jpg</path>
	<source>
		<database>roboflow.ai</database>
	</source>
	<size>
		<width>416</width>
		<height>416</height>
		<depth>3</depth>
	</size>
	<segmented>0</segmented>
	<object>
		<name>auto</name>
		<pose>Unspecified</pose>
		<truncated>0</truncated>
		<difficult>0</difficult>
		<occluded>0</occluded>
		<bndbox>
			<xmin>53</xmin>
			<xmax>315</xmax>
			<ymin>125</ymin>
			<ymax>334</ymax>
		</bndbox>
	</object>
	<object>
		<name>truck</name>
		<pose>Unspecified</pose>
		<truncated>0</truncated>
		<difficult>0</difficult>
		<occluded>0</occluded>
		<bndbox>
			<xmin>346</xmin>
			<xmax>411</xmax>
			<ymin>59</ymin>
			<ymax>195</ymax>
		</bndbox>
	</object>
</annotation>
