<annotation>
	<folder></folder>
	<filename>frame_1793_jpg.rf.cc5ee5f5c32cfa3d82cf95a132971943.jpg</filename>
	<path>frame_1793_jpg.rf.cc5ee5f5c32cfa3d82cf95a132971943.jpg</path>
	<source>
		<database>roboflow.ai</database>
	</source>
	<size>
		<width>416</width>
		<height>416</height>
		<depth>3</depth>
	</size>
	<segmented>0</segmented>
	<object>
		<name>auto</name>
		<pose>Unspecified</pose>
		<truncated>0</truncated>
		<difficult>0</difficult>
		<occluded>0</occluded>
		<bndbox>
			<xmin>267</xmin>
			<xmax>403</xmax>
			<ymin>51</ymin>
			<ymax>352</ymax>
		</bndbox>
	</object>
	<object>
		<name>auto</name>
		<pose>Unspecified</pose>
		<truncated>0</truncated>
		<difficult>0</difficult>
		<occluded>0</occluded>
		<bndbox>
			<xmin>140</xmin>
			<xmax>247</xmax>
			<ymin>59</ymin>
			<ymax>289</ymax>
		</bndbox>
	</object>
	<object>
		<name>auto</name>
		<pose>Unspecified</pose>
		<truncated>0</truncated>
		<difficult>0</difficult>
		<occluded>0</occluded>
		<bndbox>
			<xmin>87</xmin>
			<xmax>151</xmax>
			<ymin>69</ymin>
			<ymax>252</ymax>
		</bndbox>
	</object>
</annotation>
