<annotation>
	<folder></folder>
	<filename>frame_1797_jpg.rf.ff176ae8cd44174dc27bc48e5a85ea2c.jpg</filename>
	<path>frame_1797_jpg.rf.ff176ae8cd44174dc27bc48e5a85ea2c.jpg</path>
	<source>
		<database>roboflow.ai</database>
	</source>
	<size>
		<width>416</width>
		<height>416</height>
		<depth>3</depth>
	</size>
	<segmented>0</segmented>
	<object>
		<name>auto</name>
		<pose>Unspecified</pose>
		<truncated>0</truncated>
		<difficult>0</difficult>
		<occluded>0</occluded>
		<bndbox>
			<xmin>31</xmin>
			<xmax>363</xmax>
			<ymin>76</ymin>
			<ymax>413</ymax>
		</bndbox>
	</object>
</annotation>
