<annotation>
	<folder></folder>
	<filename>frame_1813_jpg.rf.65435d603372fce6f9f0d27dc58025a6.jpg</filename>
	<path>frame_1813_jpg.rf.65435d603372fce6f9f0d27dc58025a6.jpg</path>
	<source>
		<database>roboflow.ai</database>
	</source>
	<size>
		<width>416</width>
		<height>416</height>
		<depth>3</depth>
	</size>
	<segmented>0</segmented>
	<object>
		<name>auto</name>
		<pose>Unspecified</pose>
		<truncated>0</truncated>
		<difficult>0</difficult>
		<occluded>0</occluded>
		<bndbox>
			<xmin>92</xmin>
			<xmax>288</xmax>
			<ymin>207</ymin>
			<ymax>415</ymax>
		</bndbox>
	</object>
</annotation>
