<annotation>
	<folder></folder>
	<filename>frame_1780_jpg.rf.9b05c55d3988485bac7c52ca64965a0e.jpg</filename>
	<path>frame_1780_jpg.rf.9b05c55d3988485bac7c52ca64965a0e.jpg</path>
	<source>
		<database>roboflow.ai</database>
	</source>
	<size>
		<width>416</width>
		<height>416</height>
		<depth>3</depth>
	</size>
	<segmented>0</segmented>
	<object>
		<name>auto</name>
		<pose>Unspecified</pose>
		<truncated>0</truncated>
		<difficult>0</difficult>
		<occluded>0</occluded>
		<bndbox>
			<xmin>53</xmin>
			<xmax>329</xmax>
			<ymin>64</ymin>
			<ymax>362</ymax>
		</bndbox>
	</object>
</annotation>
