<annotation>
	<folder></folder>
	<filename>frame_1762_jpg.rf.b458132c7806c47c04d3290152948db6.jpg</filename>
	<path>frame_1762_jpg.rf.b458132c7806c47c04d3290152948db6.jpg</path>
	<source>
		<database>roboflow.ai</database>
	</source>
	<size>
		<width>416</width>
		<height>416</height>
		<depth>3</depth>
	</size>
	<segmented>0</segmented>
	<object>
		<name>auto</name>
		<pose>Unspecified</pose>
		<truncated>0</truncated>
		<difficult>0</difficult>
		<occluded>0</occluded>
		<bndbox>
			<xmin>20</xmin>
			<xmax>194</xmax>
			<ymin>58</ymin>
			<ymax>375</ymax>
		</bndbox>
	</object>
	<object>
		<name>auto</name>
		<pose>Unspecified</pose>
		<truncated>0</truncated>
		<difficult>0</difficult>
		<occluded>0</occluded>
		<bndbox>
			<xmin>141</xmin>
			<xmax>281</xmax>
			<ymin>88</ymin>
			<ymax>377</ymax>
		</bndbox>
	</object>
	<object>
		<name>motorbike</name>
		<pose>Unspecified</pose>
		<truncated>0</truncated>
		<difficult>0</difficult>
		<occluded>0</occluded>
		<bndbox>
			<xmin>0</xmin>
			<xmax>50</xmax>
			<ymin>173</ymin>
			<ymax>348</ymax>
		</bndbox>
	</object>
</annotation>
