<annotation>
	<folder></folder>
	<filename>frame_1791_jpg.rf.5886ebd5199d6af996c360806b7709e6.jpg</filename>
	<path>frame_1791_jpg.rf.5886ebd5199d6af996c360806b7709e6.jpg</path>
	<source>
		<database>roboflow.ai</database>
	</source>
	<size>
		<width>416</width>
		<height>416</height>
		<depth>3</depth>
	</size>
	<segmented>0</segmented>
	<object>
		<name>auto</name>
		<pose>Unspecified</pose>
		<truncated>0</truncated>
		<difficult>0</difficult>
		<occluded>0</occluded>
		<bndbox>
			<xmin>37</xmin>
			<xmax>265</xmax>
			<ymin>107</ymin>
			<ymax>395</ymax>
		</bndbox>
	</object>
	<object>
		<name>motorbike</name>
		<pose>Unspecified</pose>
		<truncated>0</truncated>
		<difficult>0</difficult>
		<occluded>0</occluded>
		<bndbox>
			<xmin>302</xmin>
			<xmax>415</xmax>
			<ymin>117</ymin>
			<ymax>356</ymax>
		</bndbox>
	</object>
</annotation>
