<annotation>
	<folder></folder>
	<filename>frame_1451_jpg.rf.3e39cd6e51bf1fddd2ceff6b8de2b382.jpg</filename>
	<path>frame_1451_jpg.rf.3e39cd6e51bf1fddd2ceff6b8de2b382.jpg</path>
	<source>
		<database>roboflow.ai</database>
	</source>
	<size>
		<width>416</width>
		<height>416</height>
		<depth>3</depth>
	</size>
	<segmented>0</segmented>
	<object>
		<name>auto</name>
		<pose>Unspecified</pose>
		<truncated>0</truncated>
		<difficult>0</difficult>
		<occluded>0</occluded>
		<bndbox>
			<xmin>256</xmin>
			<xmax>401</xmax>
			<ymin>136</ymin>
			<ymax>345</ymax>
		</bndbox>
	</object>
	<object>
		<name>auto</name>
		<pose>Unspecified</pose>
		<truncated>0</truncated>
		<difficult>0</difficult>
		<occluded>0</occluded>
		<bndbox>
			<xmin>208</xmin>
			<xmax>286</xmax>
			<ymin>105</ymin>
			<ymax>278</ymax>
		</bndbox>
	</object>
	<object>
		<name>bus</name>
		<pose>Unspecified</pose>
		<truncated>0</truncated>
		<difficult>0</difficult>
		<occluded>0</occluded>
		<bndbox>
			<xmin>354</xmin>
			<xmax>406</xmax>
			<ymin>121</ymin>
			<ymax>178</ymax>
		</bndbox>
	</object>
</annotation>
