<annotation>
	<folder></folder>
	<filename>frame_1792_jpg.rf.1e4b20447d0eb77b20d62ae1ff0b1460.jpg</filename>
	<path>frame_1792_jpg.rf.1e4b20447d0eb77b20d62ae1ff0b1460.jpg</path>
	<source>
		<database>roboflow.ai</database>
	</source>
	<size>
		<width>416</width>
		<height>416</height>
		<depth>3</depth>
	</size>
	<segmented>0</segmented>
	<object>
		<name>bus</name>
		<pose>Unspecified</pose>
		<truncated>0</truncated>
		<difficult>0</difficult>
		<occluded>0</occluded>
		<bndbox>
			<xmin>165</xmin>
			<xmax>401</xmax>
			<ymin>45</ymin>
			<ymax>183</ymax>
		</bndbox>
	</object>
</annotation>
