<annotation>
	<folder></folder>
	<filename>frame_1765_jpg.rf.bf3aeb9582cd0402b05eb00df1ac5252.jpg</filename>
	<path>frame_1765_jpg.rf.bf3aeb9582cd0402b05eb00df1ac5252.jpg</path>
	<source>
		<database>roboflow.ai</database>
	</source>
	<size>
		<width>416</width>
		<height>416</height>
		<depth>3</depth>
	</size>
	<segmented>0</segmented>
	<object>
		<name>auto</name>
		<pose>Unspecified</pose>
		<truncated>0</truncated>
		<difficult>0</difficult>
		<occluded>0</occluded>
		<bndbox>
			<xmin>64</xmin>
			<xmax>292</xmax>
			<ymin>118</ymin>
			<ymax>408</ymax>
		</bndbox>
	</object>
</annotation>
