<annotation>
	<folder></folder>
	<filename>frame_1446_jpg.rf.35483f421d556712fab2c90336f179e5.jpg</filename>
	<path>frame_1446_jpg.rf.35483f421d556712fab2c90336f179e5.jpg</path>
	<source>
		<database>roboflow.ai</database>
	</source>
	<size>
		<width>416</width>
		<height>416</height>
		<depth>3</depth>
	</size>
	<segmented>0</segmented>
	<object>
		<name>auto</name>
		<pose>Unspecified</pose>
		<truncated>0</truncated>
		<difficult>0</difficult>
		<occluded>0</occluded>
		<bndbox>
			<xmin>0</xmin>
			<xmax>248</xmax>
			<ymin>30</ymin>
			<ymax>415</ymax>
		</bndbox>
	</object>
	<object>
		<name>car</name>
		<pose>Unspecified</pose>
		<truncated>0</truncated>
		<difficult>0</difficult>
		<occluded>0</occluded>
		<bndbox>
			<xmin>226</xmin>
			<xmax>415</xmax>
			<ymin>0</ymin>
			<ymax>376</ymax>
		</bndbox>
	</object>
</annotation>
