<annotation>
	<folder></folder>
	<filename>frame_1451_jpg.rf.24c01cb2898fa786d40c4f3b997489a6.jpg</filename>
	<path>frame_1451_jpg.rf.24c01cb2898fa786d40c4f3b997489a6.jpg</path>
	<source>
		<database>roboflow.ai</database>
	</source>
	<size>
		<width>416</width>
		<height>416</height>
		<depth>3</depth>
	</size>
	<segmented>0</segmented>
	<object>
		<name>auto</name>
		<pose>Unspecified</pose>
		<truncated>0</truncated>
		<difficult>0</difficult>
		<occluded>0</occluded>
		<bndbox>
			<xmin>14</xmin>
			<xmax>162</xmax>
			<ymin>134</ymin>
			<ymax>327</ymax>
		</bndbox>
	</object>
	<object>
		<name>auto</name>
		<pose>Unspecified</pose>
		<truncated>0</truncated>
		<difficult>0</difficult>
		<occluded>0</occluded>
		<bndbox>
			<xmin>130</xmin>
			<xmax>210</xmax>
			<ymin>108</ymin>
			<ymax>268</ymax>
		</bndbox>
	</object>
	<object>
		<name>bus</name>
		<pose>Unspecified</pose>
		<truncated>0</truncated>
		<difficult>0</difficult>
		<occluded>0</occluded>
		<bndbox>
			<xmin>11</xmin>
			<xmax>66</xmax>
			<ymin>107</ymin>
			<ymax>159</ymax>
		</bndbox>
	</object>
</annotation>
