<annotation>
	<folder></folder>
	<filename>frame_1812_jpg.rf.0224d1d78ba146a0e75c7fcd05debf5c.jpg</filename>
	<path>frame_1812_jpg.rf.0224d1d78ba146a0e75c7fcd05debf5c.jpg</path>
	<source>
		<database>roboflow.ai</database>
	</source>
	<size>
		<width>416</width>
		<height>416</height>
		<depth>3</depth>
	</size>
	<segmented>0</segmented>
	<object>
		<name>auto</name>
		<pose>Unspecified</pose>
		<truncated>0</truncated>
		<difficult>0</difficult>
		<occluded>0</occluded>
		<bndbox>
			<xmin>0</xmin>
			<xmax>172</xmax>
			<ymin>69</ymin>
			<ymax>330</ymax>
		</bndbox>
	</object>
	<object>
		<name>auto</name>
		<pose>Unspecified</pose>
		<truncated>0</truncated>
		<difficult>0</difficult>
		<occluded>0</occluded>
		<bndbox>
			<xmin>134</xmin>
			<xmax>365</xmax>
			<ymin>73</ymin>
			<ymax>350</ymax>
		</bndbox>
	</object>
</annotation>
