<annotation>
	<folder></folder>
	<filename>frame_1469_jpg.rf.da5e3300320e85be1165d0835c784a91.jpg</filename>
	<path>frame_1469_jpg.rf.da5e3300320e85be1165d0835c784a91.jpg</path>
	<source>
		<database>roboflow.ai</database>
	</source>
	<size>
		<width>416</width>
		<height>416</height>
		<depth>3</depth>
	</size>
	<segmented>0</segmented>
	<object>
		<name>auto</name>
		<pose>Unspecified</pose>
		<truncated>0</truncated>
		<difficult>0</difficult>
		<occluded>0</occluded>
		<bndbox>
			<xmin>116</xmin>
			<xmax>415</xmax>
			<ymin>43</ymin>
			<ymax>416</ymax>
		</bndbox>
	</object>
	<object>
		<name>auto</name>
		<pose>Unspecified</pose>
		<truncated>0</truncated>
		<difficult>0</difficult>
		<occluded>0</occluded>
		<bndbox>
			<xmin>3</xmin>
			<xmax>183</xmax>
			<ymin>30</ymin>
			<ymax>263</ymax>
		</bndbox>
	</object>
</annotation>
