<annotation>
	<folder></folder>
	<filename>frame_1765_jpg.rf.a5b3f6bbddba3aaf803227b4ad2bd84f.jpg</filename>
	<path>frame_1765_jpg.rf.a5b3f6bbddba3aaf803227b4ad2bd84f.jpg</path>
	<source>
		<database>roboflow.ai</database>
	</source>
	<size>
		<width>416</width>
		<height>416</height>
		<depth>3</depth>
	</size>
	<segmented>0</segmented>
	<object>
		<name>auto</name>
		<pose>Unspecified</pose>
		<truncated>0</truncated>
		<difficult>0</difficult>
		<occluded>0</occluded>
		<bndbox>
			<xmin>113</xmin>
			<xmax>355</xmax>
			<ymin>106</ymin>
			<ymax>400</ymax>
		</bndbox>
	</object>
</annotation>
