<annotation>
	<folder></folder>
	<filename>frame_1458_jpg.rf.6e3572f663b8b43dfe9e00959b38acb5.jpg</filename>
	<path>frame_1458_jpg.rf.6e3572f663b8b43dfe9e00959b38acb5.jpg</path>
	<source>
		<database>roboflow.ai</database>
	</source>
	<size>
		<width>416</width>
		<height>416</height>
		<depth>3</depth>
	</size>
	<segmented>0</segmented>
	<object>
		<name>auto</name>
		<pose>Unspecified</pose>
		<truncated>0</truncated>
		<difficult>0</difficult>
		<occluded>0</occluded>
		<bndbox>
			<xmin>205</xmin>
			<xmax>376</xmax>
			<ymin>65</ymin>
			<ymax>366</ymax>
		</bndbox>
	</object>
	<object>
		<name>auto</name>
		<pose>Unspecified</pose>
		<truncated>0</truncated>
		<difficult>0</difficult>
		<occluded>0</occluded>
		<bndbox>
			<xmin>349</xmin>
			<xmax>411</xmax>
			<ymin>60</ymin>
			<ymax>249</ymax>
		</bndbox>
	</object>
</annotation>
