<annotation>
	<folder></folder>
	<filename>frame_1821_jpg.rf.0ad9b329c3fbfee1e22cf7b8b0a62ce7.jpg</filename>
	<path>frame_1821_jpg.rf.0ad9b329c3fbfee1e22cf7b8b0a62ce7.jpg</path>
	<source>
		<database>roboflow.ai</database>
	</source>
	<size>
		<width>416</width>
		<height>416</height>
		<depth>3</depth>
	</size>
	<segmented>0</segmented>
	<object>
		<name>auto</name>
		<pose>Unspecified</pose>
		<truncated>0</truncated>
		<difficult>0</difficult>
		<occluded>0</occluded>
		<bndbox>
			<xmin>149</xmin>
			<xmax>395</xmax>
			<ymin>42</ymin>
			<ymax>395</ymax>
		</bndbox>
	</object>
	<object>
		<name>motorbike</name>
		<pose>Unspecified</pose>
		<truncated>0</truncated>
		<difficult>0</difficult>
		<occluded>0</occluded>
		<bndbox>
			<xmin>25</xmin>
			<xmax>153</xmax>
			<ymin>119</ymin>
			<ymax>396</ymax>
		</bndbox>
	</object>
	<object>
		<name>car</name>
		<pose>Unspecified</pose>
		<truncated>0</truncated>
		<difficult>0</difficult>
		<occluded>0</occluded>
		<bndbox>
			<xmin>0</xmin>
			<xmax>158</xmax>
			<ymin>38</ymin>
			<ymax>217</ymax>
		</bndbox>
	</object>
</annotation>
