<annotation>
	<folder></folder>
	<filename>frame_1791_jpg.rf.92aa1e61dab315709beb553b81be1d0e.jpg</filename>
	<path>frame_1791_jpg.rf.92aa1e61dab315709beb553b81be1d0e.jpg</path>
	<source>
		<database>roboflow.ai</database>
	</source>
	<size>
		<width>416</width>
		<height>416</height>
		<depth>3</depth>
	</size>
	<segmented>0</segmented>
	<object>
		<name>auto</name>
		<pose>Unspecified</pose>
		<truncated>0</truncated>
		<difficult>0</difficult>
		<occluded>0</occluded>
		<bndbox>
			<xmin>162</xmin>
			<xmax>377</xmax>
			<ymin>69</ymin>
			<ymax>364</ymax>
		</bndbox>
	</object>
	<object>
		<name>motorbike</name>
		<pose>Unspecified</pose>
		<truncated>0</truncated>
		<difficult>0</difficult>
		<occluded>0</occluded>
		<bndbox>
			<xmin>15</xmin>
			<xmax>130</xmax>
			<ymin>200</ymin>
			<ymax>415</ymax>
		</bndbox>
	</object>
</annotation>
