<annotation>
	<folder></folder>
	<filename>frame_1815_jpg.rf.3eb730bbcaedec3b7aeadb797ace918e.jpg</filename>
	<path>frame_1815_jpg.rf.3eb730bbcaedec3b7aeadb797ace918e.jpg</path>
	<source>
		<database>roboflow.ai</database>
	</source>
	<size>
		<width>416</width>
		<height>416</height>
		<depth>3</depth>
	</size>
	<segmented>0</segmented>
	<object>
		<name>auto</name>
		<pose>Unspecified</pose>
		<truncated>0</truncated>
		<difficult>0</difficult>
		<occluded>0</occluded>
		<bndbox>
			<xmin>72</xmin>
			<xmax>133</xmax>
			<ymin>282</ymin>
			<ymax>365</ymax>
		</bndbox>
	</object>
	<object>
		<name>auto</name>
		<pose>Unspecified</pose>
		<truncated>0</truncated>
		<difficult>0</difficult>
		<occluded>0</occluded>
		<bndbox>
			<xmin>0</xmin>
			<xmax>85</xmax>
			<ymin>294</ymin>
			<ymax>414</ymax>
		</bndbox>
	</object>
	<object>
		<name>car</name>
		<pose>Unspecified</pose>
		<truncated>0</truncated>
		<difficult>0</difficult>
		<occluded>0</occluded>
		<bndbox>
			<xmin>132</xmin>
			<xmax>194</xmax>
			<ymin>276</ymin>
			<ymax>343</ymax>
		</bndbox>
	</object>
</annotation>
