<annotation>
	<folder></folder>
	<filename>frame_1821_jpg.rf.77feddb9dd0fcba3001affabc231932e.jpg</filename>
	<path>frame_1821_jpg.rf.77feddb9dd0fcba3001affabc231932e.jpg</path>
	<source>
		<database>roboflow.ai</database>
	</source>
	<size>
		<width>416</width>
		<height>416</height>
		<depth>3</depth>
	</size>
	<segmented>0</segmented>
	<object>
		<name>auto</name>
		<pose>Unspecified</pose>
		<truncated>0</truncated>
		<difficult>0</difficult>
		<occluded>0</occluded>
		<bndbox>
			<xmin>53</xmin>
			<xmax>241</xmax>
			<ymin>66</ymin>
			<ymax>378</ymax>
		</bndbox>
	</object>
	<object>
		<name>motorbike</name>
		<pose>Unspecified</pose>
		<truncated>0</truncated>
		<difficult>0</difficult>
		<occluded>0</occluded>
		<bndbox>
			<xmin>300</xmin>
			<xmax>391</xmax>
			<ymin>122</ymin>
			<ymax>371</ymax>
		</bndbox>
	</object>
	<object>
		<name>car</name>
		<pose>Unspecified</pose>
		<truncated>0</truncated>
		<difficult>0</difficult>
		<occluded>0</occluded>
		<bndbox>
			<xmin>256</xmin>
			<xmax>412</xmax>
			<ymin>42</ymin>
			<ymax>193</ymax>
		</bndbox>
	</object>
</annotation>
