<annotation>
	<folder></folder>
	<filename>frame_1781_jpg.rf.b20bf139ab596c8c76c3b8c7579279fe.jpg</filename>
	<path>frame_1781_jpg.rf.b20bf139ab596c8c76c3b8c7579279fe.jpg</path>
	<source>
		<database>roboflow.ai</database>
	</source>
	<size>
		<width>416</width>
		<height>416</height>
		<depth>3</depth>
	</size>
	<segmented>0</segmented>
	<object>
		<name>auto</name>
		<pose>Unspecified</pose>
		<truncated>0</truncated>
		<difficult>0</difficult>
		<occluded>0</occluded>
		<bndbox>
			<xmin>130</xmin>
			<xmax>363</xmax>
			<ymin>29</ymin>
			<ymax>415</ymax>
		</bndbox>
	</object>
	<object>
		<name>auto</name>
		<pose>Unspecified</pose>
		<truncated>0</truncated>
		<difficult>0</difficult>
		<occluded>0</occluded>
		<bndbox>
			<xmin>36</xmin>
			<xmax>141</xmax>
			<ymin>44</ymin>
			<ymax>245</ymax>
		</bndbox>
	</object>
</annotation>
