<annotation>
	<folder></folder>
	<filename>frame_1792_jpg.rf.ae339cdb51ddb69d3f6f68b9008c9dd9.jpg</filename>
	<path>frame_1792_jpg.rf.ae339cdb51ddb69d3f6f68b9008c9dd9.jpg</path>
	<source>
		<database>roboflow.ai</database>
	</source>
	<size>
		<width>416</width>
		<height>416</height>
		<depth>3</depth>
	</size>
	<segmented>0</segmented>
	<object>
		<name>bus</name>
		<pose>Unspecified</pose>
		<truncated>0</truncated>
		<difficult>0</difficult>
		<occluded>0</occluded>
		<bndbox>
			<xmin>145</xmin>
			<xmax>380</xmax>
			<ymin>47</ymin>
			<ymax>172</ymax>
		</bndbox>
	</object>
</annotation>
