<annotation>
	<folder></folder>
	<filename>frame_1804_jpg.rf.4f7e97160f36751bf57a476d1a8965f9.jpg</filename>
	<path>frame_1804_jpg.rf.4f7e97160f36751bf57a476d1a8965f9.jpg</path>
	<source>
		<database>roboflow.ai</database>
	</source>
	<size>
		<width>416</width>
		<height>416</height>
		<depth>3</depth>
	</size>
	<segmented>0</segmented>
	<object>
		<name>auto</name>
		<pose>Unspecified</pose>
		<truncated>0</truncated>
		<difficult>0</difficult>
		<occluded>0</occluded>
		<bndbox>
			<xmin>192</xmin>
			<xmax>369</xmax>
			<ymin>199</ymin>
			<ymax>415</ymax>
		</bndbox>
	</object>
	<object>
		<name>motorbike</name>
		<pose>Unspecified</pose>
		<truncated>0</truncated>
		<difficult>0</difficult>
		<occluded>0</occluded>
		<bndbox>
			<xmin>96</xmin>
			<xmax>163</xmax>
			<ymin>222</ymin>
			<ymax>386</ymax>
		</bndbox>
	</object>
</annotation>
