<annotation>
	<folder></folder>
	<filename>frame_1819_jpg.rf.0f5b7c01541f2430e9bf99df87159eee.jpg</filename>
	<path>frame_1819_jpg.rf.0f5b7c01541f2430e9bf99df87159eee.jpg</path>
	<source>
		<database>roboflow.ai</database>
	</source>
	<size>
		<width>416</width>
		<height>416</height>
		<depth>3</depth>
	</size>
	<segmented>0</segmented>
	<object>
		<name>auto</name>
		<pose>Unspecified</pose>
		<truncated>0</truncated>
		<difficult>0</difficult>
		<occluded>0</occluded>
		<bndbox>
			<xmin>0</xmin>
			<xmax>288</xmax>
			<ymin>129</ymin>
			<ymax>407</ymax>
		</bndbox>
	</object>
</annotation>
