<annotation>
	<folder></folder>
	<filename>frame_1446_jpg.rf.7cd0a8a10e0e618dd8dbe633221beb8a.jpg</filename>
	<path>frame_1446_jpg.rf.7cd0a8a10e0e618dd8dbe633221beb8a.jpg</path>
	<source>
		<database>roboflow.ai</database>
	</source>
	<size>
		<width>416</width>
		<height>416</height>
		<depth>3</depth>
	</size>
	<segmented>0</segmented>
	<object>
		<name>auto</name>
		<pose>Unspecified</pose>
		<truncated>0</truncated>
		<difficult>0</difficult>
		<occluded>0</occluded>
		<bndbox>
			<xmin>176</xmin>
			<xmax>415</xmax>
			<ymin>52</ymin>
			<ymax>413</ymax>
		</bndbox>
	</object>
	<object>
		<name>car</name>
		<pose>Unspecified</pose>
		<truncated>0</truncated>
		<difficult>0</difficult>
		<occluded>0</occluded>
		<bndbox>
			<xmin>0</xmin>
			<xmax>185</xmax>
			<ymin>21</ymin>
			<ymax>360</ymax>
		</bndbox>
	</object>
</annotation>
