<annotation>
	<folder></folder>
	<filename>frame_1789_jpg.rf.5bce6a24c281558d918645c784c905fe.jpg</filename>
	<path>frame_1789_jpg.rf.5bce6a24c281558d918645c784c905fe.jpg</path>
	<source>
		<database>roboflow.ai</database>
	</source>
	<size>
		<width>416</width>
		<height>416</height>
		<depth>3</depth>
	</size>
	<segmented>0</segmented>
	<object>
		<name>auto</name>
		<pose>Unspecified</pose>
		<truncated>0</truncated>
		<difficult>0</difficult>
		<occluded>0</occluded>
		<bndbox>
			<xmin>36</xmin>
			<xmax>138</xmax>
			<ymin>167</ymin>
			<ymax>329</ymax>
		</bndbox>
	</object>
	<object>
		<name>riksha</name>
		<pose>Unspecified</pose>
		<truncated>0</truncated>
		<difficult>0</difficult>
		<occluded>0</occluded>
		<bndbox>
			<xmin>184</xmin>
			<xmax>313</xmax>
			<ymin>162</ymin>
			<ymax>306</ymax>
		</bndbox>
	</object>
</annotation>
