<annotation>
	<folder></folder>
	<filename>frame_1825_jpg.rf.0efda8a6e2810bfd92694c44d6dedf02.jpg</filename>
	<path>frame_1825_jpg.rf.0efda8a6e2810bfd92694c44d6dedf02.jpg</path>
	<source>
		<database>roboflow.ai</database>
	</source>
	<size>
		<width>416</width>
		<height>416</height>
		<depth>3</depth>
	</size>
	<segmented>0</segmented>
	<object>
		<name>auto</name>
		<pose>Unspecified</pose>
		<truncated>0</truncated>
		<difficult>0</difficult>
		<occluded>0</occluded>
		<bndbox>
			<xmin>80</xmin>
			<xmax>210</xmax>
			<ymin>231</ymin>
			<ymax>333</ymax>
		</bndbox>
	</object>
</annotation>
