<annotation>
	<folder></folder>
	<filename>frame_1792_jpg.rf.8dc04e31bab6de127351e23a3fe7a755.jpg</filename>
	<path>frame_1792_jpg.rf.8dc04e31bab6de127351e23a3fe7a755.jpg</path>
	<source>
		<database>roboflow.ai</database>
	</source>
	<size>
		<width>416</width>
		<height>416</height>
		<depth>3</depth>
	</size>
	<segmented>0</segmented>
	<object>
		<name>bus</name>
		<pose>Unspecified</pose>
		<truncated>0</truncated>
		<difficult>0</difficult>
		<occluded>0</occluded>
		<bndbox>
			<xmin>14</xmin>
			<xmax>228</xmax>
			<ymin>49</ymin>
			<ymax>215</ymax>
		</bndbox>
	</object>
</annotation>
