<annotation>
	<folder></folder>
	<filename>frame_1812_jpg.rf.1a49e999fa35cde95817dabd7e734058.jpg</filename>
	<path>frame_1812_jpg.rf.1a49e999fa35cde95817dabd7e734058.jpg</path>
	<source>
		<database>roboflow.ai</database>
	</source>
	<size>
		<width>416</width>
		<height>416</height>
		<depth>3</depth>
	</size>
	<segmented>0</segmented>
	<object>
		<name>auto</name>
		<pose>Unspecified</pose>
		<truncated>0</truncated>
		<difficult>0</difficult>
		<occluded>0</occluded>
		<bndbox>
			<xmin>0</xmin>
			<xmax>165</xmax>
			<ymin>65</ymin>
			<ymax>318</ymax>
		</bndbox>
	</object>
	<object>
		<name>auto</name>
		<pose>Unspecified</pose>
		<truncated>0</truncated>
		<difficult>0</difficult>
		<occluded>0</occluded>
		<bndbox>
			<xmin>141</xmin>
			<xmax>358</xmax>
			<ymin>81</ymin>
			<ymax>348</ymax>
		</bndbox>
	</object>
</annotation>
