<annotation>
	<folder></folder>
	<filename>frame_1803_jpg.rf.97b5b01d2bd42beb7c3d2bb6042f8f81.jpg</filename>
	<path>frame_1803_jpg.rf.97b5b01d2bd42beb7c3d2bb6042f8f81.jpg</path>
	<source>
		<database>roboflow.ai</database>
	</source>
	<size>
		<width>416</width>
		<height>416</height>
		<depth>3</depth>
	</size>
	<segmented>0</segmented>
	<object>
		<name>auto</name>
		<pose>Unspecified</pose>
		<truncated>0</truncated>
		<difficult>0</difficult>
		<occluded>0</occluded>
		<bndbox>
			<xmin>53</xmin>
			<xmax>340</xmax>
			<ymin>48</ymin>
			<ymax>397</ymax>
		</bndbox>
	</object>
</annotation>
