<annotation>
	<folder></folder>
	<filename>frame_1779_jpg.rf.569240258996af9d0237832c7d259dd5.jpg</filename>
	<path>frame_1779_jpg.rf.569240258996af9d0237832c7d259dd5.jpg</path>
	<source>
		<database>roboflow.ai</database>
	</source>
	<size>
		<width>416</width>
		<height>416</height>
		<depth>3</depth>
	</size>
	<segmented>0</segmented>
	<object>
		<name>auto</name>
		<pose>Unspecified</pose>
		<truncated>0</truncated>
		<difficult>0</difficult>
		<occluded>0</occluded>
		<bndbox>
			<xmin>0</xmin>
			<xmax>225</xmax>
			<ymin>16</ymin>
			<ymax>415</ymax>
		</bndbox>
	</object>
	<object>
		<name>riksha</name>
		<pose>Unspecified</pose>
		<truncated>0</truncated>
		<difficult>0</difficult>
		<occluded>0</occluded>
		<bndbox>
			<xmin>179</xmin>
			<xmax>357</xmax>
			<ymin>76</ymin>
			<ymax>407</ymax>
		</bndbox>
	</object>
</annotation>
