<annotation>
	<folder></folder>
	<filename>frame_1775_jpg.rf.185827f4f14bbf9d65b36f143bb7111e.jpg</filename>
	<path>frame_1775_jpg.rf.185827f4f14bbf9d65b36f143bb7111e.jpg</path>
	<source>
		<database>roboflow.ai</database>
	</source>
	<size>
		<width>416</width>
		<height>416</height>
		<depth>3</depth>
	</size>
	<segmented>0</segmented>
	<object>
		<name>auto</name>
		<pose>Unspecified</pose>
		<truncated>0</truncated>
		<difficult>0</difficult>
		<occluded>0</occluded>
		<bndbox>
			<xmin>92</xmin>
			<xmax>413</xmax>
			<ymin>3</ymin>
			<ymax>415</ymax>
		</bndbox>
	</object>
</annotation>
