<annotation>
	<folder></folder>
	<filename>frame_1778_jpg.rf.8444a51ac76624f8c6ed00d59a508152.jpg</filename>
	<path>frame_1778_jpg.rf.8444a51ac76624f8c6ed00d59a508152.jpg</path>
	<source>
		<database>roboflow.ai</database>
	</source>
	<size>
		<width>416</width>
		<height>416</height>
		<depth>3</depth>
	</size>
	<segmented>0</segmented>
	<object>
		<name>auto</name>
		<pose>Unspecified</pose>
		<truncated>0</truncated>
		<difficult>0</difficult>
		<occluded>0</occluded>
		<bndbox>
			<xmin>215</xmin>
			<xmax>325</xmax>
			<ymin>208</ymin>
			<ymax>315</ymax>
		</bndbox>
	</object>
</annotation>
