<annotation>
	<folder></folder>
	<filename>frame_1811_jpg.rf.3e91e17b3603e1408438231ca279dc5f.jpg</filename>
	<path>frame_1811_jpg.rf.3e91e17b3603e1408438231ca279dc5f.jpg</path>
	<source>
		<database>roboflow.ai</database>
	</source>
	<size>
		<width>416</width>
		<height>416</height>
		<depth>3</depth>
	</size>
	<segmented>0</segmented>
	<object>
		<name>auto</name>
		<pose>Unspecified</pose>
		<truncated>0</truncated>
		<difficult>0</difficult>
		<occluded>0</occluded>
		<bndbox>
			<xmin>193</xmin>
			<xmax>313</xmax>
			<ymin>219</ymin>
			<ymax>313</ymax>
		</bndbox>
	</object>
	<object>
		<name>auto</name>
		<pose>Unspecified</pose>
		<truncated>0</truncated>
		<difficult>0</difficult>
		<occluded>0</occluded>
		<bndbox>
			<xmin>33</xmin>
			<xmax>202</xmax>
			<ymin>213</ymin>
			<ymax>331</ymax>
		</bndbox>
	</object>
	<object>
		<name>motorbike</name>
		<pose>Unspecified</pose>
		<truncated>0</truncated>
		<difficult>0</difficult>
		<occluded>0</occluded>
		<bndbox>
			<xmin>209</xmin>
			<xmax>297</xmax>
			<ymin>307</ymin>
			<ymax>415</ymax>
		</bndbox>
	</object>
</annotation>
