<annotation>
	<folder></folder>
	<filename>frame_1762_jpg.rf.1085892a6cd0aabe115d7018d037ab9e.jpg</filename>
	<path>frame_1762_jpg.rf.1085892a6cd0aabe115d7018d037ab9e.jpg</path>
	<source>
		<database>roboflow.ai</database>
	</source>
	<size>
		<width>416</width>
		<height>416</height>
		<depth>3</depth>
	</size>
	<segmented>0</segmented>
	<object>
		<name>auto</name>
		<pose>Unspecified</pose>
		<truncated>0</truncated>
		<difficult>0</difficult>
		<occluded>0</occluded>
		<bndbox>
			<xmin>224</xmin>
			<xmax>388</xmax>
			<ymin>33</ymin>
			<ymax>371</ymax>
		</bndbox>
	</object>
	<object>
		<name>auto</name>
		<pose>Unspecified</pose>
		<truncated>0</truncated>
		<difficult>0</difficult>
		<occluded>0</occluded>
		<bndbox>
			<xmin>135</xmin>
			<xmax>261</xmax>
			<ymin>77</ymin>
			<ymax>388</ymax>
		</bndbox>
	</object>
	<object>
		<name>motorbike</name>
		<pose>Unspecified</pose>
		<truncated>0</truncated>
		<difficult>0</difficult>
		<occluded>0</occluded>
		<bndbox>
			<xmin>355</xmin>
			<xmax>408</xmax>
			<ymin>139</ymin>
			<ymax>330</ymax>
		</bndbox>
	</object>
</annotation>
