<annotation>
	<folder></folder>
	<filename>frame_1780_jpg.rf.4638c356335626ff76cdaccc5081db92.jpg</filename>
	<path>frame_1780_jpg.rf.4638c356335626ff76cdaccc5081db92.jpg</path>
	<source>
		<database>roboflow.ai</database>
	</source>
	<size>
		<width>416</width>
		<height>416</height>
		<depth>3</depth>
	</size>
	<segmented>0</segmented>
	<object>
		<name>auto</name>
		<pose>Unspecified</pose>
		<truncated>0</truncated>
		<difficult>0</difficult>
		<occluded>0</occluded>
		<bndbox>
			<xmin>57</xmin>
			<xmax>329</xmax>
			<ymin>78</ymin>
			<ymax>352</ymax>
		</bndbox>
	</object>
</annotation>
