<annotation>
	<folder></folder>
	<filename>frame_1784_jpg.rf.1e5066c927f5a6bde726aa8d4a848c04.jpg</filename>
	<path>frame_1784_jpg.rf.1e5066c927f5a6bde726aa8d4a848c04.jpg</path>
	<source>
		<database>roboflow.ai</database>
	</source>
	<size>
		<width>416</width>
		<height>416</height>
		<depth>3</depth>
	</size>
	<segmented>0</segmented>
	<object>
		<name>auto</name>
		<pose>Unspecified</pose>
		<truncated>0</truncated>
		<difficult>0</difficult>
		<occluded>0</occluded>
		<bndbox>
			<xmin>8</xmin>
			<xmax>183</xmax>
			<ymin>115</ymin>
			<ymax>402</ymax>
		</bndbox>
	</object>
</annotation>
