<annotation>
	<folder></folder>
	<filename>frame_1781_jpg.rf.337ee595fb9a0aae4690dff56b3778cf.jpg</filename>
	<path>frame_1781_jpg.rf.337ee595fb9a0aae4690dff56b3778cf.jpg</path>
	<source>
		<database>roboflow.ai</database>
	</source>
	<size>
		<width>416</width>
		<height>416</height>
		<depth>3</depth>
	</size>
	<segmented>0</segmented>
	<object>
		<name>auto</name>
		<pose>Unspecified</pose>
		<truncated>0</truncated>
		<difficult>0</difficult>
		<occluded>0</occluded>
		<bndbox>
			<xmin>79</xmin>
			<xmax>394</xmax>
			<ymin>11</ymin>
			<ymax>415</ymax>
		</bndbox>
	</object>
	<object>
		<name>auto</name>
		<pose>Unspecified</pose>
		<truncated>0</truncated>
		<difficult>0</difficult>
		<occluded>0</occluded>
		<bndbox>
			<xmin>53</xmin>
			<xmax>198</xmax>
			<ymin>42</ymin>
			<ymax>257</ymax>
		</bndbox>
	</object>
</annotation>
