<annotation>
	<folder></folder>
	<filename>frame_1459_jpg.rf.ba459dbc7f83b06b29d197d3bd3b05e6.jpg</filename>
	<path>frame_1459_jpg.rf.ba459dbc7f83b06b29d197d3bd3b05e6.jpg</path>
	<source>
		<database>roboflow.ai</database>
	</source>
	<size>
		<width>416</width>
		<height>416</height>
		<depth>3</depth>
	</size>
	<segmented>0</segmented>
	<object>
		<name>auto</name>
		<pose>Unspecified</pose>
		<truncated>0</truncated>
		<difficult>0</difficult>
		<occluded>0</occluded>
		<bndbox>
			<xmin>68</xmin>
			<xmax>292</xmax>
			<ymin>129</ymin>
			<ymax>405</ymax>
		</bndbox>
	</object>
	<object>
		<name>auto</name>
		<pose>Unspecified</pose>
		<truncated>0</truncated>
		<difficult>0</difficult>
		<occluded>0</occluded>
		<bndbox>
			<xmin>32</xmin>
			<xmax>107</xmax>
			<ymin>165</ymin>
			<ymax>263</ymax>
		</bndbox>
	</object>
</annotation>
