<annotation>
	<folder></folder>
	<filename>frame_1779_jpg.rf.e1c9db11ec3c2939d435c2046ef2b2e3.jpg</filename>
	<path>frame_1779_jpg.rf.e1c9db11ec3c2939d435c2046ef2b2e3.jpg</path>
	<source>
		<database>roboflow.ai</database>
	</source>
	<size>
		<width>416</width>
		<height>416</height>
		<depth>3</depth>
	</size>
	<segmented>0</segmented>
	<object>
		<name>auto</name>
		<pose>Unspecified</pose>
		<truncated>0</truncated>
		<difficult>0</difficult>
		<occluded>0</occluded>
		<bndbox>
			<xmin>179</xmin>
			<xmax>415</xmax>
			<ymin>8</ymin>
			<ymax>415</ymax>
		</bndbox>
	</object>
	<object>
		<name>riksha</name>
		<pose>Unspecified</pose>
		<truncated>0</truncated>
		<difficult>0</difficult>
		<occluded>0</occluded>
		<bndbox>
			<xmin>35</xmin>
			<xmax>225</xmax>
			<ymin>70</ymin>
			<ymax>412</ymax>
		</bndbox>
	</object>
</annotation>
