<annotation>
	<folder></folder>
	<filename>frame_1815_jpg.rf.0860b436728af14729335b4ef89ce267.jpg</filename>
	<path>frame_1815_jpg.rf.0860b436728af14729335b4ef89ce267.jpg</path>
	<source>
		<database>roboflow.ai</database>
	</source>
	<size>
		<width>416</width>
		<height>416</height>
		<depth>3</depth>
	</size>
	<segmented>0</segmented>
	<object>
		<name>auto</name>
		<pose>Unspecified</pose>
		<truncated>0</truncated>
		<difficult>0</difficult>
		<occluded>0</occluded>
		<bndbox>
			<xmin>297</xmin>
			<xmax>338</xmax>
			<ymin>256</ymin>
			<ymax>332</ymax>
		</bndbox>
	</object>
	<object>
		<name>auto</name>
		<pose>Unspecified</pose>
		<truncated>0</truncated>
		<difficult>0</difficult>
		<occluded>0</occluded>
		<bndbox>
			<xmin>349</xmin>
			<xmax>412</xmax>
			<ymin>253</ymin>
			<ymax>360</ymax>
		</bndbox>
	</object>
	<object>
		<name>car</name>
		<pose>Unspecified</pose>
		<truncated>0</truncated>
		<difficult>0</difficult>
		<occluded>0</occluded>
		<bndbox>
			<xmin>236</xmin>
			<xmax>280</xmax>
			<ymin>269</ymin>
			<ymax>328</ymax>
		</bndbox>
	</object>
</annotation>
