<annotation>
	<folder></folder>
	<filename>frame_1813_jpg.rf.989e5ade5b31ba63f0f4f914647a4af5.jpg</filename>
	<path>frame_1813_jpg.rf.989e5ade5b31ba63f0f4f914647a4af5.jpg</path>
	<source>
		<database>roboflow.ai</database>
	</source>
	<size>
		<width>416</width>
		<height>416</height>
		<depth>3</depth>
	</size>
	<segmented>0</segmented>
	<object>
		<name>auto</name>
		<pose>Unspecified</pose>
		<truncated>0</truncated>
		<difficult>0</difficult>
		<occluded>0</occluded>
		<bndbox>
			<xmin>137</xmin>
			<xmax>336</xmax>
			<ymin>188</ymin>
			<ymax>415</ymax>
		</bndbox>
	</object>
</annotation>
