<annotation>
	<folder></folder>
	<filename>frame_1810_jpg.rf.71830271d17680309ee3c28fcf687a50.jpg</filename>
	<path>frame_1810_jpg.rf.71830271d17680309ee3c28fcf687a50.jpg</path>
	<source>
		<database>roboflow.ai</database>
	</source>
	<size>
		<width>416</width>
		<height>416</height>
		<depth>3</depth>
	</size>
	<segmented>0</segmented>
	<object>
		<name>auto</name>
		<pose>Unspecified</pose>
		<truncated>0</truncated>
		<difficult>0</difficult>
		<occluded>0</occluded>
		<bndbox>
			<xmin>46</xmin>
			<xmax>236</xmax>
			<ymin>131</ymin>
			<ymax>382</ymax>
		</bndbox>
	</object>
</annotation>
