<annotation>
	<folder></folder>
	<filename>frame_1784_jpg.rf.6617d83b0845ca0f0bc30b12d8692917.jpg</filename>
	<path>frame_1784_jpg.rf.6617d83b0845ca0f0bc30b12d8692917.jpg</path>
	<source>
		<database>roboflow.ai</database>
	</source>
	<size>
		<width>416</width>
		<height>416</height>
		<depth>3</depth>
	</size>
	<segmented>0</segmented>
	<object>
		<name>auto</name>
		<pose>Unspecified</pose>
		<truncated>0</truncated>
		<difficult>0</difficult>
		<occluded>0</occluded>
		<bndbox>
			<xmin>4</xmin>
			<xmax>182</xmax>
			<ymin>112</ymin>
			<ymax>415</ymax>
		</bndbox>
	</object>
</annotation>
