<annotation>
	<folder></folder>
	<filename>frame_1827_jpg.rf.f14db5ae44deb82a4b61ff1b3e4c1751.jpg</filename>
	<path>frame_1827_jpg.rf.f14db5ae44deb82a4b61ff1b3e4c1751.jpg</path>
	<source>
		<database>roboflow.ai</database>
	</source>
	<size>
		<width>416</width>
		<height>416</height>
		<depth>3</depth>
	</size>
	<segmented>0</segmented>
	<object>
		<name>auto</name>
		<pose>Unspecified</pose>
		<truncated>0</truncated>
		<difficult>0</difficult>
		<occluded>0</occluded>
		<bndbox>
			<xmin>196</xmin>
			<xmax>370</xmax>
			<ymin>217</ymin>
			<ymax>415</ymax>
		</bndbox>
	</object>
	<object>
		<name>auto</name>
		<pose>Unspecified</pose>
		<truncated>0</truncated>
		<difficult>0</difficult>
		<occluded>0</occluded>
		<bndbox>
			<xmin>127</xmin>
			<xmax>253</xmax>
			<ymin>198</ymin>
			<ymax>378</ymax>
		</bndbox>
	</object>
	<object>
		<name>car</name>
		<pose>Unspecified</pose>
		<truncated>0</truncated>
		<difficult>0</difficult>
		<occluded>0</occluded>
		<bndbox>
			<xmin>0</xmin>
			<xmax>196</xmax>
			<ymin>138</ymin>
			<ymax>376</ymax>
		</bndbox>
	</object>
</annotation>
