<annotation>
	<folder></folder>
	<filename>frame_1446_jpg.rf.b3e65931cb7c2830b7370efaaadaec27.jpg</filename>
	<path>frame_1446_jpg.rf.b3e65931cb7c2830b7370efaaadaec27.jpg</path>
	<source>
		<database>roboflow.ai</database>
	</source>
	<size>
		<width>416</width>
		<height>416</height>
		<depth>3</depth>
	</size>
	<segmented>0</segmented>
	<object>
		<name>auto</name>
		<pose>Unspecified</pose>
		<truncated>0</truncated>
		<difficult>0</difficult>
		<occluded>0</occluded>
		<bndbox>
			<xmin>0</xmin>
			<xmax>260</xmax>
			<ymin>5</ymin>
			<ymax>415</ymax>
		</bndbox>
	</object>
	<object>
		<name>car</name>
		<pose>Unspecified</pose>
		<truncated>0</truncated>
		<difficult>0</difficult>
		<occluded>0</occluded>
		<bndbox>
			<xmin>216</xmin>
			<xmax>415</xmax>
			<ymin>28</ymin>
			<ymax>410</ymax>
		</bndbox>
	</object>
</annotation>
