<annotation>
	<folder></folder>
	<filename>frame_1805_jpg.rf.802e1ec54f6dd2904a229b166c65489d.jpg</filename>
	<path>frame_1805_jpg.rf.802e1ec54f6dd2904a229b166c65489d.jpg</path>
	<source>
		<database>roboflow.ai</database>
	</source>
	<size>
		<width>416</width>
		<height>416</height>
		<depth>3</depth>
	</size>
	<segmented>0</segmented>
	<object>
		<name>auto</name>
		<pose>Unspecified</pose>
		<truncated>0</truncated>
		<difficult>0</difficult>
		<occluded>0</occluded>
		<bndbox>
			<xmin>242</xmin>
			<xmax>415</xmax>
			<ymin>23</ymin>
			<ymax>415</ymax>
		</bndbox>
	</object>
	<object>
		<name>auto</name>
		<pose>Unspecified</pose>
		<truncated>0</truncated>
		<difficult>0</difficult>
		<occluded>0</occluded>
		<bndbox>
			<xmin>0</xmin>
			<xmax>156</xmax>
			<ymin>41</ymin>
			<ymax>415</ymax>
		</bndbox>
	</object>
</annotation>
