<annotation>
	<folder></folder>
	<filename>frame_3451_jpg.rf.d2cd813bab94273746bfc317de6cae2a.jpg</filename>
	<path>frame_3451_jpg.rf.d2cd813bab94273746bfc317de6cae2a.jpg</path>
	<source>
		<database>roboflow.ai</database>
	</source>
	<size>
		<width>416</width>
		<height>416</height>
		<depth>3</depth>
	</size>
	<segmented>0</segmented>
	<object>
		<name>car</name>
		<pose>Unspecified</pose>
		<truncated>0</truncated>
		<difficult>0</difficult>
		<occluded>0</occluded>
		<bndbox>
			<xmin>197</xmin>
			<xmax>275</xmax>
			<ymin>242</ymin>
			<ymax>373</ymax>
		</bndbox>
	</object>
</annotation>
