<annotation>
	<folder></folder>
	<filename>frame_3454_jpg.rf.5e632874f645f8b10641ea391c113b78.jpg</filename>
	<path>frame_3454_jpg.rf.5e632874f645f8b10641ea391c113b78.jpg</path>
	<source>
		<database>roboflow.ai</database>
	</source>
	<size>
		<width>416</width>
		<height>416</height>
		<depth>3</depth>
	</size>
	<segmented>0</segmented>
	<object>
		<name>motorbike</name>
		<pose>Unspecified</pose>
		<truncated>0</truncated>
		<difficult>0</difficult>
		<occluded>0</occluded>
		<bndbox>
			<xmin>153</xmin>
			<xmax>211</xmax>
			<ymin>64</ymin>
			<ymax>320</ymax>
		</bndbox>
	</object>
	<object>
		<name>car</name>
		<pose>Unspecified</pose>
		<truncated>0</truncated>
		<difficult>0</difficult>
		<occluded>0</occluded>
		<bndbox>
			<xmin>124</xmin>
			<xmax>253</xmax>
			<ymin>65</ymin>
			<ymax>306</ymax>
		</bndbox>
	</object>
</annotation>
