<annotation>
	<folder></folder>
	<filename>frame_3497_jpg.rf.84dd51f042940f15e9468a7212dde9d2.jpg</filename>
	<path>frame_3497_jpg.rf.84dd51f042940f15e9468a7212dde9d2.jpg</path>
	<source>
		<database>roboflow.ai</database>
	</source>
	<size>
		<width>416</width>
		<height>416</height>
		<depth>3</depth>
	</size>
	<segmented>0</segmented>
	<object>
		<name>car</name>
		<pose>Unspecified</pose>
		<truncated>0</truncated>
		<difficult>0</difficult>
		<occluded>0</occluded>
		<bndbox>
			<xmin>116</xmin>
			<xmax>225</xmax>
			<ymin>168</ymin>
			<ymax>334</ymax>
		</bndbox>
	</object>
	<object>
		<name>van</name>
		<pose>Unspecified</pose>
		<truncated>0</truncated>
		<difficult>0</difficult>
		<occluded>0</occluded>
		<bndbox>
			<xmin>203</xmin>
			<xmax>308</xmax>
			<ymin>203</ymin>
			<ymax>351</ymax>
		</bndbox>
	</object>
	<object>
		<name>motorbike</name>
		<pose>Unspecified</pose>
		<truncated>0</truncated>
		<difficult>0</difficult>
		<occluded>0</occluded>
		<bndbox>
			<xmin>312</xmin>
			<xmax>364</xmax>
			<ymin>266</ymin>
			<ymax>370</ymax>
		</bndbox>
	</object>
</annotation>
