<annotation>
	<folder></folder>
	<filename>frame_3474_jpg.rf.4d9fafbec84dc6504f8a18f0625e628f.jpg</filename>
	<path>frame_3474_jpg.rf.4d9fafbec84dc6504f8a18f0625e628f.jpg</path>
	<source>
		<database>roboflow.ai</database>
	</source>
	<size>
		<width>416</width>
		<height>416</height>
		<depth>3</depth>
	</size>
	<segmented>0</segmented>
	<object>
		<name>auto</name>
		<pose>Unspecified</pose>
		<truncated>0</truncated>
		<difficult>0</difficult>
		<occluded>0</occluded>
		<bndbox>
			<xmin>0</xmin>
			<xmax>238</xmax>
			<ymin>117</ymin>
			<ymax>408</ymax>
		</bndbox>
	</object>
	<object>
		<name>motorbike</name>
		<pose>Unspecified</pose>
		<truncated>0</truncated>
		<difficult>0</difficult>
		<occluded>0</occluded>
		<bndbox>
			<xmin>226</xmin>
			<xmax>350</xmax>
			<ymin>121</ymin>
			<ymax>277</ymax>
		</bndbox>
	</object>
</annotation>
