<annotation>
	<folder></folder>
	<filename>frame_3450_jpg.rf.5ddde4c16e0e3d26161e87486131600b.jpg</filename>
	<path>frame_3450_jpg.rf.5ddde4c16e0e3d26161e87486131600b.jpg</path>
	<source>
		<database>roboflow.ai</database>
	</source>
	<size>
		<width>416</width>
		<height>416</height>
		<depth>3</depth>
	</size>
	<segmented>0</segmented>
	<object>
		<name>car</name>
		<pose>Unspecified</pose>
		<truncated>0</truncated>
		<difficult>0</difficult>
		<occluded>0</occluded>
		<bndbox>
			<xmin>54</xmin>
			<xmax>227</xmax>
			<ymin>238</ymin>
			<ymax>415</ymax>
		</bndbox>
	</object>
	<object>
		<name>car</name>
		<pose>Unspecified</pose>
		<truncated>0</truncated>
		<difficult>0</difficult>
		<occluded>0</occluded>
		<bndbox>
			<xmin>190</xmin>
			<xmax>254</xmax>
			<ymin>249</ymin>
			<ymax>334</ymax>
		</bndbox>
	</object>
</annotation>
