<annotation>
	<folder></folder>
	<filename>frame_3485_jpg.rf.cd48d8b1fb9b0f06affa06431362a119.jpg</filename>
	<path>frame_3485_jpg.rf.cd48d8b1fb9b0f06affa06431362a119.jpg</path>
	<source>
		<database>roboflow.ai</database>
	</source>
	<size>
		<width>416</width>
		<height>416</height>
		<depth>3</depth>
	</size>
	<segmented>0</segmented>
	<object>
		<name>car</name>
		<pose>Unspecified</pose>
		<truncated>0</truncated>
		<difficult>0</difficult>
		<occluded>0</occluded>
		<bndbox>
			<xmin>111</xmin>
			<xmax>230</xmax>
			<ymin>127</ymin>
			<ymax>237</ymax>
		</bndbox>
	</object>
	<object>
		<name>motorbike</name>
		<pose>Unspecified</pose>
		<truncated>0</truncated>
		<difficult>0</difficult>
		<occluded>0</occluded>
		<bndbox>
			<xmin>85</xmin>
			<xmax>146</xmax>
			<ymin>134</ymin>
			<ymax>247</ymax>
		</bndbox>
	</object>
</annotation>
