<annotation>
	<folder></folder>
	<filename>frame_3457_jpg.rf.1ea5cf7deb4423a1f1be71afd847b7c9.jpg</filename>
	<path>frame_3457_jpg.rf.1ea5cf7deb4423a1f1be71afd847b7c9.jpg</path>
	<source>
		<database>roboflow.ai</database>
	</source>
	<size>
		<width>416</width>
		<height>416</height>
		<depth>3</depth>
	</size>
	<segmented>0</segmented>
	<object>
		<name>car</name>
		<pose>Unspecified</pose>
		<truncated>0</truncated>
		<difficult>0</difficult>
		<occluded>0</occluded>
		<bndbox>
			<xmin>82</xmin>
			<xmax>180</xmax>
			<ymin>129</ymin>
			<ymax>265</ymax>
		</bndbox>
	</object>
	<object>
		<name>car</name>
		<pose>Unspecified</pose>
		<truncated>0</truncated>
		<difficult>0</difficult>
		<occluded>0</occluded>
		<bndbox>
			<xmin>135</xmin>
			<xmax>290</xmax>
			<ymin>89</ymin>
			<ymax>292</ymax>
		</bndbox>
	</object>
</annotation>
