<annotation>
	<folder></folder>
	<filename>frame_3490_jpg.rf.f27bbbdd4d2f4948b30dbe996a6eae73.jpg</filename>
	<path>frame_3490_jpg.rf.f27bbbdd4d2f4948b30dbe996a6eae73.jpg</path>
	<source>
		<database>roboflow.ai</database>
	</source>
	<size>
		<width>416</width>
		<height>416</height>
		<depth>3</depth>
	</size>
	<segmented>0</segmented>
	<object>
		<name>motorbike</name>
		<pose>Unspecified</pose>
		<truncated>0</truncated>
		<difficult>0</difficult>
		<occluded>0</occluded>
		<bndbox>
			<xmin>49</xmin>
			<xmax>130</xmax>
			<ymin>159</ymin>
			<ymax>262</ymax>
		</bndbox>
	</object>
	<object>
		<name>bus</name>
		<pose>Unspecified</pose>
		<truncated>0</truncated>
		<difficult>0</difficult>
		<occluded>0</occluded>
		<bndbox>
			<xmin>123</xmin>
			<xmax>415</xmax>
			<ymin>0</ymin>
			<ymax>257</ymax>
		</bndbox>
	</object>
</annotation>
