<annotation>
	<folder></folder>
	<filename>frame_3488_jpg.rf.06df00fa0944472cb84b136c19a59be4.jpg</filename>
	<path>frame_3488_jpg.rf.06df00fa0944472cb84b136c19a59be4.jpg</path>
	<source>
		<database>roboflow.ai</database>
	</source>
	<size>
		<width>416</width>
		<height>416</height>
		<depth>3</depth>
	</size>
	<segmented>0</segmented>
	<object>
		<name>car</name>
		<pose>Unspecified</pose>
		<truncated>0</truncated>
		<difficult>0</difficult>
		<occluded>0</occluded>
		<bndbox>
			<xmin>182</xmin>
			<xmax>381</xmax>
			<ymin>82</ymin>
			<ymax>226</ymax>
		</bndbox>
	</object>
	<object>
		<name>minitruck</name>
		<pose>Unspecified</pose>
		<truncated>0</truncated>
		<difficult>0</difficult>
		<occluded>0</occluded>
		<bndbox>
			<xmin>9</xmin>
			<xmax>180</xmax>
			<ymin>90</ymin>
			<ymax>277</ymax>
		</bndbox>
	</object>
</annotation>
