<annotation>
	<folder></folder>
	<filename>frame_3457_jpg.rf.935b4ec099b4a53b08842d7744855780.jpg</filename>
	<path>frame_3457_jpg.rf.935b4ec099b4a53b08842d7744855780.jpg</path>
	<source>
		<database>roboflow.ai</database>
	</source>
	<size>
		<width>416</width>
		<height>416</height>
		<depth>3</depth>
	</size>
	<segmented>0</segmented>
	<object>
		<name>car</name>
		<pose>Unspecified</pose>
		<truncated>0</truncated>
		<difficult>0</difficult>
		<occluded>0</occluded>
		<bndbox>
			<xmin>238</xmin>
			<xmax>335</xmax>
			<ymin>98</ymin>
			<ymax>256</ymax>
		</bndbox>
	</object>
	<object>
		<name>car</name>
		<pose>Unspecified</pose>
		<truncated>0</truncated>
		<difficult>0</difficult>
		<occluded>0</occluded>
		<bndbox>
			<xmin>130</xmin>
			<xmax>281</xmax>
			<ymin>73</ymin>
			<ymax>309</ymax>
		</bndbox>
	</object>
</annotation>
