<annotation>
	<folder></folder>
	<filename>frame_3456_jpg.rf.a89d51d053eaa21ee90f307cdfd391d7.jpg</filename>
	<path>frame_3456_jpg.rf.a89d51d053eaa21ee90f307cdfd391d7.jpg</path>
	<source>
		<database>roboflow.ai</database>
	</source>
	<size>
		<width>416</width>
		<height>416</height>
		<depth>3</depth>
	</size>
	<segmented>0</segmented>
	<object>
		<name>car</name>
		<pose>Unspecified</pose>
		<truncated>0</truncated>
		<difficult>0</difficult>
		<occluded>0</occluded>
		<bndbox>
			<xmin>132</xmin>
			<xmax>304</xmax>
			<ymin>54</ymin>
			<ymax>350</ymax>
		</bndbox>
	</object>
</annotation>
