<annotation>
	<folder></folder>
	<filename>frame_3455_jpg.rf.a94019953e6288d27205ff1239cfb1b9.jpg</filename>
	<path>frame_3455_jpg.rf.a94019953e6288d27205ff1239cfb1b9.jpg</path>
	<source>
		<database>roboflow.ai</database>
	</source>
	<size>
		<width>416</width>
		<height>416</height>
		<depth>3</depth>
	</size>
	<segmented>0</segmented>
	<object>
		<name>car</name>
		<pose>Unspecified</pose>
		<truncated>0</truncated>
		<difficult>0</difficult>
		<occluded>0</occluded>
		<bndbox>
			<xmin>141</xmin>
			<xmax>290</xmax>
			<ymin>63</ymin>
			<ymax>303</ymax>
		</bndbox>
	</object>
	<object>
		<name>car</name>
		<pose>Unspecified</pose>
		<truncated>0</truncated>
		<difficult>0</difficult>
		<occluded>0</occluded>
		<bndbox>
			<xmin>223</xmin>
			<xmax>339</xmax>
			<ymin>98</ymin>
			<ymax>273</ymax>
		</bndbox>
	</object>
</annotation>
