<annotation>
	<folder></folder>
	<filename>frame_3485_jpg.rf.82ca638f23b0b2e82bb67a5dde1e7c79.jpg</filename>
	<path>frame_3485_jpg.rf.82ca638f23b0b2e82bb67a5dde1e7c79.jpg</path>
	<source>
		<database>roboflow.ai</database>
	</source>
	<size>
		<width>416</width>
		<height>416</height>
		<depth>3</depth>
	</size>
	<segmented>0</segmented>
	<object>
		<name>car</name>
		<pose>Unspecified</pose>
		<truncated>0</truncated>
		<difficult>0</difficult>
		<occluded>0</occluded>
		<bndbox>
			<xmin>182</xmin>
			<xmax>306</xmax>
			<ymin>123</ymin>
			<ymax>231</ymax>
		</bndbox>
	</object>
	<object>
		<name>motorbike</name>
		<pose>Unspecified</pose>
		<truncated>0</truncated>
		<difficult>0</difficult>
		<occluded>0</occluded>
		<bndbox>
			<xmin>265</xmin>
			<xmax>332</xmax>
			<ymin>123</ymin>
			<ymax>229</ymax>
		</bndbox>
	</object>
</annotation>
