<annotation>
	<folder></folder>
	<filename>frame_3480_jpg.rf.e232b2ee844dfed1d481ac6d5df1086c.jpg</filename>
	<path>frame_3480_jpg.rf.e232b2ee844dfed1d481ac6d5df1086c.jpg</path>
	<source>
		<database>roboflow.ai</database>
	</source>
	<size>
		<width>416</width>
		<height>416</height>
		<depth>3</depth>
	</size>
	<segmented>0</segmented>
	<object>
		<name>car</name>
		<pose>Unspecified</pose>
		<truncated>0</truncated>
		<difficult>0</difficult>
		<occluded>0</occluded>
		<bndbox>
			<xmin>159</xmin>
			<xmax>273</xmax>
			<ymin>140</ymin>
			<ymax>241</ymax>
		</bndbox>
	</object>
	<object>
		<name>motorbike</name>
		<pose>Unspecified</pose>
		<truncated>0</truncated>
		<difficult>0</difficult>
		<occluded>0</occluded>
		<bndbox>
			<xmin>109</xmin>
			<xmax>150</xmax>
			<ymin>170</ymin>
			<ymax>255</ymax>
		</bndbox>
	</object>
</annotation>
