<annotation>
	<folder></folder>
	<filename>frame_3469_jpg.rf.e44327c4e157d5fb41ed0d89a0074ca1.jpg</filename>
	<path>frame_3469_jpg.rf.e44327c4e157d5fb41ed0d89a0074ca1.jpg</path>
	<source>
		<database>roboflow.ai</database>
	</source>
	<size>
		<width>416</width>
		<height>416</height>
		<depth>3</depth>
	</size>
	<segmented>0</segmented>
	<object>
		<name>auto</name>
		<pose>Unspecified</pose>
		<truncated>0</truncated>
		<difficult>0</difficult>
		<occluded>0</occluded>
		<bndbox>
			<xmin>326</xmin>
			<xmax>415</xmax>
			<ymin>182</ymin>
			<ymax>340</ymax>
		</bndbox>
	</object>
	<object>
		<name>motorbike</name>
		<pose>Unspecified</pose>
		<truncated>0</truncated>
		<difficult>0</difficult>
		<occluded>0</occluded>
		<bndbox>
			<xmin>121</xmin>
			<xmax>212</xmax>
			<ymin>120</ymin>
			<ymax>332</ymax>
		</bndbox>
	</object>
</annotation>
