<annotation>
	<folder></folder>
	<filename>frame_3470_jpg.rf.34bcaf358e4aa85c4930bbfdbb21968c.jpg</filename>
	<path>frame_3470_jpg.rf.34bcaf358e4aa85c4930bbfdbb21968c.jpg</path>
	<source>
		<database>roboflow.ai</database>
	</source>
	<size>
		<width>416</width>
		<height>416</height>
		<depth>3</depth>
	</size>
	<segmented>0</segmented>
	<object>
		<name>motorbike</name>
		<pose>Unspecified</pose>
		<truncated>0</truncated>
		<difficult>0</difficult>
		<occluded>0</occluded>
		<bndbox>
			<xmin>155</xmin>
			<xmax>275</xmax>
			<ymin>161</ymin>
			<ymax>348</ymax>
		</bndbox>
	</object>
	<object>
		<name>motorbike</name>
		<pose>Unspecified</pose>
		<truncated>0</truncated>
		<difficult>0</difficult>
		<occluded>0</occluded>
		<bndbox>
			<xmin>102</xmin>
			<xmax>222</xmax>
			<ymin>156</ymin>
			<ymax>343</ymax>
		</bndbox>
	</object>
	<object>
		<name>auto</name>
		<pose>Unspecified</pose>
		<truncated>0</truncated>
		<difficult>0</difficult>
		<occluded>0</occluded>
		<bndbox>
			<xmin>75</xmin>
			<xmax>235</xmax>
			<ymin>141</ymin>
			<ymax>292</ymax>
		</bndbox>
	</object>
	<object>
		<name>auto</name>
		<pose>Unspecified</pose>
		<truncated>0</truncated>
		<difficult>0</difficult>
		<occluded>0</occluded>
		<bndbox>
			<xmin>237</xmin>
			<xmax>386</xmax>
			<ymin>150</ymin>
			<ymax>319</ymax>
		</bndbox>
	</object>
</annotation>
