<annotation>
	<folder></folder>
	<filename>frame_3457_jpg.rf.3b7df0c211a972b7e8f43ee4e0628576.jpg</filename>
	<path>frame_3457_jpg.rf.3b7df0c211a972b7e8f43ee4e0628576.jpg</path>
	<source>
		<database>roboflow.ai</database>
	</source>
	<size>
		<width>416</width>
		<height>416</height>
		<depth>3</depth>
	</size>
	<segmented>0</segmented>
	<object>
		<name>car</name>
		<pose>Unspecified</pose>
		<truncated>0</truncated>
		<difficult>0</difficult>
		<occluded>0</occluded>
		<bndbox>
			<xmin>78</xmin>
			<xmax>180</xmax>
			<ymin>155</ymin>
			<ymax>309</ymax>
		</bndbox>
	</object>
	<object>
		<name>car</name>
		<pose>Unspecified</pose>
		<truncated>0</truncated>
		<difficult>0</difficult>
		<occluded>0</occluded>
		<bndbox>
			<xmin>124</xmin>
			<xmax>283</xmax>
			<ymin>76</ymin>
			<ymax>307</ymax>
		</bndbox>
	</object>
</annotation>
