<annotation>
	<folder></folder>
	<filename>frame_3476_jpg.rf.74869cd312cb76b12ba27f1a5aaca413.jpg</filename>
	<path>frame_3476_jpg.rf.74869cd312cb76b12ba27f1a5aaca413.jpg</path>
	<source>
		<database>roboflow.ai</database>
	</source>
	<size>
		<width>416</width>
		<height>416</height>
		<depth>3</depth>
	</size>
	<segmented>0</segmented>
	<object>
		<name>motorbike</name>
		<pose>Unspecified</pose>
		<truncated>0</truncated>
		<difficult>0</difficult>
		<occluded>0</occluded>
		<bndbox>
			<xmin>13</xmin>
			<xmax>103</xmax>
			<ymin>117</ymin>
			<ymax>250</ymax>
		</bndbox>
	</object>
	<object>
		<name>bus</name>
		<pose>Unspecified</pose>
		<truncated>0</truncated>
		<difficult>0</difficult>
		<occluded>0</occluded>
		<bndbox>
			<xmin>124</xmin>
			<xmax>415</xmax>
			<ymin>16</ymin>
			<ymax>336</ymax>
		</bndbox>
	</object>
	<object>
		<name>auto</name>
		<pose>Unspecified</pose>
		<truncated>0</truncated>
		<difficult>0</difficult>
		<occluded>0</occluded>
		<bndbox>
			<xmin>325</xmin>
			<xmax>415</xmax>
			<ymin>172</ymin>
			<ymax>355</ymax>
		</bndbox>
	</object>
</annotation>
