<annotation>
	<folder></folder>
	<filename>frame_3472_jpg.rf.dcd9c8d0467849deb76cb4c3b02c511f.jpg</filename>
	<path>frame_3472_jpg.rf.dcd9c8d0467849deb76cb4c3b02c511f.jpg</path>
	<source>
		<database>roboflow.ai</database>
	</source>
	<size>
		<width>416</width>
		<height>416</height>
		<depth>3</depth>
	</size>
	<segmented>0</segmented>
	<object>
		<name>auto</name>
		<pose>Unspecified</pose>
		<truncated>0</truncated>
		<difficult>0</difficult>
		<occluded>0</occluded>
		<bndbox>
			<xmin>156</xmin>
			<xmax>335</xmax>
			<ymin>154</ymin>
			<ymax>320</ymax>
		</bndbox>
	</object>
	<object>
		<name>motorbike</name>
		<pose>Unspecified</pose>
		<truncated>0</truncated>
		<difficult>0</difficult>
		<occluded>0</occluded>
		<bndbox>
			<xmin>6</xmin>
			<xmax>95</xmax>
			<ymin>137</ymin>
			<ymax>267</ymax>
		</bndbox>
	</object>
</annotation>
