<annotation>
	<folder></folder>
	<filename>frame_3480_jpg.rf.cbb60af2575f2fed17506316b00a7c7b.jpg</filename>
	<path>frame_3480_jpg.rf.cbb60af2575f2fed17506316b00a7c7b.jpg</path>
	<source>
		<database>roboflow.ai</database>
	</source>
	<size>
		<width>416</width>
		<height>416</height>
		<depth>3</depth>
	</size>
	<segmented>0</segmented>
	<object>
		<name>car</name>
		<pose>Unspecified</pose>
		<truncated>0</truncated>
		<difficult>0</difficult>
		<occluded>0</occluded>
		<bndbox>
			<xmin>157</xmin>
			<xmax>283</xmax>
			<ymin>141</ymin>
			<ymax>244</ymax>
		</bndbox>
	</object>
	<object>
		<name>motorbike</name>
		<pose>Unspecified</pose>
		<truncated>0</truncated>
		<difficult>0</difficult>
		<occluded>0</occluded>
		<bndbox>
			<xmin>114</xmin>
			<xmax>162</xmax>
			<ymin>148</ymin>
			<ymax>232</ymax>
		</bndbox>
	</object>
</annotation>
