<annotation>
	<folder></folder>
	<filename>frame_3456_jpg.rf.04b50d5254f535f4037744ca892cd21f.jpg</filename>
	<path>frame_3456_jpg.rf.04b50d5254f535f4037744ca892cd21f.jpg</path>
	<source>
		<database>roboflow.ai</database>
	</source>
	<size>
		<width>416</width>
		<height>416</height>
		<depth>3</depth>
	</size>
	<segmented>0</segmented>
	<object>
		<name>car</name>
		<pose>Unspecified</pose>
		<truncated>0</truncated>
		<difficult>0</difficult>
		<occluded>0</occluded>
		<bndbox>
			<xmin>108</xmin>
			<xmax>291</xmax>
			<ymin>51</ymin>
			<ymax>356</ymax>
		</bndbox>
	</object>
</annotation>
