<annotation>
	<folder></folder>
	<filename>frame_3496_jpg.rf.c06d0140775f11e12b03835e8b1ab9e0.jpg</filename>
	<path>frame_3496_jpg.rf.c06d0140775f11e12b03835e8b1ab9e0.jpg</path>
	<source>
		<database>roboflow.ai</database>
	</source>
	<size>
		<width>416</width>
		<height>416</height>
		<depth>3</depth>
	</size>
	<segmented>0</segmented>
	<object>
		<name>car</name>
		<pose>Unspecified</pose>
		<truncated>0</truncated>
		<difficult>0</difficult>
		<occluded>0</occluded>
		<bndbox>
			<xmin>144</xmin>
			<xmax>337</xmax>
			<ymin>182</ymin>
			<ymax>415</ymax>
		</bndbox>
	</object>
	<object>
		<name>motorbike</name>
		<pose>Unspecified</pose>
		<truncated>0</truncated>
		<difficult>0</difficult>
		<occluded>0</occluded>
		<bndbox>
			<xmin>53</xmin>
			<xmax>187</xmax>
			<ymin>142</ymin>
			<ymax>406</ymax>
		</bndbox>
	</object>
	<object>
		<name>truck</name>
		<pose>Unspecified</pose>
		<truncated>0</truncated>
		<difficult>0</difficult>
		<occluded>0</occluded>
		<bndbox>
			<xmin>60</xmin>
			<xmax>220</xmax>
			<ymin>109</ymin>
			<ymax>291</ymax>
		</bndbox>
	</object>
</annotation>
