<annotation>
	<folder></folder>
	<filename>frame_3489_jpg.rf.92d715d52c9e638538e5ec80940db97a.jpg</filename>
	<path>frame_3489_jpg.rf.92d715d52c9e638538e5ec80940db97a.jpg</path>
	<source>
		<database>roboflow.ai</database>
	</source>
	<size>
		<width>416</width>
		<height>416</height>
		<depth>3</depth>
	</size>
	<segmented>0</segmented>
	<object>
		<name>minitruck</name>
		<pose>Unspecified</pose>
		<truncated>0</truncated>
		<difficult>0</difficult>
		<occluded>0</occluded>
		<bndbox>
			<xmin>211</xmin>
			<xmax>358</xmax>
			<ymin>112</ymin>
			<ymax>245</ymax>
		</bndbox>
	</object>
	<object>
		<name>car</name>
		<pose>Unspecified</pose>
		<truncated>0</truncated>
		<difficult>0</difficult>
		<occluded>0</occluded>
		<bndbox>
			<xmin>151</xmin>
			<xmax>242</xmax>
			<ymin>113</ymin>
			<ymax>234</ymax>
		</bndbox>
	</object>
</annotation>
