<annotation>
	<folder></folder>
	<filename>frame_3493_jpg.rf.a951b40a9e27da2110b581c972190694.jpg</filename>
	<path>frame_3493_jpg.rf.a951b40a9e27da2110b581c972190694.jpg</path>
	<source>
		<database>roboflow.ai</database>
	</source>
	<size>
		<width>416</width>
		<height>416</height>
		<depth>3</depth>
	</size>
	<segmented>0</segmented>
	<object>
		<name>van</name>
		<pose>Unspecified</pose>
		<truncated>0</truncated>
		<difficult>0</difficult>
		<occluded>0</occluded>
		<bndbox>
			<xmin>332</xmin>
			<xmax>415</xmax>
			<ymin>213</ymin>
			<ymax>347</ymax>
		</bndbox>
	</object>
</annotation>
