<annotation>
	<folder></folder>
	<filename>frame_3498_jpg.rf.ab905096ffb542d1cceaad9d07a9539f.jpg</filename>
	<path>frame_3498_jpg.rf.ab905096ffb542d1cceaad9d07a9539f.jpg</path>
	<source>
		<database>roboflow.ai</database>
	</source>
	<size>
		<width>416</width>
		<height>416</height>
		<depth>3</depth>
	</size>
	<segmented>0</segmented>
	<object>
		<name>car</name>
		<pose>Unspecified</pose>
		<truncated>0</truncated>
		<difficult>0</difficult>
		<occluded>0</occluded>
		<bndbox>
			<xmin>122</xmin>
			<xmax>216</xmax>
			<ymin>219</ymin>
			<ymax>366</ymax>
		</bndbox>
	</object>
	<object>
		<name>car</name>
		<pose>Unspecified</pose>
		<truncated>0</truncated>
		<difficult>0</difficult>
		<occluded>0</occluded>
		<bndbox>
			<xmin>212</xmin>
			<xmax>375</xmax>
			<ymin>231</ymin>
			<ymax>412</ymax>
		</bndbox>
	</object>
	<object>
		<name>truck</name>
		<pose>Unspecified</pose>
		<truncated>0</truncated>
		<difficult>0</difficult>
		<occluded>0</occluded>
		<bndbox>
			<xmin>179</xmin>
			<xmax>261</xmax>
			<ymin>178</ymin>
			<ymax>326</ymax>
		</bndbox>
	</object>
</annotation>
