<annotation>
	<folder></folder>
	<filename>frame_3448_jpg.rf.51c9024c3ba7283f6c896c3f39760616.jpg</filename>
	<path>frame_3448_jpg.rf.51c9024c3ba7283f6c896c3f39760616.jpg</path>
	<source>
		<database>roboflow.ai</database>
	</source>
	<size>
		<width>416</width>
		<height>416</height>
		<depth>3</depth>
	</size>
	<segmented>0</segmented>
	<object>
		<name>car</name>
		<pose>Unspecified</pose>
		<truncated>0</truncated>
		<difficult>0</difficult>
		<occluded>0</occluded>
		<bndbox>
			<xmin>174</xmin>
			<xmax>291</xmax>
			<ymin>228</ymin>
			<ymax>414</ymax>
		</bndbox>
	</object>
	<object>
		<name>van</name>
		<pose>Unspecified</pose>
		<truncated>0</truncated>
		<difficult>0</difficult>
		<occluded>0</occluded>
		<bndbox>
			<xmin>127</xmin>
			<xmax>202</xmax>
			<ymin>153</ymin>
			<ymax>250</ymax>
		</bndbox>
	</object>
	<object>
		<name>car</name>
		<pose>Unspecified</pose>
		<truncated>0</truncated>
		<difficult>0</difficult>
		<occluded>0</occluded>
		<bndbox>
			<xmin>27</xmin>
			<xmax>108</xmax>
			<ymin>136</ymin>
			<ymax>261</ymax>
		</bndbox>
	</object>
</annotation>
