<annotation>
	<folder></folder>
	<filename>frame_3485_jpg.rf.cbb93a4fd5af5dc3caea6fc385995d88.jpg</filename>
	<path>frame_3485_jpg.rf.cbb93a4fd5af5dc3caea6fc385995d88.jpg</path>
	<source>
		<database>roboflow.ai</database>
	</source>
	<size>
		<width>416</width>
		<height>416</height>
		<depth>3</depth>
	</size>
	<segmented>0</segmented>
	<object>
		<name>car</name>
		<pose>Unspecified</pose>
		<truncated>0</truncated>
		<difficult>0</difficult>
		<occluded>0</occluded>
		<bndbox>
			<xmin>186</xmin>
			<xmax>306</xmax>
			<ymin>129</ymin>
			<ymax>245</ymax>
		</bndbox>
	</object>
	<object>
		<name>motorbike</name>
		<pose>Unspecified</pose>
		<truncated>0</truncated>
		<difficult>0</difficult>
		<occluded>0</occluded>
		<bndbox>
			<xmin>271</xmin>
			<xmax>331</xmax>
			<ymin>140</ymin>
			<ymax>261</ymax>
		</bndbox>
	</object>
</annotation>
