<annotation>
	<folder></folder>
	<filename>frame_3450_jpg.rf.b34ff14fd2ced17a2a5264eee3a8fdc0.jpg</filename>
	<path>frame_3450_jpg.rf.b34ff14fd2ced17a2a5264eee3a8fdc0.jpg</path>
	<source>
		<database>roboflow.ai</database>
	</source>
	<size>
		<width>416</width>
		<height>416</height>
		<depth>3</depth>
	</size>
	<segmented>0</segmented>
	<object>
		<name>car</name>
		<pose>Unspecified</pose>
		<truncated>0</truncated>
		<difficult>0</difficult>
		<occluded>0</occluded>
		<bndbox>
			<xmin>110</xmin>
			<xmax>280</xmax>
			<ymin>242</ymin>
			<ymax>415</ymax>
		</bndbox>
	</object>
	<object>
		<name>car</name>
		<pose>Unspecified</pose>
		<truncated>0</truncated>
		<difficult>0</difficult>
		<occluded>0</occluded>
		<bndbox>
			<xmin>227</xmin>
			<xmax>289</xmax>
			<ymin>249</ymin>
			<ymax>333</ymax>
		</bndbox>
	</object>
</annotation>
