<annotation>
	<folder></folder>
	<filename>frame_3474_jpg.rf.e21fe0629014b3238b534411028d2949.jpg</filename>
	<path>frame_3474_jpg.rf.e21fe0629014b3238b534411028d2949.jpg</path>
	<source>
		<database>roboflow.ai</database>
	</source>
	<size>
		<width>416</width>
		<height>416</height>
		<depth>3</depth>
	</size>
	<segmented>0</segmented>
	<object>
		<name>auto</name>
		<pose>Unspecified</pose>
		<truncated>0</truncated>
		<difficult>0</difficult>
		<occluded>0</occluded>
		<bndbox>
			<xmin>203</xmin>
			<xmax>415</xmax>
			<ymin>85</ymin>
			<ymax>340</ymax>
		</bndbox>
	</object>
	<object>
		<name>motorbike</name>
		<pose>Unspecified</pose>
		<truncated>0</truncated>
		<difficult>0</difficult>
		<occluded>0</occluded>
		<bndbox>
			<xmin>81</xmin>
			<xmax>173</xmax>
			<ymin>165</ymin>
			<ymax>309</ymax>
		</bndbox>
	</object>
</annotation>
