<annotation>
	<folder></folder>
	<filename>frame_3490_jpg.rf.90cdbad4f1f7812a499f4a4edae22525.jpg</filename>
	<path>frame_3490_jpg.rf.90cdbad4f1f7812a499f4a4edae22525.jpg</path>
	<source>
		<database>roboflow.ai</database>
	</source>
	<size>
		<width>416</width>
		<height>416</height>
		<depth>3</depth>
	</size>
	<segmented>0</segmented>
	<object>
		<name>motorbike</name>
		<pose>Unspecified</pose>
		<truncated>0</truncated>
		<difficult>0</difficult>
		<occluded>0</occluded>
		<bndbox>
			<xmin>278</xmin>
			<xmax>358</xmax>
			<ymin>105</ymin>
			<ymax>207</ymax>
		</bndbox>
	</object>
	<object>
		<name>bus</name>
		<pose>Unspecified</pose>
		<truncated>0</truncated>
		<difficult>0</difficult>
		<occluded>0</occluded>
		<bndbox>
			<xmin>0</xmin>
			<xmax>271</xmax>
			<ymin>23</ymin>
			<ymax>296</ymax>
		</bndbox>
	</object>
</annotation>
