<annotation>
	<folder></folder>
	<filename>frame_3489_jpg.rf.72d6761b56b17f292ccf55f2cbfb48f7.jpg</filename>
	<path>frame_3489_jpg.rf.72d6761b56b17f292ccf55f2cbfb48f7.jpg</path>
	<source>
		<database>roboflow.ai</database>
	</source>
	<size>
		<width>416</width>
		<height>416</height>
		<depth>3</depth>
	</size>
	<segmented>0</segmented>
	<object>
		<name>minitruck</name>
		<pose>Unspecified</pose>
		<truncated>0</truncated>
		<difficult>0</difficult>
		<occluded>0</occluded>
		<bndbox>
			<xmin>227</xmin>
			<xmax>371</xmax>
			<ymin>99</ymin>
			<ymax>225</ymax>
		</bndbox>
	</object>
	<object>
		<name>car</name>
		<pose>Unspecified</pose>
		<truncated>0</truncated>
		<difficult>0</difficult>
		<occluded>0</occluded>
		<bndbox>
			<xmin>163</xmin>
			<xmax>252</xmax>
			<ymin>118</ymin>
			<ymax>231</ymax>
		</bndbox>
	</object>
</annotation>
