<annotation>
	<folder></folder>
	<filename>frame_3490_jpg.rf.d617011faf499f808fe8feb05243b236.jpg</filename>
	<path>frame_3490_jpg.rf.d617011faf499f808fe8feb05243b236.jpg</path>
	<source>
		<database>roboflow.ai</database>
	</source>
	<size>
		<width>416</width>
		<height>416</height>
		<depth>3</depth>
	</size>
	<segmented>0</segmented>
	<object>
		<name>motorbike</name>
		<pose>Unspecified</pose>
		<truncated>0</truncated>
		<difficult>0</difficult>
		<occluded>0</occluded>
		<bndbox>
			<xmin>53</xmin>
			<xmax>130</xmax>
			<ymin>149</ymin>
			<ymax>244</ymax>
		</bndbox>
	</object>
	<object>
		<name>bus</name>
		<pose>Unspecified</pose>
		<truncated>0</truncated>
		<difficult>0</difficult>
		<occluded>0</occluded>
		<bndbox>
			<xmin>130</xmin>
			<xmax>415</xmax>
			<ymin>10</ymin>
			<ymax>250</ymax>
		</bndbox>
	</object>
</annotation>
