<annotation>
	<folder></folder>
	<filename>frame_3452_jpg.rf.b416380f13c6c81b1336d31366901c1a.jpg</filename>
	<path>frame_3452_jpg.rf.b416380f13c6c81b1336d31366901c1a.jpg</path>
	<source>
		<database>roboflow.ai</database>
	</source>
	<size>
		<width>416</width>
		<height>416</height>
		<depth>3</depth>
	</size>
	<segmented>0</segmented>
	<object>
		<name>van</name>
		<pose>Unspecified</pose>
		<truncated>0</truncated>
		<difficult>0</difficult>
		<occluded>0</occluded>
		<bndbox>
			<xmin>190</xmin>
			<xmax>285</xmax>
			<ymin>88</ymin>
			<ymax>283</ymax>
		</bndbox>
	</object>
	<object>
		<name>motorbike</name>
		<pose>Unspecified</pose>
		<truncated>0</truncated>
		<difficult>0</difficult>
		<occluded>0</occluded>
		<bndbox>
			<xmin>279</xmin>
			<xmax>331</xmax>
			<ymin>80</ymin>
			<ymax>311</ymax>
		</bndbox>
	</object>
	<object>
		<name>motorbike</name>
		<pose>Unspecified</pose>
		<truncated>0</truncated>
		<difficult>0</difficult>
		<occluded>0</occluded>
		<bndbox>
			<xmin>347</xmin>
			<xmax>399</xmax>
			<ymin>89</ymin>
			<ymax>320</ymax>
		</bndbox>
	</object>
</annotation>
