<annotation>
	<folder></folder>
	<filename>frame_3473_jpg.rf.76119bf81c816ff6bc875fce6900e830.jpg</filename>
	<path>frame_3473_jpg.rf.76119bf81c816ff6bc875fce6900e830.jpg</path>
	<source>
		<database>roboflow.ai</database>
	</source>
	<size>
		<width>416</width>
		<height>416</height>
		<depth>3</depth>
	</size>
	<segmented>0</segmented>
	<object>
		<name>minitruck</name>
		<pose>Unspecified</pose>
		<truncated>0</truncated>
		<difficult>0</difficult>
		<occluded>0</occluded>
		<bndbox>
			<xmin>206</xmin>
			<xmax>363</xmax>
			<ymin>143</ymin>
			<ymax>311</ymax>
		</bndbox>
	</object>
	<object>
		<name>motorbike</name>
		<pose>Unspecified</pose>
		<truncated>0</truncated>
		<difficult>0</difficult>
		<occluded>0</occluded>
		<bndbox>
			<xmin>62</xmin>
			<xmax>169</xmax>
			<ymin>138</ymin>
			<ymax>308</ymax>
		</bndbox>
	</object>
	<object>
		<name>auto</name>
		<pose>Unspecified</pose>
		<truncated>0</truncated>
		<difficult>0</difficult>
		<occluded>0</occluded>
		<bndbox>
			<xmin>3</xmin>
			<xmax>167</xmax>
			<ymin>111</ymin>
			<ymax>314</ymax>
		</bndbox>
	</object>
</annotation>
