<annotation>
	<folder></folder>
	<filename>frame_3490_jpg.rf.396aea302249cbe6854a349f2e2f2dd7.jpg</filename>
	<path>frame_3490_jpg.rf.396aea302249cbe6854a349f2e2f2dd7.jpg</path>
	<source>
		<database>roboflow.ai</database>
	</source>
	<size>
		<width>416</width>
		<height>416</height>
		<depth>3</depth>
	</size>
	<segmented>0</segmented>
	<object>
		<name>motorbike</name>
		<pose>Unspecified</pose>
		<truncated>0</truncated>
		<difficult>0</difficult>
		<occluded>0</occluded>
		<bndbox>
			<xmin>289</xmin>
			<xmax>367</xmax>
			<ymin>162</ymin>
			<ymax>268</ymax>
		</bndbox>
	</object>
	<object>
		<name>bus</name>
		<pose>Unspecified</pose>
		<truncated>0</truncated>
		<difficult>0</difficult>
		<occluded>0</occluded>
		<bndbox>
			<xmin>0</xmin>
			<xmax>295</xmax>
			<ymin>0</ymin>
			<ymax>259</ymax>
		</bndbox>
	</object>
</annotation>
