<annotation>
	<folder></folder>
	<filename>frame_3481_jpg.rf.8a4c3dfcd11cffa5ec70a5d91c4c59f4.jpg</filename>
	<path>frame_3481_jpg.rf.8a4c3dfcd11cffa5ec70a5d91c4c59f4.jpg</path>
	<source>
		<database>roboflow.ai</database>
	</source>
	<size>
		<width>416</width>
		<height>416</height>
		<depth>3</depth>
	</size>
	<segmented>0</segmented>
	<object>
		<name>motorbike</name>
		<pose>Unspecified</pose>
		<truncated>0</truncated>
		<difficult>0</difficult>
		<occluded>0</occluded>
		<bndbox>
			<xmin>37</xmin>
			<xmax>93</xmax>
			<ymin>120</ymin>
			<ymax>212</ymax>
		</bndbox>
	</object>
	<object>
		<name>auto</name>
		<pose>Unspecified</pose>
		<truncated>0</truncated>
		<difficult>0</difficult>
		<occluded>0</occluded>
		<bndbox>
			<xmin>126</xmin>
			<xmax>232</xmax>
			<ymin>110</ymin>
			<ymax>238</ymax>
		</bndbox>
	</object>
	<object>
		<name>car</name>
		<pose>Unspecified</pose>
		<truncated>0</truncated>
		<difficult>0</difficult>
		<occluded>0</occluded>
		<bndbox>
			<xmin>226</xmin>
			<xmax>339</xmax>
			<ymin>129</ymin>
			<ymax>218</ymax>
		</bndbox>
	</object>
	<object>
		<name>motorbike</name>
		<pose>Unspecified</pose>
		<truncated>0</truncated>
		<difficult>0</difficult>
		<occluded>0</occluded>
		<bndbox>
			<xmin>338</xmin>
			<xmax>385</xmax>
			<ymin>126</ymin>
			<ymax>232</ymax>
		</bndbox>
	</object>
</annotation>
