<annotation>
	<folder></folder>
	<filename>frame_3457_jpg.rf.0b87801419df1971bdb9fa27238326f7.jpg</filename>
	<path>frame_3457_jpg.rf.0b87801419df1971bdb9fa27238326f7.jpg</path>
	<source>
		<database>roboflow.ai</database>
	</source>
	<size>
		<width>416</width>
		<height>416</height>
		<depth>3</depth>
	</size>
	<segmented>0</segmented>
	<object>
		<name>car</name>
		<pose>Unspecified</pose>
		<truncated>0</truncated>
		<difficult>0</difficult>
		<occluded>0</occluded>
		<bndbox>
			<xmin>73</xmin>
			<xmax>183</xmax>
			<ymin>152</ymin>
			<ymax>291</ymax>
		</bndbox>
	</object>
	<object>
		<name>car</name>
		<pose>Unspecified</pose>
		<truncated>0</truncated>
		<difficult>0</difficult>
		<occluded>0</occluded>
		<bndbox>
			<xmin>120</xmin>
			<xmax>291</xmax>
			<ymin>87</ymin>
			<ymax>296</ymax>
		</bndbox>
	</object>
</annotation>
