<annotation>
	<folder></folder>
	<filename>frame_3495_jpg.rf.e52e654e4aeb62fc0fd29b320811c490.jpg</filename>
	<path>frame_3495_jpg.rf.e52e654e4aeb62fc0fd29b320811c490.jpg</path>
	<source>
		<database>roboflow.ai</database>
	</source>
	<size>
		<width>416</width>
		<height>416</height>
		<depth>3</depth>
	</size>
	<segmented>0</segmented>
	<object>
		<name>car</name>
		<pose>Unspecified</pose>
		<truncated>0</truncated>
		<difficult>0</difficult>
		<occluded>0</occluded>
		<bndbox>
			<xmin>109</xmin>
			<xmax>250</xmax>
			<ymin>189</ymin>
			<ymax>390</ymax>
		</bndbox>
	</object>
	<object>
		<name>motorbike</name>
		<pose>Unspecified</pose>
		<truncated>0</truncated>
		<difficult>0</difficult>
		<occluded>0</occluded>
		<bndbox>
			<xmin>0</xmin>
			<xmax>74</xmax>
			<ymin>225</ymin>
			<ymax>415</ymax>
		</bndbox>
	</object>
	<object>
		<name>minitruck</name>
		<pose>Unspecified</pose>
		<truncated>0</truncated>
		<difficult>0</difficult>
		<occluded>0</occluded>
		<bndbox>
			<xmin>226</xmin>
			<xmax>415</xmax>
			<ymin>83</ymin>
			<ymax>392</ymax>
		</bndbox>
	</object>
</annotation>
