<annotation>
	<folder></folder>
	<filename>frame_3491_jpg.rf.834c80b61e3f769f445945cac2d7be4b.jpg</filename>
	<path>frame_3491_jpg.rf.834c80b61e3f769f445945cac2d7be4b.jpg</path>
	<source>
		<database>roboflow.ai</database>
	</source>
	<size>
		<width>416</width>
		<height>416</height>
		<depth>3</depth>
	</size>
	<segmented>0</segmented>
	<object>
		<name>car</name>
		<pose>Unspecified</pose>
		<truncated>0</truncated>
		<difficult>0</difficult>
		<occluded>0</occluded>
		<bndbox>
			<xmin>10</xmin>
			<xmax>132</xmax>
			<ymin>103</ymin>
			<ymax>201</ymax>
		</bndbox>
	</object>
	<object>
		<name>car</name>
		<pose>Unspecified</pose>
		<truncated>0</truncated>
		<difficult>0</difficult>
		<occluded>0</occluded>
		<bndbox>
			<xmin>134</xmin>
			<xmax>302</xmax>
			<ymin>113</ymin>
			<ymax>261</ymax>
		</bndbox>
	</object>
</annotation>
