<annotation>
	<folder></folder>
	<filename>frame_3495_jpg.rf.04f12a3cbfb0125febfb798791d4a1f4.jpg</filename>
	<path>frame_3495_jpg.rf.04f12a3cbfb0125febfb798791d4a1f4.jpg</path>
	<source>
		<database>roboflow.ai</database>
	</source>
	<size>
		<width>416</width>
		<height>416</height>
		<depth>3</depth>
	</size>
	<segmented>0</segmented>
	<object>
		<name>car</name>
		<pose>Unspecified</pose>
		<truncated>0</truncated>
		<difficult>0</difficult>
		<occluded>0</occluded>
		<bndbox>
			<xmin>170</xmin>
			<xmax>294</xmax>
			<ymin>195</ymin>
			<ymax>381</ymax>
		</bndbox>
	</object>
	<object>
		<name>motorbike</name>
		<pose>Unspecified</pose>
		<truncated>0</truncated>
		<difficult>0</difficult>
		<occluded>0</occluded>
		<bndbox>
			<xmin>343</xmin>
			<xmax>407</xmax>
			<ymin>217</ymin>
			<ymax>392</ymax>
		</bndbox>
	</object>
	<object>
		<name>minitruck</name>
		<pose>Unspecified</pose>
		<truncated>0</truncated>
		<difficult>0</difficult>
		<occluded>0</occluded>
		<bndbox>
			<xmin>0</xmin>
			<xmax>176</xmax>
			<ymin>109</ymin>
			<ymax>392</ymax>
		</bndbox>
	</object>
</annotation>
