<annotation>
	<folder></folder>
	<filename>frame_3451_jpg.rf.182d9f61b0524d289f219ca18ee0eb2f.jpg</filename>
	<path>frame_3451_jpg.rf.182d9f61b0524d289f219ca18ee0eb2f.jpg</path>
	<source>
		<database>roboflow.ai</database>
	</source>
	<size>
		<width>416</width>
		<height>416</height>
		<depth>3</depth>
	</size>
	<segmented>0</segmented>
	<object>
		<name>car</name>
		<pose>Unspecified</pose>
		<truncated>0</truncated>
		<difficult>0</difficult>
		<occluded>0</occluded>
		<bndbox>
			<xmin>169</xmin>
			<xmax>256</xmax>
			<ymin>261</ymin>
			<ymax>376</ymax>
		</bndbox>
	</object>
</annotation>
