<annotation>
	<folder></folder>
	<filename>frame_3455_jpg.rf.d6c82c468b08b8f141fb5a2c00f7d2a4.jpg</filename>
	<path>frame_3455_jpg.rf.d6c82c468b08b8f141fb5a2c00f7d2a4.jpg</path>
	<source>
		<database>roboflow.ai</database>
	</source>
	<size>
		<width>416</width>
		<height>416</height>
		<depth>3</depth>
	</size>
	<segmented>0</segmented>
	<object>
		<name>car</name>
		<pose>Unspecified</pose>
		<truncated>0</truncated>
		<difficult>0</difficult>
		<occluded>0</occluded>
		<bndbox>
			<xmin>146</xmin>
			<xmax>272</xmax>
			<ymin>54</ymin>
			<ymax>313</ymax>
		</bndbox>
	</object>
	<object>
		<name>car</name>
		<pose>Unspecified</pose>
		<truncated>0</truncated>
		<difficult>0</difficult>
		<occluded>0</occluded>
		<bndbox>
			<xmin>91</xmin>
			<xmax>190</xmax>
			<ymin>112</ymin>
			<ymax>300</ymax>
		</bndbox>
	</object>
</annotation>
