<annotation>
	<folder></folder>
	<filename>frame_3498_jpg.rf.738a7146471a38c0f35c009629673bc1.jpg</filename>
	<path>frame_3498_jpg.rf.738a7146471a38c0f35c009629673bc1.jpg</path>
	<source>
		<database>roboflow.ai</database>
	</source>
	<size>
		<width>416</width>
		<height>416</height>
		<depth>3</depth>
	</size>
	<segmented>0</segmented>
	<object>
		<name>car</name>
		<pose>Unspecified</pose>
		<truncated>0</truncated>
		<difficult>0</difficult>
		<occluded>0</occluded>
		<bndbox>
			<xmin>198</xmin>
			<xmax>283</xmax>
			<ymin>223</ymin>
			<ymax>362</ymax>
		</bndbox>
	</object>
	<object>
		<name>car</name>
		<pose>Unspecified</pose>
		<truncated>0</truncated>
		<difficult>0</difficult>
		<occluded>0</occluded>
		<bndbox>
			<xmin>35</xmin>
			<xmax>185</xmax>
			<ymin>235</ymin>
			<ymax>412</ymax>
		</bndbox>
	</object>
	<object>
		<name>truck</name>
		<pose>Unspecified</pose>
		<truncated>0</truncated>
		<difficult>0</difficult>
		<occluded>0</occluded>
		<bndbox>
			<xmin>155</xmin>
			<xmax>228</xmax>
			<ymin>182</ymin>
			<ymax>323</ymax>
		</bndbox>
	</object>
</annotation>
