<annotation>
	<folder></folder>
	<filename>frame_3455_jpg.rf.e566928394994d064e018ad6e1457d2d.jpg</filename>
	<path>frame_3455_jpg.rf.e566928394994d064e018ad6e1457d2d.jpg</path>
	<source>
		<database>roboflow.ai</database>
	</source>
	<size>
		<width>416</width>
		<height>416</height>
		<depth>3</depth>
	</size>
	<segmented>0</segmented>
	<object>
		<name>car</name>
		<pose>Unspecified</pose>
		<truncated>0</truncated>
		<difficult>0</difficult>
		<occluded>0</occluded>
		<bndbox>
			<xmin>133</xmin>
			<xmax>293</xmax>
			<ymin>64</ymin>
			<ymax>303</ymax>
		</bndbox>
	</object>
	<object>
		<name>car</name>
		<pose>Unspecified</pose>
		<truncated>0</truncated>
		<difficult>0</difficult>
		<occluded>0</occluded>
		<bndbox>
			<xmin>83</xmin>
			<xmax>206</xmax>
			<ymin>94</ymin>
			<ymax>270</ymax>
		</bndbox>
	</object>
</annotation>
