<annotation>
	<folder></folder>
	<filename>frame_3497_jpg.rf.78cf2ec49e4e9810ed271eb65a27f334.jpg</filename>
	<path>frame_3497_jpg.rf.78cf2ec49e4e9810ed271eb65a27f334.jpg</path>
	<source>
		<database>roboflow.ai</database>
	</source>
	<size>
		<width>416</width>
		<height>416</height>
		<depth>3</depth>
	</size>
	<segmented>0</segmented>
	<object>
		<name>car</name>
		<pose>Unspecified</pose>
		<truncated>0</truncated>
		<difficult>0</difficult>
		<occluded>0</occluded>
		<bndbox>
			<xmin>127</xmin>
			<xmax>228</xmax>
			<ymin>200</ymin>
			<ymax>335</ymax>
		</bndbox>
	</object>
	<object>
		<name>van</name>
		<pose>Unspecified</pose>
		<truncated>0</truncated>
		<difficult>0</difficult>
		<occluded>0</occluded>
		<bndbox>
			<xmin>214</xmin>
			<xmax>314</xmax>
			<ymin>193</ymin>
			<ymax>313</ymax>
		</bndbox>
	</object>
	<object>
		<name>motorbike</name>
		<pose>Unspecified</pose>
		<truncated>0</truncated>
		<difficult>0</difficult>
		<occluded>0</occluded>
		<bndbox>
			<xmin>327</xmin>
			<xmax>373</xmax>
			<ymin>210</ymin>
			<ymax>297</ymax>
		</bndbox>
	</object>
</annotation>
