<annotation>
	<folder></folder>
	<filename>frame_3468_jpg.rf.317a091329b6cea3acd22768fbb7de3c.jpg</filename>
	<path>frame_3468_jpg.rf.317a091329b6cea3acd22768fbb7de3c.jpg</path>
	<source>
		<database>roboflow.ai</database>
	</source>
	<size>
		<width>416</width>
		<height>416</height>
		<depth>3</depth>
	</size>
	<segmented>0</segmented>
	<object>
		<name>motorbike</name>
		<pose>Unspecified</pose>
		<truncated>0</truncated>
		<difficult>0</difficult>
		<occluded>0</occluded>
		<bndbox>
			<xmin>0</xmin>
			<xmax>108</xmax>
			<ymin>159</ymin>
			<ymax>366</ymax>
		</bndbox>
	</object>
	<object>
		<name>motorbike</name>
		<pose>Unspecified</pose>
		<truncated>0</truncated>
		<difficult>0</difficult>
		<occluded>0</occluded>
		<bndbox>
			<xmin>167</xmin>
			<xmax>281</xmax>
			<ymin>141</ymin>
			<ymax>329</ymax>
		</bndbox>
	</object>
	<object>
		<name>auto</name>
		<pose>Unspecified</pose>
		<truncated>0</truncated>
		<difficult>0</difficult>
		<occluded>0</occluded>
		<bndbox>
			<xmin>2</xmin>
			<xmax>180</xmax>
			<ymin>128</ymin>
			<ymax>351</ymax>
		</bndbox>
	</object>
</annotation>
