<annotation>
	<folder></folder>
	<filename>frame_3496_jpg.rf.b022a5c50ce1aae7f67b41f94879079f.jpg</filename>
	<path>frame_3496_jpg.rf.b022a5c50ce1aae7f67b41f94879079f.jpg</path>
	<source>
		<database>roboflow.ai</database>
	</source>
	<size>
		<width>416</width>
		<height>416</height>
		<depth>3</depth>
	</size>
	<segmented>0</segmented>
	<object>
		<name>car</name>
		<pose>Unspecified</pose>
		<truncated>0</truncated>
		<difficult>0</difficult>
		<occluded>0</occluded>
		<bndbox>
			<xmin>112</xmin>
			<xmax>284</xmax>
			<ymin>193</ymin>
			<ymax>405</ymax>
		</bndbox>
	</object>
	<object>
		<name>motorbike</name>
		<pose>Unspecified</pose>
		<truncated>0</truncated>
		<difficult>0</difficult>
		<occluded>0</occluded>
		<bndbox>
			<xmin>255</xmin>
			<xmax>379</xmax>
			<ymin>180</ymin>
			<ymax>411</ymax>
		</bndbox>
	</object>
	<object>
		<name>truck</name>
		<pose>Unspecified</pose>
		<truncated>0</truncated>
		<difficult>0</difficult>
		<occluded>0</occluded>
		<bndbox>
			<xmin>206</xmin>
			<xmax>349</xmax>
			<ymin>134</ymin>
			<ymax>296</ymax>
		</bndbox>
	</object>
</annotation>
