<annotation>
	<folder></folder>
	<filename>frame_3479_jpg.rf.ecb88d0c6a943d7052bcee2a56c712c9.jpg</filename>
	<path>frame_3479_jpg.rf.ecb88d0c6a943d7052bcee2a56c712c9.jpg</path>
	<source>
		<database>roboflow.ai</database>
	</source>
	<size>
		<width>416</width>
		<height>416</height>
		<depth>3</depth>
	</size>
	<segmented>0</segmented>
	<object>
		<name>motorbike</name>
		<pose>Unspecified</pose>
		<truncated>0</truncated>
		<difficult>0</difficult>
		<occluded>0</occluded>
		<bndbox>
			<xmin>223</xmin>
			<xmax>339</xmax>
			<ymin>112</ymin>
			<ymax>308</ymax>
		</bndbox>
	</object>
	<object>
		<name>motorbike</name>
		<pose>Unspecified</pose>
		<truncated>0</truncated>
		<difficult>0</difficult>
		<occluded>0</occluded>
		<bndbox>
			<xmin>170</xmin>
			<xmax>286</xmax>
			<ymin>131</ymin>
			<ymax>327</ymax>
		</bndbox>
	</object>
	<object>
		<name>motorbike</name>
		<pose>Unspecified</pose>
		<truncated>0</truncated>
		<difficult>0</difficult>
		<occluded>0</occluded>
		<bndbox>
			<xmin>21</xmin>
			<xmax>119</xmax>
			<ymin>186</ymin>
			<ymax>327</ymax>
		</bndbox>
	</object>
</annotation>
