<annotation>
	<folder></folder>
	<filename>frame_3395_jpg.rf.9a59f948ce00d64f8ae0f8806d07ed01.jpg</filename>
	<path>frame_3395_jpg.rf.9a59f948ce00d64f8ae0f8806d07ed01.jpg</path>
	<source>
		<database>roboflow.ai</database>
	</source>
	<size>
		<width>416</width>
		<height>416</height>
		<depth>3</depth>
	</size>
	<segmented>0</segmented>
	<object>
		<name>car</name>
		<pose>Unspecified</pose>
		<truncated>0</truncated>
		<difficult>0</difficult>
		<occluded>0</occluded>
		<bndbox>
			<xmin>194</xmin>
			<xmax>242</xmax>
			<ymin>47</ymin>
			<ymax>125</ymax>
		</bndbox>
	</object>
	<object>
		<name>car</name>
		<pose>Unspecified</pose>
		<truncated>0</truncated>
		<difficult>0</difficult>
		<occluded>0</occluded>
		<bndbox>
			<xmin>300</xmin>
			<xmax>348</xmax>
			<ymin>42</ymin>
			<ymax>120</ymax>
		</bndbox>
	</object>
</annotation>
