<annotation>
	<folder></folder>
	<filename>frame_3471_jpg.rf.bcc14db7f1ea005798fe53db7c36725b.jpg</filename>
	<path>frame_3471_jpg.rf.bcc14db7f1ea005798fe53db7c36725b.jpg</path>
	<source>
		<database>roboflow.ai</database>
	</source>
	<size>
		<width>416</width>
		<height>416</height>
		<depth>3</depth>
	</size>
	<segmented>0</segmented>
	<object>
		<name>motorbike</name>
		<pose>Unspecified</pose>
		<truncated>0</truncated>
		<difficult>0</difficult>
		<occluded>0</occluded>
		<bndbox>
			<xmin>249</xmin>
			<xmax>384</xmax>
			<ymin>104</ymin>
			<ymax>325</ymax>
		</bndbox>
	</object>
	<object>
		<name>auto</name>
		<pose>Unspecified</pose>
		<truncated>0</truncated>
		<difficult>0</difficult>
		<occluded>0</occluded>
		<bndbox>
			<xmin>44</xmin>
			<xmax>174</xmax>
			<ymin>158</ymin>
			<ymax>351</ymax>
		</bndbox>
	</object>
</annotation>
