<annotation>
	<folder></folder>
	<filename>frame_3456_jpg.rf.e55bf16e530e7b6b377eab016e0e678b.jpg</filename>
	<path>frame_3456_jpg.rf.e55bf16e530e7b6b377eab016e0e678b.jpg</path>
	<source>
		<database>roboflow.ai</database>
	</source>
	<size>
		<width>416</width>
		<height>416</height>
		<depth>3</depth>
	</size>
	<segmented>0</segmented>
	<object>
		<name>car</name>
		<pose>Unspecified</pose>
		<truncated>0</truncated>
		<difficult>0</difficult>
		<occluded>0</occluded>
		<bndbox>
			<xmin>94</xmin>
			<xmax>304</xmax>
			<ymin>51</ymin>
			<ymax>349</ymax>
		</bndbox>
	</object>
</annotation>
