<annotation>
	<folder></folder>
	<filename>frame_3459_jpg.rf.c1c630209acc69d237a856f5632f8fe8.jpg</filename>
	<path>frame_3459_jpg.rf.c1c630209acc69d237a856f5632f8fe8.jpg</path>
	<source>
		<database>roboflow.ai</database>
	</source>
	<size>
		<width>416</width>
		<height>416</height>
		<depth>3</depth>
	</size>
	<segmented>0</segmented>
	<object>
		<name>motorbike</name>
		<pose>Unspecified</pose>
		<truncated>0</truncated>
		<difficult>0</difficult>
		<occluded>0</occluded>
		<bndbox>
			<xmin>103</xmin>
			<xmax>215</xmax>
			<ymin>65</ymin>
			<ymax>347</ymax>
		</bndbox>
	</object>
	<object>
		<name>car</name>
		<pose>Unspecified</pose>
		<truncated>0</truncated>
		<difficult>0</difficult>
		<occluded>0</occluded>
		<bndbox>
			<xmin>206</xmin>
			<xmax>408</xmax>
			<ymin>40</ymin>
			<ymax>366</ymax>
		</bndbox>
	</object>
	<object>
		<name>car</name>
		<pose>Unspecified</pose>
		<truncated>0</truncated>
		<difficult>0</difficult>
		<occluded>0</occluded>
		<bndbox>
			<xmin>133</xmin>
			<xmax>272</xmax>
			<ymin>10</ymin>
			<ymax>291</ymax>
		</bndbox>
	</object>
</annotation>
