<annotation>
	<folder></folder>
	<filename>frame_3497_jpg.rf.5d83fdb4845c8a3b2d0d88b3cbd79585.jpg</filename>
	<path>frame_3497_jpg.rf.5d83fdb4845c8a3b2d0d88b3cbd79585.jpg</path>
	<source>
		<database>roboflow.ai</database>
	</source>
	<size>
		<width>416</width>
		<height>416</height>
		<depth>3</depth>
	</size>
	<segmented>0</segmented>
	<object>
		<name>car</name>
		<pose>Unspecified</pose>
		<truncated>0</truncated>
		<difficult>0</difficult>
		<occluded>0</occluded>
		<bndbox>
			<xmin>129</xmin>
			<xmax>223</xmax>
			<ymin>193</ymin>
			<ymax>347</ymax>
		</bndbox>
	</object>
	<object>
		<name>van</name>
		<pose>Unspecified</pose>
		<truncated>0</truncated>
		<difficult>0</difficult>
		<occluded>0</occluded>
		<bndbox>
			<xmin>215</xmin>
			<xmax>308</xmax>
			<ymin>177</ymin>
			<ymax>313</ymax>
		</bndbox>
	</object>
	<object>
		<name>motorbike</name>
		<pose>Unspecified</pose>
		<truncated>0</truncated>
		<difficult>0</difficult>
		<occluded>0</occluded>
		<bndbox>
			<xmin>326</xmin>
			<xmax>366</xmax>
			<ymin>184</ymin>
			<ymax>285</ymax>
		</bndbox>
	</object>
</annotation>
