<annotation>
	<folder></folder>
	<filename>frame_3475_jpg.rf.4f989e5db74973b69f5be4a99e7e18e8.jpg</filename>
	<path>frame_3475_jpg.rf.4f989e5db74973b69f5be4a99e7e18e8.jpg</path>
	<source>
		<database>roboflow.ai</database>
	</source>
	<size>
		<width>416</width>
		<height>416</height>
		<depth>3</depth>
	</size>
	<segmented>0</segmented>
	<object>
		<name>auto</name>
		<pose>Unspecified</pose>
		<truncated>0</truncated>
		<difficult>0</difficult>
		<occluded>0</occluded>
		<bndbox>
			<xmin>133</xmin>
			<xmax>311</xmax>
			<ymin>92</ymin>
			<ymax>355</ymax>
		</bndbox>
	</object>
</annotation>
