<annotation>
	<folder></folder>
	<filename>frame_3497_jpg.rf.b90d1322a5a50a32956f1ba3c380c5cb.jpg</filename>
	<path>frame_3497_jpg.rf.b90d1322a5a50a32956f1ba3c380c5cb.jpg</path>
	<source>
		<database>roboflow.ai</database>
	</source>
	<size>
		<width>416</width>
		<height>416</height>
		<depth>3</depth>
	</size>
	<segmented>0</segmented>
	<object>
		<name>car</name>
		<pose>Unspecified</pose>
		<truncated>0</truncated>
		<difficult>0</difficult>
		<occluded>0</occluded>
		<bndbox>
			<xmin>140</xmin>
			<xmax>257</xmax>
			<ymin>191</ymin>
			<ymax>345</ymax>
		</bndbox>
	</object>
	<object>
		<name>van</name>
		<pose>Unspecified</pose>
		<truncated>0</truncated>
		<difficult>0</difficult>
		<occluded>0</occluded>
		<bndbox>
			<xmin>222</xmin>
			<xmax>334</xmax>
			<ymin>182</ymin>
			<ymax>319</ymax>
		</bndbox>
	</object>
	<object>
		<name>motorbike</name>
		<pose>Unspecified</pose>
		<truncated>0</truncated>
		<difficult>0</difficult>
		<occluded>0</occluded>
		<bndbox>
			<xmin>334</xmin>
			<xmax>390</xmax>
			<ymin>201</ymin>
			<ymax>297</ymax>
		</bndbox>
	</object>
</annotation>
