<annotation>
	<folder></folder>
	<filename>frame_3449_jpg.rf.a86a2e7a3c6b60f997fc75d66f01d786.jpg</filename>
	<path>frame_3449_jpg.rf.a86a2e7a3c6b60f997fc75d66f01d786.jpg</path>
	<source>
		<database>roboflow.ai</database>
	</source>
	<size>
		<width>416</width>
		<height>416</height>
		<depth>3</depth>
	</size>
	<segmented>0</segmented>
	<object>
		<name>car</name>
		<pose>Unspecified</pose>
		<truncated>0</truncated>
		<difficult>0</difficult>
		<occluded>0</occluded>
		<bndbox>
			<xmin>174</xmin>
			<xmax>296</xmax>
			<ymin>265</ymin>
			<ymax>415</ymax>
		</bndbox>
	</object>
	<object>
		<name>car</name>
		<pose>Unspecified</pose>
		<truncated>0</truncated>
		<difficult>0</difficult>
		<occluded>0</occluded>
		<bndbox>
			<xmin>135</xmin>
			<xmax>200</xmax>
			<ymin>250</ymin>
			<ymax>362</ymax>
		</bndbox>
	</object>
</annotation>
