<annotation>
	<folder></folder>
	<filename>frame_3451_jpg.rf.84e52fbbfc30db60a42e5145be923767.jpg</filename>
	<path>frame_3451_jpg.rf.84e52fbbfc30db60a42e5145be923767.jpg</path>
	<source>
		<database>roboflow.ai</database>
	</source>
	<size>
		<width>416</width>
		<height>416</height>
		<depth>3</depth>
	</size>
	<segmented>0</segmented>
	<object>
		<name>car</name>
		<pose>Unspecified</pose>
		<truncated>0</truncated>
		<difficult>0</difficult>
		<occluded>0</occluded>
		<bndbox>
			<xmin>194</xmin>
			<xmax>279</xmax>
			<ymin>256</ymin>
			<ymax>369</ymax>
		</bndbox>
	</object>
</annotation>
