<annotation>
	<folder></folder>
	<filename>frame_3454_jpg.rf.7e4591d3d9034fb565587e56319c120d.jpg</filename>
	<path>frame_3454_jpg.rf.7e4591d3d9034fb565587e56319c120d.jpg</path>
	<source>
		<database>roboflow.ai</database>
	</source>
	<size>
		<width>416</width>
		<height>416</height>
		<depth>3</depth>
	</size>
	<segmented>0</segmented>
	<object>
		<name>motorbike</name>
		<pose>Unspecified</pose>
		<truncated>0</truncated>
		<difficult>0</difficult>
		<occluded>0</occluded>
		<bndbox>
			<xmin>190</xmin>
			<xmax>276</xmax>
			<ymin>47</ymin>
			<ymax>328</ymax>
		</bndbox>
	</object>
	<object>
		<name>car</name>
		<pose>Unspecified</pose>
		<truncated>0</truncated>
		<difficult>0</difficult>
		<occluded>0</occluded>
		<bndbox>
			<xmin>148</xmin>
			<xmax>302</xmax>
			<ymin>45</ymin>
			<ymax>320</ymax>
		</bndbox>
	</object>
</annotation>
