<annotation>
	<folder></folder>
	<filename>frame_3469_jpg.rf.de4532f42bc52dc7333ecc7e348b47d7.jpg</filename>
	<path>frame_3469_jpg.rf.de4532f42bc52dc7333ecc7e348b47d7.jpg</path>
	<source>
		<database>roboflow.ai</database>
	</source>
	<size>
		<width>416</width>
		<height>416</height>
		<depth>3</depth>
	</size>
	<segmented>0</segmented>
	<object>
		<name>auto</name>
		<pose>Unspecified</pose>
		<truncated>0</truncated>
		<difficult>0</difficult>
		<occluded>0</occluded>
		<bndbox>
			<xmin>323</xmin>
			<xmax>415</xmax>
			<ymin>170</ymin>
			<ymax>313</ymax>
		</bndbox>
	</object>
	<object>
		<name>motorbike</name>
		<pose>Unspecified</pose>
		<truncated>0</truncated>
		<difficult>0</difficult>
		<occluded>0</occluded>
		<bndbox>
			<xmin>116</xmin>
			<xmax>220</xmax>
			<ymin>136</ymin>
			<ymax>326</ymax>
		</bndbox>
	</object>
</annotation>
