<annotation>
	<folder></folder>
	<filename>frame_3496_jpg.rf.15f9e3a38ac1373d45ebf48b34614493.jpg</filename>
	<path>frame_3496_jpg.rf.15f9e3a38ac1373d45ebf48b34614493.jpg</path>
	<source>
		<database>roboflow.ai</database>
	</source>
	<size>
		<width>416</width>
		<height>416</height>
		<depth>3</depth>
	</size>
	<segmented>0</segmented>
	<object>
		<name>car</name>
		<pose>Unspecified</pose>
		<truncated>0</truncated>
		<difficult>0</difficult>
		<occluded>0</occluded>
		<bndbox>
			<xmin>70</xmin>
			<xmax>244</xmax>
			<ymin>188</ymin>
			<ymax>392</ymax>
		</bndbox>
	</object>
	<object>
		<name>motorbike</name>
		<pose>Unspecified</pose>
		<truncated>0</truncated>
		<difficult>0</difficult>
		<occluded>0</occluded>
		<bndbox>
			<xmin>208</xmin>
			<xmax>331</xmax>
			<ymin>210</ymin>
			<ymax>415</ymax>
		</bndbox>
	</object>
	<object>
		<name>truck</name>
		<pose>Unspecified</pose>
		<truncated>0</truncated>
		<difficult>0</difficult>
		<occluded>0</occluded>
		<bndbox>
			<xmin>197</xmin>
			<xmax>342</xmax>
			<ymin>159</ymin>
			<ymax>314</ymax>
		</bndbox>
	</object>
</annotation>
