<annotation>
	<folder></folder>
	<filename>frame_3477_jpg.rf.f4e9d67706edb37716866ea8d0b67dba.jpg</filename>
	<path>frame_3477_jpg.rf.f4e9d67706edb37716866ea8d0b67dba.jpg</path>
	<source>
		<database>roboflow.ai</database>
	</source>
	<size>
		<width>416</width>
		<height>416</height>
		<depth>3</depth>
	</size>
	<segmented>0</segmented>
	<object>
		<name>motorbike</name>
		<pose>Unspecified</pose>
		<truncated>0</truncated>
		<difficult>0</difficult>
		<occluded>0</occluded>
		<bndbox>
			<xmin>309</xmin>
			<xmax>389</xmax>
			<ymin>123</ymin>
			<ymax>292</ymax>
		</bndbox>
	</object>
	<object>
		<name>motorbike</name>
		<pose>Unspecified</pose>
		<truncated>0</truncated>
		<difficult>0</difficult>
		<occluded>0</occluded>
		<bndbox>
			<xmin>219</xmin>
			<xmax>307</xmax>
			<ymin>123</ymin>
			<ymax>298</ymax>
		</bndbox>
	</object>
	<object>
		<name>auto</name>
		<pose>Unspecified</pose>
		<truncated>0</truncated>
		<difficult>0</difficult>
		<occluded>0</occluded>
		<bndbox>
			<xmin>175</xmin>
			<xmax>321</xmax>
			<ymin>112</ymin>
			<ymax>310</ymax>
		</bndbox>
	</object>
</annotation>
