<annotation>
	<folder></folder>
	<filename>frame_3475_jpg.rf.273bbf7ecf229cdccc06f8dc133d2231.jpg</filename>
	<path>frame_3475_jpg.rf.273bbf7ecf229cdccc06f8dc133d2231.jpg</path>
	<source>
		<database>roboflow.ai</database>
	</source>
	<size>
		<width>416</width>
		<height>416</height>
		<depth>3</depth>
	</size>
	<segmented>0</segmented>
	<object>
		<name>auto</name>
		<pose>Unspecified</pose>
		<truncated>0</truncated>
		<difficult>0</difficult>
		<occluded>0</occluded>
		<bndbox>
			<xmin>87</xmin>
			<xmax>305</xmax>
			<ymin>80</ymin>
			<ymax>358</ymax>
		</bndbox>
	</object>
</annotation>
