<annotation>
	<folder></folder>
	<filename>frame_3488_jpg.rf.e5e0f79055647605f1cbdd180bc20eae.jpg</filename>
	<path>frame_3488_jpg.rf.e5e0f79055647605f1cbdd180bc20eae.jpg</path>
	<source>
		<database>roboflow.ai</database>
	</source>
	<size>
		<width>416</width>
		<height>416</height>
		<depth>3</depth>
	</size>
	<segmented>0</segmented>
	<object>
		<name>car</name>
		<pose>Unspecified</pose>
		<truncated>0</truncated>
		<difficult>0</difficult>
		<occluded>0</occluded>
		<bndbox>
			<xmin>40</xmin>
			<xmax>219</xmax>
			<ymin>114</ymin>
			<ymax>223</ymax>
		</bndbox>
	</object>
	<object>
		<name>minitruck</name>
		<pose>Unspecified</pose>
		<truncated>0</truncated>
		<difficult>0</difficult>
		<occluded>0</occluded>
		<bndbox>
			<xmin>241</xmin>
			<xmax>384</xmax>
			<ymin>79</ymin>
			<ymax>236</ymax>
		</bndbox>
	</object>
</annotation>
