<annotation>
	<folder></folder>
	<filename>frame_3454_jpg.rf.954d3bcd80001e7c9f1b64e04e52df70.jpg</filename>
	<path>frame_3454_jpg.rf.954d3bcd80001e7c9f1b64e04e52df70.jpg</path>
	<source>
		<database>roboflow.ai</database>
	</source>
	<size>
		<width>416</width>
		<height>416</height>
		<depth>3</depth>
	</size>
	<segmented>0</segmented>
	<object>
		<name>motorbike</name>
		<pose>Unspecified</pose>
		<truncated>0</truncated>
		<difficult>0</difficult>
		<occluded>0</occluded>
		<bndbox>
			<xmin>188</xmin>
			<xmax>279</xmax>
			<ymin>53</ymin>
			<ymax>323</ymax>
		</bndbox>
	</object>
	<object>
		<name>car</name>
		<pose>Unspecified</pose>
		<truncated>0</truncated>
		<difficult>0</difficult>
		<occluded>0</occluded>
		<bndbox>
			<xmin>146</xmin>
			<xmax>309</xmax>
			<ymin>51</ymin>
			<ymax>316</ymax>
		</bndbox>
	</object>
</annotation>
