<annotation>
	<folder></folder>
	<filename>frame_3455_jpg.rf.5137fa363541e33a3e830afd45613089.jpg</filename>
	<path>frame_3455_jpg.rf.5137fa363541e33a3e830afd45613089.jpg</path>
	<source>
		<database>roboflow.ai</database>
	</source>
	<size>
		<width>416</width>
		<height>416</height>
		<depth>3</depth>
	</size>
	<segmented>0</segmented>
	<object>
		<name>car</name>
		<pose>Unspecified</pose>
		<truncated>0</truncated>
		<difficult>0</difficult>
		<occluded>0</occluded>
		<bndbox>
			<xmin>147</xmin>
			<xmax>261</xmax>
			<ymin>69</ymin>
			<ymax>297</ymax>
		</bndbox>
	</object>
	<object>
		<name>car</name>
		<pose>Unspecified</pose>
		<truncated>0</truncated>
		<difficult>0</difficult>
		<occluded>0</occluded>
		<bndbox>
			<xmin>92</xmin>
			<xmax>183</xmax>
			<ymin>110</ymin>
			<ymax>276</ymax>
		</bndbox>
	</object>
</annotation>
