<annotation>
	<folder></folder>
	<filename>frame_3470_jpg.rf.ef637926eb4342104033ef6e7c90b8de.jpg</filename>
	<path>frame_3470_jpg.rf.ef637926eb4342104033ef6e7c90b8de.jpg</path>
	<source>
		<database>roboflow.ai</database>
	</source>
	<size>
		<width>416</width>
		<height>416</height>
		<depth>3</depth>
	</size>
	<segmented>0</segmented>
	<object>
		<name>motorbike</name>
		<pose>Unspecified</pose>
		<truncated>0</truncated>
		<difficult>0</difficult>
		<occluded>0</occluded>
		<bndbox>
			<xmin>141</xmin>
			<xmax>261</xmax>
			<ymin>155</ymin>
			<ymax>356</ymax>
		</bndbox>
	</object>
	<object>
		<name>motorbike</name>
		<pose>Unspecified</pose>
		<truncated>0</truncated>
		<difficult>0</difficult>
		<occluded>0</occluded>
		<bndbox>
			<xmin>194</xmin>
			<xmax>314</xmax>
			<ymin>150</ymin>
			<ymax>351</ymax>
		</bndbox>
	</object>
	<object>
		<name>auto</name>
		<pose>Unspecified</pose>
		<truncated>0</truncated>
		<difficult>0</difficult>
		<occluded>0</occluded>
		<bndbox>
			<xmin>184</xmin>
			<xmax>340</xmax>
			<ymin>136</ymin>
			<ymax>300</ymax>
		</bndbox>
	</object>
	<object>
		<name>auto</name>
		<pose>Unspecified</pose>
		<truncated>0</truncated>
		<difficult>0</difficult>
		<occluded>0</occluded>
		<bndbox>
			<xmin>32</xmin>
			<xmax>179</xmax>
			<ymin>140</ymin>
			<ymax>322</ymax>
		</bndbox>
	</object>
</annotation>
