<annotation>
	<folder></folder>
	<filename>frame_3453_jpg.rf.43fd4dc121ccc722d743f15ef3872c26.jpg</filename>
	<path>frame_3453_jpg.rf.43fd4dc121ccc722d743f15ef3872c26.jpg</path>
	<source>
		<database>roboflow.ai</database>
	</source>
	<size>
		<width>416</width>
		<height>416</height>
		<depth>3</depth>
	</size>
	<segmented>0</segmented>
	<object>
		<name>motorbike</name>
		<pose>Unspecified</pose>
		<truncated>0</truncated>
		<difficult>0</difficult>
		<occluded>0</occluded>
		<bndbox>
			<xmin>262</xmin>
			<xmax>319</xmax>
			<ymin>75</ymin>
			<ymax>250</ymax>
		</bndbox>
	</object>
</annotation>
