<annotation>
	<folder></folder>
	<filename>frame_3469_jpg.rf.d637012506287c0d3437c211b62d7eaa.jpg</filename>
	<path>frame_3469_jpg.rf.d637012506287c0d3437c211b62d7eaa.jpg</path>
	<source>
		<database>roboflow.ai</database>
	</source>
	<size>
		<width>416</width>
		<height>416</height>
		<depth>3</depth>
	</size>
	<segmented>0</segmented>
	<object>
		<name>auto</name>
		<pose>Unspecified</pose>
		<truncated>0</truncated>
		<difficult>0</difficult>
		<occluded>0</occluded>
		<bndbox>
			<xmin>0</xmin>
			<xmax>99</xmax>
			<ymin>150</ymin>
			<ymax>294</ymax>
		</bndbox>
	</object>
	<object>
		<name>motorbike</name>
		<pose>Unspecified</pose>
		<truncated>0</truncated>
		<difficult>0</difficult>
		<occluded>0</occluded>
		<bndbox>
			<xmin>185</xmin>
			<xmax>299</xmax>
			<ymin>140</ymin>
			<ymax>331</ymax>
		</bndbox>
	</object>
</annotation>
