<annotation>
	<folder></folder>
	<filename>frame_3473_jpg.rf.2320053acfc5ed7c42c79d7d34669a43.jpg</filename>
	<path>frame_3473_jpg.rf.2320053acfc5ed7c42c79d7d34669a43.jpg</path>
	<source>
		<database>roboflow.ai</database>
	</source>
	<size>
		<width>416</width>
		<height>416</height>
		<depth>3</depth>
	</size>
	<segmented>0</segmented>
	<object>
		<name>minitruck</name>
		<pose>Unspecified</pose>
		<truncated>0</truncated>
		<difficult>0</difficult>
		<occluded>0</occluded>
		<bndbox>
			<xmin>55</xmin>
			<xmax>211</xmax>
			<ymin>109</ymin>
			<ymax>287</ymax>
		</bndbox>
	</object>
	<object>
		<name>motorbike</name>
		<pose>Unspecified</pose>
		<truncated>0</truncated>
		<difficult>0</difficult>
		<occluded>0</occluded>
		<bndbox>
			<xmin>253</xmin>
			<xmax>362</xmax>
			<ymin>170</ymin>
			<ymax>349</ymax>
		</bndbox>
	</object>
	<object>
		<name>auto</name>
		<pose>Unspecified</pose>
		<truncated>0</truncated>
		<difficult>0</difficult>
		<occluded>0</occluded>
		<bndbox>
			<xmin>256</xmin>
			<xmax>415</xmax>
			<ymin>153</ymin>
			<ymax>368</ymax>
		</bndbox>
	</object>
</annotation>
