<annotation>
	<folder></folder>
	<filename>frame_3450_jpg.rf.00179557cc58272fd6100b9f0d535057.jpg</filename>
	<path>frame_3450_jpg.rf.00179557cc58272fd6100b9f0d535057.jpg</path>
	<source>
		<database>roboflow.ai</database>
	</source>
	<size>
		<width>416</width>
		<height>416</height>
		<depth>3</depth>
	</size>
	<segmented>0</segmented>
	<object>
		<name>car</name>
		<pose>Unspecified</pose>
		<truncated>0</truncated>
		<difficult>0</difficult>
		<occluded>0</occluded>
		<bndbox>
			<xmin>176</xmin>
			<xmax>321</xmax>
			<ymin>259</ymin>
			<ymax>415</ymax>
		</bndbox>
	</object>
	<object>
		<name>car</name>
		<pose>Unspecified</pose>
		<truncated>0</truncated>
		<difficult>0</difficult>
		<occluded>0</occluded>
		<bndbox>
			<xmin>149</xmin>
			<xmax>201</xmax>
			<ymin>254</ymin>
			<ymax>325</ymax>
		</bndbox>
	</object>
</annotation>
