<annotation>
	<folder></folder>
	<filename>frame_3456_jpg.rf.901ab7f39efe5c6de7a63c48fce5f5f6.jpg</filename>
	<path>frame_3456_jpg.rf.901ab7f39efe5c6de7a63c48fce5f5f6.jpg</path>
	<source>
		<database>roboflow.ai</database>
	</source>
	<size>
		<width>416</width>
		<height>416</height>
		<depth>3</depth>
	</size>
	<segmented>0</segmented>
	<object>
		<name>car</name>
		<pose>Unspecified</pose>
		<truncated>0</truncated>
		<difficult>0</difficult>
		<occluded>0</occluded>
		<bndbox>
			<xmin>142</xmin>
			<xmax>293</xmax>
			<ymin>66</ymin>
			<ymax>337</ymax>
		</bndbox>
	</object>
</annotation>
