<annotation>
	<folder></folder>
	<filename>frame_3495_jpg.rf.67cded456fdb01ec90aeb5c69b41a3c9.jpg</filename>
	<path>frame_3495_jpg.rf.67cded456fdb01ec90aeb5c69b41a3c9.jpg</path>
	<source>
		<database>roboflow.ai</database>
	</source>
	<size>
		<width>416</width>
		<height>416</height>
		<depth>3</depth>
	</size>
	<segmented>0</segmented>
	<object>
		<name>car</name>
		<pose>Unspecified</pose>
		<truncated>0</truncated>
		<difficult>0</difficult>
		<occluded>0</occluded>
		<bndbox>
			<xmin>113</xmin>
			<xmax>274</xmax>
			<ymin>188</ymin>
			<ymax>380</ymax>
		</bndbox>
	</object>
	<object>
		<name>motorbike</name>
		<pose>Unspecified</pose>
		<truncated>0</truncated>
		<difficult>0</difficult>
		<occluded>0</occluded>
		<bndbox>
			<xmin>5</xmin>
			<xmax>99</xmax>
			<ymin>186</ymin>
			<ymax>362</ymax>
		</bndbox>
	</object>
	<object>
		<name>minitruck</name>
		<pose>Unspecified</pose>
		<truncated>0</truncated>
		<difficult>0</difficult>
		<occluded>0</occluded>
		<bndbox>
			<xmin>220</xmin>
			<xmax>415</xmax>
			<ymin>128</ymin>
			<ymax>416</ymax>
		</bndbox>
	</object>
</annotation>
