<annotation>
	<folder></folder>
	<filename>frame_3474_jpg.rf.e093b062c4d36d60ed8961d933cfa381.jpg</filename>
	<path>frame_3474_jpg.rf.e093b062c4d36d60ed8961d933cfa381.jpg</path>
	<source>
		<database>roboflow.ai</database>
	</source>
	<size>
		<width>416</width>
		<height>416</height>
		<depth>3</depth>
	</size>
	<segmented>0</segmented>
	<object>
		<name>auto</name>
		<pose>Unspecified</pose>
		<truncated>0</truncated>
		<difficult>0</difficult>
		<occluded>0</occluded>
		<bndbox>
			<xmin>190</xmin>
			<xmax>415</xmax>
			<ymin>81</ymin>
			<ymax>356</ymax>
		</bndbox>
	</object>
	<object>
		<name>motorbike</name>
		<pose>Unspecified</pose>
		<truncated>0</truncated>
		<difficult>0</difficult>
		<occluded>0</occluded>
		<bndbox>
			<xmin>84</xmin>
			<xmax>197</xmax>
			<ymin>156</ymin>
			<ymax>307</ymax>
		</bndbox>
	</object>
</annotation>
