<annotation>
	<folder></folder>
	<filename>frame_3471_jpg.rf.721d9e6e97b2e506cfc082e105432dee.jpg</filename>
	<path>frame_3471_jpg.rf.721d9e6e97b2e506cfc082e105432dee.jpg</path>
	<source>
		<database>roboflow.ai</database>
	</source>
	<size>
		<width>416</width>
		<height>416</height>
		<depth>3</depth>
	</size>
	<segmented>0</segmented>
	<object>
		<name>motorbike</name>
		<pose>Unspecified</pose>
		<truncated>0</truncated>
		<difficult>0</difficult>
		<occluded>0</occluded>
		<bndbox>
			<xmin>242</xmin>
			<xmax>404</xmax>
			<ymin>133</ymin>
			<ymax>355</ymax>
		</bndbox>
	</object>
	<object>
		<name>auto</name>
		<pose>Unspecified</pose>
		<truncated>0</truncated>
		<difficult>0</difficult>
		<occluded>0</occluded>
		<bndbox>
			<xmin>42</xmin>
			<xmax>195</xmax>
			<ymin>131</ymin>
			<ymax>325</ymax>
		</bndbox>
	</object>
</annotation>
