<annotation>
	<folder></folder>
	<filename>frame_3474_jpg.rf.445bb29904b974b4fc41d12e1a6a4b8a.jpg</filename>
	<path>frame_3474_jpg.rf.445bb29904b974b4fc41d12e1a6a4b8a.jpg</path>
	<source>
		<database>roboflow.ai</database>
	</source>
	<size>
		<width>416</width>
		<height>416</height>
		<depth>3</depth>
	</size>
	<segmented>0</segmented>
	<object>
		<name>auto</name>
		<pose>Unspecified</pose>
		<truncated>0</truncated>
		<difficult>0</difficult>
		<occluded>0</occluded>
		<bndbox>
			<xmin>205</xmin>
			<xmax>415</xmax>
			<ymin>64</ymin>
			<ymax>340</ymax>
		</bndbox>
	</object>
	<object>
		<name>motorbike</name>
		<pose>Unspecified</pose>
		<truncated>0</truncated>
		<difficult>0</difficult>
		<occluded>0</occluded>
		<bndbox>
			<xmin>82</xmin>
			<xmax>176</xmax>
			<ymin>167</ymin>
			<ymax>321</ymax>
		</bndbox>
	</object>
</annotation>
