<annotation>
	<folder></folder>
	<filename>frame_3456_jpg.rf.33dbf7d389bd66ab6e7a39a566d155fe.jpg</filename>
	<path>frame_3456_jpg.rf.33dbf7d389bd66ab6e7a39a566d155fe.jpg</path>
	<source>
		<database>roboflow.ai</database>
	</source>
	<size>
		<width>416</width>
		<height>416</height>
		<depth>3</depth>
	</size>
	<segmented>0</segmented>
	<object>
		<name>car</name>
		<pose>Unspecified</pose>
		<truncated>0</truncated>
		<difficult>0</difficult>
		<occluded>0</occluded>
		<bndbox>
			<xmin>83</xmin>
			<xmax>315</xmax>
			<ymin>50</ymin>
			<ymax>360</ymax>
		</bndbox>
	</object>
</annotation>
