<annotation>
	<folder></folder>
	<filename>frame_3450_jpg.rf.81a33a6a8decb3b3fcfaa5b39fdbb662.jpg</filename>
	<path>frame_3450_jpg.rf.81a33a6a8decb3b3fcfaa5b39fdbb662.jpg</path>
	<source>
		<database>roboflow.ai</database>
	</source>
	<size>
		<width>416</width>
		<height>416</height>
		<depth>3</depth>
	</size>
	<segmented>0</segmented>
	<object>
		<name>car</name>
		<pose>Unspecified</pose>
		<truncated>0</truncated>
		<difficult>0</difficult>
		<occluded>0</occluded>
		<bndbox>
			<xmin>171</xmin>
			<xmax>352</xmax>
			<ymin>215</ymin>
			<ymax>415</ymax>
		</bndbox>
	</object>
	<object>
		<name>car</name>
		<pose>Unspecified</pose>
		<truncated>0</truncated>
		<difficult>0</difficult>
		<occluded>0</occluded>
		<bndbox>
			<xmin>149</xmin>
			<xmax>217</xmax>
			<ymin>255</ymin>
			<ymax>343</ymax>
		</bndbox>
	</object>
</annotation>
