<annotation>
	<folder></folder>
	<filename>frame_3489_jpg.rf.2308cba282ba7156d2928b2baa68060e.jpg</filename>
	<path>frame_3489_jpg.rf.2308cba282ba7156d2928b2baa68060e.jpg</path>
	<source>
		<database>roboflow.ai</database>
	</source>
	<size>
		<width>416</width>
		<height>416</height>
		<depth>3</depth>
	</size>
	<segmented>0</segmented>
	<object>
		<name>minitruck</name>
		<pose>Unspecified</pose>
		<truncated>0</truncated>
		<difficult>0</difficult>
		<occluded>0</occluded>
		<bndbox>
			<xmin>55</xmin>
			<xmax>190</xmax>
			<ymin>108</ymin>
			<ymax>217</ymax>
		</bndbox>
	</object>
	<object>
		<name>car</name>
		<pose>Unspecified</pose>
		<truncated>0</truncated>
		<difficult>0</difficult>
		<occluded>0</occluded>
		<bndbox>
			<xmin>174</xmin>
			<xmax>255</xmax>
			<ymin>125</ymin>
			<ymax>225</ymax>
		</bndbox>
	</object>
</annotation>
