<annotation>
	<folder></folder>
	<filename>frame_3485_jpg.rf.5aa0d8950b7eb29e9fb688720710be3a.jpg</filename>
	<path>frame_3485_jpg.rf.5aa0d8950b7eb29e9fb688720710be3a.jpg</path>
	<source>
		<database>roboflow.ai</database>
	</source>
	<size>
		<width>416</width>
		<height>416</height>
		<depth>3</depth>
	</size>
	<segmented>0</segmented>
	<object>
		<name>car</name>
		<pose>Unspecified</pose>
		<truncated>0</truncated>
		<difficult>0</difficult>
		<occluded>0</occluded>
		<bndbox>
			<xmin>102</xmin>
			<xmax>227</xmax>
			<ymin>139</ymin>
			<ymax>227</ymax>
		</bndbox>
	</object>
	<object>
		<name>motorbike</name>
		<pose>Unspecified</pose>
		<truncated>0</truncated>
		<difficult>0</difficult>
		<occluded>0</occluded>
		<bndbox>
			<xmin>82</xmin>
			<xmax>140</xmax>
			<ymin>142</ymin>
			<ymax>239</ymax>
		</bndbox>
	</object>
</annotation>
