<annotation>
	<folder></folder>
	<filename>frame_3469_jpg.rf.5788accc3cdb2b23085db123ee01681c.jpg</filename>
	<path>frame_3469_jpg.rf.5788accc3cdb2b23085db123ee01681c.jpg</path>
	<source>
		<database>roboflow.ai</database>
	</source>
	<size>
		<width>416</width>
		<height>416</height>
		<depth>3</depth>
	</size>
	<segmented>0</segmented>
	<object>
		<name>auto</name>
		<pose>Unspecified</pose>
		<truncated>0</truncated>
		<difficult>0</difficult>
		<occluded>0</occluded>
		<bndbox>
			<xmin>0</xmin>
			<xmax>104</xmax>
			<ymin>63</ymin>
			<ymax>238</ymax>
		</bndbox>
	</object>
	<object>
		<name>motorbike</name>
		<pose>Unspecified</pose>
		<truncated>0</truncated>
		<difficult>0</difficult>
		<occluded>0</occluded>
		<bndbox>
			<xmin>180</xmin>
			<xmax>308</xmax>
			<ymin>138</ymin>
			<ymax>365</ymax>
		</bndbox>
	</object>
</annotation>
