<annotation>
	<folder></folder>
	<filename>frame_3498_jpg.rf.6c1f28710f3dbe3e283dc5cf3e8355bc.jpg</filename>
	<path>frame_3498_jpg.rf.6c1f28710f3dbe3e283dc5cf3e8355bc.jpg</path>
	<source>
		<database>roboflow.ai</database>
	</source>
	<size>
		<width>416</width>
		<height>416</height>
		<depth>3</depth>
	</size>
	<segmented>0</segmented>
	<object>
		<name>car</name>
		<pose>Unspecified</pose>
		<truncated>0</truncated>
		<difficult>0</difficult>
		<occluded>0</occluded>
		<bndbox>
			<xmin>174</xmin>
			<xmax>262</xmax>
			<ymin>228</ymin>
			<ymax>351</ymax>
		</bndbox>
	</object>
	<object>
		<name>car</name>
		<pose>Unspecified</pose>
		<truncated>0</truncated>
		<difficult>0</difficult>
		<occluded>0</occluded>
		<bndbox>
			<xmin>0</xmin>
			<xmax>157</xmax>
			<ymin>257</ymin>
			<ymax>415</ymax>
		</bndbox>
	</object>
	<object>
		<name>truck</name>
		<pose>Unspecified</pose>
		<truncated>0</truncated>
		<difficult>0</difficult>
		<occluded>0</occluded>
		<bndbox>
			<xmin>142</xmin>
			<xmax>217</xmax>
			<ymin>191</ymin>
			<ymax>317</ymax>
		</bndbox>
	</object>
</annotation>
