<annotation>
	<folder></folder>
	<filename>frame_3480_jpg.rf.1dc475cbc685acb6caa7272c9cd259d1.jpg</filename>
	<path>frame_3480_jpg.rf.1dc475cbc685acb6caa7272c9cd259d1.jpg</path>
	<source>
		<database>roboflow.ai</database>
	</source>
	<size>
		<width>416</width>
		<height>416</height>
		<depth>3</depth>
	</size>
	<segmented>0</segmented>
	<object>
		<name>car</name>
		<pose>Unspecified</pose>
		<truncated>0</truncated>
		<difficult>0</difficult>
		<occluded>0</occluded>
		<bndbox>
			<xmin>146</xmin>
			<xmax>257</xmax>
			<ymin>144</ymin>
			<ymax>237</ymax>
		</bndbox>
	</object>
	<object>
		<name>motorbike</name>
		<pose>Unspecified</pose>
		<truncated>0</truncated>
		<difficult>0</difficult>
		<occluded>0</occluded>
		<bndbox>
			<xmin>267</xmin>
			<xmax>306</xmax>
			<ymin>165</ymin>
			<ymax>243</ymax>
		</bndbox>
	</object>
</annotation>
