<annotation>
	<folder></folder>
	<filename>frame_3384_jpg.rf.04cf6adb9b8d359953e96973adfc0264.jpg</filename>
	<path>frame_3384_jpg.rf.04cf6adb9b8d359953e96973adfc0264.jpg</path>
	<source>
		<database>roboflow.ai</database>
	</source>
	<size>
		<width>416</width>
		<height>416</height>
		<depth>3</depth>
	</size>
	<segmented>0</segmented>
	<object>
		<name>motorbike</name>
		<pose>Unspecified</pose>
		<truncated>0</truncated>
		<difficult>0</difficult>
		<occluded>0</occluded>
		<bndbox>
			<xmin>163</xmin>
			<xmax>241</xmax>
			<ymin>241</ymin>
			<ymax>412</ymax>
		</bndbox>
	</object>
	<object>
		<name>motorbike</name>
		<pose>Unspecified</pose>
		<truncated>0</truncated>
		<difficult>0</difficult>
		<occluded>0</occluded>
		<bndbox>
			<xmin>255</xmin>
			<xmax>321</xmax>
			<ymin>242</ymin>
			<ymax>377</ymax>
		</bndbox>
	</object>
	<object>
		<name>motorbike</name>
		<pose>Unspecified</pose>
		<truncated>0</truncated>
		<difficult>0</difficult>
		<occluded>0</occluded>
		<bndbox>
			<xmin>136</xmin>
			<xmax>182</xmax>
			<ymin>285</ymin>
			<ymax>383</ymax>
		</bndbox>
	</object>
</annotation>
