<annotation>
	<folder></folder>
	<filename>frame_3496_jpg.rf.931b09219e6332a2f66e82df1ac86b42.jpg</filename>
	<path>frame_3496_jpg.rf.931b09219e6332a2f66e82df1ac86b42.jpg</path>
	<source>
		<database>roboflow.ai</database>
	</source>
	<size>
		<width>416</width>
		<height>416</height>
		<depth>3</depth>
	</size>
	<segmented>0</segmented>
	<object>
		<name>car</name>
		<pose>Unspecified</pose>
		<truncated>0</truncated>
		<difficult>0</difficult>
		<occluded>0</occluded>
		<bndbox>
			<xmin>81</xmin>
			<xmax>282</xmax>
			<ymin>196</ymin>
			<ymax>406</ymax>
		</bndbox>
	</object>
	<object>
		<name>motorbike</name>
		<pose>Unspecified</pose>
		<truncated>0</truncated>
		<difficult>0</difficult>
		<occluded>0</occluded>
		<bndbox>
			<xmin>229</xmin>
			<xmax>375</xmax>
			<ymin>174</ymin>
			<ymax>400</ymax>
		</bndbox>
	</object>
	<object>
		<name>truck</name>
		<pose>Unspecified</pose>
		<truncated>0</truncated>
		<difficult>0</difficult>
		<occluded>0</occluded>
		<bndbox>
			<xmin>194</xmin>
			<xmax>361</xmax>
			<ymin>129</ymin>
			<ymax>289</ymax>
		</bndbox>
	</object>
</annotation>
