<annotation>
	<folder></folder>
	<filename>frame_3478_jpg.rf.a3fb3b7eb24d56b2a57d9af384516b0a.jpg</filename>
	<path>frame_3478_jpg.rf.a3fb3b7eb24d56b2a57d9af384516b0a.jpg</path>
	<source>
		<database>roboflow.ai</database>
	</source>
	<size>
		<width>416</width>
		<height>416</height>
		<depth>3</depth>
	</size>
	<segmented>0</segmented>
	<object>
		<name>motorbike</name>
		<pose>Unspecified</pose>
		<truncated>0</truncated>
		<difficult>0</difficult>
		<occluded>0</occluded>
		<bndbox>
			<xmin>52</xmin>
			<xmax>118</xmax>
			<ymin>142</ymin>
			<ymax>303</ymax>
		</bndbox>
	</object>
	<object>
		<name>motorbike</name>
		<pose>Unspecified</pose>
		<truncated>0</truncated>
		<difficult>0</difficult>
		<occluded>0</occluded>
		<bndbox>
			<xmin>121</xmin>
			<xmax>187</xmax>
			<ymin>150</ymin>
			<ymax>311</ymax>
		</bndbox>
	</object>
	<object>
		<name>bicycle</name>
		<pose>Unspecified</pose>
		<truncated>0</truncated>
		<difficult>0</difficult>
		<occluded>0</occluded>
		<bndbox>
			<xmin>302</xmin>
			<xmax>409</xmax>
			<ymin>130</ymin>
			<ymax>378</ymax>
		</bndbox>
	</object>
</annotation>
