<annotation>
	<folder></folder>
	<filename>frame_3454_jpg.rf.1276fdf7d4d9556aa1230c1653cec612.jpg</filename>
	<path>frame_3454_jpg.rf.1276fdf7d4d9556aa1230c1653cec612.jpg</path>
	<source>
		<database>roboflow.ai</database>
	</source>
	<size>
		<width>416</width>
		<height>416</height>
		<depth>3</depth>
	</size>
	<segmented>0</segmented>
	<object>
		<name>motorbike</name>
		<pose>Unspecified</pose>
		<truncated>0</truncated>
		<difficult>0</difficult>
		<occluded>0</occluded>
		<bndbox>
			<xmin>151</xmin>
			<xmax>212</xmax>
			<ymin>65</ymin>
			<ymax>322</ymax>
		</bndbox>
	</object>
	<object>
		<name>car</name>
		<pose>Unspecified</pose>
		<truncated>0</truncated>
		<difficult>0</difficult>
		<occluded>0</occluded>
		<bndbox>
			<xmin>122</xmin>
			<xmax>253</xmax>
			<ymin>65</ymin>
			<ymax>308</ymax>
		</bndbox>
	</object>
</annotation>
