<annotation>
	<folder></folder>
	<filename>frame_3478_jpg.rf.51dcd046e8cd82e1d4bb8f4768f8c254.jpg</filename>
	<path>frame_3478_jpg.rf.51dcd046e8cd82e1d4bb8f4768f8c254.jpg</path>
	<source>
		<database>roboflow.ai</database>
	</source>
	<size>
		<width>416</width>
		<height>416</height>
		<depth>3</depth>
	</size>
	<segmented>0</segmented>
	<object>
		<name>motorbike</name>
		<pose>Unspecified</pose>
		<truncated>0</truncated>
		<difficult>0</difficult>
		<occluded>0</occluded>
		<bndbox>
			<xmin>39</xmin>
			<xmax>122</xmax>
			<ymin>150</ymin>
			<ymax>326</ymax>
		</bndbox>
	</object>
	<object>
		<name>motorbike</name>
		<pose>Unspecified</pose>
		<truncated>0</truncated>
		<difficult>0</difficult>
		<occluded>0</occluded>
		<bndbox>
			<xmin>107</xmin>
			<xmax>190</xmax>
			<ymin>149</ymin>
			<ymax>325</ymax>
		</bndbox>
	</object>
	<object>
		<name>bicycle</name>
		<pose>Unspecified</pose>
		<truncated>0</truncated>
		<difficult>0</difficult>
		<occluded>0</occluded>
		<bndbox>
			<xmin>278</xmin>
			<xmax>411</xmax>
			<ymin>100</ymin>
			<ymax>371</ymax>
		</bndbox>
	</object>
</annotation>
