<annotation>
	<folder></folder>
	<filename>frame_3477_jpg.rf.85edda00a5c4f135efa574e32a5b1db8.jpg</filename>
	<path>frame_3477_jpg.rf.85edda00a5c4f135efa574e32a5b1db8.jpg</path>
	<source>
		<database>roboflow.ai</database>
	</source>
	<size>
		<width>416</width>
		<height>416</height>
		<depth>3</depth>
	</size>
	<segmented>0</segmented>
	<object>
		<name>motorbike</name>
		<pose>Unspecified</pose>
		<truncated>0</truncated>
		<difficult>0</difficult>
		<occluded>0</occluded>
		<bndbox>
			<xmin>318</xmin>
			<xmax>378</xmax>
			<ymin>111</ymin>
			<ymax>282</ymax>
		</bndbox>
	</object>
	<object>
		<name>motorbike</name>
		<pose>Unspecified</pose>
		<truncated>0</truncated>
		<difficult>0</difficult>
		<occluded>0</occluded>
		<bndbox>
			<xmin>228</xmin>
			<xmax>296</xmax>
			<ymin>118</ymin>
			<ymax>296</ymax>
		</bndbox>
	</object>
	<object>
		<name>auto</name>
		<pose>Unspecified</pose>
		<truncated>0</truncated>
		<difficult>0</difficult>
		<occluded>0</occluded>
		<bndbox>
			<xmin>181</xmin>
			<xmax>312</xmax>
			<ymin>113</ymin>
			<ymax>304</ymax>
		</bndbox>
	</object>
</annotation>
