<annotation>
	<folder></folder>
	<filename>frame_3474_jpg.rf.d1e7434f62eb9c0e5345144f70674771.jpg</filename>
	<path>frame_3474_jpg.rf.d1e7434f62eb9c0e5345144f70674771.jpg</path>
	<source>
		<database>roboflow.ai</database>
	</source>
	<size>
		<width>416</width>
		<height>416</height>
		<depth>3</depth>
	</size>
	<segmented>0</segmented>
	<object>
		<name>auto</name>
		<pose>Unspecified</pose>
		<truncated>0</truncated>
		<difficult>0</difficult>
		<occluded>0</occluded>
		<bndbox>
			<xmin>214</xmin>
			<xmax>415</xmax>
			<ymin>108</ymin>
			<ymax>379</ymax>
		</bndbox>
	</object>
	<object>
		<name>motorbike</name>
		<pose>Unspecified</pose>
		<truncated>0</truncated>
		<difficult>0</difficult>
		<occluded>0</occluded>
		<bndbox>
			<xmin>90</xmin>
			<xmax>177</xmax>
			<ymin>138</ymin>
			<ymax>291</ymax>
		</bndbox>
	</object>
</annotation>
