<annotation>
	<folder></folder>
	<filename>frame_3487_jpg.rf.de5f10e9b2c2c790dbb1ac034a3bfc2c.jpg</filename>
	<path>frame_3487_jpg.rf.de5f10e9b2c2c790dbb1ac034a3bfc2c.jpg</path>
	<source>
		<database>roboflow.ai</database>
	</source>
	<size>
		<width>416</width>
		<height>416</height>
		<depth>3</depth>
	</size>
	<segmented>0</segmented>
	<object>
		<name>motorbike</name>
		<pose>Unspecified</pose>
		<truncated>0</truncated>
		<difficult>0</difficult>
		<occluded>0</occluded>
		<bndbox>
			<xmin>304</xmin>
			<xmax>385</xmax>
			<ymin>154</ymin>
			<ymax>281</ymax>
		</bndbox>
	</object>
	<object>
		<name>motorbike</name>
		<pose>Unspecified</pose>
		<truncated>0</truncated>
		<difficult>0</difficult>
		<occluded>0</occluded>
		<bndbox>
			<xmin>73</xmin>
			<xmax>188</xmax>
			<ymin>74</ymin>
			<ymax>250</ymax>
		</bndbox>
	</object>
	<object>
		<name>car</name>
		<pose>Unspecified</pose>
		<truncated>0</truncated>
		<difficult>0</difficult>
		<occluded>0</occluded>
		<bndbox>
			<xmin>240</xmin>
			<xmax>339</xmax>
			<ymin>145</ymin>
			<ymax>247</ymax>
		</bndbox>
	</object>
</annotation>
