<annotation>
	<folder></folder>
	<filename>frame_3492_jpg.rf.5ce3dc6f3f92819b347bac440af46a23.jpg</filename>
	<path>frame_3492_jpg.rf.5ce3dc6f3f92819b347bac440af46a23.jpg</path>
	<source>
		<database>roboflow.ai</database>
	</source>
	<size>
		<width>416</width>
		<height>416</height>
		<depth>3</depth>
	</size>
	<segmented>0</segmented>
	<object>
		<name>auto</name>
		<pose>Unspecified</pose>
		<truncated>0</truncated>
		<difficult>0</difficult>
		<occluded>0</occluded>
		<bndbox>
			<xmin>250</xmin>
			<xmax>360</xmax>
			<ymin>154</ymin>
			<ymax>299</ymax>
		</bndbox>
	</object>
	<object>
		<name>car</name>
		<pose>Unspecified</pose>
		<truncated>0</truncated>
		<difficult>0</difficult>
		<occluded>0</occluded>
		<bndbox>
			<xmin>81</xmin>
			<xmax>225</xmax>
			<ymin>185</ymin>
			<ymax>347</ymax>
		</bndbox>
	</object>
	<object>
		<name>motorbike</name>
		<pose>Unspecified</pose>
		<truncated>0</truncated>
		<difficult>0</difficult>
		<occluded>0</occluded>
		<bndbox>
			<xmin>200</xmin>
			<xmax>281</xmax>
			<ymin>154</ymin>
			<ymax>311</ymax>
		</bndbox>
	</object>
</annotation>
