<annotation>
	<folder></folder>
	<filename>frame_3479_jpg.rf.03342b2e807b797361a75ddf7687d748.jpg</filename>
	<path>frame_3479_jpg.rf.03342b2e807b797361a75ddf7687d748.jpg</path>
	<source>
		<database>roboflow.ai</database>
	</source>
	<size>
		<width>416</width>
		<height>416</height>
		<depth>3</depth>
	</size>
	<segmented>0</segmented>
	<object>
		<name>motorbike</name>
		<pose>Unspecified</pose>
		<truncated>0</truncated>
		<difficult>0</difficult>
		<occluded>0</occluded>
		<bndbox>
			<xmin>226</xmin>
			<xmax>333</xmax>
			<ymin>111</ymin>
			<ymax>313</ymax>
		</bndbox>
	</object>
	<object>
		<name>motorbike</name>
		<pose>Unspecified</pose>
		<truncated>0</truncated>
		<difficult>0</difficult>
		<occluded>0</occluded>
		<bndbox>
			<xmin>171</xmin>
			<xmax>278</xmax>
			<ymin>129</ymin>
			<ymax>331</ymax>
		</bndbox>
	</object>
	<object>
		<name>motorbike</name>
		<pose>Unspecified</pose>
		<truncated>0</truncated>
		<difficult>0</difficult>
		<occluded>0</occluded>
		<bndbox>
			<xmin>20</xmin>
			<xmax>112</xmax>
			<ymin>181</ymin>
			<ymax>325</ymax>
		</bndbox>
	</object>
</annotation>
