<annotation>
	<folder></folder>
	<filename>frame_3496_jpg.rf.8d5ce2baa959ab86d360599377e7b427.jpg</filename>
	<path>frame_3496_jpg.rf.8d5ce2baa959ab86d360599377e7b427.jpg</path>
	<source>
		<database>roboflow.ai</database>
	</source>
	<size>
		<width>416</width>
		<height>416</height>
		<depth>3</depth>
	</size>
	<segmented>0</segmented>
	<object>
		<name>car</name>
		<pose>Unspecified</pose>
		<truncated>0</truncated>
		<difficult>0</difficult>
		<occluded>0</occluded>
		<bndbox>
			<xmin>63</xmin>
			<xmax>243</xmax>
			<ymin>181</ymin>
			<ymax>415</ymax>
		</bndbox>
	</object>
	<object>
		<name>motorbike</name>
		<pose>Unspecified</pose>
		<truncated>0</truncated>
		<difficult>0</difficult>
		<occluded>0</occluded>
		<bndbox>
			<xmin>206</xmin>
			<xmax>328</xmax>
			<ymin>172</ymin>
			<ymax>415</ymax>
		</bndbox>
	</object>
	<object>
		<name>truck</name>
		<pose>Unspecified</pose>
		<truncated>0</truncated>
		<difficult>0</difficult>
		<occluded>0</occluded>
		<bndbox>
			<xmin>194</xmin>
			<xmax>344</xmax>
			<ymin>130</ymin>
			<ymax>310</ymax>
		</bndbox>
	</object>
</annotation>
