<annotation>
	<folder></folder>
	<filename>frame_3472_jpg.rf.230f671d68866b9cb58447daf6225a95.jpg</filename>
	<path>frame_3472_jpg.rf.230f671d68866b9cb58447daf6225a95.jpg</path>
	<source>
		<database>roboflow.ai</database>
	</source>
	<size>
		<width>416</width>
		<height>416</height>
		<depth>3</depth>
	</size>
	<segmented>0</segmented>
	<object>
		<name>auto</name>
		<pose>Unspecified</pose>
		<truncated>0</truncated>
		<difficult>0</difficult>
		<occluded>0</occluded>
		<bndbox>
			<xmin>82</xmin>
			<xmax>271</xmax>
			<ymin>136</ymin>
			<ymax>327</ymax>
		</bndbox>
	</object>
	<object>
		<name>motorbike</name>
		<pose>Unspecified</pose>
		<truncated>0</truncated>
		<difficult>0</difficult>
		<occluded>0</occluded>
		<bndbox>
			<xmin>318</xmin>
			<xmax>412</xmax>
			<ymin>153</ymin>
			<ymax>301</ymax>
		</bndbox>
	</object>
</annotation>
