<annotation>
	<folder></folder>
	<filename>frame_3488_jpg.rf.9de6878bdf88a13fb47253addc424b01.jpg</filename>
	<path>frame_3488_jpg.rf.9de6878bdf88a13fb47253addc424b01.jpg</path>
	<source>
		<database>roboflow.ai</database>
	</source>
	<size>
		<width>416</width>
		<height>416</height>
		<depth>3</depth>
	</size>
	<segmented>0</segmented>
	<object>
		<name>car</name>
		<pose>Unspecified</pose>
		<truncated>0</truncated>
		<difficult>0</difficult>
		<occluded>0</occluded>
		<bndbox>
			<xmin>37</xmin>
			<xmax>218</xmax>
			<ymin>127</ymin>
			<ymax>268</ymax>
		</bndbox>
	</object>
	<object>
		<name>minitruck</name>
		<pose>Unspecified</pose>
		<truncated>0</truncated>
		<difficult>0</difficult>
		<occluded>0</occluded>
		<bndbox>
			<xmin>224</xmin>
			<xmax>382</xmax>
			<ymin>30</ymin>
			<ymax>210</ymax>
		</bndbox>
	</object>
</annotation>
