<annotation>
	<folder></folder>
	<filename>frame_3475_jpg.rf.b8353e7e22d2d60cd2abb0d563301496.jpg</filename>
	<path>frame_3475_jpg.rf.b8353e7e22d2d60cd2abb0d563301496.jpg</path>
	<source>
		<database>roboflow.ai</database>
	</source>
	<size>
		<width>416</width>
		<height>416</height>
		<depth>3</depth>
	</size>
	<segmented>0</segmented>
	<object>
		<name>auto</name>
		<pose>Unspecified</pose>
		<truncated>0</truncated>
		<difficult>0</difficult>
		<occluded>0</occluded>
		<bndbox>
			<xmin>120</xmin>
			<xmax>318</xmax>
			<ymin>105</ymin>
			<ymax>339</ymax>
		</bndbox>
	</object>
</annotation>
