<annotation>
	<folder></folder>
	<filename>frame_3451_jpg.rf.bc14093f1d2f1ea9cc5e08dd4f537e7e.jpg</filename>
	<path>frame_3451_jpg.rf.bc14093f1d2f1ea9cc5e08dd4f537e7e.jpg</path>
	<source>
		<database>roboflow.ai</database>
	</source>
	<size>
		<width>416</width>
		<height>416</height>
		<depth>3</depth>
	</size>
	<segmented>0</segmented>
	<object>
		<name>car</name>
		<pose>Unspecified</pose>
		<truncated>0</truncated>
		<difficult>0</difficult>
		<occluded>0</occluded>
		<bndbox>
			<xmin>175</xmin>
			<xmax>263</xmax>
			<ymin>245</ymin>
			<ymax>372</ymax>
		</bndbox>
	</object>
</annotation>
