<annotation>
	<folder></folder>
	<filename>frame_3449_jpg.rf.b326b85c6ca7fba0cc63347de5edc66d.jpg</filename>
	<path>frame_3449_jpg.rf.b326b85c6ca7fba0cc63347de5edc66d.jpg</path>
	<source>
		<database>roboflow.ai</database>
	</source>
	<size>
		<width>416</width>
		<height>416</height>
		<depth>3</depth>
	</size>
	<segmented>0</segmented>
	<object>
		<name>car</name>
		<pose>Unspecified</pose>
		<truncated>0</truncated>
		<difficult>0</difficult>
		<occluded>0</occluded>
		<bndbox>
			<xmin>135</xmin>
			<xmax>254</xmax>
			<ymin>264</ymin>
			<ymax>415</ymax>
		</bndbox>
	</object>
	<object>
		<name>car</name>
		<pose>Unspecified</pose>
		<truncated>0</truncated>
		<difficult>0</difficult>
		<occluded>0</occluded>
		<bndbox>
			<xmin>226</xmin>
			<xmax>289</xmax>
			<ymin>240</ymin>
			<ymax>354</ymax>
		</bndbox>
	</object>
</annotation>
