<annotation>
	<folder></folder>
	<filename>frame_3380_jpg.rf.f1c57d44995f618d7d42cf0efcad5d2c.jpg</filename>
	<path>frame_3380_jpg.rf.f1c57d44995f618d7d42cf0efcad5d2c.jpg</path>
	<source>
		<database>roboflow.ai</database>
	</source>
	<size>
		<width>416</width>
		<height>416</height>
		<depth>3</depth>
	</size>
	<segmented>0</segmented>
	<object>
		<name>auto</name>
		<pose>Unspecified</pose>
		<truncated>0</truncated>
		<difficult>0</difficult>
		<occluded>0</occluded>
		<bndbox>
			<xmin>0</xmin>
			<xmax>202</xmax>
			<ymin>93</ymin>
			<ymax>409</ymax>
		</bndbox>
	</object>
	<object>
		<name>motorbike</name>
		<pose>Unspecified</pose>
		<truncated>0</truncated>
		<difficult>0</difficult>
		<occluded>0</occluded>
		<bndbox>
			<xmin>130</xmin>
			<xmax>267</xmax>
			<ymin>131</ymin>
			<ymax>415</ymax>
		</bndbox>
	</object>
</annotation>
