<annotation>
	<folder></folder>
	<filename>frame_3475_jpg.rf.2a7ab7cdfd67a288b8fca68451693de2.jpg</filename>
	<path>frame_3475_jpg.rf.2a7ab7cdfd67a288b8fca68451693de2.jpg</path>
	<source>
		<database>roboflow.ai</database>
	</source>
	<size>
		<width>416</width>
		<height>416</height>
		<depth>3</depth>
	</size>
	<segmented>0</segmented>
	<object>
		<name>auto</name>
		<pose>Unspecified</pose>
		<truncated>0</truncated>
		<difficult>0</difficult>
		<occluded>0</occluded>
		<bndbox>
			<xmin>100</xmin>
			<xmax>299</xmax>
			<ymin>95</ymin>
			<ymax>353</ymax>
		</bndbox>
	</object>
</annotation>
