<annotation>
	<folder></folder>
	<filename>frame_3491_jpg.rf.c15ae73a4e725c8c71bc7dd795a4ab93.jpg</filename>
	<path>frame_3491_jpg.rf.c15ae73a4e725c8c71bc7dd795a4ab93.jpg</path>
	<source>
		<database>roboflow.ai</database>
	</source>
	<size>
		<width>416</width>
		<height>416</height>
		<depth>3</depth>
	</size>
	<segmented>0</segmented>
	<object>
		<name>car</name>
		<pose>Unspecified</pose>
		<truncated>0</truncated>
		<difficult>0</difficult>
		<occluded>0</occluded>
		<bndbox>
			<xmin>281</xmin>
			<xmax>402</xmax>
			<ymin>146</ymin>
			<ymax>239</ymax>
		</bndbox>
	</object>
	<object>
		<name>car</name>
		<pose>Unspecified</pose>
		<truncated>0</truncated>
		<difficult>0</difficult>
		<occluded>0</occluded>
		<bndbox>
			<xmin>113</xmin>
			<xmax>279</xmax>
			<ymin>114</ymin>
			<ymax>255</ymax>
		</bndbox>
	</object>
</annotation>
