<annotation>
	<folder></folder>
	<filename>frame_3476_jpg.rf.8fb83c60cf2d1f1b33001616e5173662.jpg</filename>
	<path>frame_3476_jpg.rf.8fb83c60cf2d1f1b33001616e5173662.jpg</path>
	<source>
		<database>roboflow.ai</database>
	</source>
	<size>
		<width>416</width>
		<height>416</height>
		<depth>3</depth>
	</size>
	<segmented>0</segmented>
	<object>
		<name>motorbike</name>
		<pose>Unspecified</pose>
		<truncated>0</truncated>
		<difficult>0</difficult>
		<occluded>0</occluded>
		<bndbox>
			<xmin>19</xmin>
			<xmax>105</xmax>
			<ymin>160</ymin>
			<ymax>280</ymax>
		</bndbox>
	</object>
	<object>
		<name>bus</name>
		<pose>Unspecified</pose>
		<truncated>0</truncated>
		<difficult>0</difficult>
		<occluded>0</occluded>
		<bndbox>
			<xmin>122</xmin>
			<xmax>415</xmax>
			<ymin>17</ymin>
			<ymax>304</ymax>
		</bndbox>
	</object>
	<object>
		<name>auto</name>
		<pose>Unspecified</pose>
		<truncated>0</truncated>
		<difficult>0</difficult>
		<occluded>0</occluded>
		<bndbox>
			<xmin>327</xmin>
			<xmax>415</xmax>
			<ymin>144</ymin>
			<ymax>309</ymax>
		</bndbox>
	</object>
</annotation>
