<annotation>
	<folder></folder>
	<filename>frame_3398_jpg.rf.8837313b72d0724eed3abfa27abf318c.jpg</filename>
	<path>frame_3398_jpg.rf.8837313b72d0724eed3abfa27abf318c.jpg</path>
	<source>
		<database>roboflow.ai</database>
	</source>
	<size>
		<width>416</width>
		<height>416</height>
		<depth>3</depth>
	</size>
	<segmented>0</segmented>
	<object>
		<name>auto</name>
		<pose>Unspecified</pose>
		<truncated>0</truncated>
		<difficult>0</difficult>
		<occluded>0</occluded>
		<bndbox>
			<xmin>178</xmin>
			<xmax>262</xmax>
			<ymin>193</ymin>
			<ymax>281</ymax>
		</bndbox>
	</object>
	<object>
		<name>car</name>
		<pose>Unspecified</pose>
		<truncated>0</truncated>
		<difficult>0</difficult>
		<occluded>0</occluded>
		<bndbox>
			<xmin>94</xmin>
			<xmax>191</xmax>
			<ymin>150</ymin>
			<ymax>228</ymax>
		</bndbox>
	</object>
</annotation>
