<annotation>
	<folder></folder>
	<filename>frame_3498_jpg.rf.41cc0bb374e32878f4ad2a6e76eef986.jpg</filename>
	<path>frame_3498_jpg.rf.41cc0bb374e32878f4ad2a6e76eef986.jpg</path>
	<source>
		<database>roboflow.ai</database>
	</source>
	<size>
		<width>416</width>
		<height>416</height>
		<depth>3</depth>
	</size>
	<segmented>0</segmented>
	<object>
		<name>car</name>
		<pose>Unspecified</pose>
		<truncated>0</truncated>
		<difficult>0</difficult>
		<occluded>0</occluded>
		<bndbox>
			<xmin>189</xmin>
			<xmax>280</xmax>
			<ymin>222</ymin>
			<ymax>370</ymax>
		</bndbox>
	</object>
	<object>
		<name>car</name>
		<pose>Unspecified</pose>
		<truncated>0</truncated>
		<difficult>0</difficult>
		<occluded>0</occluded>
		<bndbox>
			<xmin>17</xmin>
			<xmax>180</xmax>
			<ymin>192</ymin>
			<ymax>383</ymax>
		</bndbox>
	</object>
	<object>
		<name>truck</name>
		<pose>Unspecified</pose>
		<truncated>0</truncated>
		<difficult>0</difficult>
		<occluded>0</occluded>
		<bndbox>
			<xmin>148</xmin>
			<xmax>227</xmax>
			<ymin>169</ymin>
			<ymax>319</ymax>
		</bndbox>
	</object>
</annotation>
