<annotation>
	<folder></folder>
	<filename>frame_3478_jpg.rf.c183d67a3c036f3abb4586e24b726df1.jpg</filename>
	<path>frame_3478_jpg.rf.c183d67a3c036f3abb4586e24b726df1.jpg</path>
	<source>
		<database>roboflow.ai</database>
	</source>
	<size>
		<width>416</width>
		<height>416</height>
		<depth>3</depth>
	</size>
	<segmented>0</segmented>
	<object>
		<name>motorbike</name>
		<pose>Unspecified</pose>
		<truncated>0</truncated>
		<difficult>0</difficult>
		<occluded>0</occluded>
		<bndbox>
			<xmin>281</xmin>
			<xmax>371</xmax>
			<ymin>154</ymin>
			<ymax>317</ymax>
		</bndbox>
	</object>
	<object>
		<name>motorbike</name>
		<pose>Unspecified</pose>
		<truncated>0</truncated>
		<difficult>0</difficult>
		<occluded>0</occluded>
		<bndbox>
			<xmin>211</xmin>
			<xmax>301</xmax>
			<ymin>155</ymin>
			<ymax>318</ymax>
		</bndbox>
	</object>
	<object>
		<name>bicycle</name>
		<pose>Unspecified</pose>
		<truncated>0</truncated>
		<difficult>0</difficult>
		<occluded>0</occluded>
		<bndbox>
			<xmin>0</xmin>
			<xmax>128</xmax>
			<ymin>111</ymin>
			<ymax>363</ymax>
		</bndbox>
	</object>
</annotation>
