<annotation>
	<folder></folder>
	<filename>frame_3472_jpg.rf.eb2faaa7eafe88325f05327b9b36ae39.jpg</filename>
	<path>frame_3472_jpg.rf.eb2faaa7eafe88325f05327b9b36ae39.jpg</path>
	<source>
		<database>roboflow.ai</database>
	</source>
	<size>
		<width>416</width>
		<height>416</height>
		<depth>3</depth>
	</size>
	<segmented>0</segmented>
	<object>
		<name>auto</name>
		<pose>Unspecified</pose>
		<truncated>0</truncated>
		<difficult>0</difficult>
		<occluded>0</occluded>
		<bndbox>
			<xmin>152</xmin>
			<xmax>333</xmax>
			<ymin>134</ymin>
			<ymax>312</ymax>
		</bndbox>
	</object>
	<object>
		<name>motorbike</name>
		<pose>Unspecified</pose>
		<truncated>0</truncated>
		<difficult>0</difficult>
		<occluded>0</occluded>
		<bndbox>
			<xmin>7</xmin>
			<xmax>92</xmax>
			<ymin>187</ymin>
			<ymax>331</ymax>
		</bndbox>
	</object>
</annotation>
