<annotation>
	<folder></folder>
	<filename>frame_3481_jpg.rf.e784424e2a313c9318a548024c5e5eb2.jpg</filename>
	<path>frame_3481_jpg.rf.e784424e2a313c9318a548024c5e5eb2.jpg</path>
	<source>
		<database>roboflow.ai</database>
	</source>
	<size>
		<width>416</width>
		<height>416</height>
		<depth>3</depth>
	</size>
	<segmented>0</segmented>
	<object>
		<name>motorbike</name>
		<pose>Unspecified</pose>
		<truncated>0</truncated>
		<difficult>0</difficult>
		<occluded>0</occluded>
		<bndbox>
			<xmin>315</xmin>
			<xmax>396</xmax>
			<ymin>136</ymin>
			<ymax>247</ymax>
		</bndbox>
	</object>
	<object>
		<name>auto</name>
		<pose>Unspecified</pose>
		<truncated>0</truncated>
		<difficult>0</difficult>
		<occluded>0</occluded>
		<bndbox>
			<xmin>176</xmin>
			<xmax>316</xmax>
			<ymin>99</ymin>
			<ymax>260</ymax>
		</bndbox>
	</object>
	<object>
		<name>car</name>
		<pose>Unspecified</pose>
		<truncated>0</truncated>
		<difficult>0</difficult>
		<occluded>0</occluded>
		<bndbox>
			<xmin>81</xmin>
			<xmax>219</xmax>
			<ymin>99</ymin>
			<ymax>221</ymax>
		</bndbox>
	</object>
	<object>
		<name>motorbike</name>
		<pose>Unspecified</pose>
		<truncated>0</truncated>
		<difficult>0</difficult>
		<occluded>0</occluded>
		<bndbox>
			<xmin>36</xmin>
			<xmax>110</xmax>
			<ymin>92</ymin>
			<ymax>215</ymax>
		</bndbox>
	</object>
</annotation>
