<annotation>
	<folder></folder>
	<filename>frame_3472_jpg.rf.89476b8060937e470c1eecfca3d06a6d.jpg</filename>
	<path>frame_3472_jpg.rf.89476b8060937e470c1eecfca3d06a6d.jpg</path>
	<source>
		<database>roboflow.ai</database>
	</source>
	<size>
		<width>416</width>
		<height>416</height>
		<depth>3</depth>
	</size>
	<segmented>0</segmented>
	<object>
		<name>auto</name>
		<pose>Unspecified</pose>
		<truncated>0</truncated>
		<difficult>0</difficult>
		<occluded>0</occluded>
		<bndbox>
			<xmin>161</xmin>
			<xmax>339</xmax>
			<ymin>136</ymin>
			<ymax>330</ymax>
		</bndbox>
	</object>
	<object>
		<name>motorbike</name>
		<pose>Unspecified</pose>
		<truncated>0</truncated>
		<difficult>0</difficult>
		<occluded>0</occluded>
		<bndbox>
			<xmin>13</xmin>
			<xmax>102</xmax>
			<ymin>144</ymin>
			<ymax>295</ymax>
		</bndbox>
	</object>
</annotation>
