<annotation>
	<folder></folder>
	<filename>frame_3480_jpg.rf.1b37282c34fba0287e1775b4320a2363.jpg</filename>
	<path>frame_3480_jpg.rf.1b37282c34fba0287e1775b4320a2363.jpg</path>
	<source>
		<database>roboflow.ai</database>
	</source>
	<size>
		<width>416</width>
		<height>416</height>
		<depth>3</depth>
	</size>
	<segmented>0</segmented>
	<object>
		<name>car</name>
		<pose>Unspecified</pose>
		<truncated>0</truncated>
		<difficult>0</difficult>
		<occluded>0</occluded>
		<bndbox>
			<xmin>149</xmin>
			<xmax>283</xmax>
			<ymin>132</ymin>
			<ymax>248</ymax>
		</bndbox>
	</object>
	<object>
		<name>motorbike</name>
		<pose>Unspecified</pose>
		<truncated>0</truncated>
		<difficult>0</difficult>
		<occluded>0</occluded>
		<bndbox>
			<xmin>101</xmin>
			<xmax>155</xmax>
			<ymin>179</ymin>
			<ymax>271</ymax>
		</bndbox>
	</object>
</annotation>
