<annotation>
	<folder></folder>
	<filename>frame_3469_jpg.rf.b0963dead1b72535667e3ace486d0510.jpg</filename>
	<path>frame_3469_jpg.rf.b0963dead1b72535667e3ace486d0510.jpg</path>
	<source>
		<database>roboflow.ai</database>
	</source>
	<size>
		<width>416</width>
		<height>416</height>
		<depth>3</depth>
	</size>
	<segmented>0</segmented>
	<object>
		<name>auto</name>
		<pose>Unspecified</pose>
		<truncated>0</truncated>
		<difficult>0</difficult>
		<occluded>0</occluded>
		<bndbox>
			<xmin>0</xmin>
			<xmax>92</xmax>
			<ymin>181</ymin>
			<ymax>341</ymax>
		</bndbox>
	</object>
	<object>
		<name>motorbike</name>
		<pose>Unspecified</pose>
		<truncated>0</truncated>
		<difficult>0</difficult>
		<occluded>0</occluded>
		<bndbox>
			<xmin>199</xmin>
			<xmax>295</xmax>
			<ymin>119</ymin>
			<ymax>333</ymax>
		</bndbox>
	</object>
</annotation>
