<annotation>
	<folder></folder>
	<filename>frame_3468_jpg.rf.a22d76217b68d04d9236d0bf486d1dc3.jpg</filename>
	<path>frame_3468_jpg.rf.a22d76217b68d04d9236d0bf486d1dc3.jpg</path>
	<source>
		<database>roboflow.ai</database>
	</source>
	<size>
		<width>416</width>
		<height>416</height>
		<depth>3</depth>
	</size>
	<segmented>0</segmented>
	<object>
		<name>motorbike</name>
		<pose>Unspecified</pose>
		<truncated>0</truncated>
		<difficult>0</difficult>
		<occluded>0</occluded>
		<bndbox>
			<xmin>0</xmin>
			<xmax>110</xmax>
			<ymin>131</ymin>
			<ymax>333</ymax>
		</bndbox>
	</object>
	<object>
		<name>motorbike</name>
		<pose>Unspecified</pose>
		<truncated>0</truncated>
		<difficult>0</difficult>
		<occluded>0</occluded>
		<bndbox>
			<xmin>179</xmin>
			<xmax>280</xmax>
			<ymin>147</ymin>
			<ymax>331</ymax>
		</bndbox>
	</object>
	<object>
		<name>auto</name>
		<pose>Unspecified</pose>
		<truncated>0</truncated>
		<difficult>0</difficult>
		<occluded>0</occluded>
		<bndbox>
			<xmin>16</xmin>
			<xmax>174</xmax>
			<ymin>107</ymin>
			<ymax>326</ymax>
		</bndbox>
	</object>
</annotation>
