<annotation>
	<folder></folder>
	<filename>frame_3450_jpg.rf.e6374525aa219bbfda3e42639d605126.jpg</filename>
	<path>frame_3450_jpg.rf.e6374525aa219bbfda3e42639d605126.jpg</path>
	<source>
		<database>roboflow.ai</database>
	</source>
	<size>
		<width>416</width>
		<height>416</height>
		<depth>3</depth>
	</size>
	<segmented>0</segmented>
	<object>
		<name>car</name>
		<pose>Unspecified</pose>
		<truncated>0</truncated>
		<difficult>0</difficult>
		<occluded>0</occluded>
		<bndbox>
			<xmin>118</xmin>
			<xmax>305</xmax>
			<ymin>236</ymin>
			<ymax>415</ymax>
		</bndbox>
	</object>
	<object>
		<name>car</name>
		<pose>Unspecified</pose>
		<truncated>0</truncated>
		<difficult>0</difficult>
		<occluded>0</occluded>
		<bndbox>
			<xmin>232</xmin>
			<xmax>302</xmax>
			<ymin>243</ymin>
			<ymax>335</ymax>
		</bndbox>
	</object>
</annotation>
