<annotation>
	<folder></folder>
	<filename>frame_3497_jpg.rf.1268fe199620eeba822ba0e017751f37.jpg</filename>
	<path>frame_3497_jpg.rf.1268fe199620eeba822ba0e017751f37.jpg</path>
	<source>
		<database>roboflow.ai</database>
	</source>
	<size>
		<width>416</width>
		<height>416</height>
		<depth>3</depth>
	</size>
	<segmented>0</segmented>
	<object>
		<name>car</name>
		<pose>Unspecified</pose>
		<truncated>0</truncated>
		<difficult>0</difficult>
		<occluded>0</occluded>
		<bndbox>
			<xmin>141</xmin>
			<xmax>246</xmax>
			<ymin>183</ymin>
			<ymax>340</ymax>
		</bndbox>
	</object>
	<object>
		<name>van</name>
		<pose>Unspecified</pose>
		<truncated>0</truncated>
		<difficult>0</difficult>
		<occluded>0</occluded>
		<bndbox>
			<xmin>224</xmin>
			<xmax>328</xmax>
			<ymin>197</ymin>
			<ymax>336</ymax>
		</bndbox>
	</object>
	<object>
		<name>motorbike</name>
		<pose>Unspecified</pose>
		<truncated>0</truncated>
		<difficult>0</difficult>
		<occluded>0</occluded>
		<bndbox>
			<xmin>340</xmin>
			<xmax>386</xmax>
			<ymin>237</ymin>
			<ymax>339</ymax>
		</bndbox>
	</object>
</annotation>
