<annotation>
	<folder></folder>
	<filename>frame_3457_jpg.rf.d2f8db6959ab08f9dd148b6f6e9553e9.jpg</filename>
	<path>frame_3457_jpg.rf.d2f8db6959ab08f9dd148b6f6e9553e9.jpg</path>
	<source>
		<database>roboflow.ai</database>
	</source>
	<size>
		<width>416</width>
		<height>416</height>
		<depth>3</depth>
	</size>
	<segmented>0</segmented>
	<object>
		<name>car</name>
		<pose>Unspecified</pose>
		<truncated>0</truncated>
		<difficult>0</difficult>
		<occluded>0</occluded>
		<bndbox>
			<xmin>242</xmin>
			<xmax>338</xmax>
			<ymin>146</ymin>
			<ymax>279</ymax>
		</bndbox>
	</object>
	<object>
		<name>car</name>
		<pose>Unspecified</pose>
		<truncated>0</truncated>
		<difficult>0</difficult>
		<occluded>0</occluded>
		<bndbox>
			<xmin>133</xmin>
			<xmax>285</xmax>
			<ymin>91</ymin>
			<ymax>290</ymax>
		</bndbox>
	</object>
</annotation>
