<annotation>
	<folder></folder>
	<filename>frame_3455_jpg.rf.ecbf49de91c93cf899434e20939e0e4f.jpg</filename>
	<path>frame_3455_jpg.rf.ecbf49de91c93cf899434e20939e0e4f.jpg</path>
	<source>
		<database>roboflow.ai</database>
	</source>
	<size>
		<width>416</width>
		<height>416</height>
		<depth>3</depth>
	</size>
	<segmented>0</segmented>
	<object>
		<name>car</name>
		<pose>Unspecified</pose>
		<truncated>0</truncated>
		<difficult>0</difficult>
		<occluded>0</occluded>
		<bndbox>
			<xmin>144</xmin>
			<xmax>261</xmax>
			<ymin>69</ymin>
			<ymax>297</ymax>
		</bndbox>
	</object>
	<object>
		<name>car</name>
		<pose>Unspecified</pose>
		<truncated>0</truncated>
		<difficult>0</difficult>
		<occluded>0</occluded>
		<bndbox>
			<xmin>91</xmin>
			<xmax>184</xmax>
			<ymin>112</ymin>
			<ymax>278</ymax>
		</bndbox>
	</object>
</annotation>
