<annotation>
	<folder></folder>
	<filename>frame_3493_jpg.rf.7df83577f0cacd36a55af55ac27e9a70.jpg</filename>
	<path>frame_3493_jpg.rf.7df83577f0cacd36a55af55ac27e9a70.jpg</path>
	<source>
		<database>roboflow.ai</database>
	</source>
	<size>
		<width>416</width>
		<height>416</height>
		<depth>3</depth>
	</size>
	<segmented>0</segmented>
	<object>
		<name>van</name>
		<pose>Unspecified</pose>
		<truncated>0</truncated>
		<difficult>0</difficult>
		<occluded>0</occluded>
		<bndbox>
			<xmin>0</xmin>
			<xmax>83</xmax>
			<ymin>205</ymin>
			<ymax>324</ymax>
		</bndbox>
	</object>
</annotation>
