<annotation>
	<folder></folder>
	<filename>frame_3476_jpg.rf.88ef227eb47e41cf4c24f847f2f7348d.jpg</filename>
	<path>frame_3476_jpg.rf.88ef227eb47e41cf4c24f847f2f7348d.jpg</path>
	<source>
		<database>roboflow.ai</database>
	</source>
	<size>
		<width>416</width>
		<height>416</height>
		<depth>3</depth>
	</size>
	<segmented>0</segmented>
	<object>
		<name>motorbike</name>
		<pose>Unspecified</pose>
		<truncated>0</truncated>
		<difficult>0</difficult>
		<occluded>0</occluded>
		<bndbox>
			<xmin>20</xmin>
			<xmax>135</xmax>
			<ymin>169</ymin>
			<ymax>309</ymax>
		</bndbox>
	</object>
	<object>
		<name>bus</name>
		<pose>Unspecified</pose>
		<truncated>0</truncated>
		<difficult>0</difficult>
		<occluded>0</occluded>
		<bndbox>
			<xmin>66</xmin>
			<xmax>415</xmax>
			<ymin>0</ymin>
			<ymax>326</ymax>
		</bndbox>
	</object>
	<object>
		<name>auto</name>
		<pose>Unspecified</pose>
		<truncated>0</truncated>
		<difficult>0</difficult>
		<occluded>0</occluded>
		<bndbox>
			<xmin>299</xmin>
			<xmax>415</xmax>
			<ymin>110</ymin>
			<ymax>298</ymax>
		</bndbox>
	</object>
</annotation>
