<annotation>
	<folder></folder>
	<filename>frame_3493_jpg.rf.b8737d60a6b6a8b4120802d150614d2f.jpg</filename>
	<path>frame_3493_jpg.rf.b8737d60a6b6a8b4120802d150614d2f.jpg</path>
	<source>
		<database>roboflow.ai</database>
	</source>
	<size>
		<width>416</width>
		<height>416</height>
		<depth>3</depth>
	</size>
	<segmented>0</segmented>
	<object>
		<name>van</name>
		<pose>Unspecified</pose>
		<truncated>0</truncated>
		<difficult>0</difficult>
		<occluded>0</occluded>
		<bndbox>
			<xmin>335</xmin>
			<xmax>415</xmax>
			<ymin>232</ymin>
			<ymax>365</ymax>
		</bndbox>
	</object>
</annotation>
