<annotation>
	<folder></folder>
	<filename>frame_3480_jpg.rf.a47fbc5d6a99948dae453289adaa5d7b.jpg</filename>
	<path>frame_3480_jpg.rf.a47fbc5d6a99948dae453289adaa5d7b.jpg</path>
	<source>
		<database>roboflow.ai</database>
	</source>
	<size>
		<width>416</width>
		<height>416</height>
		<depth>3</depth>
	</size>
	<segmented>0</segmented>
	<object>
		<name>car</name>
		<pose>Unspecified</pose>
		<truncated>0</truncated>
		<difficult>0</difficult>
		<occluded>0</occluded>
		<bndbox>
			<xmin>143</xmin>
			<xmax>255</xmax>
			<ymin>137</ymin>
			<ymax>245</ymax>
		</bndbox>
	</object>
	<object>
		<name>motorbike</name>
		<pose>Unspecified</pose>
		<truncated>0</truncated>
		<difficult>0</difficult>
		<occluded>0</occluded>
		<bndbox>
			<xmin>262</xmin>
			<xmax>304</xmax>
			<ymin>156</ymin>
			<ymax>245</ymax>
		</bndbox>
	</object>
</annotation>
