<annotation>
	<folder></folder>
	<filename>frame_3471_jpg.rf.093ee8b269ffb3b5f4a403c833a0d4ff.jpg</filename>
	<path>frame_3471_jpg.rf.093ee8b269ffb3b5f4a403c833a0d4ff.jpg</path>
	<source>
		<database>roboflow.ai</database>
	</source>
	<size>
		<width>416</width>
		<height>416</height>
		<depth>3</depth>
	</size>
	<segmented>0</segmented>
	<object>
		<name>motorbike</name>
		<pose>Unspecified</pose>
		<truncated>0</truncated>
		<difficult>0</difficult>
		<occluded>0</occluded>
		<bndbox>
			<xmin>255</xmin>
			<xmax>380</xmax>
			<ymin>160</ymin>
			<ymax>343</ymax>
		</bndbox>
	</object>
	<object>
		<name>auto</name>
		<pose>Unspecified</pose>
		<truncated>0</truncated>
		<difficult>0</difficult>
		<occluded>0</occluded>
		<bndbox>
			<xmin>50</xmin>
			<xmax>171</xmax>
			<ymin>142</ymin>
			<ymax>301</ymax>
		</bndbox>
	</object>
</annotation>
