<annotation>
	<folder></folder>
	<filename>frame_3485_jpg.rf.9f89e994eed64806c699856197cdeb3b.jpg</filename>
	<path>frame_3485_jpg.rf.9f89e994eed64806c699856197cdeb3b.jpg</path>
	<source>
		<database>roboflow.ai</database>
	</source>
	<size>
		<width>416</width>
		<height>416</height>
		<depth>3</depth>
	</size>
	<segmented>0</segmented>
	<object>
		<name>car</name>
		<pose>Unspecified</pose>
		<truncated>0</truncated>
		<difficult>0</difficult>
		<occluded>0</occluded>
		<bndbox>
			<xmin>184</xmin>
			<xmax>330</xmax>
			<ymin>121</ymin>
			<ymax>246</ymax>
		</bndbox>
	</object>
	<object>
		<name>motorbike</name>
		<pose>Unspecified</pose>
		<truncated>0</truncated>
		<difficult>0</difficult>
		<occluded>0</occluded>
		<bndbox>
			<xmin>266</xmin>
			<xmax>345</xmax>
			<ymin>132</ymin>
			<ymax>254</ymax>
		</bndbox>
	</object>
</annotation>
