<annotation>
	<folder></folder>
	<filename>frame_3471_jpg.rf.a19e00a303418cb6804b6b5d20e317cc.jpg</filename>
	<path>frame_3471_jpg.rf.a19e00a303418cb6804b6b5d20e317cc.jpg</path>
	<source>
		<database>roboflow.ai</database>
	</source>
	<size>
		<width>416</width>
		<height>416</height>
		<depth>3</depth>
	</size>
	<segmented>0</segmented>
	<object>
		<name>motorbike</name>
		<pose>Unspecified</pose>
		<truncated>0</truncated>
		<difficult>0</difficult>
		<occluded>0</occluded>
		<bndbox>
			<xmin>10</xmin>
			<xmax>188</xmax>
			<ymin>108</ymin>
			<ymax>319</ymax>
		</bndbox>
	</object>
	<object>
		<name>auto</name>
		<pose>Unspecified</pose>
		<truncated>0</truncated>
		<difficult>0</difficult>
		<occluded>0</occluded>
		<bndbox>
			<xmin>226</xmin>
			<xmax>393</xmax>
			<ymin>161</ymin>
			<ymax>347</ymax>
		</bndbox>
	</object>
</annotation>
