<annotation>
	<folder></folder>
	<filename>frame_3453_jpg.rf.1c6a9464d8d9bc7fed26e7c4d6494ff9.jpg</filename>
	<path>frame_3453_jpg.rf.1c6a9464d8d9bc7fed26e7c4d6494ff9.jpg</path>
	<source>
		<database>roboflow.ai</database>
	</source>
	<size>
		<width>416</width>
		<height>416</height>
		<depth>3</depth>
	</size>
	<segmented>0</segmented>
	<object>
		<name>motorbike</name>
		<pose>Unspecified</pose>
		<truncated>0</truncated>
		<difficult>0</difficult>
		<occluded>0</occluded>
		<bndbox>
			<xmin>250</xmin>
			<xmax>327</xmax>
			<ymin>87</ymin>
			<ymax>243</ymax>
		</bndbox>
	</object>
</annotation>
