<annotation>
	<folder></folder>
	<filename>frame_3488_jpg.rf.a5fbc0f42ebad43f75f24407d32d6e84.jpg</filename>
	<path>frame_3488_jpg.rf.a5fbc0f42ebad43f75f24407d32d6e84.jpg</path>
	<source>
		<database>roboflow.ai</database>
	</source>
	<size>
		<width>416</width>
		<height>416</height>
		<depth>3</depth>
	</size>
	<segmented>0</segmented>
	<object>
		<name>car</name>
		<pose>Unspecified</pose>
		<truncated>0</truncated>
		<difficult>0</difficult>
		<occluded>0</occluded>
		<bndbox>
			<xmin>48</xmin>
			<xmax>235</xmax>
			<ymin>87</ymin>
			<ymax>227</ymax>
		</bndbox>
	</object>
	<object>
		<name>minitruck</name>
		<pose>Unspecified</pose>
		<truncated>0</truncated>
		<difficult>0</difficult>
		<occluded>0</occluded>
		<bndbox>
			<xmin>245</xmin>
			<xmax>411</xmax>
			<ymin>91</ymin>
			<ymax>267</ymax>
		</bndbox>
	</object>
</annotation>
