<annotation>
	<folder></folder>
	<filename>frame_3476_jpg.rf.e83777aa2602dfc247665ce560f4d2ea.jpg</filename>
	<path>frame_3476_jpg.rf.e83777aa2602dfc247665ce560f4d2ea.jpg</path>
	<source>
		<database>roboflow.ai</database>
	</source>
	<size>
		<width>416</width>
		<height>416</height>
		<depth>3</depth>
	</size>
	<segmented>0</segmented>
	<object>
		<name>motorbike</name>
		<pose>Unspecified</pose>
		<truncated>0</truncated>
		<difficult>0</difficult>
		<occluded>0</occluded>
		<bndbox>
			<xmin>15</xmin>
			<xmax>98</xmax>
			<ymin>191</ymin>
			<ymax>311</ymax>
		</bndbox>
	</object>
	<object>
		<name>bus</name>
		<pose>Unspecified</pose>
		<truncated>0</truncated>
		<difficult>0</difficult>
		<occluded>0</occluded>
		<bndbox>
			<xmin>138</xmin>
			<xmax>415</xmax>
			<ymin>4</ymin>
			<ymax>285</ymax>
		</bndbox>
	</object>
	<object>
		<name>auto</name>
		<pose>Unspecified</pose>
		<truncated>0</truncated>
		<difficult>0</difficult>
		<occluded>0</occluded>
		<bndbox>
			<xmin>329</xmin>
			<xmax>415</xmax>
			<ymin>108</ymin>
			<ymax>273</ymax>
		</bndbox>
	</object>
</annotation>
