<annotation>
	<folder></folder>
	<filename>frame_3471_jpg.rf.18db12bff91a58a60af17a0c82c207a6.jpg</filename>
	<path>frame_3471_jpg.rf.18db12bff91a58a60af17a0c82c207a6.jpg</path>
	<source>
		<database>roboflow.ai</database>
	</source>
	<size>
		<width>416</width>
		<height>416</height>
		<depth>3</depth>
	</size>
	<segmented>0</segmented>
	<object>
		<name>motorbike</name>
		<pose>Unspecified</pose>
		<truncated>0</truncated>
		<difficult>0</difficult>
		<occluded>0</occluded>
		<bndbox>
			<xmin>239</xmin>
			<xmax>386</xmax>
			<ymin>171</ymin>
			<ymax>395</ymax>
		</bndbox>
	</object>
	<object>
		<name>auto</name>
		<pose>Unspecified</pose>
		<truncated>0</truncated>
		<difficult>0</difficult>
		<occluded>0</occluded>
		<bndbox>
			<xmin>38</xmin>
			<xmax>177</xmax>
			<ymin>91</ymin>
			<ymax>288</ymax>
		</bndbox>
	</object>
</annotation>
