<annotation>
	<folder></folder>
	<filename>frame_3488_jpg.rf.c7f07afb033c6b3734d58157d4757670.jpg</filename>
	<path>frame_3488_jpg.rf.c7f07afb033c6b3734d58157d4757670.jpg</path>
	<source>
		<database>roboflow.ai</database>
	</source>
	<size>
		<width>416</width>
		<height>416</height>
		<depth>3</depth>
	</size>
	<segmented>0</segmented>
	<object>
		<name>car</name>
		<pose>Unspecified</pose>
		<truncated>0</truncated>
		<difficult>0</difficult>
		<occluded>0</occluded>
		<bndbox>
			<xmin>47</xmin>
			<xmax>233</xmax>
			<ymin>110</ymin>
			<ymax>230</ymax>
		</bndbox>
	</object>
	<object>
		<name>minitruck</name>
		<pose>Unspecified</pose>
		<truncated>0</truncated>
		<difficult>0</difficult>
		<occluded>0</occluded>
		<bndbox>
			<xmin>249</xmin>
			<xmax>404</xmax>
			<ymin>76</ymin>
			<ymax>236</ymax>
		</bndbox>
	</object>
</annotation>
