<annotation>
	<folder></folder>
	<filename>frame_3489_jpg.rf.0076031f616685856f9575e6155a1c04.jpg</filename>
	<path>frame_3489_jpg.rf.0076031f616685856f9575e6155a1c04.jpg</path>
	<source>
		<database>roboflow.ai</database>
	</source>
	<size>
		<width>416</width>
		<height>416</height>
		<depth>3</depth>
	</size>
	<segmented>0</segmented>
	<object>
		<name>minitruck</name>
		<pose>Unspecified</pose>
		<truncated>0</truncated>
		<difficult>0</difficult>
		<occluded>0</occluded>
		<bndbox>
			<xmin>225</xmin>
			<xmax>361</xmax>
			<ymin>91</ymin>
			<ymax>214</ymax>
		</bndbox>
	</object>
	<object>
		<name>car</name>
		<pose>Unspecified</pose>
		<truncated>0</truncated>
		<difficult>0</difficult>
		<occluded>0</occluded>
		<bndbox>
			<xmin>159</xmin>
			<xmax>243</xmax>
			<ymin>121</ymin>
			<ymax>233</ymax>
		</bndbox>
	</object>
</annotation>
