<annotation>
	<folder></folder>
	<filename>frame_3492_jpg.rf.f87f1a4085c0eebd7926fbe981ce14f4.jpg</filename>
	<path>frame_3492_jpg.rf.f87f1a4085c0eebd7926fbe981ce14f4.jpg</path>
	<source>
		<database>roboflow.ai</database>
	</source>
	<size>
		<width>416</width>
		<height>416</height>
		<depth>3</depth>
	</size>
	<segmented>0</segmented>
	<object>
		<name>auto</name>
		<pose>Unspecified</pose>
		<truncated>0</truncated>
		<difficult>0</difficult>
		<occluded>0</occluded>
		<bndbox>
			<xmin>248</xmin>
			<xmax>341</xmax>
			<ymin>149</ymin>
			<ymax>300</ymax>
		</bndbox>
	</object>
	<object>
		<name>car</name>
		<pose>Unspecified</pose>
		<truncated>0</truncated>
		<difficult>0</difficult>
		<occluded>0</occluded>
		<bndbox>
			<xmin>63</xmin>
			<xmax>191</xmax>
			<ymin>186</ymin>
			<ymax>349</ymax>
		</bndbox>
	</object>
	<object>
		<name>motorbike</name>
		<pose>Unspecified</pose>
		<truncated>0</truncated>
		<difficult>0</difficult>
		<occluded>0</occluded>
		<bndbox>
			<xmin>199</xmin>
			<xmax>257</xmax>
			<ymin>148</ymin>
			<ymax>318</ymax>
		</bndbox>
	</object>
</annotation>
