<annotation>
	<folder></folder>
	<filename>frame_3453_jpg.rf.3fbf39c8500599fc99b1f90a8745450c.jpg</filename>
	<path>frame_3453_jpg.rf.3fbf39c8500599fc99b1f90a8745450c.jpg</path>
	<source>
		<database>roboflow.ai</database>
	</source>
	<size>
		<width>416</width>
		<height>416</height>
		<depth>3</depth>
	</size>
	<segmented>0</segmented>
	<object>
		<name>motorbike</name>
		<pose>Unspecified</pose>
		<truncated>0</truncated>
		<difficult>0</difficult>
		<occluded>0</occluded>
		<bndbox>
			<xmin>260</xmin>
			<xmax>312</xmax>
			<ymin>108</ymin>
			<ymax>276</ymax>
		</bndbox>
	</object>
</annotation>
