<annotation>
	<folder></folder>
	<filename>frame_3453_jpg.rf.f6b8ad9a1d59be4f0516c725aefd3643.jpg</filename>
	<path>frame_3453_jpg.rf.f6b8ad9a1d59be4f0516c725aefd3643.jpg</path>
	<source>
		<database>roboflow.ai</database>
	</source>
	<size>
		<width>416</width>
		<height>416</height>
		<depth>3</depth>
	</size>
	<segmented>0</segmented>
	<object>
		<name>motorbike</name>
		<pose>Unspecified</pose>
		<truncated>0</truncated>
		<difficult>0</difficult>
		<occluded>0</occluded>
		<bndbox>
			<xmin>262</xmin>
			<xmax>324</xmax>
			<ymin>89</ymin>
			<ymax>251</ymax>
		</bndbox>
	</object>
</annotation>
