<annotation>
	<folder></folder>
	<filename>frame_3472_jpg.rf.c68d67acb688d18f76fe53a4b9b31c47.jpg</filename>
	<path>frame_3472_jpg.rf.c68d67acb688d18f76fe53a4b9b31c47.jpg</path>
	<source>
		<database>roboflow.ai</database>
	</source>
	<size>
		<width>416</width>
		<height>416</height>
		<depth>3</depth>
	</size>
	<segmented>0</segmented>
	<object>
		<name>auto</name>
		<pose>Unspecified</pose>
		<truncated>0</truncated>
		<difficult>0</difficult>
		<occluded>0</occluded>
		<bndbox>
			<xmin>71</xmin>
			<xmax>270</xmax>
			<ymin>139</ymin>
			<ymax>310</ymax>
		</bndbox>
	</object>
	<object>
		<name>motorbike</name>
		<pose>Unspecified</pose>
		<truncated>0</truncated>
		<difficult>0</difficult>
		<occluded>0</occluded>
		<bndbox>
			<xmin>315</xmin>
			<xmax>415</xmax>
			<ymin>187</ymin>
			<ymax>319</ymax>
		</bndbox>
	</object>
</annotation>
