<annotation>
	<folder></folder>
	<filename>frame_4262_jpg.rf.fc4e45ee2a0d67d9465eca470e1dc239.jpg</filename>
	<path>frame_4262_jpg.rf.fc4e45ee2a0d67d9465eca470e1dc239.jpg</path>
	<source>
		<database>roboflow.ai</database>
	</source>
	<size>
		<width>416</width>
		<height>416</height>
		<depth>3</depth>
	</size>
	<segmented>0</segmented>
	<object>
		<name>car</name>
		<pose>Unspecified</pose>
		<truncated>0</truncated>
		<difficult>0</difficult>
		<occluded>0</occluded>
		<bndbox>
			<xmin>313</xmin>
			<xmax>369</xmax>
			<ymin>314</ymin>
			<ymax>395</ymax>
		</bndbox>
	</object>
	<object>
		<name>car</name>
		<pose>Unspecified</pose>
		<truncated>0</truncated>
		<difficult>0</difficult>
		<occluded>0</occluded>
		<bndbox>
			<xmin>154</xmin>
			<xmax>181</xmax>
			<ymin>239</ymin>
			<ymax>292</ymax>
		</bndbox>
	</object>
	<object>
		<name>car</name>
		<pose>Unspecified</pose>
		<truncated>0</truncated>
		<difficult>0</difficult>
		<occluded>0</occluded>
		<bndbox>
			<xmin>136</xmin>
			<xmax>157</xmax>
			<ymin>218</ymin>
			<ymax>254</ymax>
		</bndbox>
	</object>
</annotation>
