<annotation>
	<folder></folder>
	<filename>frame_4269_jpg.rf.b89a82a19695b4ffa155d0604b7c9e14.jpg</filename>
	<path>frame_4269_jpg.rf.b89a82a19695b4ffa155d0604b7c9e14.jpg</path>
	<source>
		<database>roboflow.ai</database>
	</source>
	<size>
		<width>416</width>
		<height>416</height>
		<depth>3</depth>
	</size>
	<segmented>0</segmented>
	<object>
		<name>car</name>
		<pose>Unspecified</pose>
		<truncated>0</truncated>
		<difficult>0</difficult>
		<occluded>0</occluded>
		<bndbox>
			<xmin>21</xmin>
			<xmax>69</xmax>
			<ymin>272</ymin>
			<ymax>340</ymax>
		</bndbox>
	</object>
	<object>
		<name>car</name>
		<pose>Unspecified</pose>
		<truncated>0</truncated>
		<difficult>0</difficult>
		<occluded>0</occluded>
		<bndbox>
			<xmin>163</xmin>
			<xmax>184</xmax>
			<ymin>220</ymin>
			<ymax>262</ymax>
		</bndbox>
	</object>
</annotation>
