<annotation>
	<folder></folder>
	<filename>frame_3972_jpg.rf.90de1d0e6d3f21f40de7a3faea23fc57.jpg</filename>
	<path>frame_3972_jpg.rf.90de1d0e6d3f21f40de7a3faea23fc57.jpg</path>
	<source>
		<database>roboflow.ai</database>
	</source>
	<size>
		<width>416</width>
		<height>416</height>
		<depth>3</depth>
	</size>
	<segmented>0</segmented>
	<object>
		<name>car</name>
		<pose>Unspecified</pose>
		<truncated>0</truncated>
		<difficult>0</difficult>
		<occluded>0</occluded>
		<bndbox>
			<xmin>147</xmin>
			<xmax>221</xmax>
			<ymin>198</ymin>
			<ymax>306</ymax>
		</bndbox>
	</object>
</annotation>
