<annotation>
	<folder></folder>
	<filename>frame_3918_jpg.rf.9afd498433a71d66946a1e32bcc14c9d.jpg</filename>
	<path>frame_3918_jpg.rf.9afd498433a71d66946a1e32bcc14c9d.jpg</path>
	<source>
		<database>roboflow.ai</database>
	</source>
	<size>
		<width>416</width>
		<height>416</height>
		<depth>3</depth>
	</size>
	<segmented>0</segmented>
	<object>
		<name>truck</name>
		<pose>Unspecified</pose>
		<truncated>0</truncated>
		<difficult>0</difficult>
		<occluded>0</occluded>
		<bndbox>
			<xmin>156</xmin>
			<xmax>216</xmax>
			<ymin>143</ymin>
			<ymax>252</ymax>
		</bndbox>
	</object>
</annotation>
