<annotation>
	<folder></folder>
	<filename>frame_3948_jpg.rf.f84271f2dbb20b8fb169936adf81ed6e.jpg</filename>
	<path>frame_3948_jpg.rf.f84271f2dbb20b8fb169936adf81ed6e.jpg</path>
	<source>
		<database>roboflow.ai</database>
	</source>
	<size>
		<width>416</width>
		<height>416</height>
		<depth>3</depth>
	</size>
	<segmented>0</segmented>
	<object>
		<name>car</name>
		<pose>Unspecified</pose>
		<truncated>0</truncated>
		<difficult>0</difficult>
		<occluded>0</occluded>
		<bndbox>
			<xmin>138</xmin>
			<xmax>204</xmax>
			<ymin>216</ymin>
			<ymax>325</ymax>
		</bndbox>
	</object>
	<object>
		<name>motorbike</name>
		<pose>Unspecified</pose>
		<truncated>0</truncated>
		<difficult>0</difficult>
		<occluded>0</occluded>
		<bndbox>
			<xmin>190</xmin>
			<xmax>213</xmax>
			<ymin>179</ymin>
			<ymax>228</ymax>
		</bndbox>
	</object>
</annotation>
