<annotation>
	<folder></folder>
	<filename>frame_3892_jpg.rf.68ed801e588935caf2a226c5246e6b8d.jpg</filename>
	<path>frame_3892_jpg.rf.68ed801e588935caf2a226c5246e6b8d.jpg</path>
	<source>
		<database>roboflow.ai</database>
	</source>
	<size>
		<width>416</width>
		<height>416</height>
		<depth>3</depth>
	</size>
	<segmented>0</segmented>
	<object>
		<name>car</name>
		<pose>Unspecified</pose>
		<truncated>0</truncated>
		<difficult>0</difficult>
		<occluded>0</occluded>
		<bndbox>
			<xmin>188</xmin>
			<xmax>231</xmax>
			<ymin>202</ymin>
			<ymax>271</ymax>
		</bndbox>
	</object>
	<object>
		<name>car</name>
		<pose>Unspecified</pose>
		<truncated>0</truncated>
		<difficult>0</difficult>
		<occluded>0</occluded>
		<bndbox>
			<xmin>117</xmin>
			<xmax>163</xmax>
			<ymin>198</ymin>
			<ymax>264</ymax>
		</bndbox>
	</object>
</annotation>
