<annotation>
	<folder></folder>
	<filename>frame_3901_jpg.rf.e2d9c6bfdefa1bf9404231fd62a1ab12.jpg</filename>
	<path>frame_3901_jpg.rf.e2d9c6bfdefa1bf9404231fd62a1ab12.jpg</path>
	<source>
		<database>roboflow.ai</database>
	</source>
	<size>
		<width>416</width>
		<height>416</height>
		<depth>3</depth>
	</size>
	<segmented>0</segmented>
	<object>
		<name>motorbike</name>
		<pose>Unspecified</pose>
		<truncated>0</truncated>
		<difficult>0</difficult>
		<occluded>0</occluded>
		<bndbox>
			<xmin>214</xmin>
			<xmax>238</xmax>
			<ymin>260</ymin>
			<ymax>339</ymax>
		</bndbox>
	</object>
	<object>
		<name>motorbike</name>
		<pose>Unspecified</pose>
		<truncated>0</truncated>
		<difficult>0</difficult>
		<occluded>0</occluded>
		<bndbox>
			<xmin>169</xmin>
			<xmax>191</xmax>
			<ymin>253</ymin>
			<ymax>337</ymax>
		</bndbox>
	</object>
	<object>
		<name>motorbike</name>
		<pose>Unspecified</pose>
		<truncated>0</truncated>
		<difficult>0</difficult>
		<occluded>0</occluded>
		<bndbox>
			<xmin>234</xmin>
			<xmax>263</xmax>
			<ymin>237</ymin>
			<ymax>296</ymax>
		</bndbox>
	</object>
	<object>
		<name>motorbike</name>
		<pose>Unspecified</pose>
		<truncated>0</truncated>
		<difficult>0</difficult>
		<occluded>0</occluded>
		<bndbox>
			<xmin>121</xmin>
			<xmax>158</xmax>
			<ymin>316</ymin>
			<ymax>408</ymax>
		</bndbox>
	</object>
</annotation>
