<annotation>
	<folder></folder>
	<filename>frame_3913_jpg.rf.1df3097f9b93427f62d142d15f8603d5.jpg</filename>
	<path>frame_3913_jpg.rf.1df3097f9b93427f62d142d15f8603d5.jpg</path>
	<source>
		<database>roboflow.ai</database>
	</source>
	<size>
		<width>416</width>
		<height>416</height>
		<depth>3</depth>
	</size>
	<segmented>0</segmented>
	<object>
		<name>motorbike</name>
		<pose>Unspecified</pose>
		<truncated>0</truncated>
		<difficult>0</difficult>
		<occluded>0</occluded>
		<bndbox>
			<xmin>207</xmin>
			<xmax>237</xmax>
			<ymin>241</ymin>
			<ymax>310</ymax>
		</bndbox>
	</object>
	<object>
		<name>motorbike</name>
		<pose>Unspecified</pose>
		<truncated>0</truncated>
		<difficult>0</difficult>
		<occluded>0</occluded>
		<bndbox>
			<xmin>129</xmin>
			<xmax>162</xmax>
			<ymin>273</ymin>
			<ymax>359</ymax>
		</bndbox>
	</object>
</annotation>
