<annotation>
	<folder></folder>
	<filename>frame_3895_jpg.rf.d6e271ba2a0e566007cccf26af7e9b1b.jpg</filename>
	<path>frame_3895_jpg.rf.d6e271ba2a0e566007cccf26af7e9b1b.jpg</path>
	<source>
		<database>roboflow.ai</database>
	</source>
	<size>
		<width>416</width>
		<height>416</height>
		<depth>3</depth>
	</size>
	<segmented>0</segmented>
	<object>
		<name>car</name>
		<pose>Unspecified</pose>
		<truncated>0</truncated>
		<difficult>0</difficult>
		<occluded>0</occluded>
		<bndbox>
			<xmin>140</xmin>
			<xmax>188</xmax>
			<ymin>157</ymin>
			<ymax>226</ymax>
		</bndbox>
	</object>
	<object>
		<name>auto</name>
		<pose>Unspecified</pose>
		<truncated>0</truncated>
		<difficult>0</difficult>
		<occluded>0</occluded>
		<bndbox>
			<xmin>204</xmin>
			<xmax>250</xmax>
			<ymin>181</ymin>
			<ymax>234</ymax>
		</bndbox>
	</object>
</annotation>
