<annotation>
	<folder></folder>
	<filename>frame_3943_jpg.rf.412710dfc0bc44ead59dde708a708219.jpg</filename>
	<path>frame_3943_jpg.rf.412710dfc0bc44ead59dde708a708219.jpg</path>
	<source>
		<database>roboflow.ai</database>
	</source>
	<size>
		<width>416</width>
		<height>416</height>
		<depth>3</depth>
	</size>
	<segmented>0</segmented>
	<object>
		<name>motorbike</name>
		<pose>Unspecified</pose>
		<truncated>0</truncated>
		<difficult>0</difficult>
		<occluded>0</occluded>
		<bndbox>
			<xmin>198</xmin>
			<xmax>218</xmax>
			<ymin>221</ymin>
			<ymax>270</ymax>
		</bndbox>
	</object>
	<object>
		<name>motorbike</name>
		<pose>Unspecified</pose>
		<truncated>0</truncated>
		<difficult>0</difficult>
		<occluded>0</occluded>
		<bndbox>
			<xmin>219</xmin>
			<xmax>239</xmax>
			<ymin>180</ymin>
			<ymax>216</ymax>
		</bndbox>
	</object>
</annotation>
