<annotation>
	<folder></folder>
	<filename>frame_3892_jpg.rf.c6d3ac3cd2a0ca58c309b789d125c8a4.jpg</filename>
	<path>frame_3892_jpg.rf.c6d3ac3cd2a0ca58c309b789d125c8a4.jpg</path>
	<source>
		<database>roboflow.ai</database>
	</source>
	<size>
		<width>416</width>
		<height>416</height>
		<depth>3</depth>
	</size>
	<segmented>0</segmented>
	<object>
		<name>car</name>
		<pose>Unspecified</pose>
		<truncated>0</truncated>
		<difficult>0</difficult>
		<occluded>0</occluded>
		<bndbox>
			<xmin>197</xmin>
			<xmax>245</xmax>
			<ymin>199</ymin>
			<ymax>272</ymax>
		</bndbox>
	</object>
	<object>
		<name>car</name>
		<pose>Unspecified</pose>
		<truncated>0</truncated>
		<difficult>0</difficult>
		<occluded>0</occluded>
		<bndbox>
			<xmin>125</xmin>
			<xmax>176</xmax>
			<ymin>197</ymin>
			<ymax>269</ymax>
		</bndbox>
	</object>
</annotation>
