<annotation>
	<folder></folder>
	<filename>frame_3903_jpg.rf.ea94a1b05c6fd586102e3747731dcb9b.jpg</filename>
	<path>frame_3903_jpg.rf.ea94a1b05c6fd586102e3747731dcb9b.jpg</path>
	<source>
		<database>roboflow.ai</database>
	</source>
	<size>
		<width>416</width>
		<height>416</height>
		<depth>3</depth>
	</size>
	<segmented>0</segmented>
	<object>
		<name>car</name>
		<pose>Unspecified</pose>
		<truncated>0</truncated>
		<difficult>0</difficult>
		<occluded>0</occluded>
		<bndbox>
			<xmin>99</xmin>
			<xmax>158</xmax>
			<ymin>230</ymin>
			<ymax>305</ymax>
		</bndbox>
	</object>
	<object>
		<name>auto</name>
		<pose>Unspecified</pose>
		<truncated>0</truncated>
		<difficult>0</difficult>
		<occluded>0</occluded>
		<bndbox>
			<xmin>243</xmin>
			<xmax>289</xmax>
			<ymin>191</ymin>
			<ymax>272</ymax>
		</bndbox>
	</object>
	<object>
		<name>motorbike</name>
		<pose>Unspecified</pose>
		<truncated>0</truncated>
		<difficult>0</difficult>
		<occluded>0</occluded>
		<bndbox>
			<xmin>288</xmin>
			<xmax>319</xmax>
			<ymin>245</ymin>
			<ymax>327</ymax>
		</bndbox>
	</object>
	<object>
		<name>auto</name>
		<pose>Unspecified</pose>
		<truncated>0</truncated>
		<difficult>0</difficult>
		<occluded>0</occluded>
		<bndbox>
			<xmin>158</xmin>
			<xmax>191</xmax>
			<ymin>178</ymin>
			<ymax>223</ymax>
		</bndbox>
	</object>
</annotation>
