<annotation>
	<folder></folder>
	<filename>frame_3876_jpg.rf.ea4ef413e962043366db9233c222c9f4.jpg</filename>
	<path>frame_3876_jpg.rf.ea4ef413e962043366db9233c222c9f4.jpg</path>
	<source>
		<database>roboflow.ai</database>
	</source>
	<size>
		<width>416</width>
		<height>416</height>
		<depth>3</depth>
	</size>
	<segmented>0</segmented>
	<object>
		<name>motorbike</name>
		<pose>Unspecified</pose>
		<truncated>0</truncated>
		<difficult>0</difficult>
		<occluded>0</occluded>
		<bndbox>
			<xmin>242</xmin>
			<xmax>256</xmax>
			<ymin>209</ymin>
			<ymax>263</ymax>
		</bndbox>
	</object>
	<object>
		<name>minitruck</name>
		<pose>Unspecified</pose>
		<truncated>0</truncated>
		<difficult>0</difficult>
		<occluded>0</occluded>
		<bndbox>
			<xmin>164</xmin>
			<xmax>213</xmax>
			<ymin>233</ymin>
			<ymax>348</ymax>
		</bndbox>
	</object>
	<object>
		<name>motorbike</name>
		<pose>Unspecified</pose>
		<truncated>0</truncated>
		<difficult>0</difficult>
		<occluded>0</occluded>
		<bndbox>
			<xmin>130</xmin>
			<xmax>149</xmax>
			<ymin>243</ymin>
			<ymax>306</ymax>
		</bndbox>
	</object>
</annotation>
