<annotation>
	<folder></folder>
	<filename>frame_3957_jpg.rf.782e5fc13e7b7ad2d38ce8df2ee0aef6.jpg</filename>
	<path>frame_3957_jpg.rf.782e5fc13e7b7ad2d38ce8df2ee0aef6.jpg</path>
	<source>
		<database>roboflow.ai</database>
	</source>
	<size>
		<width>416</width>
		<height>416</height>
		<depth>3</depth>
	</size>
	<segmented>0</segmented>
	<object>
		<name>car</name>
		<pose>Unspecified</pose>
		<truncated>0</truncated>
		<difficult>0</difficult>
		<occluded>0</occluded>
		<bndbox>
			<xmin>237</xmin>
			<xmax>298</xmax>
			<ymin>212</ymin>
			<ymax>311</ymax>
		</bndbox>
	</object>
</annotation>
