<annotation>
	<folder></folder>
	<filename>frame_3918_jpg.rf.4bf99f2c83f33e7c6d84ea6b365c5c8d.jpg</filename>
	<path>frame_3918_jpg.rf.4bf99f2c83f33e7c6d84ea6b365c5c8d.jpg</path>
	<source>
		<database>roboflow.ai</database>
	</source>
	<size>
		<width>416</width>
		<height>416</height>
		<depth>3</depth>
	</size>
	<segmented>0</segmented>
	<object>
		<name>truck</name>
		<pose>Unspecified</pose>
		<truncated>0</truncated>
		<difficult>0</difficult>
		<occluded>0</occluded>
		<bndbox>
			<xmin>152</xmin>
			<xmax>220</xmax>
			<ymin>137</ymin>
			<ymax>246</ymax>
		</bndbox>
	</object>
</annotation>
