<annotation>
	<folder></folder>
	<filename>frame_3958_jpg.rf.73b38ef877dad61371ca50e2761c3a93.jpg</filename>
	<path>frame_3958_jpg.rf.73b38ef877dad61371ca50e2761c3a93.jpg</path>
	<source>
		<database>roboflow.ai</database>
	</source>
	<size>
		<width>416</width>
		<height>416</height>
		<depth>3</depth>
	</size>
	<segmented>0</segmented>
	<object>
		<name>minitruck</name>
		<pose>Unspecified</pose>
		<truncated>0</truncated>
		<difficult>0</difficult>
		<occluded>0</occluded>
		<bndbox>
			<xmin>181</xmin>
			<xmax>212</xmax>
			<ymin>200</ymin>
			<ymax>266</ymax>
		</bndbox>
	</object>
	<object>
		<name>van</name>
		<pose>Unspecified</pose>
		<truncated>0</truncated>
		<difficult>0</difficult>
		<occluded>0</occluded>
		<bndbox>
			<xmin>129</xmin>
			<xmax>167</xmax>
			<ymin>193</ymin>
			<ymax>247</ymax>
		</bndbox>
	</object>
	<object>
		<name>auto</name>
		<pose>Unspecified</pose>
		<truncated>0</truncated>
		<difficult>0</difficult>
		<occluded>0</occluded>
		<bndbox>
			<xmin>247</xmin>
			<xmax>294</xmax>
			<ymin>206</ymin>
			<ymax>266</ymax>
		</bndbox>
	</object>
	<object>
		<name>minitruck</name>
		<pose>Unspecified</pose>
		<truncated>0</truncated>
		<difficult>0</difficult>
		<occluded>0</occluded>
		<bndbox>
			<xmin>204</xmin>
			<xmax>240</xmax>
			<ymin>157</ymin>
			<ymax>226</ymax>
		</bndbox>
	</object>
</annotation>
