<annotation>
	<folder></folder>
	<filename>frame_3892_jpg.rf.7c3d352fba551a3394ccba13d8693ed9.jpg</filename>
	<path>frame_3892_jpg.rf.7c3d352fba551a3394ccba13d8693ed9.jpg</path>
	<source>
		<database>roboflow.ai</database>
	</source>
	<size>
		<width>416</width>
		<height>416</height>
		<depth>3</depth>
	</size>
	<segmented>0</segmented>
	<object>
		<name>car</name>
		<pose>Unspecified</pose>
		<truncated>0</truncated>
		<difficult>0</difficult>
		<occluded>0</occluded>
		<bndbox>
			<xmin>197</xmin>
			<xmax>241</xmax>
			<ymin>201</ymin>
			<ymax>270</ymax>
		</bndbox>
	</object>
	<object>
		<name>car</name>
		<pose>Unspecified</pose>
		<truncated>0</truncated>
		<difficult>0</difficult>
		<occluded>0</occluded>
		<bndbox>
			<xmin>124</xmin>
			<xmax>171</xmax>
			<ymin>198</ymin>
			<ymax>265</ymax>
		</bndbox>
	</object>
</annotation>
