<annotation>
	<folder></folder>
	<filename>frame_3948_jpg.rf.718bb833b42427eef59f1294d84131fb.jpg</filename>
	<path>frame_3948_jpg.rf.718bb833b42427eef59f1294d84131fb.jpg</path>
	<source>
		<database>roboflow.ai</database>
	</source>
	<size>
		<width>416</width>
		<height>416</height>
		<depth>3</depth>
	</size>
	<segmented>0</segmented>
	<object>
		<name>car</name>
		<pose>Unspecified</pose>
		<truncated>0</truncated>
		<difficult>0</difficult>
		<occluded>0</occluded>
		<bndbox>
			<xmin>114</xmin>
			<xmax>194</xmax>
			<ymin>211</ymin>
			<ymax>322</ymax>
		</bndbox>
	</object>
	<object>
		<name>motorbike</name>
		<pose>Unspecified</pose>
		<truncated>0</truncated>
		<difficult>0</difficult>
		<occluded>0</occluded>
		<bndbox>
			<xmin>188</xmin>
			<xmax>218</xmax>
			<ymin>178</ymin>
			<ymax>227</ymax>
		</bndbox>
	</object>
</annotation>
