<annotation>
	<folder></folder>
	<filename>frame_3881_jpg.rf.4732871d1f2606ff86ce5c289bf7bcb1.jpg</filename>
	<path>frame_3881_jpg.rf.4732871d1f2606ff86ce5c289bf7bcb1.jpg</path>
	<source>
		<database>roboflow.ai</database>
	</source>
	<size>
		<width>416</width>
		<height>416</height>
		<depth>3</depth>
	</size>
	<segmented>0</segmented>
	<object>
		<name>van</name>
		<pose>Unspecified</pose>
		<truncated>0</truncated>
		<difficult>0</difficult>
		<occluded>0</occluded>
		<bndbox>
			<xmin>115</xmin>
			<xmax>167</xmax>
			<ymin>194</ymin>
			<ymax>264</ymax>
		</bndbox>
	</object>
	<object>
		<name>auto</name>
		<pose>Unspecified</pose>
		<truncated>0</truncated>
		<difficult>0</difficult>
		<occluded>0</occluded>
		<bndbox>
			<xmin>184</xmin>
			<xmax>231</xmax>
			<ymin>210</ymin>
			<ymax>284</ymax>
		</bndbox>
	</object>
</annotation>
