<annotation>
	<folder></folder>
	<filename>frame_3955_jpg.rf.6c12c25f046008d5f89c35fb53fc5965.jpg</filename>
	<path>frame_3955_jpg.rf.6c12c25f046008d5f89c35fb53fc5965.jpg</path>
	<source>
		<database>roboflow.ai</database>
	</source>
	<size>
		<width>416</width>
		<height>416</height>
		<depth>3</depth>
	</size>
	<segmented>0</segmented>
	<object>
		<name>car</name>
		<pose>Unspecified</pose>
		<truncated>0</truncated>
		<difficult>0</difficult>
		<occluded>0</occluded>
		<bndbox>
			<xmin>193</xmin>
			<xmax>271</xmax>
			<ymin>272</ymin>
			<ymax>402</ymax>
		</bndbox>
	</object>
	<object>
		<name>car</name>
		<pose>Unspecified</pose>
		<truncated>0</truncated>
		<difficult>0</difficult>
		<occluded>0</occluded>
		<bndbox>
			<xmin>259</xmin>
			<xmax>310</xmax>
			<ymin>194</ymin>
			<ymax>281</ymax>
		</bndbox>
	</object>
	<object>
		<name>car</name>
		<pose>Unspecified</pose>
		<truncated>0</truncated>
		<difficult>0</difficult>
		<occluded>0</occluded>
		<bndbox>
			<xmin>204</xmin>
			<xmax>236</xmax>
			<ymin>195</ymin>
			<ymax>245</ymax>
		</bndbox>
	</object>
	<object>
		<name>motorbike</name>
		<pose>Unspecified</pose>
		<truncated>0</truncated>
		<difficult>0</difficult>
		<occluded>0</occluded>
		<bndbox>
			<xmin>152</xmin>
			<xmax>176</xmax>
			<ymin>241</ymin>
			<ymax>321</ymax>
		</bndbox>
	</object>
</annotation>
