<annotation>
	<folder></folder>
	<filename>frame_3870_jpg.rf.b06ae43cfcf9d7536832c9e79751a824.jpg</filename>
	<path>frame_3870_jpg.rf.b06ae43cfcf9d7536832c9e79751a824.jpg</path>
	<source>
		<database>roboflow.ai</database>
	</source>
	<size>
		<width>416</width>
		<height>416</height>
		<depth>3</depth>
	</size>
	<segmented>0</segmented>
	<object>
		<name>motorbike</name>
		<pose>Unspecified</pose>
		<truncated>0</truncated>
		<difficult>0</difficult>
		<occluded>0</occluded>
		<bndbox>
			<xmin>189</xmin>
			<xmax>211</xmax>
			<ymin>198</ymin>
			<ymax>231</ymax>
		</bndbox>
	</object>
	<object>
		<name>motorbike</name>
		<pose>Unspecified</pose>
		<truncated>0</truncated>
		<difficult>0</difficult>
		<occluded>0</occluded>
		<bndbox>
			<xmin>196</xmin>
			<xmax>214</xmax>
			<ymin>168</ymin>
			<ymax>198</ymax>
		</bndbox>
	</object>
</annotation>
