<annotation>
	<folder></folder>
	<filename>frame_3974_jpg.rf.0e0ae45cdf589e44a147e463885c4bc2.jpg</filename>
	<path>frame_3974_jpg.rf.0e0ae45cdf589e44a147e463885c4bc2.jpg</path>
	<source>
		<database>roboflow.ai</database>
	</source>
	<size>
		<width>416</width>
		<height>416</height>
		<depth>3</depth>
	</size>
	<segmented>0</segmented>
	<object>
		<name>motorbike</name>
		<pose>Unspecified</pose>
		<truncated>0</truncated>
		<difficult>0</difficult>
		<occluded>0</occluded>
		<bndbox>
			<xmin>141</xmin>
			<xmax>172</xmax>
			<ymin>209</ymin>
			<ymax>274</ymax>
		</bndbox>
	</object>
	<object>
		<name>car</name>
		<pose>Unspecified</pose>
		<truncated>0</truncated>
		<difficult>0</difficult>
		<occluded>0</occluded>
		<bndbox>
			<xmin>177</xmin>
			<xmax>209</xmax>
			<ymin>170</ymin>
			<ymax>230</ymax>
		</bndbox>
	</object>
	<object>
		<name>auto</name>
		<pose>Unspecified</pose>
		<truncated>0</truncated>
		<difficult>0</difficult>
		<occluded>0</occluded>
		<bndbox>
			<xmin>225</xmin>
			<xmax>248</xmax>
			<ymin>160</ymin>
			<ymax>215</ymax>
		</bndbox>
	</object>
</annotation>
