<annotation>
	<folder></folder>
	<filename>frame_3973_jpg.rf.96d29a950b86eb2f2a3258a0408fefa4.jpg</filename>
	<path>frame_3973_jpg.rf.96d29a950b86eb2f2a3258a0408fefa4.jpg</path>
	<source>
		<database>roboflow.ai</database>
	</source>
	<size>
		<width>416</width>
		<height>416</height>
		<depth>3</depth>
	</size>
	<segmented>0</segmented>
	<object>
		<name>auto</name>
		<pose>Unspecified</pose>
		<truncated>0</truncated>
		<difficult>0</difficult>
		<occluded>0</occluded>
		<bndbox>
			<xmin>222</xmin>
			<xmax>263</xmax>
			<ymin>199</ymin>
			<ymax>271</ymax>
		</bndbox>
	</object>
	<object>
		<name>motorbike</name>
		<pose>Unspecified</pose>
		<truncated>0</truncated>
		<difficult>0</difficult>
		<occluded>0</occluded>
		<bndbox>
			<xmin>160</xmin>
			<xmax>188</xmax>
			<ymin>231</ymin>
			<ymax>282</ymax>
		</bndbox>
	</object>
	<object>
		<name>motorbike</name>
		<pose>Unspecified</pose>
		<truncated>0</truncated>
		<difficult>0</difficult>
		<occluded>0</occluded>
		<bndbox>
			<xmin>105</xmin>
			<xmax>153</xmax>
			<ymin>285</ymin>
			<ymax>369</ymax>
		</bndbox>
	</object>
</annotation>
