<annotation>
	<folder></folder>
	<filename>frame_3957_jpg.rf.7b7d37f3129fa0f1ab42a1f8971ede6f.jpg</filename>
	<path>frame_3957_jpg.rf.7b7d37f3129fa0f1ab42a1f8971ede6f.jpg</path>
	<source>
		<database>roboflow.ai</database>
	</source>
	<size>
		<width>416</width>
		<height>416</height>
		<depth>3</depth>
	</size>
	<segmented>0</segmented>
	<object>
		<name>car</name>
		<pose>Unspecified</pose>
		<truncated>0</truncated>
		<difficult>0</difficult>
		<occluded>0</occluded>
		<bndbox>
			<xmin>104</xmin>
			<xmax>168</xmax>
			<ymin>228</ymin>
			<ymax>331</ymax>
		</bndbox>
	</object>
</annotation>
