<annotation>
	<folder></folder>
	<filename>frame_3908_jpg.rf.8488f519102e4c5d46a1e2363accccac.jpg</filename>
	<path>frame_3908_jpg.rf.8488f519102e4c5d46a1e2363accccac.jpg</path>
	<source>
		<database>roboflow.ai</database>
	</source>
	<size>
		<width>416</width>
		<height>416</height>
		<depth>3</depth>
	</size>
	<segmented>0</segmented>
	<object>
		<name>motorbike</name>
		<pose>Unspecified</pose>
		<truncated>0</truncated>
		<difficult>0</difficult>
		<occluded>0</occluded>
		<bndbox>
			<xmin>128</xmin>
			<xmax>166</xmax>
			<ymin>218</ymin>
			<ymax>285</ymax>
		</bndbox>
	</object>
	<object>
		<name>motorbike</name>
		<pose>Unspecified</pose>
		<truncated>0</truncated>
		<difficult>0</difficult>
		<occluded>0</occluded>
		<bndbox>
			<xmin>174</xmin>
			<xmax>223</xmax>
			<ymin>286</ymin>
			<ymax>376</ymax>
		</bndbox>
	</object>
	<object>
		<name>motorbike</name>
		<pose>Unspecified</pose>
		<truncated>0</truncated>
		<difficult>0</difficult>
		<occluded>0</occluded>
		<bndbox>
			<xmin>209</xmin>
			<xmax>243</xmax>
			<ymin>187</ymin>
			<ymax>237</ymax>
		</bndbox>
	</object>
</annotation>
