<annotation>
	<folder></folder>
	<filename>frame_3957_jpg.rf.081f744664919ec986d8396f84e79eb9.jpg</filename>
	<path>frame_3957_jpg.rf.081f744664919ec986d8396f84e79eb9.jpg</path>
	<source>
		<database>roboflow.ai</database>
	</source>
	<size>
		<width>416</width>
		<height>416</height>
		<depth>3</depth>
	</size>
	<segmented>0</segmented>
	<object>
		<name>car</name>
		<pose>Unspecified</pose>
		<truncated>0</truncated>
		<difficult>0</difficult>
		<occluded>0</occluded>
		<bndbox>
			<xmin>98</xmin>
			<xmax>168</xmax>
			<ymin>220</ymin>
			<ymax>330</ymax>
		</bndbox>
	</object>
</annotation>
