<annotation>
	<folder></folder>
	<filename>frame_3926_jpg.rf.a35e9af6a0c40ba3f32f40e2d0b8a02e.jpg</filename>
	<path>frame_3926_jpg.rf.a35e9af6a0c40ba3f32f40e2d0b8a02e.jpg</path>
	<source>
		<database>roboflow.ai</database>
	</source>
	<size>
		<width>416</width>
		<height>416</height>
		<depth>3</depth>
	</size>
	<segmented>0</segmented>
	<object>
		<name>auto</name>
		<pose>Unspecified</pose>
		<truncated>0</truncated>
		<difficult>0</difficult>
		<occluded>0</occluded>
		<bndbox>
			<xmin>199</xmin>
			<xmax>226</xmax>
			<ymin>166</ymin>
			<ymax>220</ymax>
		</bndbox>
	</object>
</annotation>
