<annotation>
	<folder></folder>
	<filename>frame_3939_jpg.rf.8a69e573ae4b478364bd0fbc35f309dd.jpg</filename>
	<path>frame_3939_jpg.rf.8a69e573ae4b478364bd0fbc35f309dd.jpg</path>
	<source>
		<database>roboflow.ai</database>
	</source>
	<size>
		<width>416</width>
		<height>416</height>
		<depth>3</depth>
	</size>
	<segmented>0</segmented>
	<object>
		<name>car</name>
		<pose>Unspecified</pose>
		<truncated>0</truncated>
		<difficult>0</difficult>
		<occluded>0</occluded>
		<bndbox>
			<xmin>222</xmin>
			<xmax>297</xmax>
			<ymin>216</ymin>
			<ymax>316</ymax>
		</bndbox>
	</object>
	<object>
		<name>car</name>
		<pose>Unspecified</pose>
		<truncated>0</truncated>
		<difficult>0</difficult>
		<occluded>0</occluded>
		<bndbox>
			<xmin>215</xmin>
			<xmax>249</xmax>
			<ymin>169</ymin>
			<ymax>226</ymax>
		</bndbox>
	</object>
	<object>
		<name>bus</name>
		<pose>Unspecified</pose>
		<truncated>0</truncated>
		<difficult>0</difficult>
		<occluded>0</occluded>
		<bndbox>
			<xmin>157</xmin>
			<xmax>223</xmax>
			<ymin>152</ymin>
			<ymax>313</ymax>
		</bndbox>
	</object>
</annotation>
