<annotation>
	<folder></folder>
	<filename>frame_3960_jpg.rf.aaf13c0c54fcdf67d7eec2db625b20a5.jpg</filename>
	<path>frame_3960_jpg.rf.aaf13c0c54fcdf67d7eec2db625b20a5.jpg</path>
	<source>
		<database>roboflow.ai</database>
	</source>
	<size>
		<width>416</width>
		<height>416</height>
		<depth>3</depth>
	</size>
	<segmented>0</segmented>
	<object>
		<name>car</name>
		<pose>Unspecified</pose>
		<truncated>0</truncated>
		<difficult>0</difficult>
		<occluded>0</occluded>
		<bndbox>
			<xmin>66</xmin>
			<xmax>163</xmax>
			<ymin>223</ymin>
			<ymax>343</ymax>
		</bndbox>
	</object>
	<object>
		<name>motorbike</name>
		<pose>Unspecified</pose>
		<truncated>0</truncated>
		<difficult>0</difficult>
		<occluded>0</occluded>
		<bndbox>
			<xmin>177</xmin>
			<xmax>222</xmax>
			<ymin>285</ymin>
			<ymax>393</ymax>
		</bndbox>
	</object>
	<object>
		<name>auto</name>
		<pose>Unspecified</pose>
		<truncated>0</truncated>
		<difficult>0</difficult>
		<occluded>0</occluded>
		<bndbox>
			<xmin>239</xmin>
			<xmax>324</xmax>
			<ymin>271</ymin>
			<ymax>408</ymax>
		</bndbox>
	</object>
</annotation>
