<annotation>
	<folder></folder>
	<filename>frame_3918_jpg.rf.5dd6252f3a0e0461b06e5f5a51ef9c7d.jpg</filename>
	<path>frame_3918_jpg.rf.5dd6252f3a0e0461b06e5f5a51ef9c7d.jpg</path>
	<source>
		<database>roboflow.ai</database>
	</source>
	<size>
		<width>416</width>
		<height>416</height>
		<depth>3</depth>
	</size>
	<segmented>0</segmented>
	<object>
		<name>truck</name>
		<pose>Unspecified</pose>
		<truncated>0</truncated>
		<difficult>0</difficult>
		<occluded>0</occluded>
		<bndbox>
			<xmin>151</xmin>
			<xmax>215</xmax>
			<ymin>144</ymin>
			<ymax>247</ymax>
		</bndbox>
	</object>
</annotation>
