<annotation>
	<folder></folder>
	<filename>frame_3892_jpg.rf.5b774f43094e93ef0d595f37ef7978bb.jpg</filename>
	<path>frame_3892_jpg.rf.5b774f43094e93ef0d595f37ef7978bb.jpg</path>
	<source>
		<database>roboflow.ai</database>
	</source>
	<size>
		<width>416</width>
		<height>416</height>
		<depth>3</depth>
	</size>
	<segmented>0</segmented>
	<object>
		<name>car</name>
		<pose>Unspecified</pose>
		<truncated>0</truncated>
		<difficult>0</difficult>
		<occluded>0</occluded>
		<bndbox>
			<xmin>195</xmin>
			<xmax>234</xmax>
			<ymin>199</ymin>
			<ymax>272</ymax>
		</bndbox>
	</object>
	<object>
		<name>car</name>
		<pose>Unspecified</pose>
		<truncated>0</truncated>
		<difficult>0</difficult>
		<occluded>0</occluded>
		<bndbox>
			<xmin>122</xmin>
			<xmax>164</xmax>
			<ymin>204</ymin>
			<ymax>274</ymax>
		</bndbox>
	</object>
</annotation>
