<annotation>
	<folder></folder>
	<filename>frame_3943_jpg.rf.4ef35732aa2c272230b16939bd4213b4.jpg</filename>
	<path>frame_3943_jpg.rf.4ef35732aa2c272230b16939bd4213b4.jpg</path>
	<source>
		<database>roboflow.ai</database>
	</source>
	<size>
		<width>416</width>
		<height>416</height>
		<depth>3</depth>
	</size>
	<segmented>0</segmented>
	<object>
		<name>motorbike</name>
		<pose>Unspecified</pose>
		<truncated>0</truncated>
		<difficult>0</difficult>
		<occluded>0</occluded>
		<bndbox>
			<xmin>196</xmin>
			<xmax>216</xmax>
			<ymin>218</ymin>
			<ymax>272</ymax>
		</bndbox>
	</object>
	<object>
		<name>motorbike</name>
		<pose>Unspecified</pose>
		<truncated>0</truncated>
		<difficult>0</difficult>
		<occluded>0</occluded>
		<bndbox>
			<xmin>220</xmin>
			<xmax>239</xmax>
			<ymin>175</ymin>
			<ymax>214</ymax>
		</bndbox>
	</object>
</annotation>
