<annotation>
	<folder></folder>
	<filename>frame_3926_jpg.rf.7c2354e5700956ffff5f65973aa33ca7.jpg</filename>
	<path>frame_3926_jpg.rf.7c2354e5700956ffff5f65973aa33ca7.jpg</path>
	<source>
		<database>roboflow.ai</database>
	</source>
	<size>
		<width>416</width>
		<height>416</height>
		<depth>3</depth>
	</size>
	<segmented>0</segmented>
	<object>
		<name>auto</name>
		<pose>Unspecified</pose>
		<truncated>0</truncated>
		<difficult>0</difficult>
		<occluded>0</occluded>
		<bndbox>
			<xmin>189</xmin>
			<xmax>216</xmax>
			<ymin>171</ymin>
			<ymax>219</ymax>
		</bndbox>
	</object>
</annotation>
