<annotation>
	<folder></folder>
	<filename>frame_3972_jpg.rf.2edc0f14c4ab8c1e0a3da5c96422ee16.jpg</filename>
	<path>frame_3972_jpg.rf.2edc0f14c4ab8c1e0a3da5c96422ee16.jpg</path>
	<source>
		<database>roboflow.ai</database>
	</source>
	<size>
		<width>416</width>
		<height>416</height>
		<depth>3</depth>
	</size>
	<segmented>0</segmented>
	<object>
		<name>car</name>
		<pose>Unspecified</pose>
		<truncated>0</truncated>
		<difficult>0</difficult>
		<occluded>0</occluded>
		<bndbox>
			<xmin>182</xmin>
			<xmax>246</xmax>
			<ymin>206</ymin>
			<ymax>321</ymax>
		</bndbox>
	</object>
</annotation>
