<annotation>
	<folder></folder>
	<filename>frame_3876_jpg.rf.5f7d9e364d31f2493d4087de58d0fb00.jpg</filename>
	<path>frame_3876_jpg.rf.5f7d9e364d31f2493d4087de58d0fb00.jpg</path>
	<source>
		<database>roboflow.ai</database>
	</source>
	<size>
		<width>416</width>
		<height>416</height>
		<depth>3</depth>
	</size>
	<segmented>0</segmented>
	<object>
		<name>motorbike</name>
		<pose>Unspecified</pose>
		<truncated>0</truncated>
		<difficult>0</difficult>
		<occluded>0</occluded>
		<bndbox>
			<xmin>167</xmin>
			<xmax>189</xmax>
			<ymin>213</ymin>
			<ymax>267</ymax>
		</bndbox>
	</object>
	<object>
		<name>minitruck</name>
		<pose>Unspecified</pose>
		<truncated>0</truncated>
		<difficult>0</difficult>
		<occluded>0</occluded>
		<bndbox>
			<xmin>227</xmin>
			<xmax>289</xmax>
			<ymin>226</ymin>
			<ymax>345</ymax>
		</bndbox>
	</object>
	<object>
		<name>motorbike</name>
		<pose>Unspecified</pose>
		<truncated>0</truncated>
		<difficult>0</difficult>
		<occluded>0</occluded>
		<bndbox>
			<xmin>288</xmin>
			<xmax>315</xmax>
			<ymin>232</ymin>
			<ymax>295</ymax>
		</bndbox>
	</object>
</annotation>
