<annotation>
	<folder></folder>
	<filename>frame_3881_jpg.rf.fa00403bfb30fbf34a0164f15500eafa.jpg</filename>
	<path>frame_3881_jpg.rf.fa00403bfb30fbf34a0164f15500eafa.jpg</path>
	<source>
		<database>roboflow.ai</database>
	</source>
	<size>
		<width>416</width>
		<height>416</height>
		<depth>3</depth>
	</size>
	<segmented>0</segmented>
	<object>
		<name>van</name>
		<pose>Unspecified</pose>
		<truncated>0</truncated>
		<difficult>0</difficult>
		<occluded>0</occluded>
		<bndbox>
			<xmin>256</xmin>
			<xmax>310</xmax>
			<ymin>183</ymin>
			<ymax>252</ymax>
		</bndbox>
	</object>
	<object>
		<name>auto</name>
		<pose>Unspecified</pose>
		<truncated>0</truncated>
		<difficult>0</difficult>
		<occluded>0</occluded>
		<bndbox>
			<xmin>208</xmin>
			<xmax>255</xmax>
			<ymin>207</ymin>
			<ymax>282</ymax>
		</bndbox>
	</object>
</annotation>
