<annotation>
	<folder></folder>
	<filename>frame_3876_jpg.rf.209b0cbb225c3f873a83718fbad665a8.jpg</filename>
	<path>frame_3876_jpg.rf.209b0cbb225c3f873a83718fbad665a8.jpg</path>
	<source>
		<database>roboflow.ai</database>
	</source>
	<size>
		<width>416</width>
		<height>416</height>
		<depth>3</depth>
	</size>
	<segmented>0</segmented>
	<object>
		<name>motorbike</name>
		<pose>Unspecified</pose>
		<truncated>0</truncated>
		<difficult>0</difficult>
		<occluded>0</occluded>
		<bndbox>
			<xmin>237</xmin>
			<xmax>249</xmax>
			<ymin>200</ymin>
			<ymax>259</ymax>
		</bndbox>
	</object>
	<object>
		<name>minitruck</name>
		<pose>Unspecified</pose>
		<truncated>0</truncated>
		<difficult>0</difficult>
		<occluded>0</occluded>
		<bndbox>
			<xmin>150</xmin>
			<xmax>193</xmax>
			<ymin>235</ymin>
			<ymax>360</ymax>
		</bndbox>
	</object>
	<object>
		<name>motorbike</name>
		<pose>Unspecified</pose>
		<truncated>0</truncated>
		<difficult>0</difficult>
		<occluded>0</occluded>
		<bndbox>
			<xmin>117</xmin>
			<xmax>133</xmax>
			<ymin>256</ymin>
			<ymax>324</ymax>
		</bndbox>
	</object>
</annotation>
