<annotation>
	<folder></folder>
	<filename>frame_3964_jpg.rf.e0cae700b9840f53c00e026207faf294.jpg</filename>
	<path>frame_3964_jpg.rf.e0cae700b9840f53c00e026207faf294.jpg</path>
	<source>
		<database>roboflow.ai</database>
	</source>
	<size>
		<width>416</width>
		<height>416</height>
		<depth>3</depth>
	</size>
	<segmented>0</segmented>
	<object>
		<name>car</name>
		<pose>Unspecified</pose>
		<truncated>0</truncated>
		<difficult>0</difficult>
		<occluded>0</occluded>
		<bndbox>
			<xmin>126</xmin>
			<xmax>212</xmax>
			<ymin>210</ymin>
			<ymax>320</ymax>
		</bndbox>
	</object>
	<object>
		<name>auto</name>
		<pose>Unspecified</pose>
		<truncated>0</truncated>
		<difficult>0</difficult>
		<occluded>0</occluded>
		<bndbox>
			<xmin>210</xmin>
			<xmax>260</xmax>
			<ymin>190</ymin>
			<ymax>264</ymax>
		</bndbox>
	</object>
	<object>
		<name>motorbike</name>
		<pose>Unspecified</pose>
		<truncated>0</truncated>
		<difficult>0</difficult>
		<occluded>0</occluded>
		<bndbox>
			<xmin>160</xmin>
			<xmax>222</xmax>
			<ymin>288</ymin>
			<ymax>405</ymax>
		</bndbox>
	</object>
	<object>
		<name>motorbike</name>
		<pose>Unspecified</pose>
		<truncated>0</truncated>
		<difficult>0</difficult>
		<occluded>0</occluded>
		<bndbox>
			<xmin>241</xmin>
			<xmax>290</xmax>
			<ymin>268</ymin>
			<ymax>357</ymax>
		</bndbox>
	</object>
</annotation>
