<annotation>
	<folder></folder>
	<filename>frame_3958_jpg.rf.1bb6d9ec79e97cb08cf7ad35914615d4.jpg</filename>
	<path>frame_3958_jpg.rf.1bb6d9ec79e97cb08cf7ad35914615d4.jpg</path>
	<source>
		<database>roboflow.ai</database>
	</source>
	<size>
		<width>416</width>
		<height>416</height>
		<depth>3</depth>
	</size>
	<segmented>0</segmented>
	<object>
		<name>minitruck</name>
		<pose>Unspecified</pose>
		<truncated>0</truncated>
		<difficult>0</difficult>
		<occluded>0</occluded>
		<bndbox>
			<xmin>195</xmin>
			<xmax>234</xmax>
			<ymin>197</ymin>
			<ymax>268</ymax>
		</bndbox>
	</object>
	<object>
		<name>van</name>
		<pose>Unspecified</pose>
		<truncated>0</truncated>
		<difficult>0</difficult>
		<occluded>0</occluded>
		<bndbox>
			<xmin>245</xmin>
			<xmax>290</xmax>
			<ymin>201</ymin>
			<ymax>261</ymax>
		</bndbox>
	</object>
	<object>
		<name>auto</name>
		<pose>Unspecified</pose>
		<truncated>0</truncated>
		<difficult>0</difficult>
		<occluded>0</occluded>
		<bndbox>
			<xmin>114</xmin>
			<xmax>167</xmax>
			<ymin>189</ymin>
			<ymax>255</ymax>
		</bndbox>
	</object>
	<object>
		<name>minitruck</name>
		<pose>Unspecified</pose>
		<truncated>0</truncated>
		<difficult>0</difficult>
		<occluded>0</occluded>
		<bndbox>
			<xmin>175</xmin>
			<xmax>220</xmax>
			<ymin>153</ymin>
			<ymax>228</ymax>
		</bndbox>
	</object>
</annotation>
