<annotation>
	<folder></folder>
	<filename>frame_3950_jpg.rf.d2328461dcc09b06a61aa7644f2550f0.jpg</filename>
	<path>frame_3950_jpg.rf.d2328461dcc09b06a61aa7644f2550f0.jpg</path>
	<source>
		<database>roboflow.ai</database>
	</source>
	<size>
		<width>416</width>
		<height>416</height>
		<depth>3</depth>
	</size>
	<segmented>0</segmented>
	<object>
		<name>bus</name>
		<pose>Unspecified</pose>
		<truncated>0</truncated>
		<difficult>0</difficult>
		<occluded>0</occluded>
		<bndbox>
			<xmin>181</xmin>
			<xmax>245</xmax>
			<ymin>142</ymin>
			<ymax>273</ymax>
		</bndbox>
	</object>
	<object>
		<name>car</name>
		<pose>Unspecified</pose>
		<truncated>0</truncated>
		<difficult>0</difficult>
		<occluded>0</occluded>
		<bndbox>
			<xmin>243</xmin>
			<xmax>280</xmax>
			<ymin>150</ymin>
			<ymax>212</ymax>
		</bndbox>
	</object>
	<object>
		<name>auto</name>
		<pose>Unspecified</pose>
		<truncated>0</truncated>
		<difficult>0</difficult>
		<occluded>0</occluded>
		<bndbox>
			<xmin>171</xmin>
			<xmax>198</xmax>
			<ymin>168</ymin>
			<ymax>217</ymax>
		</bndbox>
	</object>
</annotation>
