<annotation>
	<folder></folder>
	<filename>frame_3972_jpg.rf.4539d9268df752f3245eebf6d6b99976.jpg</filename>
	<path>frame_3972_jpg.rf.4539d9268df752f3245eebf6d6b99976.jpg</path>
	<source>
		<database>roboflow.ai</database>
	</source>
	<size>
		<width>416</width>
		<height>416</height>
		<depth>3</depth>
	</size>
	<segmented>0</segmented>
	<object>
		<name>car</name>
		<pose>Unspecified</pose>
		<truncated>0</truncated>
		<difficult>0</difficult>
		<occluded>0</occluded>
		<bndbox>
			<xmin>203</xmin>
			<xmax>272</xmax>
			<ymin>210</ymin>
			<ymax>307</ymax>
		</bndbox>
	</object>
</annotation>
