<annotation>
	<folder></folder>
	<filename>frame_3960_jpg.rf.7b4d6ba54dbf587b4cbebc53bd5e96bf.jpg</filename>
	<path>frame_3960_jpg.rf.7b4d6ba54dbf587b4cbebc53bd5e96bf.jpg</path>
	<source>
		<database>roboflow.ai</database>
	</source>
	<size>
		<width>416</width>
		<height>416</height>
		<depth>3</depth>
	</size>
	<segmented>0</segmented>
	<object>
		<name>car</name>
		<pose>Unspecified</pose>
		<truncated>0</truncated>
		<difficult>0</difficult>
		<occluded>0</occluded>
		<bndbox>
			<xmin>263</xmin>
			<xmax>354</xmax>
			<ymin>239</ymin>
			<ymax>342</ymax>
		</bndbox>
	</object>
	<object>
		<name>motorbike</name>
		<pose>Unspecified</pose>
		<truncated>0</truncated>
		<difficult>0</difficult>
		<occluded>0</occluded>
		<bndbox>
			<xmin>208</xmin>
			<xmax>247</xmax>
			<ymin>293</ymin>
			<ymax>389</ymax>
		</bndbox>
	</object>
	<object>
		<name>auto</name>
		<pose>Unspecified</pose>
		<truncated>0</truncated>
		<difficult>0</difficult>
		<occluded>0</occluded>
		<bndbox>
			<xmin>105</xmin>
			<xmax>184</xmax>
			<ymin>274</ymin>
			<ymax>393</ymax>
		</bndbox>
	</object>
</annotation>
