<annotation>
	<folder></folder>
	<filename>frame_3870_jpg.rf.ba1243547b25cb7cedba02726e947455.jpg</filename>
	<path>frame_3870_jpg.rf.ba1243547b25cb7cedba02726e947455.jpg</path>
	<source>
		<database>roboflow.ai</database>
	</source>
	<size>
		<width>416</width>
		<height>416</height>
		<depth>3</depth>
	</size>
	<segmented>0</segmented>
	<object>
		<name>motorbike</name>
		<pose>Unspecified</pose>
		<truncated>0</truncated>
		<difficult>0</difficult>
		<occluded>0</occluded>
		<bndbox>
			<xmin>207</xmin>
			<xmax>224</xmax>
			<ymin>195</ymin>
			<ymax>229</ymax>
		</bndbox>
	</object>
	<object>
		<name>motorbike</name>
		<pose>Unspecified</pose>
		<truncated>0</truncated>
		<difficult>0</difficult>
		<occluded>0</occluded>
		<bndbox>
			<xmin>208</xmin>
			<xmax>219</xmax>
			<ymin>167</ymin>
			<ymax>198</ymax>
		</bndbox>
	</object>
</annotation>
