<annotation>
	<folder></folder>
	<filename>frame_3950_jpg.rf.f45b38b9be5c0e2dd0ec0e7f4bc1c696.jpg</filename>
	<path>frame_3950_jpg.rf.f45b38b9be5c0e2dd0ec0e7f4bc1c696.jpg</path>
	<source>
		<database>roboflow.ai</database>
	</source>
	<size>
		<width>416</width>
		<height>416</height>
		<depth>3</depth>
	</size>
	<segmented>0</segmented>
	<object>
		<name>bus</name>
		<pose>Unspecified</pose>
		<truncated>0</truncated>
		<difficult>0</difficult>
		<occluded>0</occluded>
		<bndbox>
			<xmin>180</xmin>
			<xmax>245</xmax>
			<ymin>143</ymin>
			<ymax>271</ymax>
		</bndbox>
	</object>
	<object>
		<name>car</name>
		<pose>Unspecified</pose>
		<truncated>0</truncated>
		<difficult>0</difficult>
		<occluded>0</occluded>
		<bndbox>
			<xmin>244</xmin>
			<xmax>282</xmax>
			<ymin>154</ymin>
			<ymax>214</ymax>
		</bndbox>
	</object>
	<object>
		<name>auto</name>
		<pose>Unspecified</pose>
		<truncated>0</truncated>
		<difficult>0</difficult>
		<occluded>0</occluded>
		<bndbox>
			<xmin>174</xmin>
			<xmax>202</xmax>
			<ymin>168</ymin>
			<ymax>215</ymax>
		</bndbox>
	</object>
</annotation>
