<annotation>
	<folder></folder>
	<filename>frame_3930_jpg.rf.d860aa36b25b66d59c1a364dec20e5a9.jpg</filename>
	<path>frame_3930_jpg.rf.d860aa36b25b66d59c1a364dec20e5a9.jpg</path>
	<source>
		<database>roboflow.ai</database>
	</source>
	<size>
		<width>416</width>
		<height>416</height>
		<depth>3</depth>
	</size>
	<segmented>0</segmented>
	<object>
		<name>motorbike</name>
		<pose>Unspecified</pose>
		<truncated>0</truncated>
		<difficult>0</difficult>
		<occluded>0</occluded>
		<bndbox>
			<xmin>195</xmin>
			<xmax>243</xmax>
			<ymin>268</ymin>
			<ymax>388</ymax>
		</bndbox>
	</object>
	<object>
		<name>car</name>
		<pose>Unspecified</pose>
		<truncated>0</truncated>
		<difficult>0</difficult>
		<occluded>0</occluded>
		<bndbox>
			<xmin>265</xmin>
			<xmax>348</xmax>
			<ymin>291</ymin>
			<ymax>415</ymax>
		</bndbox>
	</object>
	<object>
		<name>motorbike</name>
		<pose>Unspecified</pose>
		<truncated>0</truncated>
		<difficult>0</difficult>
		<occluded>0</occluded>
		<bndbox>
			<xmin>187</xmin>
			<xmax>215</xmax>
			<ymin>179</ymin>
			<ymax>243</ymax>
		</bndbox>
	</object>
</annotation>
