<annotation>
	<folder></folder>
	<filename>frame_3913_jpg.rf.0ca66c9e3736bb19077669acafc22aae.jpg</filename>
	<path>frame_3913_jpg.rf.0ca66c9e3736bb19077669acafc22aae.jpg</path>
	<source>
		<database>roboflow.ai</database>
	</source>
	<size>
		<width>416</width>
		<height>416</height>
		<depth>3</depth>
	</size>
	<segmented>0</segmented>
	<object>
		<name>motorbike</name>
		<pose>Unspecified</pose>
		<truncated>0</truncated>
		<difficult>0</difficult>
		<occluded>0</occluded>
		<bndbox>
			<xmin>213</xmin>
			<xmax>237</xmax>
			<ymin>242</ymin>
			<ymax>310</ymax>
		</bndbox>
	</object>
	<object>
		<name>motorbike</name>
		<pose>Unspecified</pose>
		<truncated>0</truncated>
		<difficult>0</difficult>
		<occluded>0</occluded>
		<bndbox>
			<xmin>307</xmin>
			<xmax>332</xmax>
			<ymin>278</ymin>
			<ymax>362</ymax>
		</bndbox>
	</object>
</annotation>
