<annotation>
	<folder></folder>
	<filename>frame_3972_jpg.rf.dcc8332f210f328b6e43f45f08c6767c.jpg</filename>
	<path>frame_3972_jpg.rf.dcc8332f210f328b6e43f45f08c6767c.jpg</path>
	<source>
		<database>roboflow.ai</database>
	</source>
	<size>
		<width>416</width>
		<height>416</height>
		<depth>3</depth>
	</size>
	<segmented>0</segmented>
	<object>
		<name>car</name>
		<pose>Unspecified</pose>
		<truncated>0</truncated>
		<difficult>0</difficult>
		<occluded>0</occluded>
		<bndbox>
			<xmin>199</xmin>
			<xmax>269</xmax>
			<ymin>201</ymin>
			<ymax>307</ymax>
		</bndbox>
	</object>
</annotation>
