<annotation>
	<folder></folder>
	<filename>frame_3895_jpg.rf.bfadf396aae72419d3799d9fab5704af.jpg</filename>
	<path>frame_3895_jpg.rf.bfadf396aae72419d3799d9fab5704af.jpg</path>
	<source>
		<database>roboflow.ai</database>
	</source>
	<size>
		<width>416</width>
		<height>416</height>
		<depth>3</depth>
	</size>
	<segmented>0</segmented>
	<object>
		<name>car</name>
		<pose>Unspecified</pose>
		<truncated>0</truncated>
		<difficult>0</difficult>
		<occluded>0</occluded>
		<bndbox>
			<xmin>240</xmin>
			<xmax>278</xmax>
			<ymin>163</ymin>
			<ymax>228</ymax>
		</bndbox>
	</object>
	<object>
		<name>auto</name>
		<pose>Unspecified</pose>
		<truncated>0</truncated>
		<difficult>0</difficult>
		<occluded>0</occluded>
		<bndbox>
			<xmin>170</xmin>
			<xmax>210</xmax>
			<ymin>182</ymin>
			<ymax>230</ymax>
		</bndbox>
	</object>
</annotation>
