<annotation>
	<folder></folder>
	<filename>frame_3948_jpg.rf.d3945c112d83df43be63b74c3bfe8895.jpg</filename>
	<path>frame_3948_jpg.rf.d3945c112d83df43be63b74c3bfe8895.jpg</path>
	<source>
		<database>roboflow.ai</database>
	</source>
	<size>
		<width>416</width>
		<height>416</height>
		<depth>3</depth>
	</size>
	<segmented>0</segmented>
	<object>
		<name>car</name>
		<pose>Unspecified</pose>
		<truncated>0</truncated>
		<difficult>0</difficult>
		<occluded>0</occluded>
		<bndbox>
			<xmin>221</xmin>
			<xmax>285</xmax>
			<ymin>220</ymin>
			<ymax>333</ymax>
		</bndbox>
	</object>
	<object>
		<name>motorbike</name>
		<pose>Unspecified</pose>
		<truncated>0</truncated>
		<difficult>0</difficult>
		<occluded>0</occluded>
		<bndbox>
			<xmin>204</xmin>
			<xmax>226</xmax>
			<ymin>179</ymin>
			<ymax>230</ymax>
		</bndbox>
	</object>
</annotation>
