<annotation>
	<folder></folder>
	<filename>frame_3957_jpg.rf.fba51ff59dcd707d6adfe622a60bdf5c.jpg</filename>
	<path>frame_3957_jpg.rf.fba51ff59dcd707d6adfe622a60bdf5c.jpg</path>
	<source>
		<database>roboflow.ai</database>
	</source>
	<size>
		<width>416</width>
		<height>416</height>
		<depth>3</depth>
	</size>
	<segmented>0</segmented>
	<object>
		<name>car</name>
		<pose>Unspecified</pose>
		<truncated>0</truncated>
		<difficult>0</difficult>
		<occluded>0</occluded>
		<bndbox>
			<xmin>247</xmin>
			<xmax>319</xmax>
			<ymin>204</ymin>
			<ymax>305</ymax>
		</bndbox>
	</object>
</annotation>
