<annotation>
	<folder></folder>
	<filename>frame_3887_jpg.rf.e1f315bbdaf1179743d09356b09f427e.jpg</filename>
	<path>frame_3887_jpg.rf.e1f315bbdaf1179743d09356b09f427e.jpg</path>
	<source>
		<database>roboflow.ai</database>
	</source>
	<size>
		<width>416</width>
		<height>416</height>
		<depth>3</depth>
	</size>
	<segmented>0</segmented>
	<object>
		<name>car</name>
		<pose>Unspecified</pose>
		<truncated>0</truncated>
		<difficult>0</difficult>
		<occluded>0</occluded>
		<bndbox>
			<xmin>71</xmin>
			<xmax>180</xmax>
			<ymin>258</ymin>
			<ymax>388</ymax>
		</bndbox>
	</object>
	<object>
		<name>car</name>
		<pose>Unspecified</pose>
		<truncated>0</truncated>
		<difficult>0</difficult>
		<occluded>0</occluded>
		<bndbox>
			<xmin>170</xmin>
			<xmax>207</xmax>
			<ymin>167</ymin>
			<ymax>218</ymax>
		</bndbox>
	</object>
	<object>
		<name>motorbike</name>
		<pose>Unspecified</pose>
		<truncated>0</truncated>
		<difficult>0</difficult>
		<occluded>0</occluded>
		<bndbox>
			<xmin>258</xmin>
			<xmax>300</xmax>
			<ymin>195</ymin>
			<ymax>266</ymax>
		</bndbox>
	</object>
	<object>
		<name>motorbike</name>
		<pose>Unspecified</pose>
		<truncated>0</truncated>
		<difficult>0</difficult>
		<occluded>0</occluded>
		<bndbox>
			<xmin>262</xmin>
			<xmax>288</xmax>
			<ymin>156</ymin>
			<ymax>199</ymax>
		</bndbox>
	</object>
</annotation>
