<annotation>
	<folder></folder>
	<filename>frame_3958_jpg.rf.cdc0e20707079e9ca848b2526e71ebd5.jpg</filename>
	<path>frame_3958_jpg.rf.cdc0e20707079e9ca848b2526e71ebd5.jpg</path>
	<source>
		<database>roboflow.ai</database>
	</source>
	<size>
		<width>416</width>
		<height>416</height>
		<depth>3</depth>
	</size>
	<segmented>0</segmented>
	<object>
		<name>minitruck</name>
		<pose>Unspecified</pose>
		<truncated>0</truncated>
		<difficult>0</difficult>
		<occluded>0</occluded>
		<bndbox>
			<xmin>187</xmin>
			<xmax>222</xmax>
			<ymin>193</ymin>
			<ymax>266</ymax>
		</bndbox>
	</object>
	<object>
		<name>van</name>
		<pose>Unspecified</pose>
		<truncated>0</truncated>
		<difficult>0</difficult>
		<occluded>0</occluded>
		<bndbox>
			<xmin>129</xmin>
			<xmax>171</xmax>
			<ymin>173</ymin>
			<ymax>234</ymax>
		</bndbox>
	</object>
	<object>
		<name>auto</name>
		<pose>Unspecified</pose>
		<truncated>0</truncated>
		<difficult>0</difficult>
		<occluded>0</occluded>
		<bndbox>
			<xmin>254</xmin>
			<xmax>306</xmax>
			<ymin>219</ymin>
			<ymax>285</ymax>
		</bndbox>
	</object>
	<object>
		<name>minitruck</name>
		<pose>Unspecified</pose>
		<truncated>0</truncated>
		<difficult>0</difficult>
		<occluded>0</occluded>
		<bndbox>
			<xmin>197</xmin>
			<xmax>237</xmax>
			<ymin>156</ymin>
			<ymax>234</ymax>
		</bndbox>
	</object>
</annotation>
