<annotation>
	<folder></folder>
	<filename>frame_3964_jpg.rf.89dc1247703f9dd406e029da3c3beaf5.jpg</filename>
	<path>frame_3964_jpg.rf.89dc1247703f9dd406e029da3c3beaf5.jpg</path>
	<source>
		<database>roboflow.ai</database>
	</source>
	<size>
		<width>416</width>
		<height>416</height>
		<depth>3</depth>
	</size>
	<segmented>0</segmented>
	<object>
		<name>car</name>
		<pose>Unspecified</pose>
		<truncated>0</truncated>
		<difficult>0</difficult>
		<occluded>0</occluded>
		<bndbox>
			<xmin>105</xmin>
			<xmax>170</xmax>
			<ymin>223</ymin>
			<ymax>326</ymax>
		</bndbox>
	</object>
	<object>
		<name>auto</name>
		<pose>Unspecified</pose>
		<truncated>0</truncated>
		<difficult>0</difficult>
		<occluded>0</occluded>
		<bndbox>
			<xmin>208</xmin>
			<xmax>243</xmax>
			<ymin>187</ymin>
			<ymax>259</ymax>
		</bndbox>
	</object>
	<object>
		<name>motorbike</name>
		<pose>Unspecified</pose>
		<truncated>0</truncated>
		<difficult>0</difficult>
		<occluded>0</occluded>
		<bndbox>
			<xmin>98</xmin>
			<xmax>137</xmax>
			<ymin>297</ymin>
			<ymax>414</ymax>
		</bndbox>
	</object>
	<object>
		<name>motorbike</name>
		<pose>Unspecified</pose>
		<truncated>0</truncated>
		<difficult>0</difficult>
		<occluded>0</occluded>
		<bndbox>
			<xmin>197</xmin>
			<xmax>227</xmax>
			<ymin>264</ymin>
			<ymax>353</ymax>
		</bndbox>
	</object>
</annotation>
