<annotation>
	<folder></folder>
	<filename>frame_3913_jpg.rf.576436af23e5c6592c6b04652e85aaf8.jpg</filename>
	<path>frame_3913_jpg.rf.576436af23e5c6592c6b04652e85aaf8.jpg</path>
	<source>
		<database>roboflow.ai</database>
	</source>
	<size>
		<width>416</width>
		<height>416</height>
		<depth>3</depth>
	</size>
	<segmented>0</segmented>
	<object>
		<name>motorbike</name>
		<pose>Unspecified</pose>
		<truncated>0</truncated>
		<difficult>0</difficult>
		<occluded>0</occluded>
		<bndbox>
			<xmin>187</xmin>
			<xmax>220</xmax>
			<ymin>240</ymin>
			<ymax>306</ymax>
		</bndbox>
	</object>
	<object>
		<name>motorbike</name>
		<pose>Unspecified</pose>
		<truncated>0</truncated>
		<difficult>0</difficult>
		<occluded>0</occluded>
		<bndbox>
			<xmin>269</xmin>
			<xmax>306</xmax>
			<ymin>292</ymin>
			<ymax>375</ymax>
		</bndbox>
	</object>
</annotation>
