<annotation>
	<folder></folder>
	<filename>frame_3918_jpg.rf.c159c5a6a873e66ba559dce62369f3b1.jpg</filename>
	<path>frame_3918_jpg.rf.c159c5a6a873e66ba559dce62369f3b1.jpg</path>
	<source>
		<database>roboflow.ai</database>
	</source>
	<size>
		<width>416</width>
		<height>416</height>
		<depth>3</depth>
	</size>
	<segmented>0</segmented>
	<object>
		<name>truck</name>
		<pose>Unspecified</pose>
		<truncated>0</truncated>
		<difficult>0</difficult>
		<occluded>0</occluded>
		<bndbox>
			<xmin>202</xmin>
			<xmax>265</xmax>
			<ymin>146</ymin>
			<ymax>249</ymax>
		</bndbox>
	</object>
</annotation>
