<annotation>
	<folder></folder>
	<filename>frame_3895_jpg.rf.1f3e2724b498565506d49195508e6f8e.jpg</filename>
	<path>frame_3895_jpg.rf.1f3e2724b498565506d49195508e6f8e.jpg</path>
	<source>
		<database>roboflow.ai</database>
	</source>
	<size>
		<width>416</width>
		<height>416</height>
		<depth>3</depth>
	</size>
	<segmented>0</segmented>
	<object>
		<name>car</name>
		<pose>Unspecified</pose>
		<truncated>0</truncated>
		<difficult>0</difficult>
		<occluded>0</occluded>
		<bndbox>
			<xmin>240</xmin>
			<xmax>276</xmax>
			<ymin>151</ymin>
			<ymax>227</ymax>
		</bndbox>
	</object>
	<object>
		<name>auto</name>
		<pose>Unspecified</pose>
		<truncated>0</truncated>
		<difficult>0</difficult>
		<occluded>0</occluded>
		<bndbox>
			<xmin>171</xmin>
			<xmax>207</xmax>
			<ymin>181</ymin>
			<ymax>237</ymax>
		</bndbox>
	</object>
</annotation>
