<annotation>
	<folder></folder>
	<filename>frame_3881_jpg.rf.2da44e32f4efa0a2c1be2651cc781389.jpg</filename>
	<path>frame_3881_jpg.rf.2da44e32f4efa0a2c1be2651cc781389.jpg</path>
	<source>
		<database>roboflow.ai</database>
	</source>
	<size>
		<width>416</width>
		<height>416</height>
		<depth>3</depth>
	</size>
	<segmented>0</segmented>
	<object>
		<name>van</name>
		<pose>Unspecified</pose>
		<truncated>0</truncated>
		<difficult>0</difficult>
		<occluded>0</occluded>
		<bndbox>
			<xmin>258</xmin>
			<xmax>309</xmax>
			<ymin>192</ymin>
			<ymax>265</ymax>
		</bndbox>
	</object>
	<object>
		<name>auto</name>
		<pose>Unspecified</pose>
		<truncated>0</truncated>
		<difficult>0</difficult>
		<occluded>0</occluded>
		<bndbox>
			<xmin>209</xmin>
			<xmax>253</xmax>
			<ymin>208</ymin>
			<ymax>287</ymax>
		</bndbox>
	</object>
</annotation>
