<annotation>
	<folder></folder>
	<filename>frame_3870_jpg.rf.3e2c7c8389e6a3cbce805626c9265b0a.jpg</filename>
	<path>frame_3870_jpg.rf.3e2c7c8389e6a3cbce805626c9265b0a.jpg</path>
	<source>
		<database>roboflow.ai</database>
	</source>
	<size>
		<width>416</width>
		<height>416</height>
		<depth>3</depth>
	</size>
	<segmented>0</segmented>
	<object>
		<name>motorbike</name>
		<pose>Unspecified</pose>
		<truncated>0</truncated>
		<difficult>0</difficult>
		<occluded>0</occluded>
		<bndbox>
			<xmin>207</xmin>
			<xmax>224</xmax>
			<ymin>197</ymin>
			<ymax>229</ymax>
		</bndbox>
	</object>
	<object>
		<name>motorbike</name>
		<pose>Unspecified</pose>
		<truncated>0</truncated>
		<difficult>0</difficult>
		<occluded>0</occluded>
		<bndbox>
			<xmin>207</xmin>
			<xmax>219</xmax>
			<ymin>168</ymin>
			<ymax>197</ymax>
		</bndbox>
	</object>
</annotation>
