<annotation>
	<folder></folder>
	<filename>frame_3871_jpg.rf.ba902cda2cf56ef933dc378e4129feec.jpg</filename>
	<path>frame_3871_jpg.rf.ba902cda2cf56ef933dc378e4129feec.jpg</path>
	<source>
		<database>roboflow.ai</database>
	</source>
	<size>
		<width>416</width>
		<height>416</height>
		<depth>3</depth>
	</size>
	<segmented>0</segmented>
	<object>
		<name>motorbike</name>
		<pose>Unspecified</pose>
		<truncated>0</truncated>
		<difficult>0</difficult>
		<occluded>0</occluded>
		<bndbox>
			<xmin>134</xmin>
			<xmax>186</xmax>
			<ymin>238</ymin>
			<ymax>330</ymax>
		</bndbox>
	</object>
	<object>
		<name>auto</name>
		<pose>Unspecified</pose>
		<truncated>0</truncated>
		<difficult>0</difficult>
		<occluded>0</occluded>
		<bndbox>
			<xmin>170</xmin>
			<xmax>201</xmax>
			<ymin>181</ymin>
			<ymax>225</ymax>
		</bndbox>
	</object>
	<object>
		<name>minitruck</name>
		<pose>Unspecified</pose>
		<truncated>0</truncated>
		<difficult>0</difficult>
		<occluded>0</occluded>
		<bndbox>
			<xmin>247</xmin>
			<xmax>289</xmax>
			<ymin>153</ymin>
			<ymax>203</ymax>
		</bndbox>
	</object>
</annotation>
