<annotation>
	<folder></folder>
	<filename>frame_3926_jpg.rf.0c43ad5bb961b7e12e47ead60650bc18.jpg</filename>
	<path>frame_3926_jpg.rf.0c43ad5bb961b7e12e47ead60650bc18.jpg</path>
	<source>
		<database>roboflow.ai</database>
	</source>
	<size>
		<width>416</width>
		<height>416</height>
		<depth>3</depth>
	</size>
	<segmented>0</segmented>
	<object>
		<name>auto</name>
		<pose>Unspecified</pose>
		<truncated>0</truncated>
		<difficult>0</difficult>
		<occluded>0</occluded>
		<bndbox>
			<xmin>200</xmin>
			<xmax>232</xmax>
			<ymin>167</ymin>
			<ymax>223</ymax>
		</bndbox>
	</object>
</annotation>
