<annotation>
	<folder></folder>
	<filename>frame_3909_jpg.rf.242584e9b7578514aaa2fd17eff77833.jpg</filename>
	<path>frame_3909_jpg.rf.242584e9b7578514aaa2fd17eff77833.jpg</path>
	<source>
		<database>roboflow.ai</database>
	</source>
	<size>
		<width>416</width>
		<height>416</height>
		<depth>3</depth>
	</size>
	<segmented>0</segmented>
	<object>
		<name>motorbike</name>
		<pose>Unspecified</pose>
		<truncated>0</truncated>
		<difficult>0</difficult>
		<occluded>0</occluded>
		<bndbox>
			<xmin>194</xmin>
			<xmax>213</xmax>
			<ymin>199</ymin>
			<ymax>260</ymax>
		</bndbox>
	</object>
	<object>
		<name>motorbike</name>
		<pose>Unspecified</pose>
		<truncated>0</truncated>
		<difficult>0</difficult>
		<occluded>0</occluded>
		<bndbox>
			<xmin>130</xmin>
			<xmax>150</xmax>
			<ymin>180</ymin>
			<ymax>234</ymax>
		</bndbox>
	</object>
	<object>
		<name>car</name>
		<pose>Unspecified</pose>
		<truncated>0</truncated>
		<difficult>0</difficult>
		<occluded>0</occluded>
		<bndbox>
			<xmin>234</xmin>
			<xmax>283</xmax>
			<ymin>213</ymin>
			<ymax>284</ymax>
		</bndbox>
	</object>
</annotation>
