<annotation>
	<folder></folder>
	<filename>frame_3881_jpg.rf.22c3e09c775dfffa4f3e15436007cf7c.jpg</filename>
	<path>frame_3881_jpg.rf.22c3e09c775dfffa4f3e15436007cf7c.jpg</path>
	<source>
		<database>roboflow.ai</database>
	</source>
	<size>
		<width>416</width>
		<height>416</height>
		<depth>3</depth>
	</size>
	<segmented>0</segmented>
	<object>
		<name>van</name>
		<pose>Unspecified</pose>
		<truncated>0</truncated>
		<difficult>0</difficult>
		<occluded>0</occluded>
		<bndbox>
			<xmin>110</xmin>
			<xmax>157</xmax>
			<ymin>198</ymin>
			<ymax>257</ymax>
		</bndbox>
	</object>
	<object>
		<name>auto</name>
		<pose>Unspecified</pose>
		<truncated>0</truncated>
		<difficult>0</difficult>
		<occluded>0</occluded>
		<bndbox>
			<xmin>177</xmin>
			<xmax>217</xmax>
			<ymin>214</ymin>
			<ymax>279</ymax>
		</bndbox>
	</object>
</annotation>
