<annotation>
	<folder></folder>
	<filename>frame_2843_jpg.rf.eb02ea89f1ea91946273bab2853170c7.jpg</filename>
	<path>frame_2843_jpg.rf.eb02ea89f1ea91946273bab2853170c7.jpg</path>
	<source>
		<database>roboflow.ai</database>
	</source>
	<size>
		<width>416</width>
		<height>416</height>
		<depth>3</depth>
	</size>
	<segmented>0</segmented>
	<object>
		<name>motorbike</name>
		<pose>Unspecified</pose>
		<truncated>0</truncated>
		<difficult>0</difficult>
		<occluded>0</occluded>
		<bndbox>
			<xmin>324</xmin>
			<xmax>395</xmax>
			<ymin>280</ymin>
			<ymax>410</ymax>
		</bndbox>
	</object>
	<object>
		<name>motorbike</name>
		<pose>Unspecified</pose>
		<truncated>0</truncated>
		<difficult>0</difficult>
		<occluded>0</occluded>
		<bndbox>
			<xmin>286</xmin>
			<xmax>345</xmax>
			<ymin>165</ymin>
			<ymax>260</ymax>
		</bndbox>
	</object>
</annotation>
