<annotation>
	<folder></folder>
	<filename>frame_2732_jpg.rf.0fbfa20f341562a6013277f181384610.jpg</filename>
	<path>frame_2732_jpg.rf.0fbfa20f341562a6013277f181384610.jpg</path>
	<source>
		<database>roboflow.ai</database>
	</source>
	<size>
		<width>416</width>
		<height>416</height>
		<depth>3</depth>
	</size>
	<segmented>0</segmented>
	<object>
		<name>motorbike</name>
		<pose>Unspecified</pose>
		<truncated>0</truncated>
		<difficult>0</difficult>
		<occluded>0</occluded>
		<bndbox>
			<xmin>267</xmin>
			<xmax>317</xmax>
			<ymin>209</ymin>
			<ymax>337</ymax>
		</bndbox>
	</object>
	<object>
		<name>motorbike</name>
		<pose>Unspecified</pose>
		<truncated>0</truncated>
		<difficult>0</difficult>
		<occluded>0</occluded>
		<bndbox>
			<xmin>262</xmin>
			<xmax>312</xmax>
			<ymin>123</ymin>
			<ymax>251</ymax>
		</bndbox>
	</object>
</annotation>
