<annotation>
	<folder></folder>
	<filename>frame_2779_jpg.rf.913a8f8a789f58dda4477e0d0c2f5c91.jpg</filename>
	<path>frame_2779_jpg.rf.913a8f8a789f58dda4477e0d0c2f5c91.jpg</path>
	<source>
		<database>roboflow.ai</database>
	</source>
	<size>
		<width>416</width>
		<height>416</height>
		<depth>3</depth>
	</size>
	<segmented>0</segmented>
	<object>
		<name>bicycle</name>
		<pose>Unspecified</pose>
		<truncated>0</truncated>
		<difficult>0</difficult>
		<occluded>0</occluded>
		<bndbox>
			<xmin>57</xmin>
			<xmax>92</xmax>
			<ymin>217</ymin>
			<ymax>308</ymax>
		</bndbox>
	</object>
</annotation>
