<annotation>
	<folder></folder>
	<filename>frame_2833_jpg.rf.38ce738e50c922152bbdce85f61bb542.jpg</filename>
	<path>frame_2833_jpg.rf.38ce738e50c922152bbdce85f61bb542.jpg</path>
	<source>
		<database>roboflow.ai</database>
	</source>
	<size>
		<width>416</width>
		<height>416</height>
		<depth>3</depth>
	</size>
	<segmented>0</segmented>
	<object>
		<name>bicycle</name>
		<pose>Unspecified</pose>
		<truncated>0</truncated>
		<difficult>0</difficult>
		<occluded>0</occluded>
		<bndbox>
			<xmin>27</xmin>
			<xmax>61</xmax>
			<ymin>259</ymin>
			<ymax>389</ymax>
		</bndbox>
	</object>
</annotation>
