<annotation>
	<folder></folder>
	<filename>frame_2791_jpg.rf.7212737bb9504b824a500eb8f42d1496.jpg</filename>
	<path>frame_2791_jpg.rf.7212737bb9504b824a500eb8f42d1496.jpg</path>
	<source>
		<database>roboflow.ai</database>
	</source>
	<size>
		<width>416</width>
		<height>416</height>
		<depth>3</depth>
	</size>
	<segmented>0</segmented>
	<object>
		<name>motorbike</name>
		<pose>Unspecified</pose>
		<truncated>0</truncated>
		<difficult>0</difficult>
		<occluded>0</occluded>
		<bndbox>
			<xmin>80</xmin>
			<xmax>143</xmax>
			<ymin>310</ymin>
			<ymax>415</ymax>
		</bndbox>
	</object>
</annotation>
