<annotation>
	<folder></folder>
	<filename>frame_2731_jpg.rf.5ec355f614e0dccc0419a6177458e9b8.jpg</filename>
	<path>frame_2731_jpg.rf.5ec355f614e0dccc0419a6177458e9b8.jpg</path>
	<source>
		<database>roboflow.ai</database>
	</source>
	<size>
		<width>416</width>
		<height>416</height>
		<depth>3</depth>
	</size>
	<segmented>0</segmented>
	<object>
		<name>car</name>
		<pose>Unspecified</pose>
		<truncated>0</truncated>
		<difficult>0</difficult>
		<occluded>0</occluded>
		<bndbox>
			<xmin>114</xmin>
			<xmax>193</xmax>
			<ymin>161</ymin>
			<ymax>292</ymax>
		</bndbox>
	</object>
	<object>
		<name>motorbike</name>
		<pose>Unspecified</pose>
		<truncated>0</truncated>
		<difficult>0</difficult>
		<occluded>0</occluded>
		<bndbox>
			<xmin>73</xmin>
			<xmax>105</xmax>
			<ymin>273</ymin>
			<ymax>401</ymax>
		</bndbox>
	</object>
	<object>
		<name>bicycle</name>
		<pose>Unspecified</pose>
		<truncated>0</truncated>
		<difficult>0</difficult>
		<occluded>0</occluded>
		<bndbox>
			<xmin>12</xmin>
			<xmax>43</xmax>
			<ymin>293</ymin>
			<ymax>412</ymax>
		</bndbox>
	</object>
</annotation>
