<annotation>
	<folder></folder>
	<filename>frame_2835_jpg.rf.657b217f57b3a82c3eef95dbfacd8d83.jpg</filename>
	<path>frame_2835_jpg.rf.657b217f57b3a82c3eef95dbfacd8d83.jpg</path>
	<source>
		<database>roboflow.ai</database>
	</source>
	<size>
		<width>416</width>
		<height>416</height>
		<depth>3</depth>
	</size>
	<segmented>0</segmented>
	<object>
		<name>bicycle</name>
		<pose>Unspecified</pose>
		<truncated>0</truncated>
		<difficult>0</difficult>
		<occluded>0</occluded>
		<bndbox>
			<xmin>288</xmin>
			<xmax>347</xmax>
			<ymin>208</ymin>
			<ymax>334</ymax>
		</bndbox>
	</object>
</annotation>
