<annotation>
	<folder></folder>
	<filename>frame_2734_jpg.rf.79a3d99ac90c158e04337727881a9abf.jpg</filename>
	<path>frame_2734_jpg.rf.79a3d99ac90c158e04337727881a9abf.jpg</path>
	<source>
		<database>roboflow.ai</database>
	</source>
	<size>
		<width>416</width>
		<height>416</height>
		<depth>3</depth>
	</size>
	<segmented>0</segmented>
	<object>
		<name>motorbike</name>
		<pose>Unspecified</pose>
		<truncated>0</truncated>
		<difficult>0</difficult>
		<occluded>0</occluded>
		<bndbox>
			<xmin>145</xmin>
			<xmax>182</xmax>
			<ymin>158</ymin>
			<ymax>273</ymax>
		</bndbox>
	</object>
</annotation>
