<annotation>
	<folder></folder>
	<filename>frame_2752_jpg.rf.c9b5756406953420246d8a00c71998a7.jpg</filename>
	<path>frame_2752_jpg.rf.c9b5756406953420246d8a00c71998a7.jpg</path>
	<source>
		<database>roboflow.ai</database>
	</source>
	<size>
		<width>416</width>
		<height>416</height>
		<depth>3</depth>
	</size>
	<segmented>0</segmented>
	<object>
		<name>motorbike</name>
		<pose>Unspecified</pose>
		<truncated>0</truncated>
		<difficult>0</difficult>
		<occluded>0</occluded>
		<bndbox>
			<xmin>94</xmin>
			<xmax>151</xmax>
			<ymin>269</ymin>
			<ymax>374</ymax>
		</bndbox>
	</object>
	<object>
		<name>motorbike</name>
		<pose>Unspecified</pose>
		<truncated>0</truncated>
		<difficult>0</difficult>
		<occluded>0</occluded>
		<bndbox>
			<xmin>120</xmin>
			<xmax>177</xmax>
			<ymin>202</ymin>
			<ymax>307</ymax>
		</bndbox>
	</object>
	<object>
		<name>bicycle</name>
		<pose>Unspecified</pose>
		<truncated>0</truncated>
		<difficult>0</difficult>
		<occluded>0</occluded>
		<bndbox>
			<xmin>51</xmin>
			<xmax>102</xmax>
			<ymin>265</ymin>
			<ymax>375</ymax>
		</bndbox>
	</object>
</annotation>
