<annotation>
	<folder></folder>
	<filename>frame_2842_jpg.rf.7a56af2f0ae99bf32c50ab72fc872983.jpg</filename>
	<path>frame_2842_jpg.rf.7a56af2f0ae99bf32c50ab72fc872983.jpg</path>
	<source>
		<database>roboflow.ai</database>
	</source>
	<size>
		<width>416</width>
		<height>416</height>
		<depth>3</depth>
	</size>
	<segmented>0</segmented>
	<object>
		<name>motorbike</name>
		<pose>Unspecified</pose>
		<truncated>0</truncated>
		<difficult>0</difficult>
		<occluded>0</occluded>
		<bndbox>
			<xmin>76</xmin>
			<xmax>116</xmax>
			<ymin>224</ymin>
			<ymax>342</ymax>
		</bndbox>
	</object>
	<object>
		<name>bicycle</name>
		<pose>Unspecified</pose>
		<truncated>0</truncated>
		<difficult>0</difficult>
		<occluded>0</occluded>
		<bndbox>
			<xmin>0</xmin>
			<xmax>24</xmax>
			<ymin>334</ymin>
			<ymax>415</ymax>
		</bndbox>
	</object>
</annotation>
