<annotation>
	<folder></folder>
	<filename>frame_2811_jpg.rf.c5be0351cad8da21ecbe96873b5d97b1.jpg</filename>
	<path>frame_2811_jpg.rf.c5be0351cad8da21ecbe96873b5d97b1.jpg</path>
	<source>
		<database>roboflow.ai</database>
	</source>
	<size>
		<width>416</width>
		<height>416</height>
		<depth>3</depth>
	</size>
	<segmented>0</segmented>
	<object>
		<name>car</name>
		<pose>Unspecified</pose>
		<truncated>0</truncated>
		<difficult>0</difficult>
		<occluded>0</occluded>
		<bndbox>
			<xmin>169</xmin>
			<xmax>258</xmax>
			<ymin>255</ymin>
			<ymax>415</ymax>
		</bndbox>
	</object>
</annotation>
