<annotation>
	<folder></folder>
	<filename>frame_2840_jpg.rf.3d6dbf29aadc1daaa75663bc2dfeafe1.jpg</filename>
	<path>frame_2840_jpg.rf.3d6dbf29aadc1daaa75663bc2dfeafe1.jpg</path>
	<source>
		<database>roboflow.ai</database>
	</source>
	<size>
		<width>416</width>
		<height>416</height>
		<depth>3</depth>
	</size>
	<segmented>0</segmented>
	<object>
		<name>motorbike</name>
		<pose>Unspecified</pose>
		<truncated>0</truncated>
		<difficult>0</difficult>
		<occluded>0</occluded>
		<bndbox>
			<xmin>148</xmin>
			<xmax>191</xmax>
			<ymin>217</ymin>
			<ymax>310</ymax>
		</bndbox>
	</object>
	<object>
		<name>motorbike</name>
		<pose>Unspecified</pose>
		<truncated>0</truncated>
		<difficult>0</difficult>
		<occluded>0</occluded>
		<bndbox>
			<xmin>117</xmin>
			<xmax>160</xmax>
			<ymin>222</ymin>
			<ymax>315</ymax>
		</bndbox>
	</object>
</annotation>
