<annotation>
	<folder></folder>
	<filename>frame_2823_jpg.rf.dfea05d3fb094c86181641d66538dacd.jpg</filename>
	<path>frame_2823_jpg.rf.dfea05d3fb094c86181641d66538dacd.jpg</path>
	<source>
		<database>roboflow.ai</database>
	</source>
	<size>
		<width>416</width>
		<height>416</height>
		<depth>3</depth>
	</size>
	<segmented>0</segmented>
	<object>
		<name>bicycle</name>
		<pose>Unspecified</pose>
		<truncated>0</truncated>
		<difficult>0</difficult>
		<occluded>0</occluded>
		<bndbox>
			<xmin>45</xmin>
			<xmax>81</xmax>
			<ymin>209</ymin>
			<ymax>326</ymax>
		</bndbox>
	</object>
	<object>
		<name>bicycle</name>
		<pose>Unspecified</pose>
		<truncated>0</truncated>
		<difficult>0</difficult>
		<occluded>0</occluded>
		<bndbox>
			<xmin>74</xmin>
			<xmax>110</xmax>
			<ymin>201</ymin>
			<ymax>318</ymax>
		</bndbox>
	</object>
</annotation>
