<annotation>
	<folder></folder>
	<filename>frame_2760_jpg.rf.078cbd15ce344d7bfa3da92c60747fea.jpg</filename>
	<path>frame_2760_jpg.rf.078cbd15ce344d7bfa3da92c60747fea.jpg</path>
	<source>
		<database>roboflow.ai</database>
	</source>
	<size>
		<width>416</width>
		<height>416</height>
		<depth>3</depth>
	</size>
	<segmented>0</segmented>
	<object>
		<name>bicycle</name>
		<pose>Unspecified</pose>
		<truncated>0</truncated>
		<difficult>0</difficult>
		<occluded>0</occluded>
		<bndbox>
			<xmin>328</xmin>
			<xmax>357</xmax>
			<ymin>189</ymin>
			<ymax>309</ymax>
		</bndbox>
	</object>
</annotation>
