<annotation>
	<folder></folder>
	<filename>frame_2798_jpg.rf.b42d340e68622314bdf4bc0e5eba06a4.jpg</filename>
	<path>frame_2798_jpg.rf.b42d340e68622314bdf4bc0e5eba06a4.jpg</path>
	<source>
		<database>roboflow.ai</database>
	</source>
	<size>
		<width>416</width>
		<height>416</height>
		<depth>3</depth>
	</size>
	<segmented>0</segmented>
	<object>
		<name>motorbike</name>
		<pose>Unspecified</pose>
		<truncated>0</truncated>
		<difficult>0</difficult>
		<occluded>0</occluded>
		<bndbox>
			<xmin>88</xmin>
			<xmax>141</xmax>
			<ymin>249</ymin>
			<ymax>367</ymax>
		</bndbox>
	</object>
</annotation>
