<annotation>
	<folder></folder>
	<filename>frame_2732_jpg.rf.01538fb2896c941c1a7678663be25a17.jpg</filename>
	<path>frame_2732_jpg.rf.01538fb2896c941c1a7678663be25a17.jpg</path>
	<source>
		<database>roboflow.ai</database>
	</source>
	<size>
		<width>416</width>
		<height>416</height>
		<depth>3</depth>
	</size>
	<segmented>0</segmented>
	<object>
		<name>motorbike</name>
		<pose>Unspecified</pose>
		<truncated>0</truncated>
		<difficult>0</difficult>
		<occluded>0</occluded>
		<bndbox>
			<xmin>110</xmin>
			<xmax>165</xmax>
			<ymin>211</ymin>
			<ymax>339</ymax>
		</bndbox>
	</object>
	<object>
		<name>motorbike</name>
		<pose>Unspecified</pose>
		<truncated>0</truncated>
		<difficult>0</difficult>
		<occluded>0</occluded>
		<bndbox>
			<xmin>101</xmin>
			<xmax>156</xmax>
			<ymin>124</ymin>
			<ymax>252</ymax>
		</bndbox>
	</object>
</annotation>
