<annotation>
	<folder></folder>
	<filename>frame_2832_jpg.rf.51ff2c646ed2f5863fef331620dc746b.jpg</filename>
	<path>frame_2832_jpg.rf.51ff2c646ed2f5863fef331620dc746b.jpg</path>
	<source>
		<database>roboflow.ai</database>
	</source>
	<size>
		<width>416</width>
		<height>416</height>
		<depth>3</depth>
	</size>
	<segmented>0</segmented>
	<object>
		<name>motorbike</name>
		<pose>Unspecified</pose>
		<truncated>0</truncated>
		<difficult>0</difficult>
		<occluded>0</occluded>
		<bndbox>
			<xmin>98</xmin>
			<xmax>137</xmax>
			<ymin>204</ymin>
			<ymax>299</ymax>
		</bndbox>
	</object>
</annotation>
