<annotation>
	<folder></folder>
	<filename>frame_2807_jpg.rf.9049ba28aa1937b69dbe33c9ebbd497b.jpg</filename>
	<path>frame_2807_jpg.rf.9049ba28aa1937b69dbe33c9ebbd497b.jpg</path>
	<source>
		<database>roboflow.ai</database>
	</source>
	<size>
		<width>416</width>
		<height>416</height>
		<depth>3</depth>
	</size>
	<segmented>0</segmented>
	<object>
		<name>motorbike</name>
		<pose>Unspecified</pose>
		<truncated>0</truncated>
		<difficult>0</difficult>
		<occluded>0</occluded>
		<bndbox>
			<xmin>253</xmin>
			<xmax>288</xmax>
			<ymin>200</ymin>
			<ymax>290</ymax>
		</bndbox>
	</object>
	<object>
		<name>bicycle</name>
		<pose>Unspecified</pose>
		<truncated>0</truncated>
		<difficult>0</difficult>
		<occluded>0</occluded>
		<bndbox>
			<xmin>308</xmin>
			<xmax>331</xmax>
			<ymin>188</ymin>
			<ymax>277</ymax>
		</bndbox>
	</object>
</annotation>
