<annotation>
	<folder></folder>
	<filename>frame_2842_jpg.rf.93ea9d117853a939d1b1b09ab5d679f4.jpg</filename>
	<path>frame_2842_jpg.rf.93ea9d117853a939d1b1b09ab5d679f4.jpg</path>
	<source>
		<database>roboflow.ai</database>
	</source>
	<size>
		<width>416</width>
		<height>416</height>
		<depth>3</depth>
	</size>
	<segmented>0</segmented>
	<object>
		<name>motorbike</name>
		<pose>Unspecified</pose>
		<truncated>0</truncated>
		<difficult>0</difficult>
		<occluded>0</occluded>
		<bndbox>
			<xmin>94</xmin>
			<xmax>134</xmax>
			<ymin>210</ymin>
			<ymax>313</ymax>
		</bndbox>
	</object>
	<object>
		<name>bicycle</name>
		<pose>Unspecified</pose>
		<truncated>0</truncated>
		<difficult>0</difficult>
		<occluded>0</occluded>
		<bndbox>
			<xmin>29</xmin>
			<xmax>71</xmax>
			<ymin>303</ymin>
			<ymax>407</ymax>
		</bndbox>
	</object>
</annotation>
