<annotation>
	<folder></folder>
	<filename>frame_2805_jpg.rf.38700e02b9287dfed8a76cc35c4e2f0a.jpg</filename>
	<path>frame_2805_jpg.rf.38700e02b9287dfed8a76cc35c4e2f0a.jpg</path>
	<source>
		<database>roboflow.ai</database>
	</source>
	<size>
		<width>416</width>
		<height>416</height>
		<depth>3</depth>
	</size>
	<segmented>0</segmented>
	<object>
		<name>bicycle</name>
		<pose>Unspecified</pose>
		<truncated>0</truncated>
		<difficult>0</difficult>
		<occluded>0</occluded>
		<bndbox>
			<xmin>314</xmin>
			<xmax>350</xmax>
			<ymin>245</ymin>
			<ymax>353</ymax>
		</bndbox>
	</object>
</annotation>
