<annotation>
	<folder></folder>
	<filename>frame_2795_jpg.rf.9f166d1b015347af2b5ca24d23049152.jpg</filename>
	<path>frame_2795_jpg.rf.9f166d1b015347af2b5ca24d23049152.jpg</path>
	<source>
		<database>roboflow.ai</database>
	</source>
	<size>
		<width>416</width>
		<height>416</height>
		<depth>3</depth>
	</size>
	<segmented>0</segmented>
	<object>
		<name>bicycle</name>
		<pose>Unspecified</pose>
		<truncated>0</truncated>
		<difficult>0</difficult>
		<occluded>0</occluded>
		<bndbox>
			<xmin>0</xmin>
			<xmax>50</xmax>
			<ymin>258</ymin>
			<ymax>381</ymax>
		</bndbox>
	</object>
	<object>
		<name>bicycle</name>
		<pose>Unspecified</pose>
		<truncated>0</truncated>
		<difficult>0</difficult>
		<occluded>0</occluded>
		<bndbox>
			<xmin>35</xmin>
			<xmax>85</xmax>
			<ymin>199</ymin>
			<ymax>321</ymax>
		</bndbox>
	</object>
	<object>
		<name>bicycle</name>
		<pose>Unspecified</pose>
		<truncated>0</truncated>
		<difficult>0</difficult>
		<occluded>0</occluded>
		<bndbox>
			<xmin>56</xmin>
			<xmax>106</xmax>
			<ymin>164</ymin>
			<ymax>286</ymax>
		</bndbox>
	</object>
</annotation>
