<annotation>
	<folder></folder>
	<filename>frame_2798_jpg.rf.de415a4316da2d726cf4353cfcaddc34.jpg</filename>
	<path>frame_2798_jpg.rf.de415a4316da2d726cf4353cfcaddc34.jpg</path>
	<source>
		<database>roboflow.ai</database>
	</source>
	<size>
		<width>416</width>
		<height>416</height>
		<depth>3</depth>
	</size>
	<segmented>0</segmented>
	<object>
		<name>motorbike</name>
		<pose>Unspecified</pose>
		<truncated>0</truncated>
		<difficult>0</difficult>
		<occluded>0</occluded>
		<bndbox>
			<xmin>91</xmin>
			<xmax>128</xmax>
			<ymin>237</ymin>
			<ymax>345</ymax>
		</bndbox>
	</object>
</annotation>
