<annotation>
	<folder></folder>
	<filename>frame_2763_jpg.rf.d04efdcc56a8fd4942d55e750ee5c0e0.jpg</filename>
	<path>frame_2763_jpg.rf.d04efdcc56a8fd4942d55e750ee5c0e0.jpg</path>
	<source>
		<database>roboflow.ai</database>
	</source>
	<size>
		<width>416</width>
		<height>416</height>
		<depth>3</depth>
	</size>
	<segmented>0</segmented>
	<object>
		<name>bicycle</name>
		<pose>Unspecified</pose>
		<truncated>0</truncated>
		<difficult>0</difficult>
		<occluded>0</occluded>
		<bndbox>
			<xmin>322</xmin>
			<xmax>371</xmax>
			<ymin>118</ymin>
			<ymax>210</ymax>
		</bndbox>
	</object>
</annotation>
