<annotation>
	<folder></folder>
	<filename>frame_2820_jpg.rf.f56b53c3954127e86b09017c1f2a913d.jpg</filename>
	<path>frame_2820_jpg.rf.f56b53c3954127e86b09017c1f2a913d.jpg</path>
	<source>
		<database>roboflow.ai</database>
	</source>
	<size>
		<width>416</width>
		<height>416</height>
		<depth>3</depth>
	</size>
	<segmented>0</segmented>
	<object>
		<name>motorbike</name>
		<pose>Unspecified</pose>
		<truncated>0</truncated>
		<difficult>0</difficult>
		<occluded>0</occluded>
		<bndbox>
			<xmin>117</xmin>
			<xmax>191</xmax>
			<ymin>314</ymin>
			<ymax>414</ymax>
		</bndbox>
	</object>
</annotation>
