<annotation>
	<folder></folder>
	<filename>frame_2807_jpg.rf.8a2039340232bec4a1cd3979e3101be0.jpg</filename>
	<path>frame_2807_jpg.rf.8a2039340232bec4a1cd3979e3101be0.jpg</path>
	<source>
		<database>roboflow.ai</database>
	</source>
	<size>
		<width>416</width>
		<height>416</height>
		<depth>3</depth>
	</size>
	<segmented>0</segmented>
	<object>
		<name>motorbike</name>
		<pose>Unspecified</pose>
		<truncated>0</truncated>
		<difficult>0</difficult>
		<occluded>0</occluded>
		<bndbox>
			<xmin>258</xmin>
			<xmax>289</xmax>
			<ymin>204</ymin>
			<ymax>289</ymax>
		</bndbox>
	</object>
	<object>
		<name>bicycle</name>
		<pose>Unspecified</pose>
		<truncated>0</truncated>
		<difficult>0</difficult>
		<occluded>0</occluded>
		<bndbox>
			<xmin>311</xmin>
			<xmax>331</xmax>
			<ymin>194</ymin>
			<ymax>278</ymax>
		</bndbox>
	</object>
</annotation>
