<annotation>
	<folder></folder>
	<filename>frame_2798_jpg.rf.ed466163e57af92c617354129bcf00a5.jpg</filename>
	<path>frame_2798_jpg.rf.ed466163e57af92c617354129bcf00a5.jpg</path>
	<source>
		<database>roboflow.ai</database>
	</source>
	<size>
		<width>416</width>
		<height>416</height>
		<depth>3</depth>
	</size>
	<segmented>0</segmented>
	<object>
		<name>motorbike</name>
		<pose>Unspecified</pose>
		<truncated>0</truncated>
		<difficult>0</difficult>
		<occluded>0</occluded>
		<bndbox>
			<xmin>89</xmin>
			<xmax>136</xmax>
			<ymin>201</ymin>
			<ymax>309</ymax>
		</bndbox>
	</object>
</annotation>
