<annotation>
	<folder></folder>
	<filename>frame_2734_jpg.rf.0c5b6619be8ac2d9bde650ee66dda441.jpg</filename>
	<path>frame_2734_jpg.rf.0c5b6619be8ac2d9bde650ee66dda441.jpg</path>
	<source>
		<database>roboflow.ai</database>
	</source>
	<size>
		<width>416</width>
		<height>416</height>
		<depth>3</depth>
	</size>
	<segmented>0</segmented>
	<object>
		<name>motorbike</name>
		<pose>Unspecified</pose>
		<truncated>0</truncated>
		<difficult>0</difficult>
		<occluded>0</occluded>
		<bndbox>
			<xmin>134</xmin>
			<xmax>193</xmax>
			<ymin>133</ymin>
			<ymax>260</ymax>
		</bndbox>
	</object>
</annotation>
