<annotation>
	<folder></folder>
	<filename>frame_2835_jpg.rf.df93562b82d9d8ad94bfb04fc53c28f2.jpg</filename>
	<path>frame_2835_jpg.rf.df93562b82d9d8ad94bfb04fc53c28f2.jpg</path>
	<source>
		<database>roboflow.ai</database>
	</source>
	<size>
		<width>416</width>
		<height>416</height>
		<depth>3</depth>
	</size>
	<segmented>0</segmented>
	<object>
		<name>bicycle</name>
		<pose>Unspecified</pose>
		<truncated>0</truncated>
		<difficult>0</difficult>
		<occluded>0</occluded>
		<bndbox>
			<xmin>324</xmin>
			<xmax>380</xmax>
			<ymin>144</ymin>
			<ymax>268</ymax>
		</bndbox>
	</object>
</annotation>
