<annotation>
	<folder></folder>
	<filename>frame_2791_jpg.rf.c7c930d13fa5771b89a8b92f57fe18ea.jpg</filename>
	<path>frame_2791_jpg.rf.c7c930d13fa5771b89a8b92f57fe18ea.jpg</path>
	<source>
		<database>roboflow.ai</database>
	</source>
	<size>
		<width>416</width>
		<height>416</height>
		<depth>3</depth>
	</size>
	<segmented>0</segmented>
	<object>
		<name>motorbike</name>
		<pose>Unspecified</pose>
		<truncated>0</truncated>
		<difficult>0</difficult>
		<occluded>0</occluded>
		<bndbox>
			<xmin>296</xmin>
			<xmax>368</xmax>
			<ymin>224</ymin>
			<ymax>344</ymax>
		</bndbox>
	</object>
</annotation>
