<annotation>
	<folder></folder>
	<filename>frame_2726_jpg.rf.3c8df366c551efd04c3142ee481b9abb.jpg</filename>
	<path>frame_2726_jpg.rf.3c8df366c551efd04c3142ee481b9abb.jpg</path>
	<source>
		<database>roboflow.ai</database>
	</source>
	<size>
		<width>416</width>
		<height>416</height>
		<depth>3</depth>
	</size>
	<segmented>0</segmented>
	<object>
		<name>bicycle</name>
		<pose>Unspecified</pose>
		<truncated>0</truncated>
		<difficult>0</difficult>
		<occluded>0</occluded>
		<bndbox>
			<xmin>303</xmin>
			<xmax>352</xmax>
			<ymin>237</ymin>
			<ymax>330</ymax>
		</bndbox>
	</object>
</annotation>
