<annotation>
	<folder></folder>
	<filename>frame_2736_jpg.rf.17b99513878a0b8f3e0617562336d9a7.jpg</filename>
	<path>frame_2736_jpg.rf.17b99513878a0b8f3e0617562336d9a7.jpg</path>
	<source>
		<database>roboflow.ai</database>
	</source>
	<size>
		<width>416</width>
		<height>416</height>
		<depth>3</depth>
	</size>
	<segmented>0</segmented>
	<object>
		<name>motorbike</name>
		<pose>Unspecified</pose>
		<truncated>0</truncated>
		<difficult>0</difficult>
		<occluded>0</occluded>
		<bndbox>
			<xmin>64</xmin>
			<xmax>123</xmax>
			<ymin>241</ymin>
			<ymax>377</ymax>
		</bndbox>
	</object>
	<object>
		<name>motorbike</name>
		<pose>Unspecified</pose>
		<truncated>0</truncated>
		<difficult>0</difficult>
		<occluded>0</occluded>
		<bndbox>
			<xmin>54</xmin>
			<xmax>113</xmax>
			<ymin>155</ymin>
			<ymax>291</ymax>
		</bndbox>
	</object>
</annotation>
