<annotation>
	<folder></folder>
	<filename>frame_2740_jpg.rf.cfd83da4694d9dc67c42799774e7e959.jpg</filename>
	<path>frame_2740_jpg.rf.cfd83da4694d9dc67c42799774e7e959.jpg</path>
	<source>
		<database>roboflow.ai</database>
	</source>
	<size>
		<width>416</width>
		<height>416</height>
		<depth>3</depth>
	</size>
	<segmented>0</segmented>
	<object>
		<name>motorbike</name>
		<pose>Unspecified</pose>
		<truncated>0</truncated>
		<difficult>0</difficult>
		<occluded>0</occluded>
		<bndbox>
			<xmin>101</xmin>
			<xmax>148</xmax>
			<ymin>226</ymin>
			<ymax>314</ymax>
		</bndbox>
	</object>
</annotation>
