<annotation>
	<folder></folder>
	<filename>frame_2844_jpg.rf.628f042ca6dd1c2043d4909366da573d.jpg</filename>
	<path>frame_2844_jpg.rf.628f042ca6dd1c2043d4909366da573d.jpg</path>
	<source>
		<database>roboflow.ai</database>
	</source>
	<size>
		<width>416</width>
		<height>416</height>
		<depth>3</depth>
	</size>
	<segmented>0</segmented>
	<object>
		<name>motorbike</name>
		<pose>Unspecified</pose>
		<truncated>0</truncated>
		<difficult>0</difficult>
		<occluded>0</occluded>
		<bndbox>
			<xmin>35</xmin>
			<xmax>101</xmax>
			<ymin>286</ymin>
			<ymax>415</ymax>
		</bndbox>
	</object>
	<object>
		<name>motorbike</name>
		<pose>Unspecified</pose>
		<truncated>0</truncated>
		<difficult>0</difficult>
		<occluded>0</occluded>
		<bndbox>
			<xmin>62</xmin>
			<xmax>127</xmax>
			<ymin>214</ymin>
			<ymax>353</ymax>
		</bndbox>
	</object>
	<object>
		<name>motorbike</name>
		<pose>Unspecified</pose>
		<truncated>0</truncated>
		<difficult>0</difficult>
		<occluded>0</occluded>
		<bndbox>
			<xmin>114</xmin>
			<xmax>172</xmax>
			<ymin>193</ymin>
			<ymax>300</ymax>
		</bndbox>
	</object>
</annotation>
