<annotation>
	<folder></folder>
	<filename>frame_2830_jpg.rf.26f0778d85fa0ea42ac0d0f9a9eb9c77.jpg</filename>
	<path>frame_2830_jpg.rf.26f0778d85fa0ea42ac0d0f9a9eb9c77.jpg</path>
	<source>
		<database>roboflow.ai</database>
	</source>
	<size>
		<width>416</width>
		<height>416</height>
		<depth>3</depth>
	</size>
	<segmented>0</segmented>
	<object>
		<name>motorbike</name>
		<pose>Unspecified</pose>
		<truncated>0</truncated>
		<difficult>0</difficult>
		<occluded>0</occluded>
		<bndbox>
			<xmin>247</xmin>
			<xmax>296</xmax>
			<ymin>237</ymin>
			<ymax>353</ymax>
		</bndbox>
	</object>
	<object>
		<name>motorbike</name>
		<pose>Unspecified</pose>
		<truncated>0</truncated>
		<difficult>0</difficult>
		<occluded>0</occluded>
		<bndbox>
			<xmin>309</xmin>
			<xmax>358</xmax>
			<ymin>207</ymin>
			<ymax>323</ymax>
		</bndbox>
	</object>
</annotation>
