<annotation>
	<folder></folder>
	<filename>frame_2757_jpg.rf.0c9a24ea6135d3091ade4aa10b00ffe0.jpg</filename>
	<path>frame_2757_jpg.rf.0c9a24ea6135d3091ade4aa10b00ffe0.jpg</path>
	<source>
		<database>roboflow.ai</database>
	</source>
	<size>
		<width>416</width>
		<height>416</height>
		<depth>3</depth>
	</size>
	<segmented>0</segmented>
	<object>
		<name>bicycle</name>
		<pose>Unspecified</pose>
		<truncated>0</truncated>
		<difficult>0</difficult>
		<occluded>0</occluded>
		<bndbox>
			<xmin>58</xmin>
			<xmax>108</xmax>
			<ymin>270</ymin>
			<ymax>391</ymax>
		</bndbox>
	</object>
</annotation>
