<annotation>
	<folder></folder>
	<filename>frame_2734_jpg.rf.e79c0be45e5b0d159ee29e90d1ed1bae.jpg</filename>
	<path>frame_2734_jpg.rf.e79c0be45e5b0d159ee29e90d1ed1bae.jpg</path>
	<source>
		<database>roboflow.ai</database>
	</source>
	<size>
		<width>416</width>
		<height>416</height>
		<depth>3</depth>
	</size>
	<segmented>0</segmented>
	<object>
		<name>motorbike</name>
		<pose>Unspecified</pose>
		<truncated>0</truncated>
		<difficult>0</difficult>
		<occluded>0</occluded>
		<bndbox>
			<xmin>142</xmin>
			<xmax>183</xmax>
			<ymin>163</ymin>
			<ymax>293</ymax>
		</bndbox>
	</object>
</annotation>
