<annotation>
	<folder></folder>
	<filename>frame_2767_jpg.rf.32f1ca42fcd80e07f5ef4c16524e9de5.jpg</filename>
	<path>frame_2767_jpg.rf.32f1ca42fcd80e07f5ef4c16524e9de5.jpg</path>
	<source>
		<database>roboflow.ai</database>
	</source>
	<size>
		<width>416</width>
		<height>416</height>
		<depth>3</depth>
	</size>
	<segmented>0</segmented>
	<object>
		<name>motorbike</name>
		<pose>Unspecified</pose>
		<truncated>0</truncated>
		<difficult>0</difficult>
		<occluded>0</occluded>
		<bndbox>
			<xmin>296</xmin>
			<xmax>341</xmax>
			<ymin>240</ymin>
			<ymax>359</ymax>
		</bndbox>
	</object>
	<object>
		<name>motorbike</name>
		<pose>Unspecified</pose>
		<truncated>0</truncated>
		<difficult>0</difficult>
		<occluded>0</occluded>
		<bndbox>
			<xmin>291</xmin>
			<xmax>336</xmax>
			<ymin>156</ymin>
			<ymax>275</ymax>
		</bndbox>
	</object>
	<object>
		<name>bicycle</name>
		<pose>Unspecified</pose>
		<truncated>0</truncated>
		<difficult>0</difficult>
		<occluded>0</occluded>
		<bndbox>
			<xmin>361</xmin>
			<xmax>403</xmax>
			<ymin>212</ymin>
			<ymax>327</ymax>
		</bndbox>
	</object>
	<object>
		<name>bicycle</name>
		<pose>Unspecified</pose>
		<truncated>0</truncated>
		<difficult>0</difficult>
		<occluded>0</occluded>
		<bndbox>
			<xmin>328</xmin>
			<xmax>370</xmax>
			<ymin>141</ymin>
			<ymax>256</ymax>
		</bndbox>
	</object>
</annotation>
