<annotation>
	<folder></folder>
	<filename>frame_2763_jpg.rf.c1466c6a5c8796a5e89080146c03becb.jpg</filename>
	<path>frame_2763_jpg.rf.c1466c6a5c8796a5e89080146c03becb.jpg</path>
	<source>
		<database>roboflow.ai</database>
	</source>
	<size>
		<width>416</width>
		<height>416</height>
		<depth>3</depth>
	</size>
	<segmented>0</segmented>
	<object>
		<name>bicycle</name>
		<pose>Unspecified</pose>
		<truncated>0</truncated>
		<difficult>0</difficult>
		<occluded>0</occluded>
		<bndbox>
			<xmin>56</xmin>
			<xmax>99</xmax>
			<ymin>143</ymin>
			<ymax>229</ymax>
		</bndbox>
	</object>
</annotation>
