<annotation>
	<folder></folder>
	<filename>frame_2830_jpg.rf.4c5278c5057aeab3da79286f37cf2130.jpg</filename>
	<path>frame_2830_jpg.rf.4c5278c5057aeab3da79286f37cf2130.jpg</path>
	<source>
		<database>roboflow.ai</database>
	</source>
	<size>
		<width>416</width>
		<height>416</height>
		<depth>3</depth>
	</size>
	<segmented>0</segmented>
	<object>
		<name>motorbike</name>
		<pose>Unspecified</pose>
		<truncated>0</truncated>
		<difficult>0</difficult>
		<occluded>0</occluded>
		<bndbox>
			<xmin>127</xmin>
			<xmax>184</xmax>
			<ymin>243</ymin>
			<ymax>352</ymax>
		</bndbox>
	</object>
	<object>
		<name>motorbike</name>
		<pose>Unspecified</pose>
		<truncated>0</truncated>
		<difficult>0</difficult>
		<occluded>0</occluded>
		<bndbox>
			<xmin>62</xmin>
			<xmax>119</xmax>
			<ymin>217</ymin>
			<ymax>326</ymax>
		</bndbox>
	</object>
</annotation>
