<annotation>
	<folder></folder>
	<filename>frame_2832_jpg.rf.b2cb1571d5f6a6edc657de802a649e4c.jpg</filename>
	<path>frame_2832_jpg.rf.b2cb1571d5f6a6edc657de802a649e4c.jpg</path>
	<source>
		<database>roboflow.ai</database>
	</source>
	<size>
		<width>416</width>
		<height>416</height>
		<depth>3</depth>
	</size>
	<segmented>0</segmented>
	<object>
		<name>motorbike</name>
		<pose>Unspecified</pose>
		<truncated>0</truncated>
		<difficult>0</difficult>
		<occluded>0</occluded>
		<bndbox>
			<xmin>99</xmin>
			<xmax>147</xmax>
			<ymin>166</ymin>
			<ymax>266</ymax>
		</bndbox>
	</object>
</annotation>
