<annotation>
	<folder></folder>
	<filename>frame_2842_jpg.rf.18c7413a0e7869a8905c0f06b5391808.jpg</filename>
	<path>frame_2842_jpg.rf.18c7413a0e7869a8905c0f06b5391808.jpg</path>
	<source>
		<database>roboflow.ai</database>
	</source>
	<size>
		<width>416</width>
		<height>416</height>
		<depth>3</depth>
	</size>
	<segmented>0</segmented>
	<object>
		<name>motorbike</name>
		<pose>Unspecified</pose>
		<truncated>0</truncated>
		<difficult>0</difficult>
		<occluded>0</occluded>
		<bndbox>
			<xmin>60</xmin>
			<xmax>122</xmax>
			<ymin>191</ymin>
			<ymax>295</ymax>
		</bndbox>
	</object>
	<object>
		<name>bicycle</name>
		<pose>Unspecified</pose>
		<truncated>0</truncated>
		<difficult>0</difficult>
		<occluded>0</occluded>
		<bndbox>
			<xmin>0</xmin>
			<xmax>15</xmax>
			<ymin>269</ymin>
			<ymax>376</ymax>
		</bndbox>
	</object>
</annotation>
