<annotation>
	<folder></folder>
	<filename>frame_2835_jpg.rf.e0460adb4e7f6434ee9da93a44ae7707.jpg</filename>
	<path>frame_2835_jpg.rf.e0460adb4e7f6434ee9da93a44ae7707.jpg</path>
	<source>
		<database>roboflow.ai</database>
	</source>
	<size>
		<width>416</width>
		<height>416</height>
		<depth>3</depth>
	</size>
	<segmented>0</segmented>
	<object>
		<name>bicycle</name>
		<pose>Unspecified</pose>
		<truncated>0</truncated>
		<difficult>0</difficult>
		<occluded>0</occluded>
		<bndbox>
			<xmin>327</xmin>
			<xmax>378</xmax>
			<ymin>245</ymin>
			<ymax>372</ymax>
		</bndbox>
	</object>
</annotation>
