<annotation>
	<folder></folder>
	<filename>frame_2763_jpg.rf.384421771249144e0ddcf979154d10ae.jpg</filename>
	<path>frame_2763_jpg.rf.384421771249144e0ddcf979154d10ae.jpg</path>
	<source>
		<database>roboflow.ai</database>
	</source>
	<size>
		<width>416</width>
		<height>416</height>
		<depth>3</depth>
	</size>
	<segmented>0</segmented>
	<object>
		<name>bicycle</name>
		<pose>Unspecified</pose>
		<truncated>0</truncated>
		<difficult>0</difficult>
		<occluded>0</occluded>
		<bndbox>
			<xmin>48</xmin>
			<xmax>92</xmax>
			<ymin>114</ymin>
			<ymax>211</ymax>
		</bndbox>
	</object>
</annotation>
