<annotation>
	<folder></folder>
	<filename>frame_2833_jpg.rf.d099ce9aaae1814992e9844ac025f38c.jpg</filename>
	<path>frame_2833_jpg.rf.d099ce9aaae1814992e9844ac025f38c.jpg</path>
	<source>
		<database>roboflow.ai</database>
	</source>
	<size>
		<width>416</width>
		<height>416</height>
		<depth>3</depth>
	</size>
	<segmented>0</segmented>
	<object>
		<name>bicycle</name>
		<pose>Unspecified</pose>
		<truncated>0</truncated>
		<difficult>0</difficult>
		<occluded>0</occluded>
		<bndbox>
			<xmin>38</xmin>
			<xmax>99</xmax>
			<ymin>272</ymin>
			<ymax>384</ymax>
		</bndbox>
	</object>
</annotation>
