<annotation>
	<folder></folder>
	<filename>frame_2838_jpg.rf.6fb99bfe4cbb36bc032326709b9ea066.jpg</filename>
	<path>frame_2838_jpg.rf.6fb99bfe4cbb36bc032326709b9ea066.jpg</path>
	<source>
		<database>roboflow.ai</database>
	</source>
	<size>
		<width>416</width>
		<height>416</height>
		<depth>3</depth>
	</size>
	<segmented>0</segmented>
	<object>
		<name>bicycle</name>
		<pose>Unspecified</pose>
		<truncated>0</truncated>
		<difficult>0</difficult>
		<occluded>0</occluded>
		<bndbox>
			<xmin>0</xmin>
			<xmax>60</xmax>
			<ymin>241</ymin>
			<ymax>366</ymax>
		</bndbox>
	</object>
</annotation>
