<annotation>
	<folder></folder>
	<filename>frame_2735_jpg.rf.b8f9b9358425c59de600d320ae6dd362.jpg</filename>
	<path>frame_2735_jpg.rf.b8f9b9358425c59de600d320ae6dd362.jpg</path>
	<source>
		<database>roboflow.ai</database>
	</source>
	<size>
		<width>416</width>
		<height>416</height>
		<depth>3</depth>
	</size>
	<segmented>0</segmented>
	<object>
		<name>motorbike</name>
		<pose>Unspecified</pose>
		<truncated>0</truncated>
		<difficult>0</difficult>
		<occluded>0</occluded>
		<bndbox>
			<xmin>264</xmin>
			<xmax>297</xmax>
			<ymin>193</ymin>
			<ymax>289</ymax>
		</bndbox>
	</object>
	<object>
		<name>motorbike</name>
		<pose>Unspecified</pose>
		<truncated>0</truncated>
		<difficult>0</difficult>
		<occluded>0</occluded>
		<bndbox>
			<xmin>308</xmin>
			<xmax>341</xmax>
			<ymin>168</ymin>
			<ymax>264</ymax>
		</bndbox>
	</object>
</annotation>
