<annotation>
	<folder></folder>
	<filename>frame_2832_jpg.rf.21f12a13e49fa9bb9672b17f5a05940d.jpg</filename>
	<path>frame_2832_jpg.rf.21f12a13e49fa9bb9672b17f5a05940d.jpg</path>
	<source>
		<database>roboflow.ai</database>
	</source>
	<size>
		<width>416</width>
		<height>416</height>
		<depth>3</depth>
	</size>
	<segmented>0</segmented>
	<object>
		<name>motorbike</name>
		<pose>Unspecified</pose>
		<truncated>0</truncated>
		<difficult>0</difficult>
		<occluded>0</occluded>
		<bndbox>
			<xmin>275</xmin>
			<xmax>315</xmax>
			<ymin>199</ymin>
			<ymax>303</ymax>
		</bndbox>
	</object>
</annotation>
