<annotation>
	<folder></folder>
	<filename>frame_2769_jpg.rf.755177a31b87712186a16625b07b7c83.jpg</filename>
	<path>frame_2769_jpg.rf.755177a31b87712186a16625b07b7c83.jpg</path>
	<source>
		<database>roboflow.ai</database>
	</source>
	<size>
		<width>416</width>
		<height>416</height>
		<depth>3</depth>
	</size>
	<segmented>0</segmented>
	<object>
		<name>car</name>
		<pose>Unspecified</pose>
		<truncated>0</truncated>
		<difficult>0</difficult>
		<occluded>0</occluded>
		<bndbox>
			<xmin>83</xmin>
			<xmax>187</xmax>
			<ymin>279</ymin>
			<ymax>415</ymax>
		</bndbox>
	</object>
	<object>
		<name>car</name>
		<pose>Unspecified</pose>
		<truncated>0</truncated>
		<difficult>0</difficult>
		<occluded>0</occluded>
		<bndbox>
			<xmin>113</xmin>
			<xmax>215</xmax>
			<ymin>170</ymin>
			<ymax>310</ymax>
		</bndbox>
	</object>
</annotation>
