<annotation>
	<folder></folder>
	<filename>frame_2749_jpg.rf.26d549145b6f46220b3a101d8afab721.jpg</filename>
	<path>frame_2749_jpg.rf.26d549145b6f46220b3a101d8afab721.jpg</path>
	<source>
		<database>roboflow.ai</database>
	</source>
	<size>
		<width>416</width>
		<height>416</height>
		<depth>3</depth>
	</size>
	<segmented>0</segmented>
	<object>
		<name>bicycle</name>
		<pose>Unspecified</pose>
		<truncated>0</truncated>
		<difficult>0</difficult>
		<occluded>0</occluded>
		<bndbox>
			<xmin>328</xmin>
			<xmax>379</xmax>
			<ymin>218</ymin>
			<ymax>341</ymax>
		</bndbox>
	</object>
	<object>
		<name>bicycle</name>
		<pose>Unspecified</pose>
		<truncated>0</truncated>
		<difficult>0</difficult>
		<occluded>0</occluded>
		<bndbox>
			<xmin>309</xmin>
			<xmax>360</xmax>
			<ymin>209</ymin>
			<ymax>332</ymax>
		</bndbox>
	</object>
</annotation>
