<annotation>
	<folder></folder>
	<filename>frame_2735_jpg.rf.748662adf6044f3c7d9fd90451b2b4c0.jpg</filename>
	<path>frame_2735_jpg.rf.748662adf6044f3c7d9fd90451b2b4c0.jpg</path>
	<source>
		<database>roboflow.ai</database>
	</source>
	<size>
		<width>416</width>
		<height>416</height>
		<depth>3</depth>
	</size>
	<segmented>0</segmented>
	<object>
		<name>motorbike</name>
		<pose>Unspecified</pose>
		<truncated>0</truncated>
		<difficult>0</difficult>
		<occluded>0</occluded>
		<bndbox>
			<xmin>243</xmin>
			<xmax>288</xmax>
			<ymin>196</ymin>
			<ymax>302</ymax>
		</bndbox>
	</object>
	<object>
		<name>motorbike</name>
		<pose>Unspecified</pose>
		<truncated>0</truncated>
		<difficult>0</difficult>
		<occluded>0</occluded>
		<bndbox>
			<xmin>291</xmin>
			<xmax>336</xmax>
			<ymin>175</ymin>
			<ymax>281</ymax>
		</bndbox>
	</object>
</annotation>
