<annotation>
	<folder></folder>
	<filename>frame_2797_jpg.rf.41799c1f0fffa70941d336584c538177.jpg</filename>
	<path>frame_2797_jpg.rf.41799c1f0fffa70941d336584c538177.jpg</path>
	<source>
		<database>roboflow.ai</database>
	</source>
	<size>
		<width>416</width>
		<height>416</height>
		<depth>3</depth>
	</size>
	<segmented>0</segmented>
	<object>
		<name>bicycle</name>
		<pose>Unspecified</pose>
		<truncated>0</truncated>
		<difficult>0</difficult>
		<occluded>0</occluded>
		<bndbox>
			<xmin>365</xmin>
			<xmax>415</xmax>
			<ymin>232</ymin>
			<ymax>352</ymax>
		</bndbox>
	</object>
	<object>
		<name>bicycle</name>
		<pose>Unspecified</pose>
		<truncated>0</truncated>
		<difficult>0</difficult>
		<occluded>0</occluded>
		<bndbox>
			<xmin>327</xmin>
			<xmax>387</xmax>
			<ymin>168</ymin>
			<ymax>287</ymax>
		</bndbox>
	</object>
</annotation>
