<annotation>
	<folder></folder>
	<filename>frame_2751_jpg.rf.03a7cb224634b5aae92a83d456f783a2.jpg</filename>
	<path>frame_2751_jpg.rf.03a7cb224634b5aae92a83d456f783a2.jpg</path>
	<source>
		<database>roboflow.ai</database>
	</source>
	<size>
		<width>416</width>
		<height>416</height>
		<depth>3</depth>
	</size>
	<segmented>0</segmented>
	<object>
		<name>auto</name>
		<pose>Unspecified</pose>
		<truncated>0</truncated>
		<difficult>0</difficult>
		<occluded>0</occluded>
		<bndbox>
			<xmin>152</xmin>
			<xmax>202</xmax>
			<ymin>218</ymin>
			<ymax>321</ymax>
		</bndbox>
	</object>
	<object>
		<name>motorbike</name>
		<pose>Unspecified</pose>
		<truncated>0</truncated>
		<difficult>0</difficult>
		<occluded>0</occluded>
		<bndbox>
			<xmin>94</xmin>
			<xmax>133</xmax>
			<ymin>221</ymin>
			<ymax>323</ymax>
		</bndbox>
	</object>
</annotation>
