<annotation>
	<folder></folder>
	<filename>frame_2765_jpg.rf.11cb4b318ec3e8b4929d0216c17cb8f7.jpg</filename>
	<path>frame_2765_jpg.rf.11cb4b318ec3e8b4929d0216c17cb8f7.jpg</path>
	<source>
		<database>roboflow.ai</database>
	</source>
	<size>
		<width>416</width>
		<height>416</height>
		<depth>3</depth>
	</size>
	<segmented>0</segmented>
	<object>
		<name>motorbike</name>
		<pose>Unspecified</pose>
		<truncated>0</truncated>
		<difficult>0</difficult>
		<occluded>0</occluded>
		<bndbox>
			<xmin>296</xmin>
			<xmax>356</xmax>
			<ymin>259</ymin>
			<ymax>410</ymax>
		</bndbox>
	</object>
	<object>
		<name>bicycle</name>
		<pose>Unspecified</pose>
		<truncated>0</truncated>
		<difficult>0</difficult>
		<occluded>0</occluded>
		<bndbox>
			<xmin>390</xmin>
			<xmax>415</xmax>
			<ymin>272</ymin>
			<ymax>402</ymax>
		</bndbox>
	</object>
	<object>
		<name>bicycle</name>
		<pose>Unspecified</pose>
		<truncated>0</truncated>
		<difficult>0</difficult>
		<occluded>0</occluded>
		<bndbox>
			<xmin>366</xmin>
			<xmax>416</xmax>
			<ymin>230</ymin>
			<ymax>358</ymax>
		</bndbox>
	</object>
	<object>
		<name>bicycle</name>
		<pose>Unspecified</pose>
		<truncated>0</truncated>
		<difficult>0</difficult>
		<occluded>0</occluded>
		<bndbox>
			<xmin>340</xmin>
			<xmax>390</xmax>
			<ymin>202</ymin>
			<ymax>330</ymax>
		</bndbox>
	</object>
</annotation>
