<annotation>
	<folder></folder>
	<filename>frame_2726_jpg.rf.533c4d6098adc317963f387ed700f3e6.jpg</filename>
	<path>frame_2726_jpg.rf.533c4d6098adc317963f387ed700f3e6.jpg</path>
	<source>
		<database>roboflow.ai</database>
	</source>
	<size>
		<width>416</width>
		<height>416</height>
		<depth>3</depth>
	</size>
	<segmented>0</segmented>
	<object>
		<name>bicycle</name>
		<pose>Unspecified</pose>
		<truncated>0</truncated>
		<difficult>0</difficult>
		<occluded>0</occluded>
		<bndbox>
			<xmin>51</xmin>
			<xmax>91</xmax>
			<ymin>177</ymin>
			<ymax>278</ymax>
		</bndbox>
	</object>
</annotation>
