<annotation>
	<folder></folder>
	<filename>frame_2749_jpg.rf.dd13e302b00fb75743b7317dd43d0bef.jpg</filename>
	<path>frame_2749_jpg.rf.dd13e302b00fb75743b7317dd43d0bef.jpg</path>
	<source>
		<database>roboflow.ai</database>
	</source>
	<size>
		<width>416</width>
		<height>416</height>
		<depth>3</depth>
	</size>
	<segmented>0</segmented>
	<object>
		<name>bicycle</name>
		<pose>Unspecified</pose>
		<truncated>0</truncated>
		<difficult>0</difficult>
		<occluded>0</occluded>
		<bndbox>
			<xmin>337</xmin>
			<xmax>367</xmax>
			<ymin>206</ymin>
			<ymax>334</ymax>
		</bndbox>
	</object>
	<object>
		<name>bicycle</name>
		<pose>Unspecified</pose>
		<truncated>0</truncated>
		<difficult>0</difficult>
		<occluded>0</occluded>
		<bndbox>
			<xmin>318</xmin>
			<xmax>348</xmax>
			<ymin>198</ymin>
			<ymax>326</ymax>
		</bndbox>
	</object>
</annotation>
