<annotation>
	<folder></folder>
	<filename>frame_2805_jpg.rf.9840dc4e68b705ead68649caad32e40d.jpg</filename>
	<path>frame_2805_jpg.rf.9840dc4e68b705ead68649caad32e40d.jpg</path>
	<source>
		<database>roboflow.ai</database>
	</source>
	<size>
		<width>416</width>
		<height>416</height>
		<depth>3</depth>
	</size>
	<segmented>0</segmented>
	<object>
		<name>bicycle</name>
		<pose>Unspecified</pose>
		<truncated>0</truncated>
		<difficult>0</difficult>
		<occluded>0</occluded>
		<bndbox>
			<xmin>348</xmin>
			<xmax>398</xmax>
			<ymin>213</ymin>
			<ymax>333</ymax>
		</bndbox>
	</object>
</annotation>
