<annotation>
	<folder></folder>
	<filename>frame_2740_jpg.rf.a2a5ec6ff9b5a06ef6707f17eb3ecfa1.jpg</filename>
	<path>frame_2740_jpg.rf.a2a5ec6ff9b5a06ef6707f17eb3ecfa1.jpg</path>
	<source>
		<database>roboflow.ai</database>
	</source>
	<size>
		<width>416</width>
		<height>416</height>
		<depth>3</depth>
	</size>
	<segmented>0</segmented>
	<object>
		<name>motorbike</name>
		<pose>Unspecified</pose>
		<truncated>0</truncated>
		<difficult>0</difficult>
		<occluded>0</occluded>
		<bndbox>
			<xmin>284</xmin>
			<xmax>320</xmax>
			<ymin>204</ymin>
			<ymax>283</ymax>
		</bndbox>
	</object>
</annotation>
