<annotation>
	<folder></folder>
	<filename>frame_2760_jpg.rf.bf3fafd9376dbbb69e91d51a42684c40.jpg</filename>
	<path>frame_2760_jpg.rf.bf3fafd9376dbbb69e91d51a42684c40.jpg</path>
	<source>
		<database>roboflow.ai</database>
	</source>
	<size>
		<width>416</width>
		<height>416</height>
		<depth>3</depth>
	</size>
	<segmented>0</segmented>
	<object>
		<name>bicycle</name>
		<pose>Unspecified</pose>
		<truncated>0</truncated>
		<difficult>0</difficult>
		<occluded>0</occluded>
		<bndbox>
			<xmin>64</xmin>
			<xmax>93</xmax>
			<ymin>178</ymin>
			<ymax>305</ymax>
		</bndbox>
	</object>
</annotation>
