<annotation>
	<folder></folder>
	<filename>frame_2807_jpg.rf.220db1c91d61943ac7e4eaa2c0ed6d43.jpg</filename>
	<path>frame_2807_jpg.rf.220db1c91d61943ac7e4eaa2c0ed6d43.jpg</path>
	<source>
		<database>roboflow.ai</database>
	</source>
	<size>
		<width>416</width>
		<height>416</height>
		<depth>3</depth>
	</size>
	<segmented>0</segmented>
	<object>
		<name>motorbike</name>
		<pose>Unspecified</pose>
		<truncated>0</truncated>
		<difficult>0</difficult>
		<occluded>0</occluded>
		<bndbox>
			<xmin>271</xmin>
			<xmax>303</xmax>
			<ymin>216</ymin>
			<ymax>306</ymax>
		</bndbox>
	</object>
	<object>
		<name>bicycle</name>
		<pose>Unspecified</pose>
		<truncated>0</truncated>
		<difficult>0</difficult>
		<occluded>0</occluded>
		<bndbox>
			<xmin>322</xmin>
			<xmax>342</xmax>
			<ymin>216</ymin>
			<ymax>306</ymax>
		</bndbox>
	</object>
</annotation>
