<annotation>
	<folder></folder>
	<filename>frame_2740_jpg.rf.47c617d6543adbedc8b1fcdd5f2f6938.jpg</filename>
	<path>frame_2740_jpg.rf.47c617d6543adbedc8b1fcdd5f2f6938.jpg</path>
	<source>
		<database>roboflow.ai</database>
	</source>
	<size>
		<width>416</width>
		<height>416</height>
		<depth>3</depth>
	</size>
	<segmented>0</segmented>
	<object>
		<name>motorbike</name>
		<pose>Unspecified</pose>
		<truncated>0</truncated>
		<difficult>0</difficult>
		<occluded>0</occluded>
		<bndbox>
			<xmin>103</xmin>
			<xmax>149</xmax>
			<ymin>226</ymin>
			<ymax>316</ymax>
		</bndbox>
	</object>
</annotation>
