<annotation>
	<folder></folder>
	<filename>frame_2819_jpg.rf.49ea080685923aea1257fc5315bd47e4.jpg</filename>
	<path>frame_2819_jpg.rf.49ea080685923aea1257fc5315bd47e4.jpg</path>
	<source>
		<database>roboflow.ai</database>
	</source>
	<size>
		<width>416</width>
		<height>416</height>
		<depth>3</depth>
	</size>
	<segmented>0</segmented>
	<object>
		<name>motorbike</name>
		<pose>Unspecified</pose>
		<truncated>0</truncated>
		<difficult>0</difficult>
		<occluded>0</occluded>
		<bndbox>
			<xmin>108</xmin>
			<xmax>149</xmax>
			<ymin>159</ymin>
			<ymax>244</ymax>
		</bndbox>
	</object>
	<object>
		<name>motorbike</name>
		<pose>Unspecified</pose>
		<truncated>0</truncated>
		<difficult>0</difficult>
		<occluded>0</occluded>
		<bndbox>
			<xmin>81</xmin>
			<xmax>122</xmax>
			<ymin>159</ymin>
			<ymax>244</ymax>
		</bndbox>
	</object>
	<object>
		<name>bicycle</name>
		<pose>Unspecified</pose>
		<truncated>0</truncated>
		<difficult>0</difficult>
		<occluded>0</occluded>
		<bndbox>
			<xmin>0</xmin>
			<xmax>47</xmax>
			<ymin>222</ymin>
			<ymax>323</ymax>
		</bndbox>
	</object>
</annotation>
