<annotation>
	<folder></folder>
	<filename>frame_2774_jpg.rf.bb30314126c1437e59afcec3906e1b32.jpg</filename>
	<path>frame_2774_jpg.rf.bb30314126c1437e59afcec3906e1b32.jpg</path>
	<source>
		<database>roboflow.ai</database>
	</source>
	<size>
		<width>416</width>
		<height>416</height>
		<depth>3</depth>
	</size>
	<segmented>0</segmented>
	<object>
		<name>bicycle</name>
		<pose>Unspecified</pose>
		<truncated>0</truncated>
		<difficult>0</difficult>
		<occluded>0</occluded>
		<bndbox>
			<xmin>4</xmin>
			<xmax>43</xmax>
			<ymin>251</ymin>
			<ymax>370</ymax>
		</bndbox>
	</object>
</annotation>
