<annotation>
	<folder></folder>
	<filename>frame_2824_jpg.rf.165fc3dfc26879baf56eb7a7a0405a57.jpg</filename>
	<path>frame_2824_jpg.rf.165fc3dfc26879baf56eb7a7a0405a57.jpg</path>
	<source>
		<database>roboflow.ai</database>
	</source>
	<size>
		<width>416</width>
		<height>416</height>
		<depth>3</depth>
	</size>
	<segmented>0</segmented>
	<object>
		<name>bicycle</name>
		<pose>Unspecified</pose>
		<truncated>0</truncated>
		<difficult>0</difficult>
		<occluded>0</occluded>
		<bndbox>
			<xmin>56</xmin>
			<xmax>92</xmax>
			<ymin>159</ymin>
			<ymax>275</ymax>
		</bndbox>
	</object>
	<object>
		<name>motorbike</name>
		<pose>Unspecified</pose>
		<truncated>0</truncated>
		<difficult>0</difficult>
		<occluded>0</occluded>
		<bndbox>
			<xmin>120</xmin>
			<xmax>170</xmax>
			<ymin>168</ymin>
			<ymax>280</ymax>
		</bndbox>
	</object>
	<object>
		<name>motorbike</name>
		<pose>Unspecified</pose>
		<truncated>0</truncated>
		<difficult>0</difficult>
		<occluded>0</occluded>
		<bndbox>
			<xmin>154</xmin>
			<xmax>204</xmax>
			<ymin>295</ymin>
			<ymax>407</ymax>
		</bndbox>
	</object>
</annotation>
