<annotation>
	<folder></folder>
	<filename>frame_2819_jpg.rf.8ad97e2b14f40ef12821fc18dd500ba9.jpg</filename>
	<path>frame_2819_jpg.rf.8ad97e2b14f40ef12821fc18dd500ba9.jpg</path>
	<source>
		<database>roboflow.ai</database>
	</source>
	<size>
		<width>416</width>
		<height>416</height>
		<depth>3</depth>
	</size>
	<segmented>0</segmented>
	<object>
		<name>motorbike</name>
		<pose>Unspecified</pose>
		<truncated>0</truncated>
		<difficult>0</difficult>
		<occluded>0</occluded>
		<bndbox>
			<xmin>274</xmin>
			<xmax>306</xmax>
			<ymin>158</ymin>
			<ymax>247</ymax>
		</bndbox>
	</object>
	<object>
		<name>motorbike</name>
		<pose>Unspecified</pose>
		<truncated>0</truncated>
		<difficult>0</difficult>
		<occluded>0</occluded>
		<bndbox>
			<xmin>299</xmin>
			<xmax>331</xmax>
			<ymin>158</ymin>
			<ymax>247</ymax>
		</bndbox>
	</object>
	<object>
		<name>bicycle</name>
		<pose>Unspecified</pose>
		<truncated>0</truncated>
		<difficult>0</difficult>
		<occluded>0</occluded>
		<bndbox>
			<xmin>353</xmin>
			<xmax>393</xmax>
			<ymin>223</ymin>
			<ymax>328</ymax>
		</bndbox>
	</object>
</annotation>
