<annotation>
	<folder></folder>
	<filename>frame_2769_jpg.rf.3caa8ad88ab82bc216cf9cd9a2116252.jpg</filename>
	<path>frame_2769_jpg.rf.3caa8ad88ab82bc216cf9cd9a2116252.jpg</path>
	<source>
		<database>roboflow.ai</database>
	</source>
	<size>
		<width>416</width>
		<height>416</height>
		<depth>3</depth>
	</size>
	<segmented>0</segmented>
	<object>
		<name>car</name>
		<pose>Unspecified</pose>
		<truncated>0</truncated>
		<difficult>0</difficult>
		<occluded>0</occluded>
		<bndbox>
			<xmin>53</xmin>
			<xmax>172</xmax>
			<ymin>282</ymin>
			<ymax>415</ymax>
		</bndbox>
	</object>
	<object>
		<name>car</name>
		<pose>Unspecified</pose>
		<truncated>0</truncated>
		<difficult>0</difficult>
		<occluded>0</occluded>
		<bndbox>
			<xmin>101</xmin>
			<xmax>219</xmax>
			<ymin>172</ymin>
			<ymax>305</ymax>
		</bndbox>
	</object>
</annotation>
