<annotation>
	<folder></folder>
	<filename>frame_2805_jpg.rf.99b0ee72a858415d9db601e74e19a2ec.jpg</filename>
	<path>frame_2805_jpg.rf.99b0ee72a858415d9db601e74e19a2ec.jpg</path>
	<source>
		<database>roboflow.ai</database>
	</source>
	<size>
		<width>416</width>
		<height>416</height>
		<depth>3</depth>
	</size>
	<segmented>0</segmented>
	<object>
		<name>bicycle</name>
		<pose>Unspecified</pose>
		<truncated>0</truncated>
		<difficult>0</difficult>
		<occluded>0</occluded>
		<bndbox>
			<xmin>25</xmin>
			<xmax>75</xmax>
			<ymin>174</ymin>
			<ymax>292</ymax>
		</bndbox>
	</object>
</annotation>
