<annotation>
	<folder></folder>
	<filename>frame_2735_jpg.rf.0e45a60d28d8cf605dcedcf21a84c931.jpg</filename>
	<path>frame_2735_jpg.rf.0e45a60d28d8cf605dcedcf21a84c931.jpg</path>
	<source>
		<database>roboflow.ai</database>
	</source>
	<size>
		<width>416</width>
		<height>416</height>
		<depth>3</depth>
	</size>
	<segmented>0</segmented>
	<object>
		<name>motorbike</name>
		<pose>Unspecified</pose>
		<truncated>0</truncated>
		<difficult>0</difficult>
		<occluded>0</occluded>
		<bndbox>
			<xmin>263</xmin>
			<xmax>293</xmax>
			<ymin>199</ymin>
			<ymax>292</ymax>
		</bndbox>
	</object>
	<object>
		<name>motorbike</name>
		<pose>Unspecified</pose>
		<truncated>0</truncated>
		<difficult>0</difficult>
		<occluded>0</occluded>
		<bndbox>
			<xmin>309</xmin>
			<xmax>339</xmax>
			<ymin>177</ymin>
			<ymax>270</ymax>
		</bndbox>
	</object>
</annotation>
