<annotation>
	<folder></folder>
	<filename>frame_2797_jpg.rf.450d2e8af249cc5d64663f8a7b181896.jpg</filename>
	<path>frame_2797_jpg.rf.450d2e8af249cc5d64663f8a7b181896.jpg</path>
	<source>
		<database>roboflow.ai</database>
	</source>
	<size>
		<width>416</width>
		<height>416</height>
		<depth>3</depth>
	</size>
	<segmented>0</segmented>
	<object>
		<name>bicycle</name>
		<pose>Unspecified</pose>
		<truncated>0</truncated>
		<difficult>0</difficult>
		<occluded>0</occluded>
		<bndbox>
			<xmin>356</xmin>
			<xmax>392</xmax>
			<ymin>263</ymin>
			<ymax>386</ymax>
		</bndbox>
	</object>
	<object>
		<name>bicycle</name>
		<pose>Unspecified</pose>
		<truncated>0</truncated>
		<difficult>0</difficult>
		<occluded>0</occluded>
		<bndbox>
			<xmin>384</xmin>
			<xmax>415</xmax>
			<ymin>339</ymin>
			<ymax>415</ymax>
		</bndbox>
	</object>
	<object>
		<name>bicycle</name>
		<pose>Unspecified</pose>
		<truncated>0</truncated>
		<difficult>0</difficult>
		<occluded>0</occluded>
		<bndbox>
			<xmin>335</xmin>
			<xmax>371</xmax>
			<ymin>195</ymin>
			<ymax>318</ymax>
		</bndbox>
	</object>
</annotation>
