<annotation>
	<folder></folder>
	<filename>frame_2840_jpg.rf.bb71c1131881973d4f49a5ed193dcd8f.jpg</filename>
	<path>frame_2840_jpg.rf.bb71c1131881973d4f49a5ed193dcd8f.jpg</path>
	<source>
		<database>roboflow.ai</database>
	</source>
	<size>
		<width>416</width>
		<height>416</height>
		<depth>3</depth>
	</size>
	<segmented>0</segmented>
	<object>
		<name>motorbike</name>
		<pose>Unspecified</pose>
		<truncated>0</truncated>
		<difficult>0</difficult>
		<occluded>0</occluded>
		<bndbox>
			<xmin>235</xmin>
			<xmax>263</xmax>
			<ymin>205</ymin>
			<ymax>288</ymax>
		</bndbox>
	</object>
	<object>
		<name>motorbike</name>
		<pose>Unspecified</pose>
		<truncated>0</truncated>
		<difficult>0</difficult>
		<occluded>0</occluded>
		<bndbox>
			<xmin>266</xmin>
			<xmax>294</xmax>
			<ymin>195</ymin>
			<ymax>278</ymax>
		</bndbox>
	</object>
</annotation>
