<annotation>
	<folder></folder>
	<filename>frame_2832_jpg.rf.7f81cf4ddb96b6d6cff396466b9a21f9.jpg</filename>
	<path>frame_2832_jpg.rf.7f81cf4ddb96b6d6cff396466b9a21f9.jpg</path>
	<source>
		<database>roboflow.ai</database>
	</source>
	<size>
		<width>416</width>
		<height>416</height>
		<depth>3</depth>
	</size>
	<segmented>0</segmented>
	<object>
		<name>motorbike</name>
		<pose>Unspecified</pose>
		<truncated>0</truncated>
		<difficult>0</difficult>
		<occluded>0</occluded>
		<bndbox>
			<xmin>266</xmin>
			<xmax>305</xmax>
			<ymin>188</ymin>
			<ymax>279</ymax>
		</bndbox>
	</object>
</annotation>
