<annotation>
	<folder></folder>
	<filename>frame_2818_jpg.rf.43438037a3af7a5d73ee953fca361b63.jpg</filename>
	<path>frame_2818_jpg.rf.43438037a3af7a5d73ee953fca361b63.jpg</path>
	<source>
		<database>roboflow.ai</database>
	</source>
	<size>
		<width>416</width>
		<height>416</height>
		<depth>3</depth>
	</size>
	<segmented>0</segmented>
	<object>
		<name>auto</name>
		<pose>Unspecified</pose>
		<truncated>0</truncated>
		<difficult>0</difficult>
		<occluded>0</occluded>
		<bndbox>
			<xmin>232</xmin>
			<xmax>315</xmax>
			<ymin>222</ymin>
			<ymax>347</ymax>
		</bndbox>
	</object>
	<object>
		<name>bicycle</name>
		<pose>Unspecified</pose>
		<truncated>0</truncated>
		<difficult>0</difficult>
		<occluded>0</occluded>
		<bndbox>
			<xmin>271</xmin>
			<xmax>329</xmax>
			<ymin>285</ymin>
			<ymax>405</ymax>
		</bndbox>
	</object>
	<object>
		<name>motorbike</name>
		<pose>Unspecified</pose>
		<truncated>0</truncated>
		<difficult>0</difficult>
		<occluded>0</occluded>
		<bndbox>
			<xmin>185</xmin>
			<xmax>243</xmax>
			<ymin>241</ymin>
			<ymax>347</ymax>
		</bndbox>
	</object>
	<object>
		<name>motorbike</name>
		<pose>Unspecified</pose>
		<truncated>0</truncated>
		<difficult>0</difficult>
		<occluded>0</occluded>
		<bndbox>
			<xmin>215</xmin>
			<xmax>266</xmax>
			<ymin>169</ymin>
			<ymax>250</ymax>
		</bndbox>
	</object>
</annotation>
