<annotation>
	<folder></folder>
	<filename>frame_2832_jpg.rf.414eb017f40a7c6cd8b71177569f7468.jpg</filename>
	<path>frame_2832_jpg.rf.414eb017f40a7c6cd8b71177569f7468.jpg</path>
	<source>
		<database>roboflow.ai</database>
	</source>
	<size>
		<width>416</width>
		<height>416</height>
		<depth>3</depth>
	</size>
	<segmented>0</segmented>
	<object>
		<name>motorbike</name>
		<pose>Unspecified</pose>
		<truncated>0</truncated>
		<difficult>0</difficult>
		<occluded>0</occluded>
		<bndbox>
			<xmin>97</xmin>
			<xmax>143</xmax>
			<ymin>188</ymin>
			<ymax>291</ymax>
		</bndbox>
	</object>
</annotation>
