<annotation>
	<folder></folder>
	<filename>frame_2823_jpg.rf.fb10bcf192b1f7519a31dfdc9c834cee.jpg</filename>
	<path>frame_2823_jpg.rf.fb10bcf192b1f7519a31dfdc9c834cee.jpg</path>
	<source>
		<database>roboflow.ai</database>
	</source>
	<size>
		<width>416</width>
		<height>416</height>
		<depth>3</depth>
	</size>
	<segmented>0</segmented>
	<object>
		<name>bicycle</name>
		<pose>Unspecified</pose>
		<truncated>0</truncated>
		<difficult>0</difficult>
		<occluded>0</occluded>
		<bndbox>
			<xmin>37</xmin>
			<xmax>86</xmax>
			<ymin>150</ymin>
			<ymax>264</ymax>
		</bndbox>
	</object>
	<object>
		<name>bicycle</name>
		<pose>Unspecified</pose>
		<truncated>0</truncated>
		<difficult>0</difficult>
		<occluded>0</occluded>
		<bndbox>
			<xmin>65</xmin>
			<xmax>114</xmax>
			<ymin>153</ymin>
			<ymax>267</ymax>
		</bndbox>
	</object>
</annotation>
