<annotation>
	<folder></folder>
	<filename>frame_2769_jpg.rf.f5445d90ba2a87411b6d62eeb7db517d.jpg</filename>
	<path>frame_2769_jpg.rf.f5445d90ba2a87411b6d62eeb7db517d.jpg</path>
	<source>
		<database>roboflow.ai</database>
	</source>
	<size>
		<width>416</width>
		<height>416</height>
		<depth>3</depth>
	</size>
	<segmented>0</segmented>
	<object>
		<name>car</name>
		<pose>Unspecified</pose>
		<truncated>0</truncated>
		<difficult>0</difficult>
		<occluded>0</occluded>
		<bndbox>
			<xmin>212</xmin>
			<xmax>300</xmax>
			<ymin>289</ymin>
			<ymax>415</ymax>
		</bndbox>
	</object>
	<object>
		<name>car</name>
		<pose>Unspecified</pose>
		<truncated>0</truncated>
		<difficult>0</difficult>
		<occluded>0</occluded>
		<bndbox>
			<xmin>202</xmin>
			<xmax>289</xmax>
			<ymin>179</ymin>
			<ymax>305</ymax>
		</bndbox>
	</object>
</annotation>
