<annotation>
	<folder></folder>
	<filename>frame_2726_jpg.rf.df55ae44710a7e9bc5e0c1c3f66f849b.jpg</filename>
	<path>frame_2726_jpg.rf.df55ae44710a7e9bc5e0c1c3f66f849b.jpg</path>
	<source>
		<database>roboflow.ai</database>
	</source>
	<size>
		<width>416</width>
		<height>416</height>
		<depth>3</depth>
	</size>
	<segmented>0</segmented>
	<object>
		<name>bicycle</name>
		<pose>Unspecified</pose>
		<truncated>0</truncated>
		<difficult>0</difficult>
		<occluded>0</occluded>
		<bndbox>
			<xmin>61</xmin>
			<xmax>95</xmax>
			<ymin>196</ymin>
			<ymax>295</ymax>
		</bndbox>
	</object>
</annotation>
