<annotation>
	<folder></folder>
	<filename>frame_2733_jpg.rf.44ee6a286ec8bd09cd0a8a2b8d83d5ed.jpg</filename>
	<path>frame_2733_jpg.rf.44ee6a286ec8bd09cd0a8a2b8d83d5ed.jpg</path>
	<source>
		<database>roboflow.ai</database>
	</source>
	<size>
		<width>416</width>
		<height>416</height>
		<depth>3</depth>
	</size>
	<segmented>0</segmented>
	<object>
		<name>motorbike</name>
		<pose>Unspecified</pose>
		<truncated>0</truncated>
		<difficult>0</difficult>
		<occluded>0</occluded>
		<bndbox>
			<xmin>240</xmin>
			<xmax>297</xmax>
			<ymin>182</ymin>
			<ymax>289</ymax>
		</bndbox>
	</object>
	<object>
		<name>motorbike</name>
		<pose>Unspecified</pose>
		<truncated>0</truncated>
		<difficult>0</difficult>
		<occluded>0</occluded>
		<bndbox>
			<xmin>335</xmin>
			<xmax>392</xmax>
			<ymin>258</ymin>
			<ymax>365</ymax>
		</bndbox>
	</object>
</annotation>
