<annotation>
	<folder></folder>
	<filename>frame_2753_jpg.rf.d749ec4489eb84d81ee24ef798ef4b0d.jpg</filename>
	<path>frame_2753_jpg.rf.d749ec4489eb84d81ee24ef798ef4b0d.jpg</path>
	<source>
		<database>roboflow.ai</database>
	</source>
	<size>
		<width>416</width>
		<height>416</height>
		<depth>3</depth>
	</size>
	<segmented>0</segmented>
	<object>
		<name>motorbike</name>
		<pose>Unspecified</pose>
		<truncated>0</truncated>
		<difficult>0</difficult>
		<occluded>0</occluded>
		<bndbox>
			<xmin>207</xmin>
			<xmax>285</xmax>
			<ymin>253</ymin>
			<ymax>375</ymax>
		</bndbox>
	</object>
	<object>
		<name>bicycle</name>
		<pose>Unspecified</pose>
		<truncated>0</truncated>
		<difficult>0</difficult>
		<occluded>0</occluded>
		<bndbox>
			<xmin>263</xmin>
			<xmax>335</xmax>
			<ymin>213</ymin>
			<ymax>326</ymax>
		</bndbox>
	</object>
	<object>
		<name>bicycle</name>
		<pose>Unspecified</pose>
		<truncated>0</truncated>
		<difficult>0</difficult>
		<occluded>0</occluded>
		<bndbox>
			<xmin>290</xmin>
			<xmax>362</xmax>
			<ymin>232</ymin>
			<ymax>345</ymax>
		</bndbox>
	</object>
</annotation>
