<annotation>
	<folder></folder>
	<filename>frame_2740_jpg.rf.7081bc8341d4f471ae34eb8113029270.jpg</filename>
	<path>frame_2740_jpg.rf.7081bc8341d4f471ae34eb8113029270.jpg</path>
	<source>
		<database>roboflow.ai</database>
	</source>
	<size>
		<width>416</width>
		<height>416</height>
		<depth>3</depth>
	</size>
	<segmented>0</segmented>
	<object>
		<name>motorbike</name>
		<pose>Unspecified</pose>
		<truncated>0</truncated>
		<difficult>0</difficult>
		<occluded>0</occluded>
		<bndbox>
			<xmin>99</xmin>
			<xmax>140</xmax>
			<ymin>174</ymin>
			<ymax>260</ymax>
		</bndbox>
	</object>
</annotation>
