<annotation>
	<folder></folder>
	<filename>frame_2774_jpg.rf.8aba2b616ddb5fe00bb4b5c4b01994ad.jpg</filename>
	<path>frame_2774_jpg.rf.8aba2b616ddb5fe00bb4b5c4b01994ad.jpg</path>
	<source>
		<database>roboflow.ai</database>
	</source>
	<size>
		<width>416</width>
		<height>416</height>
		<depth>3</depth>
	</size>
	<segmented>0</segmented>
	<object>
		<name>bicycle</name>
		<pose>Unspecified</pose>
		<truncated>0</truncated>
		<difficult>0</difficult>
		<occluded>0</occluded>
		<bndbox>
			<xmin>333</xmin>
			<xmax>362</xmax>
			<ymin>218</ymin>
			<ymax>336</ymax>
		</bndbox>
	</object>
</annotation>
