<annotation>
	<folder></folder>
	<filename>frame_2745_jpg.rf.821a2734f86c8cae96fe2d56252e2bb3.jpg</filename>
	<path>frame_2745_jpg.rf.821a2734f86c8cae96fe2d56252e2bb3.jpg</path>
	<source>
		<database>roboflow.ai</database>
	</source>
	<size>
		<width>416</width>
		<height>416</height>
		<depth>3</depth>
	</size>
	<segmented>0</segmented>
	<object>
		<name>motorbike</name>
		<pose>Unspecified</pose>
		<truncated>0</truncated>
		<difficult>0</difficult>
		<occluded>0</occluded>
		<bndbox>
			<xmin>106</xmin>
			<xmax>157</xmax>
			<ymin>252</ymin>
			<ymax>360</ymax>
		</bndbox>
	</object>
	<object>
		<name>motorbike</name>
		<pose>Unspecified</pose>
		<truncated>0</truncated>
		<difficult>0</difficult>
		<occluded>0</occluded>
		<bndbox>
			<xmin>129</xmin>
			<xmax>180</xmax>
			<ymin>202</ymin>
			<ymax>310</ymax>
		</bndbox>
	</object>
</annotation>
