<annotation>
	<folder></folder>
	<filename>frame_2736_jpg.rf.6ca209e57cf5c099725183d0d1ccf0a6.jpg</filename>
	<path>frame_2736_jpg.rf.6ca209e57cf5c099725183d0d1ccf0a6.jpg</path>
	<source>
		<database>roboflow.ai</database>
	</source>
	<size>
		<width>416</width>
		<height>416</height>
		<depth>3</depth>
	</size>
	<segmented>0</segmented>
	<object>
		<name>motorbike</name>
		<pose>Unspecified</pose>
		<truncated>0</truncated>
		<difficult>0</difficult>
		<occluded>0</occluded>
		<bndbox>
			<xmin>283</xmin>
			<xmax>317</xmax>
			<ymin>279</ymin>
			<ymax>406</ymax>
		</bndbox>
	</object>
	<object>
		<name>motorbike</name>
		<pose>Unspecified</pose>
		<truncated>0</truncated>
		<difficult>0</difficult>
		<occluded>0</occluded>
		<bndbox>
			<xmin>305</xmin>
			<xmax>339</xmax>
			<ymin>192</ymin>
			<ymax>319</ymax>
		</bndbox>
	</object>
</annotation>
