<annotation>
	<folder></folder>
	<filename>frame_2756_jpg.rf.42bd2f01aa8355c033f770c834a4f2d5.jpg</filename>
	<path>frame_2756_jpg.rf.42bd2f01aa8355c033f770c834a4f2d5.jpg</path>
	<source>
		<database>roboflow.ai</database>
	</source>
	<size>
		<width>416</width>
		<height>416</height>
		<depth>3</depth>
	</size>
	<segmented>0</segmented>
	<object>
		<name>bicycle</name>
		<pose>Unspecified</pose>
		<truncated>0</truncated>
		<difficult>0</difficult>
		<occluded>0</occluded>
		<bndbox>
			<xmin>376</xmin>
			<xmax>414</xmax>
			<ymin>253</ymin>
			<ymax>355</ymax>
		</bndbox>
	</object>
	<object>
		<name>bicycle</name>
		<pose>Unspecified</pose>
		<truncated>0</truncated>
		<difficult>0</difficult>
		<occluded>0</occluded>
		<bndbox>
			<xmin>330</xmin>
			<xmax>368</xmax>
			<ymin>173</ymin>
			<ymax>275</ymax>
		</bndbox>
	</object>
</annotation>
