<annotation>
	<folder></folder>
	<filename>frame_2760_jpg.rf.712000ad99b2b97c4c1f532693c45024.jpg</filename>
	<path>frame_2760_jpg.rf.712000ad99b2b97c4c1f532693c45024.jpg</path>
	<source>
		<database>roboflow.ai</database>
	</source>
	<size>
		<width>416</width>
		<height>416</height>
		<depth>3</depth>
	</size>
	<segmented>0</segmented>
	<object>
		<name>bicycle</name>
		<pose>Unspecified</pose>
		<truncated>0</truncated>
		<difficult>0</difficult>
		<occluded>0</occluded>
		<bndbox>
			<xmin>313</xmin>
			<xmax>345</xmax>
			<ymin>194</ymin>
			<ymax>322</ymax>
		</bndbox>
	</object>
</annotation>
