<annotation>
	<folder></folder>
	<filename>frame_2829_jpg.rf.79d9118ea733e803ba99f37d31512b80.jpg</filename>
	<path>frame_2829_jpg.rf.79d9118ea733e803ba99f37d31512b80.jpg</path>
	<source>
		<database>roboflow.ai</database>
	</source>
	<size>
		<width>416</width>
		<height>416</height>
		<depth>3</depth>
	</size>
	<segmented>0</segmented>
	<object>
		<name>motorbike</name>
		<pose>Unspecified</pose>
		<truncated>0</truncated>
		<difficult>0</difficult>
		<occluded>0</occluded>
		<bndbox>
			<xmin>135</xmin>
			<xmax>170</xmax>
			<ymin>239</ymin>
			<ymax>322</ymax>
		</bndbox>
	</object>
	<object>
		<name>motorbike</name>
		<pose>Unspecified</pose>
		<truncated>0</truncated>
		<difficult>0</difficult>
		<occluded>0</occluded>
		<bndbox>
			<xmin>90</xmin>
			<xmax>125</xmax>
			<ymin>224</ymin>
			<ymax>307</ymax>
		</bndbox>
	</object>
	<object>
		<name>motorbike</name>
		<pose>Unspecified</pose>
		<truncated>0</truncated>
		<difficult>0</difficult>
		<occluded>0</occluded>
		<bndbox>
			<xmin>157</xmin>
			<xmax>192</xmax>
			<ymin>218</ymin>
			<ymax>301</ymax>
		</bndbox>
	</object>
	<object>
		<name>motorbike</name>
		<pose>Unspecified</pose>
		<truncated>0</truncated>
		<difficult>0</difficult>
		<occluded>0</occluded>
		<bndbox>
			<xmin>122</xmin>
			<xmax>157</xmax>
			<ymin>200</ymin>
			<ymax>283</ymax>
		</bndbox>
	</object>
</annotation>
