<annotation>
	<folder></folder>
	<filename>frame_2751_jpg.rf.4fd4ffc63b4cbc5745614dd148c14b08.jpg</filename>
	<path>frame_2751_jpg.rf.4fd4ffc63b4cbc5745614dd148c14b08.jpg</path>
	<source>
		<database>roboflow.ai</database>
	</source>
	<size>
		<width>416</width>
		<height>416</height>
		<depth>3</depth>
	</size>
	<segmented>0</segmented>
	<object>
		<name>auto</name>
		<pose>Unspecified</pose>
		<truncated>0</truncated>
		<difficult>0</difficult>
		<occluded>0</occluded>
		<bndbox>
			<xmin>197</xmin>
			<xmax>257</xmax>
			<ymin>211</ymin>
			<ymax>321</ymax>
		</bndbox>
	</object>
	<object>
		<name>motorbike</name>
		<pose>Unspecified</pose>
		<truncated>0</truncated>
		<difficult>0</difficult>
		<occluded>0</occluded>
		<bndbox>
			<xmin>267</xmin>
			<xmax>314</xmax>
			<ymin>210</ymin>
			<ymax>319</ymax>
		</bndbox>
	</object>
</annotation>
