<annotation>
	<folder></folder>
	<filename>frame_2791_jpg.rf.c9237ac6a060ea3a9be4cac2da96960a.jpg</filename>
	<path>frame_2791_jpg.rf.c9237ac6a060ea3a9be4cac2da96960a.jpg</path>
	<source>
		<database>roboflow.ai</database>
	</source>
	<size>
		<width>416</width>
		<height>416</height>
		<depth>3</depth>
	</size>
	<segmented>0</segmented>
	<object>
		<name>motorbike</name>
		<pose>Unspecified</pose>
		<truncated>0</truncated>
		<difficult>0</difficult>
		<occluded>0</occluded>
		<bndbox>
			<xmin>115</xmin>
			<xmax>181</xmax>
			<ymin>302</ymin>
			<ymax>405</ymax>
		</bndbox>
	</object>
</annotation>
