<annotation>
	<folder></folder>
	<filename>frame_2752_jpg.rf.b2c75c4768829ecbc62f738838f8bd11.jpg</filename>
	<path>frame_2752_jpg.rf.b2c75c4768829ecbc62f738838f8bd11.jpg</path>
	<source>
		<database>roboflow.ai</database>
	</source>
	<size>
		<width>416</width>
		<height>416</height>
		<depth>3</depth>
	</size>
	<segmented>0</segmented>
	<object>
		<name>motorbike</name>
		<pose>Unspecified</pose>
		<truncated>0</truncated>
		<difficult>0</difficult>
		<occluded>0</occluded>
		<bndbox>
			<xmin>98</xmin>
			<xmax>143</xmax>
			<ymin>225</ymin>
			<ymax>333</ymax>
		</bndbox>
	</object>
	<object>
		<name>motorbike</name>
		<pose>Unspecified</pose>
		<truncated>0</truncated>
		<difficult>0</difficult>
		<occluded>0</occluded>
		<bndbox>
			<xmin>126</xmin>
			<xmax>171</xmax>
			<ymin>172</ymin>
			<ymax>280</ymax>
		</bndbox>
	</object>
	<object>
		<name>bicycle</name>
		<pose>Unspecified</pose>
		<truncated>0</truncated>
		<difficult>0</difficult>
		<occluded>0</occluded>
		<bndbox>
			<xmin>55</xmin>
			<xmax>95</xmax>
			<ymin>196</ymin>
			<ymax>310</ymax>
		</bndbox>
	</object>
</annotation>
