<annotation>
	<folder></folder>
	<filename>frame_2773_jpg.rf.bf9286f6ee36336375227c8a20825ce0.jpg</filename>
	<path>frame_2773_jpg.rf.bf9286f6ee36336375227c8a20825ce0.jpg</path>
	<source>
		<database>roboflow.ai</database>
	</source>
	<size>
		<width>416</width>
		<height>416</height>
		<depth>3</depth>
	</size>
	<segmented>0</segmented>
	<object>
		<name>motorbike</name>
		<pose>Unspecified</pose>
		<truncated>0</truncated>
		<difficult>0</difficult>
		<occluded>0</occluded>
		<bndbox>
			<xmin>103</xmin>
			<xmax>165</xmax>
			<ymin>254</ymin>
			<ymax>359</ymax>
		</bndbox>
	</object>
</annotation>
