<annotation>
	<folder></folder>
	<filename>frame_2791_jpg.rf.a5b31024bee17b7cf6f52fb7e2573554.jpg</filename>
	<path>frame_2791_jpg.rf.a5b31024bee17b7cf6f52fb7e2573554.jpg</path>
	<source>
		<database>roboflow.ai</database>
	</source>
	<size>
		<width>416</width>
		<height>416</height>
		<depth>3</depth>
	</size>
	<segmented>0</segmented>
	<object>
		<name>motorbike</name>
		<pose>Unspecified</pose>
		<truncated>0</truncated>
		<difficult>0</difficult>
		<occluded>0</occluded>
		<bndbox>
			<xmin>56</xmin>
			<xmax>108</xmax>
			<ymin>277</ymin>
			<ymax>379</ymax>
		</bndbox>
	</object>
</annotation>
