<annotation>
	<folder></folder>
	<filename>frame_2744_jpg.rf.d875d5bf011a59b2c7f2b979d72b9b7d.jpg</filename>
	<path>frame_2744_jpg.rf.d875d5bf011a59b2c7f2b979d72b9b7d.jpg</path>
	<source>
		<database>roboflow.ai</database>
	</source>
	<size>
		<width>416</width>
		<height>416</height>
		<depth>3</depth>
	</size>
	<segmented>0</segmented>
	<object>
		<name>motorbike</name>
		<pose>Unspecified</pose>
		<truncated>0</truncated>
		<difficult>0</difficult>
		<occluded>0</occluded>
		<bndbox>
			<xmin>26</xmin>
			<xmax>88</xmax>
			<ymin>233</ymin>
			<ymax>362</ymax>
		</bndbox>
	</object>
</annotation>
