<annotation>
	<folder></folder>
	<filename>frame_2766_jpg.rf.8c66d381e55e792fa5cd3d0a3ddff454.jpg</filename>
	<path>frame_2766_jpg.rf.8c66d381e55e792fa5cd3d0a3ddff454.jpg</path>
	<source>
		<database>roboflow.ai</database>
	</source>
	<size>
		<width>416</width>
		<height>416</height>
		<depth>3</depth>
	</size>
	<segmented>0</segmented>
	<object>
		<name>motorbike</name>
		<pose>Unspecified</pose>
		<truncated>0</truncated>
		<difficult>0</difficult>
		<occluded>0</occluded>
		<bndbox>
			<xmin>300</xmin>
			<xmax>343</xmax>
			<ymin>285</ymin>
			<ymax>406</ymax>
		</bndbox>
	</object>
	<object>
		<name>motorbike</name>
		<pose>Unspecified</pose>
		<truncated>0</truncated>
		<difficult>0</difficult>
		<occluded>0</occluded>
		<bndbox>
			<xmin>283</xmin>
			<xmax>326</xmax>
			<ymin>169</ymin>
			<ymax>290</ymax>
		</bndbox>
	</object>
	<object>
		<name>bicycle</name>
		<pose>Unspecified</pose>
		<truncated>0</truncated>
		<difficult>0</difficult>
		<occluded>0</occluded>
		<bndbox>
			<xmin>373</xmin>
			<xmax>415</xmax>
			<ymin>311</ymin>
			<ymax>415</ymax>
		</bndbox>
	</object>
</annotation>
