<annotation>
	<folder></folder>
	<filename>frame_2773_jpg.rf.1ab501d0719baab761f3b96f9b343e74.jpg</filename>
	<path>frame_2773_jpg.rf.1ab501d0719baab761f3b96f9b343e74.jpg</path>
	<source>
		<database>roboflow.ai</database>
	</source>
	<size>
		<width>416</width>
		<height>416</height>
		<depth>3</depth>
	</size>
	<segmented>0</segmented>
	<object>
		<name>motorbike</name>
		<pose>Unspecified</pose>
		<truncated>0</truncated>
		<difficult>0</difficult>
		<occluded>0</occluded>
		<bndbox>
			<xmin>297</xmin>
			<xmax>332</xmax>
			<ymin>220</ymin>
			<ymax>329</ymax>
		</bndbox>
	</object>
</annotation>
