<annotation>
	<folder></folder>
	<filename>frame_2834_jpg.rf.91863de89586f09aa85e3eb4f11b1727.jpg</filename>
	<path>frame_2834_jpg.rf.91863de89586f09aa85e3eb4f11b1727.jpg</path>
	<source>
		<database>roboflow.ai</database>
	</source>
	<size>
		<width>416</width>
		<height>416</height>
		<depth>3</depth>
	</size>
	<segmented>0</segmented>
	<object>
		<name>motorbike</name>
		<pose>Unspecified</pose>
		<truncated>0</truncated>
		<difficult>0</difficult>
		<occluded>0</occluded>
		<bndbox>
			<xmin>322</xmin>
			<xmax>358</xmax>
			<ymin>233</ymin>
			<ymax>348</ymax>
		</bndbox>
	</object>
</annotation>
