<annotation>
	<folder></folder>
	<filename>frame_2773_jpg.rf.02da8781f214b59dfa2eea87edbe8a44.jpg</filename>
	<path>frame_2773_jpg.rf.02da8781f214b59dfa2eea87edbe8a44.jpg</path>
	<source>
		<database>roboflow.ai</database>
	</source>
	<size>
		<width>416</width>
		<height>416</height>
		<depth>3</depth>
	</size>
	<segmented>0</segmented>
	<object>
		<name>motorbike</name>
		<pose>Unspecified</pose>
		<truncated>0</truncated>
		<difficult>0</difficult>
		<occluded>0</occluded>
		<bndbox>
			<xmin>67</xmin>
			<xmax>102</xmax>
			<ymin>250</ymin>
			<ymax>366</ymax>
		</bndbox>
	</object>
</annotation>
