<annotation>
	<folder></folder>
	<filename>frame_2834_jpg.rf.5689527aacf2a5ab73b433bd494c8c84.jpg</filename>
	<path>frame_2834_jpg.rf.5689527aacf2a5ab73b433bd494c8c84.jpg</path>
	<source>
		<database>roboflow.ai</database>
	</source>
	<size>
		<width>416</width>
		<height>416</height>
		<depth>3</depth>
	</size>
	<segmented>0</segmented>
	<object>
		<name>motorbike</name>
		<pose>Unspecified</pose>
		<truncated>0</truncated>
		<difficult>0</difficult>
		<occluded>0</occluded>
		<bndbox>
			<xmin>41</xmin>
			<xmax>101</xmax>
			<ymin>208</ymin>
			<ymax>333</ymax>
		</bndbox>
	</object>
</annotation>
