<annotation>
	<folder></folder>
	<filename>frame_2784_jpg.rf.83669d7a4e5a5018e52bc9e35f498d41.jpg</filename>
	<path>frame_2784_jpg.rf.83669d7a4e5a5018e52bc9e35f498d41.jpg</path>
	<source>
		<database>roboflow.ai</database>
	</source>
	<size>
		<width>416</width>
		<height>416</height>
		<depth>3</depth>
	</size>
	<segmented>0</segmented>
	<object>
		<name>motorbike</name>
		<pose>Unspecified</pose>
		<truncated>0</truncated>
		<difficult>0</difficult>
		<occluded>0</occluded>
		<bndbox>
			<xmin>267</xmin>
			<xmax>311</xmax>
			<ymin>283</ymin>
			<ymax>402</ymax>
		</bndbox>
	</object>
	<object>
		<name>motorbike</name>
		<pose>Unspecified</pose>
		<truncated>0</truncated>
		<difficult>0</difficult>
		<occluded>0</occluded>
		<bndbox>
			<xmin>221</xmin>
			<xmax>265</xmax>
			<ymin>189</ymin>
			<ymax>308</ymax>
		</bndbox>
	</object>
	<object>
		<name>motorbike</name>
		<pose>Unspecified</pose>
		<truncated>0</truncated>
		<difficult>0</difficult>
		<occluded>0</occluded>
		<bndbox>
			<xmin>284</xmin>
			<xmax>323</xmax>
			<ymin>196</ymin>
			<ymax>295</ymax>
		</bndbox>
	</object>
</annotation>
