<annotation>
	<folder></folder>
	<filename>frame_2781_jpg.rf.c2397d828ed3198f4ea83b898a455db7.jpg</filename>
	<path>frame_2781_jpg.rf.c2397d828ed3198f4ea83b898a455db7.jpg</path>
	<source>
		<database>roboflow.ai</database>
	</source>
	<size>
		<width>416</width>
		<height>416</height>
		<depth>3</depth>
	</size>
	<segmented>0</segmented>
	<object>
		<name>motorbike</name>
		<pose>Unspecified</pose>
		<truncated>0</truncated>
		<difficult>0</difficult>
		<occluded>0</occluded>
		<bndbox>
			<xmin>225</xmin>
			<xmax>265</xmax>
			<ymin>232</ymin>
			<ymax>346</ymax>
		</bndbox>
	</object>
	<object>
		<name>motorbike</name>
		<pose>Unspecified</pose>
		<truncated>0</truncated>
		<difficult>0</difficult>
		<occluded>0</occluded>
		<bndbox>
			<xmin>267</xmin>
			<xmax>307</xmax>
			<ymin>224</ymin>
			<ymax>338</ymax>
		</bndbox>
	</object>
	<object>
		<name>motorbike</name>
		<pose>Unspecified</pose>
		<truncated>0</truncated>
		<difficult>0</difficult>
		<occluded>0</occluded>
		<bndbox>
			<xmin>284</xmin>
			<xmax>324</xmax>
			<ymin>201</ymin>
			<ymax>315</ymax>
		</bndbox>
	</object>
	<object>
		<name>motorbike</name>
		<pose>Unspecified</pose>
		<truncated>0</truncated>
		<difficult>0</difficult>
		<occluded>0</occluded>
		<bndbox>
			<xmin>273</xmin>
			<xmax>313</xmax>
			<ymin>167</ymin>
			<ymax>281</ymax>
		</bndbox>
	</object>
</annotation>
