<annotation>
	<folder></folder>
	<filename>frame_2747_jpg.rf.6ef569ba0990a336e8518cddff73ec88.jpg</filename>
	<path>frame_2747_jpg.rf.6ef569ba0990a336e8518cddff73ec88.jpg</path>
	<source>
		<database>roboflow.ai</database>
	</source>
	<size>
		<width>416</width>
		<height>416</height>
		<depth>3</depth>
	</size>
	<segmented>0</segmented>
	<object>
		<name>motorbike</name>
		<pose>Unspecified</pose>
		<truncated>0</truncated>
		<difficult>0</difficult>
		<occluded>0</occluded>
		<bndbox>
			<xmin>141</xmin>
			<xmax>173</xmax>
			<ymin>213</ymin>
			<ymax>323</ymax>
		</bndbox>
	</object>
	<object>
		<name>bicycle</name>
		<pose>Unspecified</pose>
		<truncated>0</truncated>
		<difficult>0</difficult>
		<occluded>0</occluded>
		<bndbox>
			<xmin>52</xmin>
			<xmax>79</xmax>
			<ymin>240</ymin>
			<ymax>343</ymax>
		</bndbox>
	</object>
</annotation>
