<annotation>
	<folder></folder>
	<filename>frame_2731_jpg.rf.84a786d0d6dadf802c9c2d70c64a798d.jpg</filename>
	<path>frame_2731_jpg.rf.84a786d0d6dadf802c9c2d70c64a798d.jpg</path>
	<source>
		<database>roboflow.ai</database>
	</source>
	<size>
		<width>416</width>
		<height>416</height>
		<depth>3</depth>
	</size>
	<segmented>0</segmented>
	<object>
		<name>car</name>
		<pose>Unspecified</pose>
		<truncated>0</truncated>
		<difficult>0</difficult>
		<occluded>0</occluded>
		<bndbox>
			<xmin>106</xmin>
			<xmax>204</xmax>
			<ymin>170</ymin>
			<ymax>302</ymax>
		</bndbox>
	</object>
	<object>
		<name>motorbike</name>
		<pose>Unspecified</pose>
		<truncated>0</truncated>
		<difficult>0</difficult>
		<occluded>0</occluded>
		<bndbox>
			<xmin>93</xmin>
			<xmax>146</xmax>
			<ymin>290</ymin>
			<ymax>412</ymax>
		</bndbox>
	</object>
	<object>
		<name>bicycle</name>
		<pose>Unspecified</pose>
		<truncated>0</truncated>
		<difficult>0</difficult>
		<occluded>0</occluded>
		<bndbox>
			<xmin>34</xmin>
			<xmax>86</xmax>
			<ymin>321</ymin>
			<ymax>415</ymax>
		</bndbox>
	</object>
</annotation>
