<annotation>
	<folder></folder>
	<filename>frame_2756_jpg.rf.791c546c71817764c48e7bd753b1e014.jpg</filename>
	<path>frame_2756_jpg.rf.791c546c71817764c48e7bd753b1e014.jpg</path>
	<source>
		<database>roboflow.ai</database>
	</source>
	<size>
		<width>416</width>
		<height>416</height>
		<depth>3</depth>
	</size>
	<segmented>0</segmented>
	<object>
		<name>bicycle</name>
		<pose>Unspecified</pose>
		<truncated>0</truncated>
		<difficult>0</difficult>
		<occluded>0</occluded>
		<bndbox>
			<xmin>0</xmin>
			<xmax>40</xmax>
			<ymin>230</ymin>
			<ymax>343</ymax>
		</bndbox>
	</object>
	<object>
		<name>bicycle</name>
		<pose>Unspecified</pose>
		<truncated>0</truncated>
		<difficult>0</difficult>
		<occluded>0</occluded>
		<bndbox>
			<xmin>41</xmin>
			<xmax>94</xmax>
			<ymin>155</ymin>
			<ymax>266</ymax>
		</bndbox>
	</object>
</annotation>
