<annotation>
	<folder></folder>
	<filename>frame_2747_jpg.rf.38d280539939baa92997daaa9cd531ee.jpg</filename>
	<path>frame_2747_jpg.rf.38d280539939baa92997daaa9cd531ee.jpg</path>
	<source>
		<database>roboflow.ai</database>
	</source>
	<size>
		<width>416</width>
		<height>416</height>
		<depth>3</depth>
	</size>
	<segmented>0</segmented>
	<object>
		<name>motorbike</name>
		<pose>Unspecified</pose>
		<truncated>0</truncated>
		<difficult>0</difficult>
		<occluded>0</occluded>
		<bndbox>
			<xmin>218</xmin>
			<xmax>264</xmax>
			<ymin>213</ymin>
			<ymax>314</ymax>
		</bndbox>
	</object>
	<object>
		<name>bicycle</name>
		<pose>Unspecified</pose>
		<truncated>0</truncated>
		<difficult>0</difficult>
		<occluded>0</occluded>
		<bndbox>
			<xmin>310</xmin>
			<xmax>349</xmax>
			<ymin>230</ymin>
			<ymax>324</ymax>
		</bndbox>
	</object>
</annotation>
