<annotation>
	<folder></folder>
	<filename>frame_2805_jpg.rf.ed1da89600bceee461dc3e2c0d8e0a94.jpg</filename>
	<path>frame_2805_jpg.rf.ed1da89600bceee461dc3e2c0d8e0a94.jpg</path>
	<source>
		<database>roboflow.ai</database>
	</source>
	<size>
		<width>416</width>
		<height>416</height>
		<depth>3</depth>
	</size>
	<segmented>0</segmented>
	<object>
		<name>bicycle</name>
		<pose>Unspecified</pose>
		<truncated>0</truncated>
		<difficult>0</difficult>
		<occluded>0</occluded>
		<bndbox>
			<xmin>15</xmin>
			<xmax>64</xmax>
			<ymin>219</ymin>
			<ymax>337</ymax>
		</bndbox>
	</object>
</annotation>
