<annotation>
	<folder></folder>
	<filename>frame_2798_jpg.rf.a54f5a6ff71132b32c1feace2fa12873.jpg</filename>
	<path>frame_2798_jpg.rf.a54f5a6ff71132b32c1feace2fa12873.jpg</path>
	<source>
		<database>roboflow.ai</database>
	</source>
	<size>
		<width>416</width>
		<height>416</height>
		<depth>3</depth>
	</size>
	<segmented>0</segmented>
	<object>
		<name>motorbike</name>
		<pose>Unspecified</pose>
		<truncated>0</truncated>
		<difficult>0</difficult>
		<occluded>0</occluded>
		<bndbox>
			<xmin>278</xmin>
			<xmax>316</xmax>
			<ymin>211</ymin>
			<ymax>321</ymax>
		</bndbox>
	</object>
</annotation>
