<annotation>
	<folder></folder>
	<filename>frame_2733_jpg.rf.ec06a117e8ce2e848517df21b56fa453.jpg</filename>
	<path>frame_2733_jpg.rf.ec06a117e8ce2e848517df21b56fa453.jpg</path>
	<source>
		<database>roboflow.ai</database>
	</source>
	<size>
		<width>416</width>
		<height>416</height>
		<depth>3</depth>
	</size>
	<segmented>0</segmented>
	<object>
		<name>motorbike</name>
		<pose>Unspecified</pose>
		<truncated>0</truncated>
		<difficult>0</difficult>
		<occluded>0</occluded>
		<bndbox>
			<xmin>141</xmin>
			<xmax>194</xmax>
			<ymin>199</ymin>
			<ymax>297</ymax>
		</bndbox>
	</object>
	<object>
		<name>motorbike</name>
		<pose>Unspecified</pose>
		<truncated>0</truncated>
		<difficult>0</difficult>
		<occluded>0</occluded>
		<bndbox>
			<xmin>98</xmin>
			<xmax>151</xmax>
			<ymin>292</ymin>
			<ymax>390</ymax>
		</bndbox>
	</object>
</annotation>
