<annotation>
	<folder></folder>
	<filename>frame_2838_jpg.rf.19e1d0ba8808c5cbb87c12d3f15880e9.jpg</filename>
	<path>frame_2838_jpg.rf.19e1d0ba8808c5cbb87c12d3f15880e9.jpg</path>
	<source>
		<database>roboflow.ai</database>
	</source>
	<size>
		<width>416</width>
		<height>416</height>
		<depth>3</depth>
	</size>
	<segmented>0</segmented>
	<object>
		<name>bicycle</name>
		<pose>Unspecified</pose>
		<truncated>0</truncated>
		<difficult>0</difficult>
		<occluded>0</occluded>
		<bndbox>
			<xmin>20</xmin>
			<xmax>85</xmax>
			<ymin>182</ymin>
			<ymax>308</ymax>
		</bndbox>
	</object>
</annotation>
