<annotation>
	<folder></folder>
	<filename>frame_2756_jpg.rf.6d96f39d3475a6ff64d217bd4c28ec06.jpg</filename>
	<path>frame_2756_jpg.rf.6d96f39d3475a6ff64d217bd4c28ec06.jpg</path>
	<source>
		<database>roboflow.ai</database>
	</source>
	<size>
		<width>416</width>
		<height>416</height>
		<depth>3</depth>
	</size>
	<segmented>0</segmented>
	<object>
		<name>bicycle</name>
		<pose>Unspecified</pose>
		<truncated>0</truncated>
		<difficult>0</difficult>
		<occluded>0</occluded>
		<bndbox>
			<xmin>358</xmin>
			<xmax>407</xmax>
			<ymin>180</ymin>
			<ymax>308</ymax>
		</bndbox>
	</object>
	<object>
		<name>bicycle</name>
		<pose>Unspecified</pose>
		<truncated>0</truncated>
		<difficult>0</difficult>
		<occluded>0</occluded>
		<bndbox>
			<xmin>322</xmin>
			<xmax>375</xmax>
			<ymin>114</ymin>
			<ymax>241</ymax>
		</bndbox>
	</object>
</annotation>
