<annotation>
	<folder></folder>
	<filename>frame_2735_jpg.rf.6f037d39194891b6b57574c24ab6d312.jpg</filename>
	<path>frame_2735_jpg.rf.6f037d39194891b6b57574c24ab6d312.jpg</path>
	<source>
		<database>roboflow.ai</database>
	</source>
	<size>
		<width>416</width>
		<height>416</height>
		<depth>3</depth>
	</size>
	<segmented>0</segmented>
	<object>
		<name>motorbike</name>
		<pose>Unspecified</pose>
		<truncated>0</truncated>
		<difficult>0</difficult>
		<occluded>0</occluded>
		<bndbox>
			<xmin>122</xmin>
			<xmax>153</xmax>
			<ymin>178</ymin>
			<ymax>286</ymax>
		</bndbox>
	</object>
	<object>
		<name>motorbike</name>
		<pose>Unspecified</pose>
		<truncated>0</truncated>
		<difficult>0</difficult>
		<occluded>0</occluded>
		<bndbox>
			<xmin>77</xmin>
			<xmax>108</xmax>
			<ymin>149</ymin>
			<ymax>257</ymax>
		</bndbox>
	</object>
</annotation>
