<annotation>
	<folder></folder>
	<filename>frame_2834_jpg.rf.112b5cd4a5669b01be054003b5557a69.jpg</filename>
	<path>frame_2834_jpg.rf.112b5cd4a5669b01be054003b5557a69.jpg</path>
	<source>
		<database>roboflow.ai</database>
	</source>
	<size>
		<width>416</width>
		<height>416</height>
		<depth>3</depth>
	</size>
	<segmented>0</segmented>
	<object>
		<name>motorbike</name>
		<pose>Unspecified</pose>
		<truncated>0</truncated>
		<difficult>0</difficult>
		<occluded>0</occluded>
		<bndbox>
			<xmin>308</xmin>
			<xmax>346</xmax>
			<ymin>235</ymin>
			<ymax>346</ymax>
		</bndbox>
	</object>
</annotation>
