<annotation>
	<folder></folder>
	<filename>frame_2835_jpg.rf.69366e7f746b5781db4585b76a75226b.jpg</filename>
	<path>frame_2835_jpg.rf.69366e7f746b5781db4585b76a75226b.jpg</path>
	<source>
		<database>roboflow.ai</database>
	</source>
	<size>
		<width>416</width>
		<height>416</height>
		<depth>3</depth>
	</size>
	<segmented>0</segmented>
	<object>
		<name>bicycle</name>
		<pose>Unspecified</pose>
		<truncated>0</truncated>
		<difficult>0</difficult>
		<occluded>0</occluded>
		<bndbox>
			<xmin>336</xmin>
			<xmax>371</xmax>
			<ymin>221</ymin>
			<ymax>331</ymax>
		</bndbox>
	</object>
</annotation>
