<annotation>
	<folder></folder>
	<filename>frame_2838_jpg.rf.840203e6ac3954e9f306992cfea23e36.jpg</filename>
	<path>frame_2838_jpg.rf.840203e6ac3954e9f306992cfea23e36.jpg</path>
	<source>
		<database>roboflow.ai</database>
	</source>
	<size>
		<width>416</width>
		<height>416</height>
		<depth>3</depth>
	</size>
	<segmented>0</segmented>
	<object>
		<name>bicycle</name>
		<pose>Unspecified</pose>
		<truncated>0</truncated>
		<difficult>0</difficult>
		<occluded>0</occluded>
		<bndbox>
			<xmin>355</xmin>
			<xmax>390</xmax>
			<ymin>276</ymin>
			<ymax>392</ymax>
		</bndbox>
	</object>
</annotation>
