<annotation>
	<folder></folder>
	<filename>frame_2732_jpg.rf.1f17a956b82a2775a1e33415fbdae778.jpg</filename>
	<path>frame_2732_jpg.rf.1f17a956b82a2775a1e33415fbdae778.jpg</path>
	<source>
		<database>roboflow.ai</database>
	</source>
	<size>
		<width>416</width>
		<height>416</height>
		<depth>3</depth>
	</size>
	<segmented>0</segmented>
	<object>
		<name>motorbike</name>
		<pose>Unspecified</pose>
		<truncated>0</truncated>
		<difficult>0</difficult>
		<occluded>0</occluded>
		<bndbox>
			<xmin>262</xmin>
			<xmax>311</xmax>
			<ymin>231</ymin>
			<ymax>345</ymax>
		</bndbox>
	</object>
	<object>
		<name>motorbike</name>
		<pose>Unspecified</pose>
		<truncated>0</truncated>
		<difficult>0</difficult>
		<occluded>0</occluded>
		<bndbox>
			<xmin>263</xmin>
			<xmax>312</xmax>
			<ymin>143</ymin>
			<ymax>257</ymax>
		</bndbox>
	</object>
</annotation>
