<annotation>
	<folder></folder>
	<filename>frame_2763_jpg.rf.20a1c214a5805edafe6085e3385737b1.jpg</filename>
	<path>frame_2763_jpg.rf.20a1c214a5805edafe6085e3385737b1.jpg</path>
	<source>
		<database>roboflow.ai</database>
	</source>
	<size>
		<width>416</width>
		<height>416</height>
		<depth>3</depth>
	</size>
	<segmented>0</segmented>
	<object>
		<name>bicycle</name>
		<pose>Unspecified</pose>
		<truncated>0</truncated>
		<difficult>0</difficult>
		<occluded>0</occluded>
		<bndbox>
			<xmin>60</xmin>
			<xmax>96</xmax>
			<ymin>168</ymin>
			<ymax>263</ymax>
		</bndbox>
	</object>
</annotation>
