<annotation>
	<folder></folder>
	<filename>frame_2823_jpg.rf.2ab80b25003ff94122fa334e220f1f47.jpg</filename>
	<path>frame_2823_jpg.rf.2ab80b25003ff94122fa334e220f1f47.jpg</path>
	<source>
		<database>roboflow.ai</database>
	</source>
	<size>
		<width>416</width>
		<height>416</height>
		<depth>3</depth>
	</size>
	<segmented>0</segmented>
	<object>
		<name>bicycle</name>
		<pose>Unspecified</pose>
		<truncated>0</truncated>
		<difficult>0</difficult>
		<occluded>0</occluded>
		<bndbox>
			<xmin>324</xmin>
			<xmax>376</xmax>
			<ymin>148</ymin>
			<ymax>267</ymax>
		</bndbox>
	</object>
	<object>
		<name>bicycle</name>
		<pose>Unspecified</pose>
		<truncated>0</truncated>
		<difficult>0</difficult>
		<occluded>0</occluded>
		<bndbox>
			<xmin>296</xmin>
			<xmax>348</xmax>
			<ymin>152</ymin>
			<ymax>271</ymax>
		</bndbox>
	</object>
</annotation>
