<annotation>
	<folder></folder>
	<filename>frame_2834_jpg.rf.511ac798793ceca27fa1c775da39772c.jpg</filename>
	<path>frame_2834_jpg.rf.511ac798793ceca27fa1c775da39772c.jpg</path>
	<source>
		<database>roboflow.ai</database>
	</source>
	<size>
		<width>416</width>
		<height>416</height>
		<depth>3</depth>
	</size>
	<segmented>0</segmented>
	<object>
		<name>motorbike</name>
		<pose>Unspecified</pose>
		<truncated>0</truncated>
		<difficult>0</difficult>
		<occluded>0</occluded>
		<bndbox>
			<xmin>310</xmin>
			<xmax>359</xmax>
			<ymin>184</ymin>
			<ymax>293</ymax>
		</bndbox>
	</object>
</annotation>
