<annotation>
	<folder></folder>
	<filename>frame_2835_jpg.rf.a2d48bcb540fa5270c8f89f53e16d4a9.jpg</filename>
	<path>frame_2835_jpg.rf.a2d48bcb540fa5270c8f89f53e16d4a9.jpg</path>
	<source>
		<database>roboflow.ai</database>
	</source>
	<size>
		<width>416</width>
		<height>416</height>
		<depth>3</depth>
	</size>
	<segmented>0</segmented>
	<object>
		<name>bicycle</name>
		<pose>Unspecified</pose>
		<truncated>0</truncated>
		<difficult>0</difficult>
		<occluded>0</occluded>
		<bndbox>
			<xmin>39</xmin>
			<xmax>81</xmax>
			<ymin>206</ymin>
			<ymax>314</ymax>
		</bndbox>
	</object>
</annotation>
