<annotation>
	<folder></folder>
	<filename>frame_2810_jpg.rf.55a324299251c8acc2bb89cceb3e83d3.jpg</filename>
	<path>frame_2810_jpg.rf.55a324299251c8acc2bb89cceb3e83d3.jpg</path>
	<source>
		<database>roboflow.ai</database>
	</source>
	<size>
		<width>416</width>
		<height>416</height>
		<depth>3</depth>
	</size>
	<segmented>0</segmented>
	<object>
		<name>motorbike</name>
		<pose>Unspecified</pose>
		<truncated>0</truncated>
		<difficult>0</difficult>
		<occluded>0</occluded>
		<bndbox>
			<xmin>197</xmin>
			<xmax>248</xmax>
			<ymin>260</ymin>
			<ymax>358</ymax>
		</bndbox>
	</object>
	<object>
		<name>motorbike</name>
		<pose>Unspecified</pose>
		<truncated>0</truncated>
		<difficult>0</difficult>
		<occluded>0</occluded>
		<bndbox>
			<xmin>229</xmin>
			<xmax>280</xmax>
			<ymin>268</ymin>
			<ymax>366</ymax>
		</bndbox>
	</object>
	<object>
		<name>motorbike</name>
		<pose>Unspecified</pose>
		<truncated>0</truncated>
		<difficult>0</difficult>
		<occluded>0</occluded>
		<bndbox>
			<xmin>264</xmin>
			<xmax>315</xmax>
			<ymin>316</ymin>
			<ymax>414</ymax>
		</bndbox>
	</object>
</annotation>
