<annotation>
	<folder></folder>
	<filename>frame_2769_jpg.rf.7e7857ac01dbba869e614f5783649989.jpg</filename>
	<path>frame_2769_jpg.rf.7e7857ac01dbba869e614f5783649989.jpg</path>
	<source>
		<database>roboflow.ai</database>
	</source>
	<size>
		<width>416</width>
		<height>416</height>
		<depth>3</depth>
	</size>
	<segmented>0</segmented>
	<object>
		<name>car</name>
		<pose>Unspecified</pose>
		<truncated>0</truncated>
		<difficult>0</difficult>
		<occluded>0</occluded>
		<bndbox>
			<xmin>143</xmin>
			<xmax>234</xmax>
			<ymin>275</ymin>
			<ymax>415</ymax>
		</bndbox>
	</object>
	<object>
		<name>car</name>
		<pose>Unspecified</pose>
		<truncated>0</truncated>
		<difficult>0</difficult>
		<occluded>0</occluded>
		<bndbox>
			<xmin>133</xmin>
			<xmax>221</xmax>
			<ymin>165</ymin>
			<ymax>309</ymax>
		</bndbox>
	</object>
</annotation>
