<annotation>
	<folder></folder>
	<filename>frame_2779_jpg.rf.2e938332b3eb28203a4dd2724785b4c3.jpg</filename>
	<path>frame_2779_jpg.rf.2e938332b3eb28203a4dd2724785b4c3.jpg</path>
	<source>
		<database>roboflow.ai</database>
	</source>
	<size>
		<width>416</width>
		<height>416</height>
		<depth>3</depth>
	</size>
	<segmented>0</segmented>
	<object>
		<name>bicycle</name>
		<pose>Unspecified</pose>
		<truncated>0</truncated>
		<difficult>0</difficult>
		<occluded>0</occluded>
		<bndbox>
			<xmin>328</xmin>
			<xmax>360</xmax>
			<ymin>222</ymin>
			<ymax>323</ymax>
		</bndbox>
	</object>
</annotation>
