<annotation>
	<folder></folder>
	<filename>frame_2840_jpg.rf.09590ef72f455f292ebd3e2e12252b03.jpg</filename>
	<path>frame_2840_jpg.rf.09590ef72f455f292ebd3e2e12252b03.jpg</path>
	<source>
		<database>roboflow.ai</database>
	</source>
	<size>
		<width>416</width>
		<height>416</height>
		<depth>3</depth>
	</size>
	<segmented>0</segmented>
	<object>
		<name>motorbike</name>
		<pose>Unspecified</pose>
		<truncated>0</truncated>
		<difficult>0</difficult>
		<occluded>0</occluded>
		<bndbox>
			<xmin>141</xmin>
			<xmax>169</xmax>
			<ymin>210</ymin>
			<ymax>289</ymax>
		</bndbox>
	</object>
	<object>
		<name>motorbike</name>
		<pose>Unspecified</pose>
		<truncated>0</truncated>
		<difficult>0</difficult>
		<occluded>0</occluded>
		<bndbox>
			<xmin>112</xmin>
			<xmax>140</xmax>
			<ymin>202</ymin>
			<ymax>281</ymax>
		</bndbox>
	</object>
</annotation>
