<annotation>
	<folder></folder>
	<filename>frame_2843_jpg.rf.02831cce9206a8a6ab9bc110bc142bcb.jpg</filename>
	<path>frame_2843_jpg.rf.02831cce9206a8a6ab9bc110bc142bcb.jpg</path>
	<source>
		<database>roboflow.ai</database>
	</source>
	<size>
		<width>416</width>
		<height>416</height>
		<depth>3</depth>
	</size>
	<segmented>0</segmented>
	<object>
		<name>motorbike</name>
		<pose>Unspecified</pose>
		<truncated>0</truncated>
		<difficult>0</difficult>
		<occluded>0</occluded>
		<bndbox>
			<xmin>32</xmin>
			<xmax>99</xmax>
			<ymin>274</ymin>
			<ymax>393</ymax>
		</bndbox>
	</object>
	<object>
		<name>motorbike</name>
		<pose>Unspecified</pose>
		<truncated>0</truncated>
		<difficult>0</difficult>
		<occluded>0</occluded>
		<bndbox>
			<xmin>72</xmin>
			<xmax>127</xmax>
			<ymin>159</ymin>
			<ymax>246</ymax>
		</bndbox>
	</object>
</annotation>
