<annotation>
	<folder></folder>
	<filename>frame_2751_jpg.rf.b254cef27b7da97c28ba1b65b09e8e59.jpg</filename>
	<path>frame_2751_jpg.rf.b254cef27b7da97c28ba1b65b09e8e59.jpg</path>
	<source>
		<database>roboflow.ai</database>
	</source>
	<size>
		<width>416</width>
		<height>416</height>
		<depth>3</depth>
	</size>
	<segmented>0</segmented>
	<object>
		<name>auto</name>
		<pose>Unspecified</pose>
		<truncated>0</truncated>
		<difficult>0</difficult>
		<occluded>0</occluded>
		<bndbox>
			<xmin>137</xmin>
			<xmax>193</xmax>
			<ymin>208</ymin>
			<ymax>332</ymax>
		</bndbox>
	</object>
	<object>
		<name>motorbike</name>
		<pose>Unspecified</pose>
		<truncated>0</truncated>
		<difficult>0</difficult>
		<occluded>0</occluded>
		<bndbox>
			<xmin>80</xmin>
			<xmax>125</xmax>
			<ymin>212</ymin>
			<ymax>333</ymax>
		</bndbox>
	</object>
</annotation>
