<annotation>
	<folder></folder>
	<filename>frame_2823_jpg.rf.f1c196ba7d62f8871c3224fd356868a2.jpg</filename>
	<path>frame_2823_jpg.rf.f1c196ba7d62f8871c3224fd356868a2.jpg</path>
	<source>
		<database>roboflow.ai</database>
	</source>
	<size>
		<width>416</width>
		<height>416</height>
		<depth>3</depth>
	</size>
	<segmented>0</segmented>
	<object>
		<name>bicycle</name>
		<pose>Unspecified</pose>
		<truncated>0</truncated>
		<difficult>0</difficult>
		<occluded>0</occluded>
		<bndbox>
			<xmin>35</xmin>
			<xmax>96</xmax>
			<ymin>246</ymin>
			<ymax>363</ymax>
		</bndbox>
	</object>
	<object>
		<name>bicycle</name>
		<pose>Unspecified</pose>
		<truncated>0</truncated>
		<difficult>0</difficult>
		<occluded>0</occluded>
		<bndbox>
			<xmin>64</xmin>
			<xmax>125</xmax>
			<ymin>230</ymin>
			<ymax>347</ymax>
		</bndbox>
	</object>
</annotation>
