<annotation>
	<folder></folder>
	<filename>frame_2820_jpg.rf.3a124935ffed5bbd131e695cebee9361.jpg</filename>
	<path>frame_2820_jpg.rf.3a124935ffed5bbd131e695cebee9361.jpg</path>
	<source>
		<database>roboflow.ai</database>
	</source>
	<size>
		<width>416</width>
		<height>416</height>
		<depth>3</depth>
	</size>
	<segmented>0</segmented>
	<object>
		<name>motorbike</name>
		<pose>Unspecified</pose>
		<truncated>0</truncated>
		<difficult>0</difficult>
		<occluded>0</occluded>
		<bndbox>
			<xmin>256</xmin>
			<xmax>322</xmax>
			<ymin>323</ymin>
			<ymax>415</ymax>
		</bndbox>
	</object>
</annotation>
