<annotation>
	<folder></folder>
	<filename>frame_2735_jpg.rf.4dc53a5ec8e02ad744a696c51b2fc2a1.jpg</filename>
	<path>frame_2735_jpg.rf.4dc53a5ec8e02ad744a696c51b2fc2a1.jpg</path>
	<source>
		<database>roboflow.ai</database>
	</source>
	<size>
		<width>416</width>
		<height>416</height>
		<depth>3</depth>
	</size>
	<segmented>0</segmented>
	<object>
		<name>motorbike</name>
		<pose>Unspecified</pose>
		<truncated>0</truncated>
		<difficult>0</difficult>
		<occluded>0</occluded>
		<bndbox>
			<xmin>265</xmin>
			<xmax>307</xmax>
			<ymin>212</ymin>
			<ymax>303</ymax>
		</bndbox>
	</object>
	<object>
		<name>motorbike</name>
		<pose>Unspecified</pose>
		<truncated>0</truncated>
		<difficult>0</difficult>
		<occluded>0</occluded>
		<bndbox>
			<xmin>308</xmin>
			<xmax>350</xmax>
			<ymin>197</ymin>
			<ymax>288</ymax>
		</bndbox>
	</object>
</annotation>
