<annotation>
	<folder></folder>
	<filename>frame_2745_jpg.rf.237edcceffd21150536cfd274ccda357.jpg</filename>
	<path>frame_2745_jpg.rf.237edcceffd21150536cfd274ccda357.jpg</path>
	<source>
		<database>roboflow.ai</database>
	</source>
	<size>
		<width>416</width>
		<height>416</height>
		<depth>3</depth>
	</size>
	<segmented>0</segmented>
	<object>
		<name>motorbike</name>
		<pose>Unspecified</pose>
		<truncated>0</truncated>
		<difficult>0</difficult>
		<occluded>0</occluded>
		<bndbox>
			<xmin>64</xmin>
			<xmax>112</xmax>
			<ymin>232</ymin>
			<ymax>346</ymax>
		</bndbox>
	</object>
	<object>
		<name>motorbike</name>
		<pose>Unspecified</pose>
		<truncated>0</truncated>
		<difficult>0</difficult>
		<occluded>0</occluded>
		<bndbox>
			<xmin>111</xmin>
			<xmax>159</xmax>
			<ymin>188</ymin>
			<ymax>302</ymax>
		</bndbox>
	</object>
</annotation>
