<annotation>
	<folder></folder>
	<filename>frame_2798_jpg.rf.937a9c07eab2dbcb00c30179d8f83037.jpg</filename>
	<path>frame_2798_jpg.rf.937a9c07eab2dbcb00c30179d8f83037.jpg</path>
	<source>
		<database>roboflow.ai</database>
	</source>
	<size>
		<width>416</width>
		<height>416</height>
		<depth>3</depth>
	</size>
	<segmented>0</segmented>
	<object>
		<name>motorbike</name>
		<pose>Unspecified</pose>
		<truncated>0</truncated>
		<difficult>0</difficult>
		<occluded>0</occluded>
		<bndbox>
			<xmin>280</xmin>
			<xmax>324</xmax>
			<ymin>239</ymin>
			<ymax>342</ymax>
		</bndbox>
	</object>
</annotation>
