<annotation>
	<folder></folder>
	<filename>frame_2747_jpg.rf.dc11297c0f0dcf0f167899c92c8063dc.jpg</filename>
	<path>frame_2747_jpg.rf.dc11297c0f0dcf0f167899c92c8063dc.jpg</path>
	<source>
		<database>roboflow.ai</database>
	</source>
	<size>
		<width>416</width>
		<height>416</height>
		<depth>3</depth>
	</size>
	<segmented>0</segmented>
	<object>
		<name>motorbike</name>
		<pose>Unspecified</pose>
		<truncated>0</truncated>
		<difficult>0</difficult>
		<occluded>0</occluded>
		<bndbox>
			<xmin>229</xmin>
			<xmax>278</xmax>
			<ymin>216</ymin>
			<ymax>330</ymax>
		</bndbox>
	</object>
	<object>
		<name>bicycle</name>
		<pose>Unspecified</pose>
		<truncated>0</truncated>
		<difficult>0</difficult>
		<occluded>0</occluded>
		<bndbox>
			<xmin>324</xmin>
			<xmax>366</xmax>
			<ymin>257</ymin>
			<ymax>363</ymax>
		</bndbox>
	</object>
</annotation>
