<annotation>
	<folder></folder>
	<filename>frame_2773_jpg.rf.4a3967bfddf1f8f5fb74cde28b06848e.jpg</filename>
	<path>frame_2773_jpg.rf.4a3967bfddf1f8f5fb74cde28b06848e.jpg</path>
	<source>
		<database>roboflow.ai</database>
	</source>
	<size>
		<width>416</width>
		<height>416</height>
		<depth>3</depth>
	</size>
	<segmented>0</segmented>
	<object>
		<name>motorbike</name>
		<pose>Unspecified</pose>
		<truncated>0</truncated>
		<difficult>0</difficult>
		<occluded>0</occluded>
		<bndbox>
			<xmin>63</xmin>
			<xmax>97</xmax>
			<ymin>242</ymin>
			<ymax>350</ymax>
		</bndbox>
	</object>
</annotation>
