<annotation>
	<folder></folder>
	<filename>frame_2736_jpg.rf.ede5af9c87ffd9f721d2c258c14092e8.jpg</filename>
	<path>frame_2736_jpg.rf.ede5af9c87ffd9f721d2c258c14092e8.jpg</path>
	<source>
		<database>roboflow.ai</database>
	</source>
	<size>
		<width>416</width>
		<height>416</height>
		<depth>3</depth>
	</size>
	<segmented>0</segmented>
	<object>
		<name>motorbike</name>
		<pose>Unspecified</pose>
		<truncated>0</truncated>
		<difficult>0</difficult>
		<occluded>0</occluded>
		<bndbox>
			<xmin>120</xmin>
			<xmax>173</xmax>
			<ymin>300</ymin>
			<ymax>414</ymax>
		</bndbox>
	</object>
	<object>
		<name>motorbike</name>
		<pose>Unspecified</pose>
		<truncated>0</truncated>
		<difficult>0</difficult>
		<occluded>0</occluded>
		<bndbox>
			<xmin>82</xmin>
			<xmax>134</xmax>
			<ymin>215</ymin>
			<ymax>338</ymax>
		</bndbox>
	</object>
</annotation>
