<annotation>
	<folder></folder>
	<filename>frame_2833_jpg.rf.49cbfc1c2034b1ae99060bd35cc56798.jpg</filename>
	<path>frame_2833_jpg.rf.49cbfc1c2034b1ae99060bd35cc56798.jpg</path>
	<source>
		<database>roboflow.ai</database>
	</source>
	<size>
		<width>416</width>
		<height>416</height>
		<depth>3</depth>
	</size>
	<segmented>0</segmented>
	<object>
		<name>bicycle</name>
		<pose>Unspecified</pose>
		<truncated>0</truncated>
		<difficult>0</difficult>
		<occluded>0</occluded>
		<bndbox>
			<xmin>51</xmin>
			<xmax>86</xmax>
			<ymin>236</ymin>
			<ymax>350</ymax>
		</bndbox>
	</object>
</annotation>
