<annotation>
	<folder></folder>
	<filename>frame_2760_jpg.rf.cc3ab0c698db1029c173bbb020f5e739.jpg</filename>
	<path>frame_2760_jpg.rf.cc3ab0c698db1029c173bbb020f5e739.jpg</path>
	<source>
		<database>roboflow.ai</database>
	</source>
	<size>
		<width>416</width>
		<height>416</height>
		<depth>3</depth>
	</size>
	<segmented>0</segmented>
	<object>
		<name>bicycle</name>
		<pose>Unspecified</pose>
		<truncated>0</truncated>
		<difficult>0</difficult>
		<occluded>0</occluded>
		<bndbox>
			<xmin>48</xmin>
			<xmax>92</xmax>
			<ymin>251</ymin>
			<ymax>382</ymax>
		</bndbox>
	</object>
</annotation>
