<annotation>
	<folder></folder>
	<filename>frame_2811_jpg.rf.126f95aa6b2e772437729ba250075e82.jpg</filename>
	<path>frame_2811_jpg.rf.126f95aa6b2e772437729ba250075e82.jpg</path>
	<source>
		<database>roboflow.ai</database>
	</source>
	<size>
		<width>416</width>
		<height>416</height>
		<depth>3</depth>
	</size>
	<segmented>0</segmented>
	<object>
		<name>car</name>
		<pose>Unspecified</pose>
		<truncated>0</truncated>
		<difficult>0</difficult>
		<occluded>0</occluded>
		<bndbox>
			<xmin>168</xmin>
			<xmax>258</xmax>
			<ymin>268</ymin>
			<ymax>414</ymax>
		</bndbox>
	</object>
</annotation>
