<annotation>
	<folder></folder>
	<filename>frame_2753_jpg.rf.8f967995cec3f3b6ae7f0c56ba5839c6.jpg</filename>
	<path>frame_2753_jpg.rf.8f967995cec3f3b6ae7f0c56ba5839c6.jpg</path>
	<source>
		<database>roboflow.ai</database>
	</source>
	<size>
		<width>416</width>
		<height>416</height>
		<depth>3</depth>
	</size>
	<segmented>0</segmented>
	<object>
		<name>motorbike</name>
		<pose>Unspecified</pose>
		<truncated>0</truncated>
		<difficult>0</difficult>
		<occluded>0</occluded>
		<bndbox>
			<xmin>114</xmin>
			<xmax>172</xmax>
			<ymin>250</ymin>
			<ymax>362</ymax>
		</bndbox>
	</object>
	<object>
		<name>bicycle</name>
		<pose>Unspecified</pose>
		<truncated>0</truncated>
		<difficult>0</difficult>
		<occluded>0</occluded>
		<bndbox>
			<xmin>72</xmin>
			<xmax>125</xmax>
			<ymin>206</ymin>
			<ymax>309</ymax>
		</bndbox>
	</object>
	<object>
		<name>bicycle</name>
		<pose>Unspecified</pose>
		<truncated>0</truncated>
		<difficult>0</difficult>
		<occluded>0</occluded>
		<bndbox>
			<xmin>39</xmin>
			<xmax>92</xmax>
			<ymin>221</ymin>
			<ymax>324</ymax>
		</bndbox>
	</object>
</annotation>
