<annotation>
	<folder></folder>
	<filename>frame_2769_jpg.rf.300c43d23e689cb9c28fc453397e1bb9.jpg</filename>
	<path>frame_2769_jpg.rf.300c43d23e689cb9c28fc453397e1bb9.jpg</path>
	<source>
		<database>roboflow.ai</database>
	</source>
	<size>
		<width>416</width>
		<height>416</height>
		<depth>3</depth>
	</size>
	<segmented>0</segmented>
	<object>
		<name>car</name>
		<pose>Unspecified</pose>
		<truncated>0</truncated>
		<difficult>0</difficult>
		<occluded>0</occluded>
		<bndbox>
			<xmin>132</xmin>
			<xmax>209</xmax>
			<ymin>292</ymin>
			<ymax>415</ymax>
		</bndbox>
	</object>
	<object>
		<name>car</name>
		<pose>Unspecified</pose>
		<truncated>0</truncated>
		<difficult>0</difficult>
		<occluded>0</occluded>
		<bndbox>
			<xmin>135</xmin>
			<xmax>211</xmax>
			<ymin>181</ymin>
			<ymax>306</ymax>
		</bndbox>
	</object>
</annotation>
