<annotation>
	<folder></folder>
	<filename>frame_2823_jpg.rf.980f4c02f4b0938825a7e10eaa65207f.jpg</filename>
	<path>frame_2823_jpg.rf.980f4c02f4b0938825a7e10eaa65207f.jpg</path>
	<source>
		<database>roboflow.ai</database>
	</source>
	<size>
		<width>416</width>
		<height>416</height>
		<depth>3</depth>
	</size>
	<segmented>0</segmented>
	<object>
		<name>bicycle</name>
		<pose>Unspecified</pose>
		<truncated>0</truncated>
		<difficult>0</difficult>
		<occluded>0</occluded>
		<bndbox>
			<xmin>307</xmin>
			<xmax>357</xmax>
			<ymin>230</ymin>
			<ymax>335</ymax>
		</bndbox>
	</object>
	<object>
		<name>bicycle</name>
		<pose>Unspecified</pose>
		<truncated>0</truncated>
		<difficult>0</difficult>
		<occluded>0</occluded>
		<bndbox>
			<xmin>283</xmin>
			<xmax>333</xmax>
			<ymin>219</ymin>
			<ymax>324</ymax>
		</bndbox>
	</object>
</annotation>
