<annotation>
	<folder></folder>
	<filename>frame_2842_jpg.rf.771d404cf45e373f81eb4b13c1489c8d.jpg</filename>
	<path>frame_2842_jpg.rf.771d404cf45e373f81eb4b13c1489c8d.jpg</path>
	<source>
		<database>roboflow.ai</database>
	</source>
	<size>
		<width>416</width>
		<height>416</height>
		<depth>3</depth>
	</size>
	<segmented>0</segmented>
	<object>
		<name>motorbike</name>
		<pose>Unspecified</pose>
		<truncated>0</truncated>
		<difficult>0</difficult>
		<occluded>0</occluded>
		<bndbox>
			<xmin>270</xmin>
			<xmax>318</xmax>
			<ymin>214</ymin>
			<ymax>325</ymax>
		</bndbox>
	</object>
	<object>
		<name>bicycle</name>
		<pose>Unspecified</pose>
		<truncated>0</truncated>
		<difficult>0</difficult>
		<occluded>0</occluded>
		<bndbox>
			<xmin>319</xmin>
			<xmax>369</xmax>
			<ymin>314</ymin>
			<ymax>405</ymax>
		</bndbox>
	</object>
</annotation>
