<annotation>
	<folder></folder>
	<filename>frame_2744_jpg.rf.c992438fa5cd9271c84b5dd771e76674.jpg</filename>
	<path>frame_2744_jpg.rf.c992438fa5cd9271c84b5dd771e76674.jpg</path>
	<source>
		<database>roboflow.ai</database>
	</source>
	<size>
		<width>416</width>
		<height>416</height>
		<depth>3</depth>
	</size>
	<segmented>0</segmented>
	<object>
		<name>motorbike</name>
		<pose>Unspecified</pose>
		<truncated>0</truncated>
		<difficult>0</difficult>
		<occluded>0</occluded>
		<bndbox>
			<xmin>71</xmin>
			<xmax>139</xmax>
			<ymin>263</ymin>
			<ymax>385</ymax>
		</bndbox>
	</object>
</annotation>
