<annotation>
	<folder></folder>
	<filename>frame_2779_jpg.rf.e46979141c0e01b2f6f283e7544b11f8.jpg</filename>
	<path>frame_2779_jpg.rf.e46979141c0e01b2f6f283e7544b11f8.jpg</path>
	<source>
		<database>roboflow.ai</database>
	</source>
	<size>
		<width>416</width>
		<height>416</height>
		<depth>3</depth>
	</size>
	<segmented>0</segmented>
	<object>
		<name>bicycle</name>
		<pose>Unspecified</pose>
		<truncated>0</truncated>
		<difficult>0</difficult>
		<occluded>0</occluded>
		<bndbox>
			<xmin>309</xmin>
			<xmax>343</xmax>
			<ymin>193</ymin>
			<ymax>296</ymax>
		</bndbox>
	</object>
</annotation>
