<annotation>
	<folder></folder>
	<filename>frame_2753_jpg.rf.786cd54007b020d52cb30b0bc8377c8c.jpg</filename>
	<path>frame_2753_jpg.rf.786cd54007b020d52cb30b0bc8377c8c.jpg</path>
	<source>
		<database>roboflow.ai</database>
	</source>
	<size>
		<width>416</width>
		<height>416</height>
		<depth>3</depth>
	</size>
	<segmented>0</segmented>
	<object>
		<name>motorbike</name>
		<pose>Unspecified</pose>
		<truncated>0</truncated>
		<difficult>0</difficult>
		<occluded>0</occluded>
		<bndbox>
			<xmin>68</xmin>
			<xmax>127</xmax>
			<ymin>238</ymin>
			<ymax>348</ymax>
		</bndbox>
	</object>
	<object>
		<name>bicycle</name>
		<pose>Unspecified</pose>
		<truncated>0</truncated>
		<difficult>0</difficult>
		<occluded>0</occluded>
		<bndbox>
			<xmin>49</xmin>
			<xmax>102</xmax>
			<ymin>192</ymin>
			<ymax>292</ymax>
		</bndbox>
	</object>
	<object>
		<name>bicycle</name>
		<pose>Unspecified</pose>
		<truncated>0</truncated>
		<difficult>0</difficult>
		<occluded>0</occluded>
		<bndbox>
			<xmin>10</xmin>
			<xmax>63</xmax>
			<ymin>202</ymin>
			<ymax>302</ymax>
		</bndbox>
	</object>
</annotation>
