<annotation>
	<folder></folder>
	<filename>frame_2819_jpg.rf.634acd4416159ca8c7de29b435b62d10.jpg</filename>
	<path>frame_2819_jpg.rf.634acd4416159ca8c7de29b435b62d10.jpg</path>
	<source>
		<database>roboflow.ai</database>
	</source>
	<size>
		<width>416</width>
		<height>416</height>
		<depth>3</depth>
	</size>
	<segmented>0</segmented>
	<object>
		<name>motorbike</name>
		<pose>Unspecified</pose>
		<truncated>0</truncated>
		<difficult>0</difficult>
		<occluded>0</occluded>
		<bndbox>
			<xmin>104</xmin>
			<xmax>146</xmax>
			<ymin>194</ymin>
			<ymax>281</ymax>
		</bndbox>
	</object>
	<object>
		<name>motorbike</name>
		<pose>Unspecified</pose>
		<truncated>0</truncated>
		<difficult>0</difficult>
		<occluded>0</occluded>
		<bndbox>
			<xmin>78</xmin>
			<xmax>120</xmax>
			<ymin>206</ymin>
			<ymax>293</ymax>
		</bndbox>
	</object>
	<object>
		<name>bicycle</name>
		<pose>Unspecified</pose>
		<truncated>0</truncated>
		<difficult>0</difficult>
		<occluded>0</occluded>
		<bndbox>
			<xmin>14</xmin>
			<xmax>64</xmax>
			<ymin>293</ymin>
			<ymax>396</ymax>
		</bndbox>
	</object>
</annotation>
