<annotation>
	<folder></folder>
	<filename>frame_2820_jpg.rf.70de624eca5667e541b3d4cb68755404.jpg</filename>
	<path>frame_2820_jpg.rf.70de624eca5667e541b3d4cb68755404.jpg</path>
	<source>
		<database>roboflow.ai</database>
	</source>
	<size>
		<width>416</width>
		<height>416</height>
		<depth>3</depth>
	</size>
	<segmented>0</segmented>
	<object>
		<name>motorbike</name>
		<pose>Unspecified</pose>
		<truncated>0</truncated>
		<difficult>0</difficult>
		<occluded>0</occluded>
		<bndbox>
			<xmin>60</xmin>
			<xmax>102</xmax>
			<ymin>295</ymin>
			<ymax>415</ymax>
		</bndbox>
	</object>
</annotation>
