<annotation>
	<folder></folder>
	<filename>frame_2733_jpg.rf.9d45b09f33ce43c99b3ac1e39e2adcde.jpg</filename>
	<path>frame_2733_jpg.rf.9d45b09f33ce43c99b3ac1e39e2adcde.jpg</path>
	<source>
		<database>roboflow.ai</database>
	</source>
	<size>
		<width>416</width>
		<height>416</height>
		<depth>3</depth>
	</size>
	<segmented>0</segmented>
	<object>
		<name>motorbike</name>
		<pose>Unspecified</pose>
		<truncated>0</truncated>
		<difficult>0</difficult>
		<occluded>0</occluded>
		<bndbox>
			<xmin>140</xmin>
			<xmax>178</xmax>
			<ymin>179</ymin>
			<ymax>286</ymax>
		</bndbox>
	</object>
	<object>
		<name>motorbike</name>
		<pose>Unspecified</pose>
		<truncated>0</truncated>
		<difficult>0</difficult>
		<occluded>0</occluded>
		<bndbox>
			<xmin>79</xmin>
			<xmax>117</xmax>
			<ymin>252</ymin>
			<ymax>359</ymax>
		</bndbox>
	</object>
</annotation>
