<annotation>
	<folder></folder>
	<filename>frame_2840_jpg.rf.076a8df24e883b02956da5609e65b905.jpg</filename>
	<path>frame_2840_jpg.rf.076a8df24e883b02956da5609e65b905.jpg</path>
	<source>
		<database>roboflow.ai</database>
	</source>
	<size>
		<width>416</width>
		<height>416</height>
		<depth>3</depth>
	</size>
	<segmented>0</segmented>
	<object>
		<name>motorbike</name>
		<pose>Unspecified</pose>
		<truncated>0</truncated>
		<difficult>0</difficult>
		<occluded>0</occluded>
		<bndbox>
			<xmin>249</xmin>
			<xmax>275</xmax>
			<ymin>208</ymin>
			<ymax>294</ymax>
		</bndbox>
	</object>
	<object>
		<name>motorbike</name>
		<pose>Unspecified</pose>
		<truncated>0</truncated>
		<difficult>0</difficult>
		<occluded>0</occluded>
		<bndbox>
			<xmin>277</xmin>
			<xmax>303</xmax>
			<ymin>202</ymin>
			<ymax>288</ymax>
		</bndbox>
	</object>
</annotation>
