<annotation>
	<folder></folder>
	<filename>frame_2736_jpg.rf.4a2a957849681f9189d339f37dc18aa4.jpg</filename>
	<path>frame_2736_jpg.rf.4a2a957849681f9189d339f37dc18aa4.jpg</path>
	<source>
		<database>roboflow.ai</database>
	</source>
	<size>
		<width>416</width>
		<height>416</height>
		<depth>3</depth>
	</size>
	<segmented>0</segmented>
	<object>
		<name>motorbike</name>
		<pose>Unspecified</pose>
		<truncated>0</truncated>
		<difficult>0</difficult>
		<occluded>0</occluded>
		<bndbox>
			<xmin>273</xmin>
			<xmax>307</xmax>
			<ymin>262</ymin>
			<ymax>400</ymax>
		</bndbox>
	</object>
	<object>
		<name>motorbike</name>
		<pose>Unspecified</pose>
		<truncated>0</truncated>
		<difficult>0</difficult>
		<occluded>0</occluded>
		<bndbox>
			<xmin>302</xmin>
			<xmax>336</xmax>
			<ymin>174</ymin>
			<ymax>312</ymax>
		</bndbox>
	</object>
</annotation>
