<annotation>
	<folder></folder>
	<filename>frame_2774_jpg.rf.b4b5810d4c2742de276a13d34c202e16.jpg</filename>
	<path>frame_2774_jpg.rf.b4b5810d4c2742de276a13d34c202e16.jpg</path>
	<source>
		<database>roboflow.ai</database>
	</source>
	<size>
		<width>416</width>
		<height>416</height>
		<depth>3</depth>
	</size>
	<segmented>0</segmented>
	<object>
		<name>bicycle</name>
		<pose>Unspecified</pose>
		<truncated>0</truncated>
		<difficult>0</difficult>
		<occluded>0</occluded>
		<bndbox>
			<xmin>8</xmin>
			<xmax>50</xmax>
			<ymin>237</ymin>
			<ymax>354</ymax>
		</bndbox>
	</object>
</annotation>
