<annotation>
	<folder></folder>
	<filename>frame_2749_jpg.rf.1c5d8713dfc4e230a7ed9de67f05e4a7.jpg</filename>
	<path>frame_2749_jpg.rf.1c5d8713dfc4e230a7ed9de67f05e4a7.jpg</path>
	<source>
		<database>roboflow.ai</database>
	</source>
	<size>
		<width>416</width>
		<height>416</height>
		<depth>3</depth>
	</size>
	<segmented>0</segmented>
	<object>
		<name>bicycle</name>
		<pose>Unspecified</pose>
		<truncated>0</truncated>
		<difficult>0</difficult>
		<occluded>0</occluded>
		<bndbox>
			<xmin>36</xmin>
			<xmax>94</xmax>
			<ymin>152</ymin>
			<ymax>269</ymax>
		</bndbox>
	</object>
	<object>
		<name>bicycle</name>
		<pose>Unspecified</pose>
		<truncated>0</truncated>
		<difficult>0</difficult>
		<occluded>0</occluded>
		<bndbox>
			<xmin>56</xmin>
			<xmax>114</xmax>
			<ymin>151</ymin>
			<ymax>268</ymax>
		</bndbox>
	</object>
</annotation>
