<annotation>
	<folder></folder>
	<filename>frame_2744_jpg.rf.0bdeab4010b6bf6ef6906973f55989db.jpg</filename>
	<path>frame_2744_jpg.rf.0bdeab4010b6bf6ef6906973f55989db.jpg</path>
	<source>
		<database>roboflow.ai</database>
	</source>
	<size>
		<width>416</width>
		<height>416</height>
		<depth>3</depth>
	</size>
	<segmented>0</segmented>
	<object>
		<name>motorbike</name>
		<pose>Unspecified</pose>
		<truncated>0</truncated>
		<difficult>0</difficult>
		<occluded>0</occluded>
		<bndbox>
			<xmin>289</xmin>
			<xmax>345</xmax>
			<ymin>245</ymin>
			<ymax>363</ymax>
		</bndbox>
	</object>
</annotation>
