<annotation>
	<folder></folder>
	<filename>frame_2726_jpg.rf.796ca737e7751bc1281962d89af2d042.jpg</filename>
	<path>frame_2726_jpg.rf.796ca737e7751bc1281962d89af2d042.jpg</path>
	<source>
		<database>roboflow.ai</database>
	</source>
	<size>
		<width>416</width>
		<height>416</height>
		<depth>3</depth>
	</size>
	<segmented>0</segmented>
	<object>
		<name>bicycle</name>
		<pose>Unspecified</pose>
		<truncated>0</truncated>
		<difficult>0</difficult>
		<occluded>0</occluded>
		<bndbox>
			<xmin>329</xmin>
			<xmax>362</xmax>
			<ymin>233</ymin>
			<ymax>334</ymax>
		</bndbox>
	</object>
</annotation>
