<annotation>
	<folder></folder>
	<filename>frame_2733_jpg.rf.fefa6e4c84120c63d50fcc2863ee43dd.jpg</filename>
	<path>frame_2733_jpg.rf.fefa6e4c84120c63d50fcc2863ee43dd.jpg</path>
	<source>
		<database>roboflow.ai</database>
	</source>
	<size>
		<width>416</width>
		<height>416</height>
		<depth>3</depth>
	</size>
	<segmented>0</segmented>
	<object>
		<name>motorbike</name>
		<pose>Unspecified</pose>
		<truncated>0</truncated>
		<difficult>0</difficult>
		<occluded>0</occluded>
		<bndbox>
			<xmin>234</xmin>
			<xmax>285</xmax>
			<ymin>201</ymin>
			<ymax>300</ymax>
		</bndbox>
	</object>
	<object>
		<name>motorbike</name>
		<pose>Unspecified</pose>
		<truncated>0</truncated>
		<difficult>0</difficult>
		<occluded>0</occluded>
		<bndbox>
			<xmin>302</xmin>
			<xmax>353</xmax>
			<ymin>295</ymin>
			<ymax>394</ymax>
		</bndbox>
	</object>
</annotation>
