<annotation>
	<folder></folder>
	<filename>frame_2756_jpg.rf.2922a0f5b62b9b2a76bcb6483f5f54e5.jpg</filename>
	<path>frame_2756_jpg.rf.2922a0f5b62b9b2a76bcb6483f5f54e5.jpg</path>
	<source>
		<database>roboflow.ai</database>
	</source>
	<size>
		<width>416</width>
		<height>416</height>
		<depth>3</depth>
	</size>
	<segmented>0</segmented>
	<object>
		<name>bicycle</name>
		<pose>Unspecified</pose>
		<truncated>0</truncated>
		<difficult>0</difficult>
		<occluded>0</occluded>
		<bndbox>
			<xmin>1</xmin>
			<xmax>44</xmax>
			<ymin>207</ymin>
			<ymax>319</ymax>
		</bndbox>
	</object>
	<object>
		<name>bicycle</name>
		<pose>Unspecified</pose>
		<truncated>0</truncated>
		<difficult>0</difficult>
		<occluded>0</occluded>
		<bndbox>
			<xmin>42</xmin>
			<xmax>93</xmax>
			<ymin>137</ymin>
			<ymax>248</ymax>
		</bndbox>
	</object>
</annotation>
