<annotation>
	<folder></folder>
	<filename>frame_2834_jpg.rf.5be2758e2ad9bee4b5ccd5193d2d1b4a.jpg</filename>
	<path>frame_2834_jpg.rf.5be2758e2ad9bee4b5ccd5193d2d1b4a.jpg</path>
	<source>
		<database>roboflow.ai</database>
	</source>
	<size>
		<width>416</width>
		<height>416</height>
		<depth>3</depth>
	</size>
	<segmented>0</segmented>
	<object>
		<name>motorbike</name>
		<pose>Unspecified</pose>
		<truncated>0</truncated>
		<difficult>0</difficult>
		<occluded>0</occluded>
		<bndbox>
			<xmin>298</xmin>
			<xmax>352</xmax>
			<ymin>248</ymin>
			<ymax>364</ymax>
		</bndbox>
	</object>
</annotation>
