<annotation>
	<folder></folder>
	<filename>frame_2764_jpg.rf.7d1d7bff65f77ada663b50d5c8c8e747.jpg</filename>
	<path>frame_2764_jpg.rf.7d1d7bff65f77ada663b50d5c8c8e747.jpg</path>
	<source>
		<database>roboflow.ai</database>
	</source>
	<size>
		<width>416</width>
		<height>416</height>
		<depth>3</depth>
	</size>
	<segmented>0</segmented>
	<object>
		<name>motorbike</name>
		<pose>Unspecified</pose>
		<truncated>0</truncated>
		<difficult>0</difficult>
		<occluded>0</occluded>
		<bndbox>
			<xmin>164</xmin>
			<xmax>211</xmax>
			<ymin>209</ymin>
			<ymax>310</ymax>
		</bndbox>
	</object>
	<object>
		<name>motorbike</name>
		<pose>Unspecified</pose>
		<truncated>0</truncated>
		<difficult>0</difficult>
		<occluded>0</occluded>
		<bndbox>
			<xmin>138</xmin>
			<xmax>185</xmax>
			<ymin>175</ymin>
			<ymax>276</ymax>
		</bndbox>
	</object>
	<object>
		<name>bicycle</name>
		<pose>Unspecified</pose>
		<truncated>0</truncated>
		<difficult>0</difficult>
		<occluded>0</occluded>
		<bndbox>
			<xmin>63</xmin>
			<xmax>104</xmax>
			<ymin>228</ymin>
			<ymax>322</ymax>
		</bndbox>
	</object>
</annotation>
