<annotation>
	<folder></folder>
	<filename>frame_2747_jpg.rf.c9959586f7128609dafbf6f09dc09272.jpg</filename>
	<path>frame_2747_jpg.rf.c9959586f7128609dafbf6f09dc09272.jpg</path>
	<source>
		<database>roboflow.ai</database>
	</source>
	<size>
		<width>416</width>
		<height>416</height>
		<depth>3</depth>
	</size>
	<segmented>0</segmented>
	<object>
		<name>motorbike</name>
		<pose>Unspecified</pose>
		<truncated>0</truncated>
		<difficult>0</difficult>
		<occluded>0</occluded>
		<bndbox>
			<xmin>148</xmin>
			<xmax>189</xmax>
			<ymin>217</ymin>
			<ymax>319</ymax>
		</bndbox>
	</object>
	<object>
		<name>bicycle</name>
		<pose>Unspecified</pose>
		<truncated>0</truncated>
		<difficult>0</difficult>
		<occluded>0</occluded>
		<bndbox>
			<xmin>59</xmin>
			<xmax>95</xmax>
			<ymin>244</ymin>
			<ymax>339</ymax>
		</bndbox>
	</object>
</annotation>
