<annotation>
	<folder></folder>
	<filename>frame_2740_jpg.rf.405f8b9c36e24e35c080e7b0504cdf91.jpg</filename>
	<path>frame_2740_jpg.rf.405f8b9c36e24e35c080e7b0504cdf91.jpg</path>
	<source>
		<database>roboflow.ai</database>
	</source>
	<size>
		<width>416</width>
		<height>416</height>
		<depth>3</depth>
	</size>
	<segmented>0</segmented>
	<object>
		<name>motorbike</name>
		<pose>Unspecified</pose>
		<truncated>0</truncated>
		<difficult>0</difficult>
		<occluded>0</occluded>
		<bndbox>
			<xmin>103</xmin>
			<xmax>141</xmax>
			<ymin>214</ymin>
			<ymax>293</ymax>
		</bndbox>
	</object>
</annotation>
