<annotation>
	<folder></folder>
	<filename>frame_2801_jpg.rf.8fd85d163b582e9e6382ab339ad0c631.jpg</filename>
	<path>frame_2801_jpg.rf.8fd85d163b582e9e6382ab339ad0c631.jpg</path>
	<source>
		<database>roboflow.ai</database>
	</source>
	<size>
		<width>416</width>
		<height>416</height>
		<depth>3</depth>
	</size>
	<segmented>0</segmented>
	<object>
		<name>motorbike</name>
		<pose>Unspecified</pose>
		<truncated>0</truncated>
		<difficult>0</difficult>
		<occluded>0</occluded>
		<bndbox>
			<xmin>229</xmin>
			<xmax>278</xmax>
			<ymin>235</ymin>
			<ymax>352</ymax>
		</bndbox>
	</object>
	<object>
		<name>motorbike</name>
		<pose>Unspecified</pose>
		<truncated>0</truncated>
		<difficult>0</difficult>
		<occluded>0</occluded>
		<bndbox>
			<xmin>284</xmin>
			<xmax>333</xmax>
			<ymin>231</ymin>
			<ymax>348</ymax>
		</bndbox>
	</object>
	<object>
		<name>motorbike</name>
		<pose>Unspecified</pose>
		<truncated>0</truncated>
		<difficult>0</difficult>
		<occluded>0</occluded>
		<bndbox>
			<xmin>290</xmin>
			<xmax>336</xmax>
			<ymin>167</ymin>
			<ymax>273</ymax>
		</bndbox>
	</object>
</annotation>
