<annotation>
	<folder></folder>
	<filename>frame_2745_jpg.rf.a2c6766aa80109ee1d7183744e62e78f.jpg</filename>
	<path>frame_2745_jpg.rf.a2c6766aa80109ee1d7183744e62e78f.jpg</path>
	<source>
		<database>roboflow.ai</database>
	</source>
	<size>
		<width>416</width>
		<height>416</height>
		<depth>3</depth>
	</size>
	<segmented>0</segmented>
	<object>
		<name>motorbike</name>
		<pose>Unspecified</pose>
		<truncated>0</truncated>
		<difficult>0</difficult>
		<occluded>0</occluded>
		<bndbox>
			<xmin>84</xmin>
			<xmax>124</xmax>
			<ymin>259</ymin>
			<ymax>372</ymax>
		</bndbox>
	</object>
	<object>
		<name>motorbike</name>
		<pose>Unspecified</pose>
		<truncated>0</truncated>
		<difficult>0</difficult>
		<occluded>0</occluded>
		<bndbox>
			<xmin>122</xmin>
			<xmax>162</xmax>
			<ymin>206</ymin>
			<ymax>319</ymax>
		</bndbox>
	</object>
</annotation>
