<annotation>
	<folder></folder>
	<filename>frame_2747_jpg.rf.faabc7f264c91f5ccaff24f9123b3f2f.jpg</filename>
	<path>frame_2747_jpg.rf.faabc7f264c91f5ccaff24f9123b3f2f.jpg</path>
	<source>
		<database>roboflow.ai</database>
	</source>
	<size>
		<width>416</width>
		<height>416</height>
		<depth>3</depth>
	</size>
	<segmented>0</segmented>
	<object>
		<name>motorbike</name>
		<pose>Unspecified</pose>
		<truncated>0</truncated>
		<difficult>0</difficult>
		<occluded>0</occluded>
		<bndbox>
			<xmin>126</xmin>
			<xmax>172</xmax>
			<ymin>201</ymin>
			<ymax>296</ymax>
		</bndbox>
	</object>
	<object>
		<name>bicycle</name>
		<pose>Unspecified</pose>
		<truncated>0</truncated>
		<difficult>0</difficult>
		<occluded>0</occluded>
		<bndbox>
			<xmin>39</xmin>
			<xmax>79</xmax>
			<ymin>191</ymin>
			<ymax>278</ymax>
		</bndbox>
	</object>
</annotation>
