<annotation>
	<folder></folder>
	<filename>frame_2831_jpg.rf.23dcb3f0c43b324ff5c4e28d0af64919.jpg</filename>
	<path>frame_2831_jpg.rf.23dcb3f0c43b324ff5c4e28d0af64919.jpg</path>
	<source>
		<database>roboflow.ai</database>
	</source>
	<size>
		<width>416</width>
		<height>416</height>
		<depth>3</depth>
	</size>
	<segmented>0</segmented>
	<object>
		<name>motorbike</name>
		<pose>Unspecified</pose>
		<truncated>0</truncated>
		<difficult>0</difficult>
		<occluded>0</occluded>
		<bndbox>
			<xmin>293</xmin>
			<xmax>359</xmax>
			<ymin>252</ymin>
			<ymax>362</ymax>
		</bndbox>
	</object>
	<object>
		<name>motorbike</name>
		<pose>Unspecified</pose>
		<truncated>0</truncated>
		<difficult>0</difficult>
		<occluded>0</occluded>
		<bndbox>
			<xmin>222</xmin>
			<xmax>288</xmax>
			<ymin>206</ymin>
			<ymax>316</ymax>
		</bndbox>
	</object>
</annotation>
