<annotation>
	<folder></folder>
	<filename>frame_2766_jpg.rf.80874a365208b8e8657421f50bd9523c.jpg</filename>
	<path>frame_2766_jpg.rf.80874a365208b8e8657421f50bd9523c.jpg</path>
	<source>
		<database>roboflow.ai</database>
	</source>
	<size>
		<width>416</width>
		<height>416</height>
		<depth>3</depth>
	</size>
	<segmented>0</segmented>
	<object>
		<name>motorbike</name>
		<pose>Unspecified</pose>
		<truncated>0</truncated>
		<difficult>0</difficult>
		<occluded>0</occluded>
		<bndbox>
			<xmin>281</xmin>
			<xmax>327</xmax>
			<ymin>276</ymin>
			<ymax>389</ymax>
		</bndbox>
	</object>
	<object>
		<name>motorbike</name>
		<pose>Unspecified</pose>
		<truncated>0</truncated>
		<difficult>0</difficult>
		<occluded>0</occluded>
		<bndbox>
			<xmin>279</xmin>
			<xmax>325</xmax>
			<ymin>161</ymin>
			<ymax>274</ymax>
		</bndbox>
	</object>
	<object>
		<name>bicycle</name>
		<pose>Unspecified</pose>
		<truncated>0</truncated>
		<difficult>0</difficult>
		<occluded>0</occluded>
		<bndbox>
			<xmin>354</xmin>
			<xmax>401</xmax>
			<ymin>292</ymin>
			<ymax>396</ymax>
		</bndbox>
	</object>
</annotation>
