<annotation>
	<folder></folder>
	<filename>frame_2757_jpg.rf.9f0f2f5e2ff7a0b6fccc3d13e5c91949.jpg</filename>
	<path>frame_2757_jpg.rf.9f0f2f5e2ff7a0b6fccc3d13e5c91949.jpg</path>
	<source>
		<database>roboflow.ai</database>
	</source>
	<size>
		<width>416</width>
		<height>416</height>
		<depth>3</depth>
	</size>
	<segmented>0</segmented>
	<object>
		<name>bicycle</name>
		<pose>Unspecified</pose>
		<truncated>0</truncated>
		<difficult>0</difficult>
		<occluded>0</occluded>
		<bndbox>
			<xmin>21</xmin>
			<xmax>58</xmax>
			<ymin>273</ymin>
			<ymax>390</ymax>
		</bndbox>
	</object>
</annotation>
