<annotation>
	<folder></folder>
	<filename>frame_2732_jpg.rf.46d686d07193b809572438f9dcd05d2f.jpg</filename>
	<path>frame_2732_jpg.rf.46d686d07193b809572438f9dcd05d2f.jpg</path>
	<source>
		<database>roboflow.ai</database>
	</source>
	<size>
		<width>416</width>
		<height>416</height>
		<depth>3</depth>
	</size>
	<segmented>0</segmented>
	<object>
		<name>motorbike</name>
		<pose>Unspecified</pose>
		<truncated>0</truncated>
		<difficult>0</difficult>
		<occluded>0</occluded>
		<bndbox>
			<xmin>280</xmin>
			<xmax>338</xmax>
			<ymin>237</ymin>
			<ymax>358</ymax>
		</bndbox>
	</object>
	<object>
		<name>motorbike</name>
		<pose>Unspecified</pose>
		<truncated>0</truncated>
		<difficult>0</difficult>
		<occluded>0</occluded>
		<bndbox>
			<xmin>257</xmin>
			<xmax>315</xmax>
			<ymin>148</ymin>
			<ymax>269</ymax>
		</bndbox>
	</object>
</annotation>
