<annotation>
	<folder></folder>
	<filename>frame_2731_jpg.rf.c4f94368b86cdf4b18a0f736f988b0f4.jpg</filename>
	<path>frame_2731_jpg.rf.c4f94368b86cdf4b18a0f736f988b0f4.jpg</path>
	<source>
		<database>roboflow.ai</database>
	</source>
	<size>
		<width>416</width>
		<height>416</height>
		<depth>3</depth>
	</size>
	<segmented>0</segmented>
	<object>
		<name>car</name>
		<pose>Unspecified</pose>
		<truncated>0</truncated>
		<difficult>0</difficult>
		<occluded>0</occluded>
		<bndbox>
			<xmin>115</xmin>
			<xmax>193</xmax>
			<ymin>146</ymin>
			<ymax>269</ymax>
		</bndbox>
	</object>
	<object>
		<name>motorbike</name>
		<pose>Unspecified</pose>
		<truncated>0</truncated>
		<difficult>0</difficult>
		<occluded>0</occluded>
		<bndbox>
			<xmin>80</xmin>
			<xmax>118</xmax>
			<ymin>244</ymin>
			<ymax>361</ymax>
		</bndbox>
	</object>
	<object>
		<name>bicycle</name>
		<pose>Unspecified</pose>
		<truncated>0</truncated>
		<difficult>0</difficult>
		<occluded>0</occluded>
		<bndbox>
			<xmin>20</xmin>
			<xmax>57</xmax>
			<ymin>243</ymin>
			<ymax>352</ymax>
		</bndbox>
	</object>
</annotation>
