<annotation>
	<folder></folder>
	<filename>frame_2763_jpg.rf.9acf127f2455375fd4dcd85cbb44b74f.jpg</filename>
	<path>frame_2763_jpg.rf.9acf127f2455375fd4dcd85cbb44b74f.jpg</path>
	<source>
		<database>roboflow.ai</database>
	</source>
	<size>
		<width>416</width>
		<height>416</height>
		<depth>3</depth>
	</size>
	<segmented>0</segmented>
	<object>
		<name>bicycle</name>
		<pose>Unspecified</pose>
		<truncated>0</truncated>
		<difficult>0</difficult>
		<occluded>0</occluded>
		<bndbox>
			<xmin>326</xmin>
			<xmax>360</xmax>
			<ymin>164</ymin>
			<ymax>252</ymax>
		</bndbox>
	</object>
</annotation>
