<annotation>
	<folder></folder>
	<filename>frame_2795_jpg.rf.491dff32fadde254fcbd39c9d23ff919.jpg</filename>
	<path>frame_2795_jpg.rf.491dff32fadde254fcbd39c9d23ff919.jpg</path>
	<source>
		<database>roboflow.ai</database>
	</source>
	<size>
		<width>416</width>
		<height>416</height>
		<depth>3</depth>
	</size>
	<segmented>0</segmented>
	<object>
		<name>bicycle</name>
		<pose>Unspecified</pose>
		<truncated>0</truncated>
		<difficult>0</difficult>
		<occluded>0</occluded>
		<bndbox>
			<xmin>367</xmin>
			<xmax>404</xmax>
			<ymin>301</ymin>
			<ymax>415</ymax>
		</bndbox>
	</object>
	<object>
		<name>bicycle</name>
		<pose>Unspecified</pose>
		<truncated>0</truncated>
		<difficult>0</difficult>
		<occluded>0</occluded>
		<bndbox>
			<xmin>337</xmin>
			<xmax>373</xmax>
			<ymin>237</ymin>
			<ymax>367</ymax>
		</bndbox>
	</object>
	<object>
		<name>bicycle</name>
		<pose>Unspecified</pose>
		<truncated>0</truncated>
		<difficult>0</difficult>
		<occluded>0</occluded>
		<bndbox>
			<xmin>320</xmin>
			<xmax>356</xmax>
			<ymin>199</ymin>
			<ymax>329</ymax>
		</bndbox>
	</object>
</annotation>
