<annotation>
	<folder></folder>
	<filename>frame_2805_jpg.rf.b9925df0f2a73da5a3dc6534180a560c.jpg</filename>
	<path>frame_2805_jpg.rf.b9925df0f2a73da5a3dc6534180a560c.jpg</path>
	<source>
		<database>roboflow.ai</database>
	</source>
	<size>
		<width>416</width>
		<height>416</height>
		<depth>3</depth>
	</size>
	<segmented>0</segmented>
	<object>
		<name>bicycle</name>
		<pose>Unspecified</pose>
		<truncated>0</truncated>
		<difficult>0</difficult>
		<occluded>0</occluded>
		<bndbox>
			<xmin>62</xmin>
			<xmax>91</xmax>
			<ymin>204</ymin>
			<ymax>324</ymax>
		</bndbox>
	</object>
</annotation>
