<annotation>
	<folder></folder>
	<filename>frame_2831_jpg.rf.04c3a50dc27bd128685d3e47ea142155.jpg</filename>
	<path>frame_2831_jpg.rf.04c3a50dc27bd128685d3e47ea142155.jpg</path>
	<source>
		<database>roboflow.ai</database>
	</source>
	<size>
		<width>416</width>
		<height>416</height>
		<depth>3</depth>
	</size>
	<segmented>0</segmented>
	<object>
		<name>motorbike</name>
		<pose>Unspecified</pose>
		<truncated>0</truncated>
		<difficult>0</difficult>
		<occluded>0</occluded>
		<bndbox>
			<xmin>40</xmin>
			<xmax>100</xmax>
			<ymin>209</ymin>
			<ymax>336</ymax>
		</bndbox>
	</object>
	<object>
		<name>motorbike</name>
		<pose>Unspecified</pose>
		<truncated>0</truncated>
		<difficult>0</difficult>
		<occluded>0</occluded>
		<bndbox>
			<xmin>118</xmin>
			<xmax>178</xmax>
			<ymin>184</ymin>
			<ymax>311</ymax>
		</bndbox>
	</object>
</annotation>
