<annotation>
	<folder></folder>
	<filename>frame_2749_jpg.rf.56bc1503bfeff2e472d45b7a7e2f98fd.jpg</filename>
	<path>frame_2749_jpg.rf.56bc1503bfeff2e472d45b7a7e2f98fd.jpg</path>
	<source>
		<database>roboflow.ai</database>
	</source>
	<size>
		<width>416</width>
		<height>416</height>
		<depth>3</depth>
	</size>
	<segmented>0</segmented>
	<object>
		<name>bicycle</name>
		<pose>Unspecified</pose>
		<truncated>0</truncated>
		<difficult>0</difficult>
		<occluded>0</occluded>
		<bndbox>
			<xmin>57</xmin>
			<xmax>103</xmax>
			<ymin>179</ymin>
			<ymax>307</ymax>
		</bndbox>
	</object>
	<object>
		<name>bicycle</name>
		<pose>Unspecified</pose>
		<truncated>0</truncated>
		<difficult>0</difficult>
		<occluded>0</occluded>
		<bndbox>
			<xmin>74</xmin>
			<xmax>120</xmax>
			<ymin>175</ymin>
			<ymax>303</ymax>
		</bndbox>
	</object>
</annotation>
