<annotation>
	<folder></folder>
	<filename>frame_2833_jpg.rf.248e55e7e06f390ee485b9da038fe7f3.jpg</filename>
	<path>frame_2833_jpg.rf.248e55e7e06f390ee485b9da038fe7f3.jpg</path>
	<source>
		<database>roboflow.ai</database>
	</source>
	<size>
		<width>416</width>
		<height>416</height>
		<depth>3</depth>
	</size>
	<segmented>0</segmented>
	<object>
		<name>bicycle</name>
		<pose>Unspecified</pose>
		<truncated>0</truncated>
		<difficult>0</difficult>
		<occluded>0</occluded>
		<bndbox>
			<xmin>24</xmin>
			<xmax>66</xmax>
			<ymin>250</ymin>
			<ymax>365</ymax>
		</bndbox>
	</object>
</annotation>
