<annotation>
	<folder></folder>
	<filename>frame_2811_jpg.rf.df10cb9624fb58ee0fed5589584c51b6.jpg</filename>
	<path>frame_2811_jpg.rf.df10cb9624fb58ee0fed5589584c51b6.jpg</path>
	<source>
		<database>roboflow.ai</database>
	</source>
	<size>
		<width>416</width>
		<height>416</height>
		<depth>3</depth>
	</size>
	<segmented>0</segmented>
	<object>
		<name>car</name>
		<pose>Unspecified</pose>
		<truncated>0</truncated>
		<difficult>0</difficult>
		<occluded>0</occluded>
		<bndbox>
			<xmin>145</xmin>
			<xmax>244</xmax>
			<ymin>267</ymin>
			<ymax>415</ymax>
		</bndbox>
	</object>
</annotation>
