<annotation>
	<folder></folder>
	<filename>frame_2843_jpg.rf.1b1a553a1bdf5558d7772042ca4035dc.jpg</filename>
	<path>frame_2843_jpg.rf.1b1a553a1bdf5558d7772042ca4035dc.jpg</path>
	<source>
		<database>roboflow.ai</database>
	</source>
	<size>
		<width>416</width>
		<height>416</height>
		<depth>3</depth>
	</size>
	<segmented>0</segmented>
	<object>
		<name>motorbike</name>
		<pose>Unspecified</pose>
		<truncated>0</truncated>
		<difficult>0</difficult>
		<occluded>0</occluded>
		<bndbox>
			<xmin>213</xmin>
			<xmax>292</xmax>
			<ymin>318</ymin>
			<ymax>414</ymax>
		</bndbox>
	</object>
	<object>
		<name>motorbike</name>
		<pose>Unspecified</pose>
		<truncated>0</truncated>
		<difficult>0</difficult>
		<occluded>0</occluded>
		<bndbox>
			<xmin>269</xmin>
			<xmax>334</xmax>
			<ymin>204</ymin>
			<ymax>294</ymax>
		</bndbox>
	</object>
</annotation>
