<annotation>
	<folder></folder>
	<filename>frame_2749_jpg.rf.e54aeb7d53b3564f292fc8f724e9eab1.jpg</filename>
	<path>frame_2749_jpg.rf.e54aeb7d53b3564f292fc8f724e9eab1.jpg</path>
	<source>
		<database>roboflow.ai</database>
	</source>
	<size>
		<width>416</width>
		<height>416</height>
		<depth>3</depth>
	</size>
	<segmented>0</segmented>
	<object>
		<name>bicycle</name>
		<pose>Unspecified</pose>
		<truncated>0</truncated>
		<difficult>0</difficult>
		<occluded>0</occluded>
		<bndbox>
			<xmin>325</xmin>
			<xmax>357</xmax>
			<ymin>191</ymin>
			<ymax>300</ymax>
		</bndbox>
	</object>
	<object>
		<name>bicycle</name>
		<pose>Unspecified</pose>
		<truncated>0</truncated>
		<difficult>0</difficult>
		<occluded>0</occluded>
		<bndbox>
			<xmin>306</xmin>
			<xmax>338</xmax>
			<ymin>186</ymin>
			<ymax>295</ymax>
		</bndbox>
	</object>
</annotation>
