<annotation>
	<folder></folder>
	<filename>frame_2736_jpg.rf.45004cbaf4ace7ac65fe19da466d5c96.jpg</filename>
	<path>frame_2736_jpg.rf.45004cbaf4ace7ac65fe19da466d5c96.jpg</path>
	<source>
		<database>roboflow.ai</database>
	</source>
	<size>
		<width>416</width>
		<height>416</height>
		<depth>3</depth>
	</size>
	<segmented>0</segmented>
	<object>
		<name>motorbike</name>
		<pose>Unspecified</pose>
		<truncated>0</truncated>
		<difficult>0</difficult>
		<occluded>0</occluded>
		<bndbox>
			<xmin>71</xmin>
			<xmax>122</xmax>
			<ymin>306</ymin>
			<ymax>415</ymax>
		</bndbox>
	</object>
	<object>
		<name>motorbike</name>
		<pose>Unspecified</pose>
		<truncated>0</truncated>
		<difficult>0</difficult>
		<occluded>0</occluded>
		<bndbox>
			<xmin>61</xmin>
			<xmax>110</xmax>
			<ymin>224</ymin>
			<ymax>355</ymax>
		</bndbox>
	</object>
</annotation>
