<annotation>
	<folder></folder>
	<filename>frame_2757_jpg.rf.f66ce3b2e438a70ec450511eb1e7e70d.jpg</filename>
	<path>frame_2757_jpg.rf.f66ce3b2e438a70ec450511eb1e7e70d.jpg</path>
	<source>
		<database>roboflow.ai</database>
	</source>
	<size>
		<width>416</width>
		<height>416</height>
		<depth>3</depth>
	</size>
	<segmented>0</segmented>
	<object>
		<name>bicycle</name>
		<pose>Unspecified</pose>
		<truncated>0</truncated>
		<difficult>0</difficult>
		<occluded>0</occluded>
		<bndbox>
			<xmin>357</xmin>
			<xmax>400</xmax>
			<ymin>239</ymin>
			<ymax>350</ymax>
		</bndbox>
	</object>
</annotation>
