<annotation>
	<folder></folder>
	<filename>frame_2756_jpg.rf.dc7ef67abb752b8a9f2aaf164fa6856c.jpg</filename>
	<path>frame_2756_jpg.rf.dc7ef67abb752b8a9f2aaf164fa6856c.jpg</path>
	<source>
		<database>roboflow.ai</database>
	</source>
	<size>
		<width>416</width>
		<height>416</height>
		<depth>3</depth>
	</size>
	<segmented>0</segmented>
	<object>
		<name>bicycle</name>
		<pose>Unspecified</pose>
		<truncated>0</truncated>
		<difficult>0</difficult>
		<occluded>0</occluded>
		<bndbox>
			<xmin>383</xmin>
			<xmax>415</xmax>
			<ymin>224</ymin>
			<ymax>337</ymax>
		</bndbox>
	</object>
	<object>
		<name>bicycle</name>
		<pose>Unspecified</pose>
		<truncated>0</truncated>
		<difficult>0</difficult>
		<occluded>0</occluded>
		<bndbox>
			<xmin>313</xmin>
			<xmax>379</xmax>
			<ymin>150</ymin>
			<ymax>261</ymax>
		</bndbox>
	</object>
</annotation>
