<annotation>
	<folder></folder>
	<filename>frame_2767_jpg.rf.a9edce7a60ea53bf9092e9131a7101f3.jpg</filename>
	<path>frame_2767_jpg.rf.a9edce7a60ea53bf9092e9131a7101f3.jpg</path>
	<source>
		<database>roboflow.ai</database>
	</source>
	<size>
		<width>416</width>
		<height>416</height>
		<depth>3</depth>
	</size>
	<segmented>0</segmented>
	<object>
		<name>motorbike</name>
		<pose>Unspecified</pose>
		<truncated>0</truncated>
		<difficult>0</difficult>
		<occluded>0</occluded>
		<bndbox>
			<xmin>122</xmin>
			<xmax>181</xmax>
			<ymin>285</ymin>
			<ymax>394</ymax>
		</bndbox>
	</object>
	<object>
		<name>motorbike</name>
		<pose>Unspecified</pose>
		<truncated>0</truncated>
		<difficult>0</difficult>
		<occluded>0</occluded>
		<bndbox>
			<xmin>92</xmin>
			<xmax>151</xmax>
			<ymin>198</ymin>
			<ymax>307</ymax>
		</bndbox>
	</object>
	<object>
		<name>bicycle</name>
		<pose>Unspecified</pose>
		<truncated>0</truncated>
		<difficult>0</difficult>
		<occluded>0</occluded>
		<bndbox>
			<xmin>59</xmin>
			<xmax>114</xmax>
			<ymin>280</ymin>
			<ymax>386</ymax>
		</bndbox>
	</object>
	<object>
		<name>bicycle</name>
		<pose>Unspecified</pose>
		<truncated>0</truncated>
		<difficult>0</difficult>
		<occluded>0</occluded>
		<bndbox>
			<xmin>58</xmin>
			<xmax>113</xmax>
			<ymin>195</ymin>
			<ymax>301</ymax>
		</bndbox>
	</object>
</annotation>
