<annotation>
	<folder></folder>
	<filename>frame_2838_jpg.rf.87655254c17740ef01aafe28ce595321.jpg</filename>
	<path>frame_2838_jpg.rf.87655254c17740ef01aafe28ce595321.jpg</path>
	<source>
		<database>roboflow.ai</database>
	</source>
	<size>
		<width>416</width>
		<height>416</height>
		<depth>3</depth>
	</size>
	<segmented>0</segmented>
	<object>
		<name>bicycle</name>
		<pose>Unspecified</pose>
		<truncated>0</truncated>
		<difficult>0</difficult>
		<occluded>0</occluded>
		<bndbox>
			<xmin>34</xmin>
			<xmax>72</xmax>
			<ymin>267</ymin>
			<ymax>387</ymax>
		</bndbox>
	</object>
</annotation>
