<annotation>
	<folder></folder>
	<filename>frame_2830_jpg.rf.90baef6beaeca7b139e6d277d36492f9.jpg</filename>
	<path>frame_2830_jpg.rf.90baef6beaeca7b139e6d277d36492f9.jpg</path>
	<source>
		<database>roboflow.ai</database>
	</source>
	<size>
		<width>416</width>
		<height>416</height>
		<depth>3</depth>
	</size>
	<segmented>0</segmented>
	<object>
		<name>motorbike</name>
		<pose>Unspecified</pose>
		<truncated>0</truncated>
		<difficult>0</difficult>
		<occluded>0</occluded>
		<bndbox>
			<xmin>155</xmin>
			<xmax>189</xmax>
			<ymin>255</ymin>
			<ymax>363</ymax>
		</bndbox>
	</object>
	<object>
		<name>motorbike</name>
		<pose>Unspecified</pose>
		<truncated>0</truncated>
		<difficult>0</difficult>
		<occluded>0</occluded>
		<bndbox>
			<xmin>88</xmin>
			<xmax>122</xmax>
			<ymin>238</ymin>
			<ymax>346</ymax>
		</bndbox>
	</object>
</annotation>
