<annotation>
	<folder></folder>
	<filename>frame_2744_jpg.rf.fc52658d0d6d293d7413f51ece4403db.jpg</filename>
	<path>frame_2744_jpg.rf.fc52658d0d6d293d7413f51ece4403db.jpg</path>
	<source>
		<database>roboflow.ai</database>
	</source>
	<size>
		<width>416</width>
		<height>416</height>
		<depth>3</depth>
	</size>
	<segmented>0</segmented>
	<object>
		<name>motorbike</name>
		<pose>Unspecified</pose>
		<truncated>0</truncated>
		<difficult>0</difficult>
		<occluded>0</occluded>
		<bndbox>
			<xmin>310</xmin>
			<xmax>389</xmax>
			<ymin>167</ymin>
			<ymax>307</ymax>
		</bndbox>
	</object>
</annotation>
