<annotation>
	<folder></folder>
	<filename>frame_2731_jpg.rf.64c16252b0d8b16f63a75cd94512a110.jpg</filename>
	<path>frame_2731_jpg.rf.64c16252b0d8b16f63a75cd94512a110.jpg</path>
	<source>
		<database>roboflow.ai</database>
	</source>
	<size>
		<width>416</width>
		<height>416</height>
		<depth>3</depth>
	</size>
	<segmented>0</segmented>
	<object>
		<name>car</name>
		<pose>Unspecified</pose>
		<truncated>0</truncated>
		<difficult>0</difficult>
		<occluded>0</occluded>
		<bndbox>
			<xmin>121</xmin>
			<xmax>191</xmax>
			<ymin>166</ymin>
			<ymax>275</ymax>
		</bndbox>
	</object>
	<object>
		<name>motorbike</name>
		<pose>Unspecified</pose>
		<truncated>0</truncated>
		<difficult>0</difficult>
		<occluded>0</occluded>
		<bndbox>
			<xmin>111</xmin>
			<xmax>137</xmax>
			<ymin>272</ymin>
			<ymax>380</ymax>
		</bndbox>
	</object>
	<object>
		<name>bicycle</name>
		<pose>Unspecified</pose>
		<truncated>0</truncated>
		<difficult>0</difficult>
		<occluded>0</occluded>
		<bndbox>
			<xmin>52</xmin>
			<xmax>78</xmax>
			<ymin>284</ymin>
			<ymax>384</ymax>
		</bndbox>
	</object>
</annotation>
