<annotation>
	<folder></folder>
	<filename>frame_2751_jpg.rf.5dcc12e33f5d87de9ee4d7a9b767a413.jpg</filename>
	<path>frame_2751_jpg.rf.5dcc12e33f5d87de9ee4d7a9b767a413.jpg</path>
	<source>
		<database>roboflow.ai</database>
	</source>
	<size>
		<width>416</width>
		<height>416</height>
		<depth>3</depth>
	</size>
	<segmented>0</segmented>
	<object>
		<name>auto</name>
		<pose>Unspecified</pose>
		<truncated>0</truncated>
		<difficult>0</difficult>
		<occluded>0</occluded>
		<bndbox>
			<xmin>155</xmin>
			<xmax>217</xmax>
			<ymin>216</ymin>
			<ymax>335</ymax>
		</bndbox>
	</object>
	<object>
		<name>motorbike</name>
		<pose>Unspecified</pose>
		<truncated>0</truncated>
		<difficult>0</difficult>
		<occluded>0</occluded>
		<bndbox>
			<xmin>97</xmin>
			<xmax>149</xmax>
			<ymin>236</ymin>
			<ymax>353</ymax>
		</bndbox>
	</object>
</annotation>
