<annotation>
	<folder></folder>
	<filename>frame_2831_jpg.rf.00168d3ef4e270fd8cc0103f90dcb8a6.jpg</filename>
	<path>frame_2831_jpg.rf.00168d3ef4e270fd8cc0103f90dcb8a6.jpg</path>
	<source>
		<database>roboflow.ai</database>
	</source>
	<size>
		<width>416</width>
		<height>416</height>
		<depth>3</depth>
	</size>
	<segmented>0</segmented>
	<object>
		<name>motorbike</name>
		<pose>Unspecified</pose>
		<truncated>0</truncated>
		<difficult>0</difficult>
		<occluded>0</occluded>
		<bndbox>
			<xmin>317</xmin>
			<xmax>370</xmax>
			<ymin>206</ymin>
			<ymax>319</ymax>
		</bndbox>
	</object>
	<object>
		<name>motorbike</name>
		<pose>Unspecified</pose>
		<truncated>0</truncated>
		<difficult>0</difficult>
		<occluded>0</occluded>
		<bndbox>
			<xmin>240</xmin>
			<xmax>293</xmax>
			<ymin>186</ymin>
			<ymax>299</ymax>
		</bndbox>
	</object>
</annotation>
