<annotation>
	<folder></folder>
	<filename>frame_2811_jpg.rf.a1c134fd77e323029e4c0792200a4f7a.jpg</filename>
	<path>frame_2811_jpg.rf.a1c134fd77e323029e4c0792200a4f7a.jpg</path>
	<source>
		<database>roboflow.ai</database>
	</source>
	<size>
		<width>416</width>
		<height>416</height>
		<depth>3</depth>
	</size>
	<segmented>0</segmented>
	<object>
		<name>car</name>
		<pose>Unspecified</pose>
		<truncated>0</truncated>
		<difficult>0</difficult>
		<occluded>0</occluded>
		<bndbox>
			<xmin>158</xmin>
			<xmax>248</xmax>
			<ymin>272</ymin>
			<ymax>412</ymax>
		</bndbox>
	</object>
</annotation>
