<annotation>
	<folder></folder>
	<filename>frame_2774_jpg.rf.67cac5981a46d206ff776875e8d8b746.jpg</filename>
	<path>frame_2774_jpg.rf.67cac5981a46d206ff776875e8d8b746.jpg</path>
	<source>
		<database>roboflow.ai</database>
	</source>
	<size>
		<width>416</width>
		<height>416</height>
		<depth>3</depth>
	</size>
	<segmented>0</segmented>
	<object>
		<name>bicycle</name>
		<pose>Unspecified</pose>
		<truncated>0</truncated>
		<difficult>0</difficult>
		<occluded>0</occluded>
		<bndbox>
			<xmin>369</xmin>
			<xmax>405</xmax>
			<ymin>240</ymin>
			<ymax>350</ymax>
		</bndbox>
	</object>
</annotation>
