<annotation>
	<folder></folder>
	<filename>frame_2838_jpg.rf.8a0044f7f04660ba280bc38a4454662f.jpg</filename>
	<path>frame_2838_jpg.rf.8a0044f7f04660ba280bc38a4454662f.jpg</path>
	<source>
		<database>roboflow.ai</database>
	</source>
	<size>
		<width>416</width>
		<height>416</height>
		<depth>3</depth>
	</size>
	<segmented>0</segmented>
	<object>
		<name>bicycle</name>
		<pose>Unspecified</pose>
		<truncated>0</truncated>
		<difficult>0</difficult>
		<occluded>0</occluded>
		<bndbox>
			<xmin>14</xmin>
			<xmax>62</xmax>
			<ymin>261</ymin>
			<ymax>385</ymax>
		</bndbox>
	</object>
</annotation>
