<annotation>
	<folder></folder>
	<filename>frame_2779_jpg.rf.bf0617ff46f45999b9fe245711481dcf.jpg</filename>
	<path>frame_2779_jpg.rf.bf0617ff46f45999b9fe245711481dcf.jpg</path>
	<source>
		<database>roboflow.ai</database>
	</source>
	<size>
		<width>416</width>
		<height>416</height>
		<depth>3</depth>
	</size>
	<segmented>0</segmented>
	<object>
		<name>bicycle</name>
		<pose>Unspecified</pose>
		<truncated>0</truncated>
		<difficult>0</difficult>
		<occluded>0</occluded>
		<bndbox>
			<xmin>325</xmin>
			<xmax>358</xmax>
			<ymin>225</ymin>
			<ymax>328</ymax>
		</bndbox>
	</object>
</annotation>
