<annotation>
	<folder></folder>
	<filename>frame_2732_jpg.rf.b6ecc462bd7e36f8e6dc906d33756e63.jpg</filename>
	<path>frame_2732_jpg.rf.b6ecc462bd7e36f8e6dc906d33756e63.jpg</path>
	<source>
		<database>roboflow.ai</database>
	</source>
	<size>
		<width>416</width>
		<height>416</height>
		<depth>3</depth>
	</size>
	<segmented>0</segmented>
	<object>
		<name>motorbike</name>
		<pose>Unspecified</pose>
		<truncated>0</truncated>
		<difficult>0</difficult>
		<occluded>0</occluded>
		<bndbox>
			<xmin>275</xmin>
			<xmax>306</xmax>
			<ymin>254</ymin>
			<ymax>367</ymax>
		</bndbox>
	</object>
	<object>
		<name>motorbike</name>
		<pose>Unspecified</pose>
		<truncated>0</truncated>
		<difficult>0</difficult>
		<occluded>0</occluded>
		<bndbox>
			<xmin>272</xmin>
			<xmax>303</xmax>
			<ymin>166</ymin>
			<ymax>279</ymax>
		</bndbox>
	</object>
</annotation>
