<annotation>
	<folder></folder>
	<filename>frame_2774_jpg.rf.f4d7d66931a98f996cb6e720d5a6f79c.jpg</filename>
	<path>frame_2774_jpg.rf.f4d7d66931a98f996cb6e720d5a6f79c.jpg</path>
	<source>
		<database>roboflow.ai</database>
	</source>
	<size>
		<width>416</width>
		<height>416</height>
		<depth>3</depth>
	</size>
	<segmented>0</segmented>
	<object>
		<name>bicycle</name>
		<pose>Unspecified</pose>
		<truncated>0</truncated>
		<difficult>0</difficult>
		<occluded>0</occluded>
		<bndbox>
			<xmin>373</xmin>
			<xmax>415</xmax>
			<ymin>225</ymin>
			<ymax>334</ymax>
		</bndbox>
	</object>
</annotation>
