<annotation>
	<folder></folder>
	<filename>frame_2820_jpg.rf.a26d8fddfbf7c8b7d05d18d5b36b2479.jpg</filename>
	<path>frame_2820_jpg.rf.a26d8fddfbf7c8b7d05d18d5b36b2479.jpg</path>
	<source>
		<database>roboflow.ai</database>
	</source>
	<size>
		<width>416</width>
		<height>416</height>
		<depth>3</depth>
	</size>
	<segmented>0</segmented>
	<object>
		<name>motorbike</name>
		<pose>Unspecified</pose>
		<truncated>0</truncated>
		<difficult>0</difficult>
		<occluded>0</occluded>
		<bndbox>
			<xmin>25</xmin>
			<xmax>80</xmax>
			<ymin>296</ymin>
			<ymax>415</ymax>
		</bndbox>
	</object>
</annotation>
