<annotation>
	<folder></folder>
	<filename>frame_2734_jpg.rf.dda8972ea10e4836b1ee354041f9baa3.jpg</filename>
	<path>frame_2734_jpg.rf.dda8972ea10e4836b1ee354041f9baa3.jpg</path>
	<source>
		<database>roboflow.ai</database>
	</source>
	<size>
		<width>416</width>
		<height>416</height>
		<depth>3</depth>
	</size>
	<segmented>0</segmented>
	<object>
		<name>motorbike</name>
		<pose>Unspecified</pose>
		<truncated>0</truncated>
		<difficult>0</difficult>
		<occluded>0</occluded>
		<bndbox>
			<xmin>141</xmin>
			<xmax>187</xmax>
			<ymin>154</ymin>
			<ymax>268</ymax>
		</bndbox>
	</object>
</annotation>
