<annotation>
	<folder></folder>
	<filename>frame_2724_jpg.rf.eea3fff468af6b78d8db8708ead5b083.jpg</filename>
	<path>frame_2724_jpg.rf.eea3fff468af6b78d8db8708ead5b083.jpg</path>
	<source>
		<database>roboflow.ai</database>
	</source>
	<size>
		<width>416</width>
		<height>416</height>
		<depth>3</depth>
	</size>
	<segmented>0</segmented>
	<object>
		<name>bicycle</name>
		<pose>Unspecified</pose>
		<truncated>0</truncated>
		<difficult>0</difficult>
		<occluded>0</occluded>
		<bndbox>
			<xmin>60</xmin>
			<xmax>95</xmax>
			<ymin>227</ymin>
			<ymax>349</ymax>
		</bndbox>
	</object>
</annotation>
