<annotation>
	<folder></folder>
	<filename>frame_2831_jpg.rf.aa474f487376639b4b11704b59babb16.jpg</filename>
	<path>frame_2831_jpg.rf.aa474f487376639b4b11704b59babb16.jpg</path>
	<source>
		<database>roboflow.ai</database>
	</source>
	<size>
		<width>416</width>
		<height>416</height>
		<depth>3</depth>
	</size>
	<segmented>0</segmented>
	<object>
		<name>motorbike</name>
		<pose>Unspecified</pose>
		<truncated>0</truncated>
		<difficult>0</difficult>
		<occluded>0</occluded>
		<bndbox>
			<xmin>318</xmin>
			<xmax>378</xmax>
			<ymin>205</ymin>
			<ymax>323</ymax>
		</bndbox>
	</object>
	<object>
		<name>motorbike</name>
		<pose>Unspecified</pose>
		<truncated>0</truncated>
		<difficult>0</difficult>
		<occluded>0</occluded>
		<bndbox>
			<xmin>239</xmin>
			<xmax>299</xmax>
			<ymin>184</ymin>
			<ymax>302</ymax>
		</bndbox>
	</object>
</annotation>
