<annotation>
	<folder></folder>
	<filename>frame_2831_jpg.rf.a0644ec41ec6e497ae8ed4553761aa90.jpg</filename>
	<path>frame_2831_jpg.rf.a0644ec41ec6e497ae8ed4553761aa90.jpg</path>
	<source>
		<database>roboflow.ai</database>
	</source>
	<size>
		<width>416</width>
		<height>416</height>
		<depth>3</depth>
	</size>
	<segmented>0</segmented>
	<object>
		<name>motorbike</name>
		<pose>Unspecified</pose>
		<truncated>0</truncated>
		<difficult>0</difficult>
		<occluded>0</occluded>
		<bndbox>
			<xmin>53</xmin>
			<xmax>118</xmax>
			<ymin>183</ymin>
			<ymax>298</ymax>
		</bndbox>
	</object>
	<object>
		<name>motorbike</name>
		<pose>Unspecified</pose>
		<truncated>0</truncated>
		<difficult>0</difficult>
		<occluded>0</occluded>
		<bndbox>
			<xmin>126</xmin>
			<xmax>191</xmax>
			<ymin>176</ymin>
			<ymax>291</ymax>
		</bndbox>
	</object>
</annotation>
