<annotation>
	<folder></folder>
	<filename>frame_2807_jpg.rf.3993cf4f9dbc9da61b73d86fc63e365d.jpg</filename>
	<path>frame_2807_jpg.rf.3993cf4f9dbc9da61b73d86fc63e365d.jpg</path>
	<source>
		<database>roboflow.ai</database>
	</source>
	<size>
		<width>416</width>
		<height>416</height>
		<depth>3</depth>
	</size>
	<segmented>0</segmented>
	<object>
		<name>motorbike</name>
		<pose>Unspecified</pose>
		<truncated>0</truncated>
		<difficult>0</difficult>
		<occluded>0</occluded>
		<bndbox>
			<xmin>247</xmin>
			<xmax>295</xmax>
			<ymin>225</ymin>
			<ymax>310</ymax>
		</bndbox>
	</object>
	<object>
		<name>bicycle</name>
		<pose>Unspecified</pose>
		<truncated>0</truncated>
		<difficult>0</difficult>
		<occluded>0</occluded>
		<bndbox>
			<xmin>301</xmin>
			<xmax>337</xmax>
			<ymin>233</ymin>
			<ymax>313</ymax>
		</bndbox>
	</object>
</annotation>
