<annotation>
	<folder></folder>
	<filename>frame_2811_jpg.rf.e3b9169d6843a98fcf6b830fe641f63a.jpg</filename>
	<path>frame_2811_jpg.rf.e3b9169d6843a98fcf6b830fe641f63a.jpg</path>
	<source>
		<database>roboflow.ai</database>
	</source>
	<size>
		<width>416</width>
		<height>416</height>
		<depth>3</depth>
	</size>
	<segmented>0</segmented>
	<object>
		<name>car</name>
		<pose>Unspecified</pose>
		<truncated>0</truncated>
		<difficult>0</difficult>
		<occluded>0</occluded>
		<bndbox>
			<xmin>182</xmin>
			<xmax>278</xmax>
			<ymin>273</ymin>
			<ymax>413</ymax>
		</bndbox>
	</object>
</annotation>
