<annotation>
	<folder></folder>
	<filename>frame_2760_jpg.rf.adee58c7e30844b518097629cb9aca45.jpg</filename>
	<path>frame_2760_jpg.rf.adee58c7e30844b518097629cb9aca45.jpg</path>
	<source>
		<database>roboflow.ai</database>
	</source>
	<size>
		<width>416</width>
		<height>416</height>
		<depth>3</depth>
	</size>
	<segmented>0</segmented>
	<object>
		<name>bicycle</name>
		<pose>Unspecified</pose>
		<truncated>0</truncated>
		<difficult>0</difficult>
		<occluded>0</occluded>
		<bndbox>
			<xmin>324</xmin>
			<xmax>373</xmax>
			<ymin>252</ymin>
			<ymax>379</ymax>
		</bndbox>
	</object>
</annotation>
