<annotation>
	<folder></folder>
	<filename>frame_2745_jpg.rf.bf4c21b450542370bf206bfe7be40eac.jpg</filename>
	<path>frame_2745_jpg.rf.bf4c21b450542370bf206bfe7be40eac.jpg</path>
	<source>
		<database>roboflow.ai</database>
	</source>
	<size>
		<width>416</width>
		<height>416</height>
		<depth>3</depth>
	</size>
	<segmented>0</segmented>
	<object>
		<name>motorbike</name>
		<pose>Unspecified</pose>
		<truncated>0</truncated>
		<difficult>0</difficult>
		<occluded>0</occluded>
		<bndbox>
			<xmin>85</xmin>
			<xmax>128</xmax>
			<ymin>200</ymin>
			<ymax>318</ymax>
		</bndbox>
	</object>
	<object>
		<name>motorbike</name>
		<pose>Unspecified</pose>
		<truncated>0</truncated>
		<difficult>0</difficult>
		<occluded>0</occluded>
		<bndbox>
			<xmin>121</xmin>
			<xmax>164</xmax>
			<ymin>167</ymin>
			<ymax>285</ymax>
		</bndbox>
	</object>
</annotation>
