<annotation>
	<folder></folder>
	<filename>frame_2726_jpg.rf.9f0b5e0c19026c99e5cadd1c47c2b84b.jpg</filename>
	<path>frame_2726_jpg.rf.9f0b5e0c19026c99e5cadd1c47c2b84b.jpg</path>
	<source>
		<database>roboflow.ai</database>
	</source>
	<size>
		<width>416</width>
		<height>416</height>
		<depth>3</depth>
	</size>
	<segmented>0</segmented>
	<object>
		<name>bicycle</name>
		<pose>Unspecified</pose>
		<truncated>0</truncated>
		<difficult>0</difficult>
		<occluded>0</occluded>
		<bndbox>
			<xmin>44</xmin>
			<xmax>88</xmax>
			<ymin>212</ymin>
			<ymax>310</ymax>
		</bndbox>
	</object>
</annotation>
