<annotation>
	<folder></folder>
	<filename>frame_2764_jpg.rf.f31ae5aac90d2c4867b3952aa8495615.jpg</filename>
	<path>frame_2764_jpg.rf.f31ae5aac90d2c4867b3952aa8495615.jpg</path>
	<source>
		<database>roboflow.ai</database>
	</source>
	<size>
		<width>416</width>
		<height>416</height>
		<depth>3</depth>
	</size>
	<segmented>0</segmented>
	<object>
		<name>motorbike</name>
		<pose>Unspecified</pose>
		<truncated>0</truncated>
		<difficult>0</difficult>
		<occluded>0</occluded>
		<bndbox>
			<xmin>209</xmin>
			<xmax>259</xmax>
			<ymin>213</ymin>
			<ymax>302</ymax>
		</bndbox>
	</object>
	<object>
		<name>motorbike</name>
		<pose>Unspecified</pose>
		<truncated>0</truncated>
		<difficult>0</difficult>
		<occluded>0</occluded>
		<bndbox>
			<xmin>231</xmin>
			<xmax>281</xmax>
			<ymin>175</ymin>
			<ymax>264</ymax>
		</bndbox>
	</object>
	<object>
		<name>bicycle</name>
		<pose>Unspecified</pose>
		<truncated>0</truncated>
		<difficult>0</difficult>
		<occluded>0</occluded>
		<bndbox>
			<xmin>316</xmin>
			<xmax>360</xmax>
			<ymin>217</ymin>
			<ymax>300</ymax>
		</bndbox>
	</object>
</annotation>
