<annotation>
	<folder></folder>
	<filename>frame_2830_jpg.rf.62850d8537050043e9864e8e338b5d73.jpg</filename>
	<path>frame_2830_jpg.rf.62850d8537050043e9864e8e338b5d73.jpg</path>
	<source>
		<database>roboflow.ai</database>
	</source>
	<size>
		<width>416</width>
		<height>416</height>
		<depth>3</depth>
	</size>
	<segmented>0</segmented>
	<object>
		<name>motorbike</name>
		<pose>Unspecified</pose>
		<truncated>0</truncated>
		<difficult>0</difficult>
		<occluded>0</occluded>
		<bndbox>
			<xmin>219</xmin>
			<xmax>265</xmax>
			<ymin>264</ymin>
			<ymax>384</ymax>
		</bndbox>
	</object>
	<object>
		<name>motorbike</name>
		<pose>Unspecified</pose>
		<truncated>0</truncated>
		<difficult>0</difficult>
		<occluded>0</occluded>
		<bndbox>
			<xmin>286</xmin>
			<xmax>332</xmax>
			<ymin>274</ymin>
			<ymax>394</ymax>
		</bndbox>
	</object>
</annotation>
